<?xml version="1.0" encoding="UTF-8"?>
<beans xmlns="http://www.springframework.org/schema/beans"
       xmlns:xsi="http://www.w3.org/2001/XMLSchema-instance"
       xmlns:p="http://www.springframework.org/schema/p"
       xmlns:aop="http://www.springframework.org/schema/aop"
       xmlns:tx="http://www.springframework.org/schema/tx"
       xsi:schemaLocation="http://www.springframework.org/schema/beans
                           http://www.springframework.org/schema/beans/spring-beans-2.0.xsd
                           http://www.springframework.org/schema/tx
                           http://www.springframework.org/schema/tx/spring-tx-2.0.xsd
                           http://www.springframework.org/schema/aop
                           http://www.springframework.org/schema/aop/spring-aop-2.0.xsd">
    <bean id="courseService"
      class="ca.ubc.student.cdm.service.course.client.CourseService" />
    <!-- 
    <bean class="org.kuali.rice.ksb.messaging.KSBExporter">
      <property name="serviceDefinition">
        <bean class="org.kuali.rice.ksb.messaging.JavaServiceDefinition">
          <property name="service" ref="courseService" />
          <property name="localServiceName" value="courseService" />
          <property name="serviceNameSpaceURI" value="CDM" />
        </bean>
      </property>
    </bean>
    -->
    <!-- 
    <bean id="orgDictionaryServiceDelegate"
        class="org.kuali.student.core.dictionary.service.impl.DictionaryServiceSpringImpl">
        <constructor-arg index="0" value="classpath:cdm-organization-dictionary-config.xml" />
    </bean>
 
	<bean id="metadataServiceImpl" class="org.kuali.student.core.assembly.dictionary.MetadataServiceImpl">
        <constructor-arg index="0" value="classpath:cdm-org-orchestration-dictionary.xml" />
	</bean>

    <bean id="orgSearchManager"
        class="org.kuali.student.core.search.service.impl.SearchManagerImpl">
        <constructor-arg index="0" value="classpath:cdm-organization-search-config.xml" />
    </bean>
	-->
</beans>

