<?xml version="1.0" encoding="UTF-8"?>
<beans xmlns="http://www.springframework.org/schema/beans"
	xmlns:xsi="http://www.w3.org/2001/XMLSchema-instance"
	xmlns:context="http://www.springframework.org/schema/context"
	xmlns:simple="http://cxf.apache.org/simple"
	xsi:schemaLocation="
          http://www.springframework.org/schema/context http://www.springframework.org/schema/context/spring-context-2.5.xsd
		  http://www.springframework.org/schema/beans http://www.springframework.org/schema/beans/spring-beans-2.5.xsd
		  http://cxf.apache.org/simple http://cxf.apache.org/schemas/simple.xsd">

	
	<import resource="classpath:lum-gwt-context.xml"/>
	
	<!-- Spring to GWT servlet mapping -->
	<!-- 
	<bean id="urlMapping"
		class="org.springframework.web.servlet.handler.SimpleUrlHandlerMapping">
		<property name="alwaysUseFullPath" value="true" />
		<property name="urlMap">
			<map>
				<entry
					key="/org.kuali.student.lum.ui.requirements.Requirements/rpcservices/RequirementsRpcService">
					<ref bean="requirementsServiceGwtController" />
				</entry>
				<entry
					key="/ca.ubc.student.kuali.lum.lu.ui.main.CDMLUMMain/rpcservices/RequirementsRpcService">
					<ref bean="requirementsServiceGwtController" />
				</entry>
				<entry
					key="/org.kuali.student.lum.lu.ui.course.Course/rpcservices/LuRpcService">
					<ref bean="LuRpcGwtServletController" />
				</entry>
				<entry
					key="/ca.ubc.student.kuali.lum.lu.ui.main.CDMLUMMain/rpcservices/LuRpcService">
					<ref bean="LuRpcGwtServletController" />
				</entry>
				<entry
					key="/ca.ubc.student.kuali.lum.lu.ui.main.CDMLUMMain/rpcservices/MessageService">
					<ref bean="messageServiceGwtController" />
				</entry>
				<entry
					key="/ca.ubc.student.kuali.lum.lu.ui.main.CDMLUMMain/rpcservices/OrgRpcService">
					<ref bean="OrgRpcGwtServletController" />
				</entry>
				<entry
				    key="/ca.ubc.student.kuali.lum.lu.ui.main.CDMLUMMain/rpcservices/AtpRpcService">
					<ref bean="atpRpcServiceGwtController"/>
				</entry>
                <entry
                    key="/ca.ubc.student.kuali.lum.lu.ui.main.CDMLUMMain/rpcservices/PersonRpcService">
                    <ref bean="personRpcServiceGwtController"/>
                </entry>
				<entry
					key="/ca.ubc.student.kuali.lum.lu.ui.main.CDMLUMMain/rpcservices/LoRpcService">
					<ref bean="LoRpcGwtServletController" />
				</entry>
				<entry
					key="/ca.ubc.student.kuali.lum.lu.ui.main.CDMLUMMain/rpcservices/CreditCourseProposalRpcService">
					<ref bean="CluProposalRpcGwtServletController" />
				</entry>
				<entry
					key="/ca.ubc.student.kuali.lum.lu.ui.main.CDMLUMMain/rpcservices/SecurityRpcService">
					<ref bean="SecurityRpcGwtServletController" />
				</entry>
				<entry
					key="/ca.ubc.student.kuali.lum.lu.ui.main.CDMLUMMain/rpcservices/ServerPropertiesRpcService">
					<ref bean="ServerPropertiesServletController" />
				</entry>
				<entry
					key="/ca.ubc.student.kuali.lum.lu.ui.main.CDMLUMMain/rpcservices/CommentRpcService">
					<ref bean="CommentRpcGwtServletController" />
				</entry>
				<entry
					key="/ca.ubc.student.kuali.lum.lu.ui.main.CDMLUMMain/rpcservices/ProposalRpcService">
					<ref bean="ProposalRpcGwtServletController" />
				</entry>
				<entry
					key="/ca.ubc.student.kuali.lum.lu.ui.main.CDMLUMMain/rpcservices/DocumentRpcService">
					<ref bean="DocumentRpcGwtServletController" />
				</entry>
				<entry
					key="/ca.ubc.student.kuali.lum.lu.ui.main.CDMLUMMain/rpcservices/DocumentUpload">
					<ref bean="documentUploadGwtController" />
				</entry>
				<entry
					key="/ca.ubc.student.kuali.lum.lu.ui.main.CDMLUMMain/rpcservices/UploadStatusRpcService">
					<ref bean="uploadStatusRpcGwtController" />
				</entry>
				<entry
					key="/ca.ubc.student.kuali.lum.lu.ui.main.CDMLUMMain/rpcservices/DocumentRelationMockRpcService">
					<ref bean="documentRelationMockRpcGwtController" />
				</entry>
				<entry
					key="/ca.ubc.student.kuali.lum.lu.ui.main.CDMLUMMain/rpcservices/SearchRpcService">
					<ref bean="searchRpcGwtController" />
				</entry>
				<entry key="/org.kuali.student.lum.lu.ui.workflow.CollaboratorRequest/rpcservices/CreditCourseProposalRpcService">
					<ref bean="CluProposalRpcGwtServletController"/>
				</entry>
				<entry
					key="/org.kuali.student.lum.lu.ui.workflow.CollaboratorRequest/rpcservices/ServerPropertiesRpcService">
					<ref bean="ServerPropertiesServletController" />
				</entry>
				<entry
					key="/org.kuali.student.lum.lu.ui.workflow.CollaboratorRequest/rpcservices/RequirementsRpcService">
					<ref bean="requirementsServiceGwtController" />
				</entry>
				<entry
					key="/ca.ubc.student.kuali.lum.lu.ui.main.CDMLUMMain/rpcservices/CourseRpcService">
					<ref bean="CourseRpcGwtServletController" />
				</entry>
			</map>
		</property>
	</bean>
	-->
</beans>
