<?xml version="1.0" encoding="UTF-8"?>
<beans xmlns="http://www.springframework.org/schema/beans"
       xmlns:xsi="http://www.w3.org/2001/XMLSchema-instance"
       xmlns:p="http://www.springframework.org/schema/p"
       xmlns:aop="http://www.springframework.org/schema/aop"
       xmlns:tx="http://www.springframework.org/schema/tx"
       xsi:schemaLocation="http://www.springframework.org/schema/beans
                           http://www.springframework.org/schema/beans/spring-beans-2.0.xsd
                           http://www.springframework.org/schema/tx
                           http://www.springframework.org/schema/tx/spring-tx-2.0.xsd
                           http://www.springframework.org/schema/aop
                           http://www.springframework.org/schema/aop/spring-aop-2.0.xsd">


	<!-- This file allows the overriding of beans that are common in all KS modules(core, lum etc...) -->
		
	<bean id="ks.messageServiceMock" class="org.kuali.student.core.messages.service.impl.MessageServiceMock">
		<property name="messageFiles">
			<list>
				<value>classpath:org\kuali\student\common\ui\gwt-messages.xml</value>
				<value>classpath:org\kuali\student\core\ui\gwt-messages.xml</value>
				<value>classpath:org\kuali\student\lum\lu\ui\course\gwt-messages.xml</value>	
			</list>
		</property>
	</bean>
</beans>