<?xml version="1.0" encoding="UTF-8"?>
<beans xmlns="http://www.springframework.org/schema/beans"
	xmlns:xsi="http://www.w3.org/2001/XMLSchema-instance"
	xsi:schemaLocation="
	http://www.springframework.org/schema/beans http://www.springframework.org/schema/beans/spring-beans-2.5.xsd">
	
    <bean id="courseListContext" class="org.kuali.student.lum.nlt.naturallanguage.context.CourseListContextImpl">
        <property name="luService" ref="luServiceImpl" />
    </bean>

    <bean id="contextRegistryLuStatement"
        class="org.kuali.student.lum.nlt.naturallanguage.ContextRegistry">
        <constructor-arg>
            <map>
                <!-- Header Contexts-->
                <entry key="kuali.luStatementType.prereqAcademicReadiness">
                    <bean class="org.kuali.student.lum.nlt.naturallanguage.context.HeaderContextImpl">
                        <property name="luService" ref="luServiceImpl" />
                    </bean>
                </entry>
                <entry key="kuali.luStatementType.coreqAcademicReadiness">
                    <bean class="org.kuali.student.lum.nlt.naturallanguage.context.HeaderContextImpl">
                        <property name="luService" ref="luServiceImpl" />
                    </bean>
                </entry>
                <entry key="kuali.luStatementType.enrollAcademicReadiness">
                    <bean class="org.kuali.student.lum.nlt.naturallanguage.context.HeaderContextImpl">
                        <property name="luService" ref="luServiceImpl" />
                    </bean>
                </entry>
                <entry key="kuali.luStatementType.antireqAcademicReadiness">
                    <bean class="org.kuali.student.lum.nlt.naturallanguage.context.HeaderContextImpl">
                        <property name="luService" ref="luServiceImpl" />
                    </bean>
                </entry>
            </map>
        </constructor-arg>
    </bean>
    
    <bean id="contextRegistryReqComponent"
        class="org.kuali.student.lum.nlt.naturallanguage.ContextRegistry">
        <constructor-arg>
            <map>
                <!-- Pre-Req Contexts-->
                <entry key="kuali.reqCompType.courseList.none">
                    <ref local="courseListContext"/>
                </entry>
                <entry key="kuali.reqCompType.courseList.all">
                    <ref local="courseListContext"/>
                </entry>
                <entry key="kuali.reqCompType.courseList.nof">
                    <ref local="courseListContext"/>
                </entry>
                <entry key="kuali.reqCompType.courseList.1of2">
                    <ref local="courseListContext"/>
                </entry>
                <entry key="kuali.reqCompType.grdCondCourseList">
                    <bean class="org.kuali.student.lum.nlt.naturallanguage.context.GradeConditionCourseListContextImpl">
                        <property name="luService" ref="luServiceImpl" />
                    </bean>
                </entry>
                <entry key="kuali.reqCompType.gradecheck">
                    <bean class="org.kuali.student.lum.nlt.naturallanguage.context.GradeCheckContextImpl">
                        <property name="luService" ref="luServiceImpl" />
                    </bean>
                </entry>
                <!-- Co-Req Contexts -->
                <entry key="kuali.reqCompType.courseList.coreq.all">
                    <ref local="courseListContext"/>
                </entry>
                <entry key="kuali.reqCompType.courseList.coreq.oneof">
                    <ref local="courseListContext"/>
                </entry>
                <!-- Enroll Contexts -->
                <entry key="kuali.reqCompType.programList.enroll.oneof">
                    <ref local="courseListContext"/>
                </entry>
                <entry key="kuali.reqCompType.programList.enroll.none">
                    <ref local="courseListContext"/>
                </entry>
                <!-- Anti-Req Contexts -->
                <entry key="kuali.reqCompType.programList.antireq.none">
                    <ref local="courseListContext"/>
                </entry>
            </map>
        </constructor-arg>
    </bean>

    <bean id="droolsKnowledgeBase" class="org.kuali.student.brms.ruleexecution.runtime.drools.DroolsKnowledgeBase" />

    <bean id="droolsExecutor"
        class="org.kuali.student.brms.ruleexecution.runtime.drools.SimpleExecutorDroolsImpl">
        <property name="enableStatisticsLogging" value="false" />
        <property name="ruleBaseCache" ref="droolsKnowledgeBase" />
    </bean>

    <bean id="booleanOperatorLanguageMap"
        class="org.springframework.beans.factory.config.MapFactoryBean">
        <property name="sourceMap">
            <map>
                <entry key="en">
                    <bean class="org.kuali.student.brms.ruleexecution.runtime.report.ast.BooleanOperators">
                        <constructor-arg index="0" value="and" />
                        <constructor-arg index="1" value="or" />
                    </bean>
                </entry>
                <entry key="dk">
                    <bean class="org.kuali.student.brms.ruleexecution.runtime.report.ast.BooleanOperators">
                        <constructor-arg index="0" value="og" />
                        <constructor-arg index="1" value="eller" />
                    </bean>
                </entry>
                <entry key="de">
                    <bean class="org.kuali.student.brms.ruleexecution.runtime.report.ast.BooleanOperators">
                        <constructor-arg index="0" value="und" />
                        <constructor-arg index="1" value="oder" />
                    </bean>
                </entry>
                <entry key="fr">
                    <bean class="org.kuali.student.brms.ruleexecution.runtime.report.ast.BooleanOperators">
                        <constructor-arg index="0" value="et" />
                        <constructor-arg index="1" value="ou" />
                    </bean>
                </entry>
                <entry key="jp">
                    <bean class="org.kuali.student.brms.ruleexecution.runtime.report.ast.BooleanOperators">
                        <constructor-arg index="0" value="および" />
                        <constructor-arg index="1" value="または" />
                    </bean>
                </entry>
                <entry key="zh">
                    <bean class="org.kuali.student.brms.ruleexecution.runtime.report.ast.BooleanOperators">
                        <constructor-arg index="0" value="和" />
                        <constructor-arg index="1" value="或" />
                    </bean>
                </entry>
            </map>
        </property>
    </bean>

    <bean id="naturalLanguageMessageBuilder"
        class="org.kuali.student.lum.nlt.naturallanguage.translators.NaturalLanguageMessageBuilder">
        <constructor-arg index="0" ref="droolsExecutor" />
        <constructor-arg index="1" value="en" />
        <constructor-arg index="2" ref="booleanOperatorLanguageMap" />
    </bean>

    <bean id="reqComponentTranslator"
        class="org.kuali.student.lum.nlt.naturallanguage.translators.ReqComponentTranslator">
        <property name="contextRegistry" ref="contextRegistryReqComponent" />
        <!--property name="language" value="en" /-->
    </bean>

    <bean id="statementTranslator"
        class="org.kuali.student.lum.nlt.naturallanguage.translators.StatementTranslator">
        <property name="contextRegistry" ref="contextRegistryLuStatement" />
        <property name="reqComponentTranslator" ref="reqComponentTranslator" />
        <property name="messageBuilder" ref="naturalLanguageMessageBuilder" />
        <!--property name="language" value="en" /-->
    </bean>

    <bean id="naturalLanguageTranslator"
        class="org.kuali.student.lum.nlt.naturallanguage.translators.NaturalLanguageTranslatorImpl">
        <property name="reqComponentTranslator" ref="reqComponentTranslator" />
        <property name="statementTranslator" ref="statementTranslator" />
        <property name="language" value="en" />
    </bean>
</beans>