<?xml version="1.0" encoding="UTF-8"?>
<beans xmlns="http://www.springframework.org/schema/beans"
       xmlns:xsi="http://www.w3.org/2001/XMLSchema-instance"
       xmlns:p="http://www.springframework.org/schema/p"
       xmlns:aop="http://www.springframework.org/schema/aop"
       xmlns:tx="http://www.springframework.org/schema/tx"
       xsi:schemaLocation="http://www.springframework.org/schema/beans
                           http://www.springframework.org/schema/beans/spring-beans-2.0.xsd
                           http://www.springframework.org/schema/tx
                           http://www.springframework.org/schema/tx/spring-tx-2.0.xsd
                           http://www.springframework.org/schema/aop
                           http://www.springframework.org/schema/aop/spring-aop-2.0.xsd">

	<!-- JTA -->
    <bean id="jtaTxManager" class="org.springframework.transaction.jta.JtaTransactionManager">
        <property name="transactionManager" ref="jotm" />
        <property name="userTransaction" ref="jotm"/>
        <property name="allowCustomIsolationLevels" value="true"/>
    </bean>
    
    <!-- Default JPA EntityManagerFactory -->
    <bean id="ksRiceLoaderDefaultEntityManagerFactory" abstract="true"
        class="org.springframework.orm.jpa.LocalContainerEntityManagerFactoryBean">
        <property name="jpaVendorAdapter">
            <bean class="org.springframework.orm.jpa.vendor.HibernateJpaVendorAdapter">
                <property name="databasePlatform"
                    value="org.hibernate.dialect.Oracle10gDialect" />
                <property name="showSql" value="true" />
                <property name="generateDdl" value="true" />
            </bean>
        </property>
        <property name="jpaPropertyMap">
            <map>
                <entry key="hibernate.transaction.manager_lookup_class" value="org.hibernate.transaction.JOTMTransactionManagerLookup"/>
                <entry key="hibernate.hbm2ddl.auto" value="update"/>
            </map>
        </property>
    </bean>
    
    <!-- Kim EMF -->
    <bean id="ksKimEntityManagerFactory" parent="ksRiceLoaderDefaultEntityManagerFactory">
        <property name="persistenceUnitName" value="kim-loader"/>
        <property name="persistenceXmlLocation"
            value="classpath:META-INF/rice-loader-persistence.xml" />
        <property name="dataSource" ref="riceDataSource" />
    </bean>

    <bean id="ksKimEntityManager" class="org.springframework.orm.jpa.support.SharedEntityManagerBean">
        <property name="entityManagerFactory" ref="ksKimEntityManagerFactory" />
    </bean>
 
    <!-- KNS EMF -->
    <bean id="ksKnsEntityManagerFactory" parent="ksRiceLoaderDefaultEntityManagerFactory">
        <property name="persistenceUnitName" value="kns-loader"/>
        <property name="persistenceXmlLocation"
            value="classpath:META-INF/rice-loader-persistence.xml" />
        <property name="dataSource" ref="riceDataSource" />
    </bean>

    <bean id="ksKnsEntityManager" class="org.springframework.orm.jpa.support.SharedEntityManagerBean">
        <property name="entityManagerFactory" ref="ksKnsEntityManagerFactory" />
    </bean>
    
    <!-- data loader -->
    <bean id="dataLoadListener" class="org.kuali.student.common.util.jpa.LoadSqlListener">
        <property name="jtaTxManager" ref="jtaTxManager"/>
        <property name="shouldLoadData" value="${ks.embedded.doDataLoad}"/>
        <property name="preloadMap">
            <map>
                <entry key="kim-loader">
                    <value>classpath:ks-kim.sql</value>
                </entry>
                <entry key="kns-loader">
                    <value>classpath:ks-kns.sql</value>
                </entry>
            </map>
        </property>
    </bean>

	
</beans>