--
-- Copyright 2010 The Kuali Foundation Licensed under the
-- Educational Community License, Version 2.0 (the "License"); you may
-- not use this file except in compliance with the License. You may
-- obtain a copy of the License at
--
-- http://www.osedu.org/licenses/ECL-2.0
--
-- Unless required by applicable law or agreed to in writing,
-- software distributed under the License is distributed on an "AS IS"
-- BASIS, WITHOUT WARRANTIES OR CONDITIONS OF ANY KIND, either express
-- or implied. See the License for the specific language governing
-- permissions and limitations under the License.
--

// Natural Language Translation Test Data

// RICH TEXT
INSERT INTO KSST_RICH_TEXT_T (ID, FORMATTED, PLAIN,VER_NBR) VALUES ('KSST_REQ_COM.DESC.1', '<p>Requirement Component 1</p>', 'Req Comp 1',0)
INSERT INTO KSST_RICH_TEXT_T (ID, FORMATTED, PLAIN,VER_NBR) VALUES ('KSST_REQ_COM.DESC.2', '<p>Requirement Component 2</p>', 'Req Comp 2',0)
INSERT INTO KSST_RICH_TEXT_T (ID, FORMATTED, PLAIN,VER_NBR) VALUES ('KSST_REQ_COM.DESC.3', '<p>Requirement Component 3</p>', 'Req Comp 3',0)
INSERT INTO KSST_RICH_TEXT_T (ID, FORMATTED, PLAIN,VER_NBR) VALUES ('KSST_REQ_COM.DESC.4', '<p>Requirement Component 4</p>', 'Req Comp 4',0)
INSERT INTO KSST_RICH_TEXT_T (ID, FORMATTED, PLAIN,VER_NBR) VALUES ('KSST_REQ_COM.DESC.5', '<p>Requirement Component 5</p>', 'Req Comp 4',0)
INSERT INTO KSST_RICH_TEXT_T (ID, FORMATTED, PLAIN,VER_NBR) VALUES ('KSST_STMT.DESC.1', '<p>Statement 1</p>', 'Statement 1',0)
INSERT INTO KSST_RICH_TEXT_T (ID, FORMATTED, PLAIN,VER_NBR) VALUES ('KSST_STMT.DESC.2', '<p>Statement 2</p>', 'Statement 2',0)
INSERT INTO KSST_RICH_TEXT_T (ID, FORMATTED, PLAIN,VER_NBR) VALUES ('KSST_STMT.DESC.3', '<p>Statement 3</p>', 'Statement 3',0)
INSERT INTO KSST_RICH_TEXT_T (ID, FORMATTED, PLAIN,VER_NBR) VALUES ('KSST_STMT.DESC.4', '<p>Statement 4</p>', 'Statement 4',0)
INSERT INTO KSST_RICH_TEXT_T (ID, FORMATTED, PLAIN,VER_NBR) VALUES ('KSST_STMT.DESC.5', '<p>Statement 5</p>', 'Statement 5',0)
INSERT INTO KSST_RICH_TEXT_T (ID, FORMATTED, PLAIN,VER_NBR) VALUES ('KSST_STMT.DESC.6', '<p>Statement 101</p>', 'Statement 101',0)
INSERT INTO KSST_RICH_TEXT_T (ID, FORMATTED, PLAIN,VER_NBR) VALUES ('KSST_STMT.DESC.7', '<p>Statement 102</p>', 'Statement 102',0)
INSERT INTO KSST_RICH_TEXT_T (ID, FORMATTED, PLAIN,VER_NBR) VALUES ('KSST_STMT.DESC.8', '<p>Statement 103</p>', 'Statement 103',0)
INSERT INTO KSST_RICH_TEXT_T (ID, FORMATTED, PLAIN,VER_NBR) VALUES ('KSST_STMT.DESC.9', '<p>Statement 104</p>', 'Statement 104',0)
INSERT INTO KSST_RICH_TEXT_T (ID, FORMATTED, PLAIN,VER_NBR) VALUES ('KSST_STMT.DESC.10', '<p>Statement 105</p>', 'Statement 105',0)
INSERT INTO KSST_RICH_TEXT_T (ID, FORMATTED, PLAIN,VER_NBR) VALUES ('KSST_STMT.DESC.11', '<p>Statement 106</p>', 'Statement 106',0)

// REQ COM
// Courses
INSERT INTO KSST_REQ_COM (ID, CREATEID, CREATETIME, UPDATEID, UPDATETIME, VER_NBR, RT_DESCR_ID, ST, EFF_DT, EXPIR_DT, REQ_COM_TYPE_ID) VALUES ('REQCOMP-1', 'CREATEID', {ts '2000-01-01 00:00:00.0'}, 'UPDATEID', {ts '2001-01-01 00:00:00.0'},1,'KSST_REQ_COM.DESC.1','ACTIVE',{ts '2001-01-01 00:00:00.0'},{ts '2002-01-01 00:00:00.0'},'kuali.reqComponent.type.course.courseset.completed.none')
INSERT INTO KSST_REQ_COM (ID, CREATEID, CREATETIME, UPDATEID, UPDATETIME, VER_NBR, RT_DESCR_ID, ST, EFF_DT, EXPIR_DT, REQ_COM_TYPE_ID) VALUES ('REQCOMP-2', 'CREATEID', {ts '2000-01-01 00:00:00.0'}, 'UPDATEID', {ts '2001-01-01 00:00:00.0'},1,'KSST_REQ_COM.DESC.2','ACTIVE',{ts '2001-01-01 00:00:00.0'},{ts '2002-01-01 00:00:00.0'},'kuali.reqComponent.type.course.courseset.completed.none')
INSERT INTO KSST_REQ_COM (ID, CREATEID, CREATETIME, UPDATEID, UPDATETIME, VER_NBR, RT_DESCR_ID, ST, EFF_DT, EXPIR_DT, REQ_COM_TYPE_ID) VALUES ('REQCOMP-3', 'CREATEID', {ts '2000-01-01 00:00:00.0'}, 'UPDATEID', {ts '2001-01-01 00:00:00.0'},1,'KSST_REQ_COM.DESC.3','ACTIVE',{ts '2001-01-01 00:00:00.0'},{ts '2002-01-01 00:00:00.0'},'kuali.reqComponent.type.course.courseset.completed.all')
INSERT INTO KSST_REQ_COM (ID, CREATEID, CREATETIME, UPDATEID, UPDATETIME, VER_NBR, RT_DESCR_ID, ST, EFF_DT, EXPIR_DT, REQ_COM_TYPE_ID) VALUES ('REQCOMP-4', 'CREATEID', {ts '2000-01-01 00:00:00.0'}, 'UPDATEID', {ts '2001-01-01 00:00:00.0'},1,'KSST_REQ_COM.DESC.4','ACTIVE',{ts '2001-01-01 00:00:00.0'},{ts '2002-01-01 00:00:00.0'},'kuali.reqComponent.type.course.courseset.completed.all')
INSERT INTO KSST_REQ_COM (ID, CREATEID, CREATETIME, UPDATEID, UPDATETIME, VER_NBR, RT_DESCR_ID, ST, EFF_DT, EXPIR_DT, REQ_COM_TYPE_ID) VALUES ('REQCOMP-5', 'CREATEID', {ts '2000-01-01 00:00:00.0'}, 'UPDATEID', {ts '2001-01-01 00:00:00.0'},1,'KSST_REQ_COM.DESC.5','ACTIVE',{ts '2001-01-01 00:00:00.0'},{ts '2002-01-01 00:00:00.0'},'kuali.reqComponent.type.course.courseset.completed.nof')
INSERT INTO KSST_REQ_COM (ID, CREATEID, CREATETIME, UPDATEID, UPDATETIME, VER_NBR, RT_DESCR_ID, ST, EFF_DT, EXPIR_DT, REQ_COM_TYPE_ID) VALUES ('REQCOMP-6', 'CREATEID', {ts '2000-01-01 00:00:00.0'}, 'UPDATEID', {ts '2001-01-01 00:00:00.0'},1,'KSST_REQ_COM.DESC.1','ACTIVE',{ts '2001-01-01 00:00:00.0'},{ts '2002-01-01 00:00:00.0'},'kuali.reqComponent.type.course.courseset.completed.nof')
INSERT INTO KSST_REQ_COM (ID, CREATEID, CREATETIME, UPDATEID, UPDATETIME, VER_NBR, RT_DESCR_ID, ST, EFF_DT, EXPIR_DT, REQ_COM_TYPE_ID) VALUES ('REQCOMP-7', 'CREATEID', {ts '2000-01-01 00:00:00.0'}, 'UPDATEID', {ts '2001-01-01 00:00:00.0'},1,'KSST_REQ_COM.DESC.2','ACTIVE',{ts '2001-01-01 00:00:00.0'},{ts '2002-01-01 00:00:00.0'},'kuali.reqComponent.type.course.courseset.completed.nof')
INSERT INTO KSST_REQ_COM (ID, CREATEID, CREATETIME, UPDATEID, UPDATETIME, VER_NBR, RT_DESCR_ID, ST, EFF_DT, EXPIR_DT, REQ_COM_TYPE_ID) VALUES ('REQCOMP-8', 'CREATEID', {ts '2000-01-01 00:00:00.0'}, 'UPDATEID', {ts '2001-01-01 00:00:00.0'},1,'KSST_REQ_COM.DESC.3','ACTIVE',{ts '2001-01-01 00:00:00.0'},{ts '2002-01-01 00:00:00.0'},'kuali.reqComponent.type.course.courseset.enrolled.nof')
INSERT INTO KSST_REQ_COM (ID, CREATEID, CREATETIME, UPDATEID, UPDATETIME, VER_NBR, RT_DESCR_ID, ST, EFF_DT, EXPIR_DT, REQ_COM_TYPE_ID) VALUES ('REQCOMP-9', 'CREATEID', {ts '2000-01-01 00:00:00.0'}, 'UPDATEID', {ts '2001-01-01 00:00:00.0'},1,'KSST_REQ_COM.DESC.4','ACTIVE',{ts '2001-01-01 00:00:00.0'},{ts '2002-01-01 00:00:00.0'},'kuali.reqComponent.type.course.courseset.enrolled.nof')
INSERT INTO KSST_REQ_COM (ID, CREATEID, CREATETIME, UPDATEID, UPDATETIME, VER_NBR, RT_DESCR_ID, ST, EFF_DT, EXPIR_DT, REQ_COM_TYPE_ID) VALUES ('REQCOMP-10', 'CREATEID', {ts '2000-01-01 00:00:00.0'}, 'UPDATEID', {ts '2001-01-01 00:00:00.0'},1,'KSST_REQ_COM.DESC.5','ACTIVE',{ts '2001-01-01 00:00:00.0'},{ts '2002-01-01 00:00:00.0'},'kuali.reqComponent.type.course.courseset.credits.completed.nof')
INSERT INTO KSST_REQ_COM (ID, CREATEID, CREATETIME, UPDATEID, UPDATETIME, VER_NBR, RT_DESCR_ID, ST, EFF_DT, EXPIR_DT, REQ_COM_TYPE_ID) VALUES ('REQCOMP-11', 'CREATEID', {ts '2000-01-01 00:00:00.0'}, 'UPDATEID', {ts '2001-01-01 00:00:00.0'},1,'KSST_REQ_COM.DESC.1','ACTIVE',{ts '2001-01-01 00:00:00.0'},{ts '2002-01-01 00:00:00.0'},'kuali.reqComponent.type.course.courseset.credits.completed.nof')
INSERT INTO KSST_REQ_COM (ID, CREATEID, CREATETIME, UPDATEID, UPDATETIME, VER_NBR, RT_DESCR_ID, ST, EFF_DT, EXPIR_DT, REQ_COM_TYPE_ID) VALUES ('REQCOMP-12', 'CREATEID', {ts '2000-01-01 00:00:00.0'}, 'UPDATEID', {ts '2001-01-01 00:00:00.0'},1,'KSST_REQ_COM.DESC.2','ACTIVE',{ts '2001-01-01 00:00:00.0'},{ts '2002-01-01 00:00:00.0'},'kuali.reqComponent.type.course.courseset.credits.completed.none')
INSERT INTO KSST_REQ_COM (ID, CREATEID, CREATETIME, UPDATEID, UPDATETIME, VER_NBR, RT_DESCR_ID, ST, EFF_DT, EXPIR_DT, REQ_COM_TYPE_ID) VALUES ('REQCOMP-13', 'CREATEID', {ts '2000-01-01 00:00:00.0'}, 'UPDATEID', {ts '2001-01-01 00:00:00.0'},1,'KSST_REQ_COM.DESC.5','ACTIVE',{ts '2001-01-01 00:00:00.0'},{ts '2002-01-01 00:00:00.0'},'kuali.reqComponent.type.course.courseset.credits.completed.max')
INSERT INTO KSST_REQ_COM (ID, CREATEID, CREATETIME, UPDATEID, UPDATETIME, VER_NBR, RT_DESCR_ID, ST, EFF_DT, EXPIR_DT, REQ_COM_TYPE_ID) VALUES ('REQCOMP-14', 'CREATEID', {ts '2000-01-01 00:00:00.0'}, 'UPDATEID', {ts '2001-01-01 00:00:00.0'},1,'KSST_REQ_COM.DESC.1','ACTIVE',{ts '2001-01-01 00:00:00.0'},{ts '2002-01-01 00:00:00.0'},'kuali.reqComponent.type.course.courseset.credits.completed.max')
INSERT INTO KSST_REQ_COM (ID, CREATEID, CREATETIME, UPDATEID, UPDATETIME, VER_NBR, RT_DESCR_ID, ST, EFF_DT, EXPIR_DT, REQ_COM_TYPE_ID) VALUES ('REQCOMP-15', 'CREATEID', {ts '2000-01-01 00:00:00.0'}, 'UPDATEID', {ts '2001-01-01 00:00:00.0'},1,'KSST_REQ_COM.DESC.3','ACTIVE',{ts '2001-01-01 00:00:00.0'},{ts '2002-01-01 00:00:00.0'},'kuali.reqComponent.type.course.courseset.gpa.min')
INSERT INTO KSST_REQ_COM (ID, CREATEID, CREATETIME, UPDATEID, UPDATETIME, VER_NBR, RT_DESCR_ID, ST, EFF_DT, EXPIR_DT, REQ_COM_TYPE_ID) VALUES ('REQCOMP-16a', 'CREATEID', {ts '2000-01-01 00:00:00.0'}, 'UPDATEID', {ts '2001-01-01 00:00:00.0'},1,'KSST_REQ_COM.DESC.4','ACTIVE',{ts '2001-01-01 00:00:00.0'},{ts '2002-01-01 00:00:00.0'},'kuali.reqComponent.type.course.courseset.grade.min')
INSERT INTO KSST_REQ_COM (ID, CREATEID, CREATETIME, UPDATEID, UPDATETIME, VER_NBR, RT_DESCR_ID, ST, EFF_DT, EXPIR_DT, REQ_COM_TYPE_ID) VALUES ('REQCOMP-16b', 'CREATEID', {ts '2000-01-01 00:00:00.0'}, 'UPDATEID', {ts '2001-01-01 00:00:00.0'},1,'KSST_REQ_COM.DESC.4','ACTIVE',{ts '2001-01-01 00:00:00.0'},{ts '2002-01-01 00:00:00.0'},'kuali.reqComponent.type.course.courseset.grade.min')
INSERT INTO KSST_REQ_COM (ID, CREATEID, CREATETIME, UPDATEID, UPDATETIME, VER_NBR, RT_DESCR_ID, ST, EFF_DT, EXPIR_DT, REQ_COM_TYPE_ID) VALUES ('REQCOMP-16c', 'CREATEID', {ts '2000-01-01 00:00:00.0'}, 'UPDATEID', {ts '2001-01-01 00:00:00.0'},1,'KSST_REQ_COM.DESC.4','ACTIVE',{ts '2001-01-01 00:00:00.0'},{ts '2002-01-01 00:00:00.0'},'kuali.reqComponent.type.course.courseset.grade.min')
INSERT INTO KSST_REQ_COM (ID, CREATEID, CREATETIME, UPDATEID, UPDATETIME, VER_NBR, RT_DESCR_ID, ST, EFF_DT, EXPIR_DT, REQ_COM_TYPE_ID) VALUES ('REQCOMP-16d', 'CREATEID', {ts '2000-01-01 00:00:00.0'}, 'UPDATEID', {ts '2001-01-01 00:00:00.0'},1,'KSST_REQ_COM.DESC.4','ACTIVE',{ts '2001-01-01 00:00:00.0'},{ts '2002-01-01 00:00:00.0'},'kuali.reqComponent.type.course.courseset.grade.min')
INSERT INTO KSST_REQ_COM (ID, CREATEID, CREATETIME, UPDATEID, UPDATETIME, VER_NBR, RT_DESCR_ID, ST, EFF_DT, EXPIR_DT, REQ_COM_TYPE_ID) VALUES ('REQCOMP-16e', 'CREATEID', {ts '2000-01-01 00:00:00.0'}, 'UPDATEID', {ts '2001-01-01 00:00:00.0'},1,'KSST_REQ_COM.DESC.4','ACTIVE',{ts '2001-01-01 00:00:00.0'},{ts '2002-01-01 00:00:00.0'},'kuali.reqComponent.type.course.courseset.grade.min')
INSERT INTO KSST_REQ_COM (ID, CREATEID, CREATETIME, UPDATEID, UPDATETIME, VER_NBR, RT_DESCR_ID, ST, EFF_DT, EXPIR_DT, REQ_COM_TYPE_ID) VALUES ('REQCOMP-17a', 'CREATEID', {ts '2000-01-01 00:00:00.0'}, 'UPDATEID', {ts '2001-01-01 00:00:00.0'},1,'KSST_REQ_COM.DESC.5','ACTIVE',{ts '2001-01-01 00:00:00.0'},{ts '2002-01-01 00:00:00.0'},'kuali.reqComponent.type.course.courseset.grade.max')
INSERT INTO KSST_REQ_COM (ID, CREATEID, CREATETIME, UPDATEID, UPDATETIME, VER_NBR, RT_DESCR_ID, ST, EFF_DT, EXPIR_DT, REQ_COM_TYPE_ID) VALUES ('REQCOMP-17b', 'CREATEID', {ts '2000-01-01 00:00:00.0'}, 'UPDATEID', {ts '2001-01-01 00:00:00.0'},1,'KSST_REQ_COM.DESC.5','ACTIVE',{ts '2001-01-01 00:00:00.0'},{ts '2002-01-01 00:00:00.0'},'kuali.reqComponent.type.course.courseset.grade.max')
INSERT INTO KSST_REQ_COM (ID, CREATEID, CREATETIME, UPDATEID, UPDATETIME, VER_NBR, RT_DESCR_ID, ST, EFF_DT, EXPIR_DT, REQ_COM_TYPE_ID) VALUES ('REQCOMP-18', 'CREATEID', {ts '2000-01-01 00:00:00.0'}, 'UPDATEID', {ts '2001-01-01 00:00:00.0'},1,'KSST_REQ_COM.DESC.3','ACTIVE',{ts '2001-01-01 00:00:00.0'},{ts '2002-01-01 00:00:00.0'},'kuali.reqComponent.type.course.permission.org.required')
INSERT INTO KSST_REQ_COM (ID, CREATEID, CREATETIME, UPDATEID, UPDATETIME, VER_NBR, RT_DESCR_ID, ST, EFF_DT, EXPIR_DT, REQ_COM_TYPE_ID) VALUES ('REQCOMP-19', 'CREATEID', {ts '2000-01-01 00:00:00.0'}, 'UPDATEID', {ts '2001-01-01 00:00:00.0'},1,'KSST_REQ_COM.DESC.4','ACTIVE',{ts '2001-01-01 00:00:00.0'},{ts '2002-01-01 00:00:00.0'},'kuali.reqComponent.type.course.permission.instructor.required')
INSERT INTO KSST_REQ_COM (ID, CREATEID, CREATETIME, UPDATEID, UPDATETIME, VER_NBR, RT_DESCR_ID, ST, EFF_DT, EXPIR_DT, REQ_COM_TYPE_ID) VALUES ('REQCOMP-20', 'CREATEID', {ts '2000-01-01 00:00:00.0'}, 'UPDATEID', {ts '2001-01-01 00:00:00.0'},1,'KSST_REQ_COM.DESC.4','ACTIVE',{ts '2001-01-01 00:00:00.0'},{ts '2002-01-01 00:00:00.0'},'kuali.reqComponent.type.course.courseset.completed.all')
INSERT INTO KSST_REQ_COM (ID, CREATEID, CREATETIME, UPDATEID, UPDATETIME, VER_NBR, RT_DESCR_ID, ST, EFF_DT, EXPIR_DT, REQ_COM_TYPE_ID) VALUES ('REQCOMP-21', 'CREATEID', {ts '2000-01-01 00:00:00.0'}, 'UPDATEID', {ts '2001-01-01 00:00:00.0'},1,'KSST_REQ_COM.DESC.4','ACTIVE',{ts '2001-01-01 00:00:00.0'},{ts '2002-01-01 00:00:00.0'},'kuali.reqComponent.type.course.test.score.min')
INSERT INTO KSST_REQ_COM (ID, CREATEID, CREATETIME, UPDATEID, UPDATETIME, VER_NBR, RT_DESCR_ID, ST, EFF_DT, EXPIR_DT, REQ_COM_TYPE_ID) VALUES ('REQCOMP-22', 'CREATEID', {ts '2000-01-01 00:00:00.0'}, 'UPDATEID', {ts '2001-01-01 00:00:00.0'},1,'KSST_REQ_COM.DESC.4','ACTIVE',{ts '2001-01-01 00:00:00.0'},{ts '2002-01-01 00:00:00.0'},'kuali.reqComponent.type.course.test.score.max')
INSERT INTO KSST_REQ_COM (ID, CREATEID, CREATETIME, UPDATEID, UPDATETIME, VER_NBR, RT_DESCR_ID, ST, EFF_DT, EXPIR_DT, REQ_COM_TYPE_ID) VALUES ('REQCOMP-23a', 'CREATEID', {ts '2000-01-01 00:00:00.0'}, 'UPDATEID', {ts '2001-01-01 00:00:00.0'},1,'KSST_REQ_COM.DESC.4','ACTIVE',{ts '2001-01-01 00:00:00.0'},{ts '2002-01-01 00:00:00.0'},'kuali.reqComponent.type.course.courseset.nof.grade.min')
INSERT INTO KSST_REQ_COM (ID, CREATEID, CREATETIME, UPDATEID, UPDATETIME, VER_NBR, RT_DESCR_ID, ST, EFF_DT, EXPIR_DT, REQ_COM_TYPE_ID) VALUES ('REQCOMP-23b', 'CREATEID', {ts '2000-01-01 00:00:00.0'}, 'UPDATEID', {ts '2001-01-01 00:00:00.0'},1,'KSST_REQ_COM.DESC.4','ACTIVE',{ts '2001-01-01 00:00:00.0'},{ts '2002-01-01 00:00:00.0'},'kuali.reqComponent.type.course.courseset.nof.grade.min')
INSERT INTO KSST_REQ_COM (ID, CREATEID, CREATETIME, UPDATEID, UPDATETIME, VER_NBR, RT_DESCR_ID, ST, EFF_DT, EXPIR_DT, REQ_COM_TYPE_ID) VALUES ('REQCOMP-24a', 'CREATEID', {ts '2000-01-01 00:00:00.0'}, 'UPDATEID', {ts '2001-01-01 00:00:00.0'},1,'KSST_REQ_COM.DESC.4','ACTIVE',{ts '2001-01-01 00:00:00.0'},{ts '2002-01-01 00:00:00.0'},'kuali.reqComponent.type.course.program.admitted.org.duration')
INSERT INTO KSST_REQ_COM (ID, CREATEID, CREATETIME, UPDATEID, UPDATETIME, VER_NBR, RT_DESCR_ID, ST, EFF_DT, EXPIR_DT, REQ_COM_TYPE_ID) VALUES ('REQCOMP-24b', 'CREATEID', {ts '2000-01-01 00:00:00.0'}, 'UPDATEID', {ts '2001-01-01 00:00:00.0'},1,'KSST_REQ_COM.DESC.4','ACTIVE',{ts '2001-01-01 00:00:00.0'},{ts '2002-01-01 00:00:00.0'},'kuali.reqComponent.type.course.program.admitted.org.duration')
INSERT INTO KSST_REQ_COM (ID, CREATEID, CREATETIME, UPDATEID, UPDATETIME, VER_NBR, RT_DESCR_ID, ST, EFF_DT, EXPIR_DT, REQ_COM_TYPE_ID) VALUES ('REQCOMP-25a', 'CREATEID', {ts '2000-01-01 00:00:00.0'}, 'UPDATEID', {ts '2001-01-01 00:00:00.0'},1,'KSST_REQ_COM.DESC.4','ACTIVE',{ts '2001-01-01 00:00:00.0'},{ts '2002-01-01 00:00:00.0'},'kuali.reqComponent.type.course.program.notadmitted.org.duration')
INSERT INTO KSST_REQ_COM (ID, CREATEID, CREATETIME, UPDATEID, UPDATETIME, VER_NBR, RT_DESCR_ID, ST, EFF_DT, EXPIR_DT, REQ_COM_TYPE_ID) VALUES ('REQCOMP-25b', 'CREATEID', {ts '2000-01-01 00:00:00.0'}, 'UPDATEID', {ts '2001-01-01 00:00:00.0'},1,'KSST_REQ_COM.DESC.4','ACTIVE',{ts '2001-01-01 00:00:00.0'},{ts '2002-01-01 00:00:00.0'},'kuali.reqComponent.type.course.program.notadmitted.org.duration')
INSERT INTO KSST_REQ_COM (ID, CREATEID, CREATETIME, UPDATEID, UPDATETIME, VER_NBR, RT_DESCR_ID, ST, EFF_DT, EXPIR_DT, REQ_COM_TYPE_ID) VALUES ('REQCOMP-26', 'CREATEID', {ts '2000-01-01 00:00:00.0'}, 'UPDATEID', {ts '2001-01-01 00:00:00.0'},1,'KSST_REQ_COM.DESC.4','ACTIVE',{ts '2001-01-01 00:00:00.0'},{ts '2002-01-01 00:00:00.0'},'kuali.reqComponent.type.course.org.program.admitted')
INSERT INTO KSST_REQ_COM (ID, CREATEID, CREATETIME, UPDATEID, UPDATETIME, VER_NBR, RT_DESCR_ID, ST, EFF_DT, EXPIR_DT, REQ_COM_TYPE_ID) VALUES ('REQCOMP-27a', 'CREATEID', {ts '2000-01-01 00:00:00.0'}, 'UPDATEID', {ts '2001-01-01 00:00:00.0'},1,'KSST_REQ_COM.DESC.4','ACTIVE',{ts '2001-01-01 00:00:00.0'},{ts '2002-01-01 00:00:00.0'},'kuali.reqComponent.type.course.program.notadmitted')
INSERT INTO KSST_REQ_COM (ID, CREATEID, CREATETIME, UPDATEID, UPDATETIME, VER_NBR, RT_DESCR_ID, ST, EFF_DT, EXPIR_DT, REQ_COM_TYPE_ID) VALUES ('REQCOMP-27b', 'CREATEID', {ts '2000-01-01 00:00:00.0'}, 'UPDATEID', {ts '2001-01-01 00:00:00.0'},1,'KSST_REQ_COM.DESC.4','ACTIVE',{ts '2001-01-01 00:00:00.0'},{ts '2002-01-01 00:00:00.0'},'kuali.reqComponent.type.course.program.notadmitted')
INSERT INTO KSST_REQ_COM (ID, CREATEID, CREATETIME, UPDATEID, UPDATETIME, VER_NBR, RT_DESCR_ID, ST, EFF_DT, EXPIR_DT, REQ_COM_TYPE_ID) VALUES ('REQCOMP-28', 'CREATEID', {ts '2000-01-01 00:00:00.0'}, 'UPDATEID', {ts '2001-01-01 00:00:00.0'},1,'KSST_REQ_COM.DESC.4','ACTIVE',{ts '2001-01-01 00:00:00.0'},{ts '2002-01-01 00:00:00.0'},'kuali.reqComponent.type.course.credits.repeat.max')
INSERT INTO KSST_REQ_COM (ID, CREATEID, CREATETIME, UPDATEID, UPDATETIME, VER_NBR, RT_DESCR_ID, ST, EFF_DT, EXPIR_DT, REQ_COM_TYPE_ID) VALUES ('REQCOMP-29', 'CREATEID', {ts '2000-01-01 00:00:00.0'}, 'UPDATEID', {ts '2001-01-01 00:00:00.0'},1,'KSST_REQ_COM.DESC.4','ACTIVE',{ts '2001-01-01 00:00:00.0'},{ts '2002-01-01 00:00:00.0'},'kuali.reqComponent.type.course.org.credits.completed.min')
INSERT INTO KSST_REQ_COM (ID, CREATEID, CREATETIME, UPDATEID, UPDATETIME, VER_NBR, RT_DESCR_ID, ST, EFF_DT, EXPIR_DT, REQ_COM_TYPE_ID) VALUES ('REQCOMP-30a', 'CREATEID', {ts '2000-01-01 00:00:00.0'}, 'UPDATEID', {ts '2001-01-01 00:00:00.0'},1,'KSST_REQ_COM.DESC.4','ACTIVE',{ts '2001-01-01 00:00:00.0'},{ts '2002-01-01 00:00:00.0'},'kuali.reqComponent.type.course.program.admitted')
INSERT INTO KSST_REQ_COM (ID, CREATEID, CREATETIME, UPDATEID, UPDATETIME, VER_NBR, RT_DESCR_ID, ST, EFF_DT, EXPIR_DT, REQ_COM_TYPE_ID) VALUES ('REQCOMP-30b', 'CREATEID', {ts '2000-01-01 00:00:00.0'}, 'UPDATEID', {ts '2001-01-01 00:00:00.0'},1,'KSST_REQ_COM.DESC.4','ACTIVE',{ts '2001-01-01 00:00:00.0'},{ts '2002-01-01 00:00:00.0'},'kuali.reqComponent.type.course.program.admitted')
INSERT INTO KSST_REQ_COM (ID, CREATEID, CREATETIME, UPDATEID, UPDATETIME, VER_NBR, RT_DESCR_ID, ST, EFF_DT, EXPIR_DT, REQ_COM_TYPE_ID) VALUES ('REQCOMP-31', 'CREATEID', {ts '2000-01-01 00:00:00.0'}, 'UPDATEID', {ts '2001-01-01 00:00:00.0'},1,'KSST_REQ_COM.DESC.4','ACTIVE',{ts '2001-01-01 00:00:00.0'},{ts '2002-01-01 00:00:00.0'},'kuali.reqComponent.type.course.completed')
INSERT INTO KSST_REQ_COM (ID, CREATEID, CREATETIME, UPDATEID, UPDATETIME, VER_NBR, RT_DESCR_ID, ST, EFF_DT, EXPIR_DT, REQ_COM_TYPE_ID) VALUES ('REQCOMP-32', 'CREATEID', {ts '2000-01-01 00:00:00.0'}, 'UPDATEID', {ts '2001-01-01 00:00:00.0'},1,'KSST_REQ_COM.DESC.4','ACTIVE',{ts '2001-01-01 00:00:00.0'},{ts '2002-01-01 00:00:00.0'},'kuali.reqComponent.type.course.enrolled')
INSERT INTO KSST_REQ_COM (ID, CREATEID, CREATETIME, UPDATEID, UPDATETIME, VER_NBR, RT_DESCR_ID, ST, EFF_DT, EXPIR_DT, REQ_COM_TYPE_ID) VALUES ('REQCOMP-33', 'CREATEID', {ts '2000-01-01 00:00:00.0'}, 'UPDATEID', {ts '2001-01-01 00:00:00.0'},1,'KSST_REQ_COM.DESC.4','ACTIVE',{ts '2001-01-01 00:00:00.0'},{ts '2002-01-01 00:00:00.0'},'kuali.reqComponent.type.course.notcompleted')
// Programs
INSERT INTO KSST_REQ_COM (ID, CREATEID, CREATETIME, UPDATEID, UPDATETIME, VER_NBR, RT_DESCR_ID, ST, EFF_DT, EXPIR_DT, REQ_COM_TYPE_ID) VALUES ('REQCOMP-NL-101', 'CREATEID', {ts '2000-01-01 00:00:00.0'}, 'UPDATEID', {ts '2001-01-01 00:00:00.0'},1,'KSST_REQ_COM.DESC.5','ACTIVE',{ts '2001-01-01 00:00:00.0'},{ts '2002-01-01 00:00:00.0'},'kuali.reqComponent.type.program.programset.completed.nof')
INSERT INTO KSST_REQ_COM (ID, CREATEID, CREATETIME, UPDATEID, UPDATETIME, VER_NBR, RT_DESCR_ID, ST, EFF_DT, EXPIR_DT, REQ_COM_TYPE_ID) VALUES ('REQCOMP-NL-102', 'CREATEID', {ts '2000-01-01 00:00:00.0'}, 'UPDATEID', {ts '2001-01-01 00:00:00.0'},1,'KSST_REQ_COM.DESC.5','ACTIVE',{ts '2001-01-01 00:00:00.0'},{ts '2002-01-01 00:00:00.0'},'kuali.reqComponent.type.program.programset.notcompleted.nof')
INSERT INTO KSST_REQ_COM (ID, CREATEID, CREATETIME, UPDATEID, UPDATETIME, VER_NBR, RT_DESCR_ID, ST, EFF_DT, EXPIR_DT, REQ_COM_TYPE_ID) VALUES ('REQCOMP-NL-103', 'CREATEID', {ts '2000-01-01 00:00:00.0'}, 'UPDATEID', {ts '2001-01-01 00:00:00.0'},1,'KSST_REQ_COM.DESC.5','ACTIVE',{ts '2001-01-01 00:00:00.0'},{ts '2002-01-01 00:00:00.0'},'kuali.reqComponent.type.program.programset.completed.all')
INSERT INTO KSST_REQ_COM (ID, CREATEID, CREATETIME, UPDATEID, UPDATETIME, VER_NBR, RT_DESCR_ID, ST, EFF_DT, EXPIR_DT, REQ_COM_TYPE_ID) VALUES ('REQCOMP-NL-104', 'CREATEID', {ts '2000-01-01 00:00:00.0'}, 'UPDATEID', {ts '2001-01-01 00:00:00.0'},1,'KSST_REQ_COM.DESC.5','ACTIVE',{ts '2001-01-01 00:00:00.0'},{ts '2002-01-01 00:00:00.0'},'kuali.reqComponent.type.program.programset.coursecompleted.nof')
INSERT INTO KSST_REQ_COM (ID, CREATEID, CREATETIME, UPDATEID, UPDATETIME, VER_NBR, RT_DESCR_ID, ST, EFF_DT, EXPIR_DT, REQ_COM_TYPE_ID) VALUES ('REQCOMP-NL-105', 'CREATEID', {ts '2000-01-01 00:00:00.0'}, 'UPDATEID', {ts '2001-01-01 00:00:00.0'},1,'KSST_REQ_COM.DESC.5','ACTIVE',{ts '2001-01-01 00:00:00.0'},{ts '2002-01-01 00:00:00.0'},'kuali.reqComponent.type.program.programset.completed.nof')
INSERT INTO KSST_REQ_COM (ID, CREATEID, CREATETIME, UPDATEID, UPDATETIME, VER_NBR, RT_DESCR_ID, ST, EFF_DT, EXPIR_DT, REQ_COM_TYPE_ID) VALUES ('REQCOMP-NL-106', 'CREATEID', {ts '2000-01-01 00:00:00.0'}, 'UPDATEID', {ts '2001-01-01 00:00:00.0'},1,'KSST_REQ_COM.DESC.5','ACTIVE',{ts '2001-01-01 00:00:00.0'},{ts '2002-01-01 00:00:00.0'},'kuali.reqComponent.type.program.programset.coursecompleted.nof')
INSERT INTO KSST_REQ_COM (ID, CREATEID, CREATETIME, UPDATEID, UPDATETIME, VER_NBR, RT_DESCR_ID, ST, EFF_DT, EXPIR_DT, REQ_COM_TYPE_ID) VALUES ('REQCOMP-NL-107', 'CREATEID', {ts '2000-01-01 00:00:00.0'}, 'UPDATEID', {ts '2001-01-01 00:00:00.0'},1,'KSST_REQ_COM.DESC.5','ACTIVE',{ts '2001-01-01 00:00:00.0'},{ts '2002-01-01 00:00:00.0'},'kuali.reqComponent.type.program.programset.completed.all')
INSERT INTO KSST_REQ_COM (ID, CREATEID, CREATETIME, UPDATEID, UPDATETIME, VER_NBR, RT_DESCR_ID, ST, EFF_DT, EXPIR_DT, REQ_COM_TYPE_ID) VALUES ('REQCOMP-NL-108', 'CREATEID', {ts '2000-01-01 00:00:00.0'}, 'UPDATEID', {ts '2001-01-01 00:00:00.0'},1,'KSST_REQ_COM.DESC.5','ACTIVE',{ts '2001-01-01 00:00:00.0'},{ts '2002-01-01 00:00:00.0'},'kuali.reqComponent.type.program.programset.notcompleted.nof')
INSERT INTO KSST_REQ_COM (ID, CREATEID, CREATETIME, UPDATEID, UPDATETIME, VER_NBR, RT_DESCR_ID, ST, EFF_DT, EXPIR_DT, REQ_COM_TYPE_ID) VALUES ('REQCOMP-NL-109', 'CREATEID', {ts '2000-01-01 00:00:00.0'}, 'UPDATEID', {ts '2001-01-01 00:00:00.0'},1,'KSST_REQ_COM.DESC.5','ACTIVE',{ts '2001-01-01 00:00:00.0'},{ts '2002-01-01 00:00:00.0'},'kuali.reqComponent.type.program.programset.coursecompleted.nof')
INSERT INTO KSST_REQ_COM (ID, CREATEID, CREATETIME, UPDATEID, UPDATETIME, VER_NBR, RT_DESCR_ID, ST, EFF_DT, EXPIR_DT, REQ_COM_TYPE_ID) VALUES ('REQCOMP-NL-110', 'CREATEID', {ts '2000-01-01 00:00:00.0'}, 'UPDATEID', {ts '2001-01-01 00:00:00.0'},1,'KSST_REQ_COM.DESC.5','ACTIVE',{ts '2001-01-01 00:00:00.0'},{ts '2002-01-01 00:00:00.0'},'kuali.reqComponent.type.program.admitted.credits')
INSERT INTO KSST_REQ_COM (ID, CREATEID, CREATETIME, UPDATEID, UPDATETIME, VER_NBR, RT_DESCR_ID, ST, EFF_DT, EXPIR_DT, REQ_COM_TYPE_ID) VALUES ('REQCOMP-NL-111', 'CREATEID', {ts '2000-01-01 00:00:00.0'}, 'UPDATEID', {ts '2001-01-01 00:00:00.0'},1,'KSST_REQ_COM.DESC.5','ACTIVE',{ts '2001-01-01 00:00:00.0'},{ts '2002-01-01 00:00:00.0'},'kuali.reqComponent.type.program.credits.min')
INSERT INTO KSST_REQ_COM (ID, CREATEID, CREATETIME, UPDATEID, UPDATETIME, VER_NBR, RT_DESCR_ID, ST, EFF_DT, EXPIR_DT, REQ_COM_TYPE_ID) VALUES ('REQCOMP-NL-112', 'CREATEID', {ts '2000-01-01 00:00:00.0'}, 'UPDATEID', {ts '2001-01-01 00:00:00.0'},1,'KSST_REQ_COM.DESC.5','ACTIVE',{ts '2001-01-01 00:00:00.0'},{ts '2002-01-01 00:00:00.0'},'kuali.reqComponent.type.program.credits.min')
INSERT INTO KSST_REQ_COM (ID, CREATEID, CREATETIME, UPDATEID, UPDATETIME, VER_NBR, RT_DESCR_ID, ST, EFF_DT, EXPIR_DT, REQ_COM_TYPE_ID) VALUES ('REQCOMP-NL-113', 'CREATEID', {ts '2000-01-01 00:00:00.0'}, 'UPDATEID', {ts '2001-01-01 00:00:00.0'},1,'KSST_REQ_COM.DESC.5','ACTIVE',{ts '2001-01-01 00:00:00.0'},{ts '2002-01-01 00:00:00.0'},'kuali.reqComponent.type.program.credits.max')
INSERT INTO KSST_REQ_COM (ID, CREATEID, CREATETIME, UPDATEID, UPDATETIME, VER_NBR, RT_DESCR_ID, ST, EFF_DT, EXPIR_DT, REQ_COM_TYPE_ID) VALUES ('REQCOMP-NL-114', 'CREATEID', {ts '2000-01-01 00:00:00.0'}, 'UPDATEID', {ts '2001-01-01 00:00:00.0'},1,'KSST_REQ_COM.DESC.5','ACTIVE',{ts '2001-01-01 00:00:00.0'},{ts '2002-01-01 00:00:00.0'},'kuali.reqComponent.type.program.completion.duration')
INSERT INTO KSST_REQ_COM (ID, CREATEID, CREATETIME, UPDATEID, UPDATETIME, VER_NBR, RT_DESCR_ID, ST, EFF_DT, EXPIR_DT, REQ_COM_TYPE_ID) VALUES ('REQCOMP-NL-115', 'CREATEID', {ts '2000-01-01 00:00:00.0'}, 'UPDATEID', {ts '2001-01-01 00:00:00.0'},1,'KSST_REQ_COM.DESC.5','ACTIVE',{ts '2001-01-01 00:00:00.0'},{ts '2002-01-01 00:00:00.0'},'kuali.reqComponent.type.program.candidate.status.duration')
INSERT INTO KSST_REQ_COM (ID, CREATEID, CREATETIME, UPDATEID, UPDATETIME, VER_NBR, RT_DESCR_ID, ST, EFF_DT, EXPIR_DT, REQ_COM_TYPE_ID) VALUES ('REQCOMP-NL-116', 'CREATEID', {ts '2000-01-01 00:00:00.0'}, 'UPDATEID', {ts '2001-01-01 00:00:00.0'},1,'KSST_REQ_COM.DESC.5','ACTIVE',{ts '2001-01-01 00:00:00.0'},{ts '2002-01-01 00:00:00.0'},'kuali.reqComponent.type.program.completion.duration.afterentry')
INSERT INTO KSST_REQ_COM (ID, CREATEID, CREATETIME, UPDATEID, UPDATETIME, VER_NBR, RT_DESCR_ID, ST, EFF_DT, EXPIR_DT, REQ_COM_TYPE_ID) VALUES ('REQCOMP-NL-117', 'CREATEID', {ts '2000-01-01 00:00:00.0'}, 'UPDATEID', {ts '2001-01-01 00:00:00.0'},1,'KSST_REQ_COM.DESC.5','ACTIVE',{ts '2001-01-01 00:00:00.0'},{ts '2002-01-01 00:00:00.0'},'kuali.reqComponent.type.program.residence.credits.final')
INSERT INTO KSST_REQ_COM (ID, CREATEID, CREATETIME, UPDATEID, UPDATETIME, VER_NBR, RT_DESCR_ID, ST, EFF_DT, EXPIR_DT, REQ_COM_TYPE_ID) VALUES ('REQCOMP-NL-118', 'CREATEID', {ts '2000-01-01 00:00:00.0'}, 'UPDATEID', {ts '2001-01-01 00:00:00.0'},1,'KSST_REQ_COM.DESC.5','ACTIVE',{ts '2001-01-01 00:00:00.0'},{ts '2002-01-01 00:00:00.0'},'kuali.reqComponent.type.program.enrolled.credits.final')
INSERT INTO KSST_REQ_COM (ID, CREATEID, CREATETIME, UPDATEID, UPDATETIME, VER_NBR, RT_DESCR_ID, ST, EFF_DT, EXPIR_DT, REQ_COM_TYPE_ID) VALUES ('REQCOMP-NL-119', 'CREATEID', {ts '2000-01-01 00:00:00.0'}, 'UPDATEID', {ts '2001-01-01 00:00:00.0'},1,'KSST_REQ_COM.DESC.5','ACTIVE',{ts '2001-01-01 00:00:00.0'},{ts '2002-01-01 00:00:00.0'},'kuali.reqComponent.type.program.minors.nof')
INSERT INTO KSST_REQ_COM (ID, CREATEID, CREATETIME, UPDATEID, UPDATETIME, VER_NBR, RT_DESCR_ID, ST, EFF_DT, EXPIR_DT, REQ_COM_TYPE_ID) VALUES ('REQCOMP-NL-120', 'CREATEID', {ts '2000-01-01 00:00:00.0'}, 'UPDATEID', {ts '2001-01-01 00:00:00.0'},1,'KSST_REQ_COM.DESC.5','ACTIVE',{ts '2001-01-01 00:00:00.0'},{ts '2002-01-01 00:00:00.0'},'kuali.reqComponent.type.program.minor.admitted.classstanding')
INSERT INTO KSST_REQ_COM (ID, CREATEID, CREATETIME, UPDATEID, UPDATETIME, VER_NBR, RT_DESCR_ID, ST, EFF_DT, EXPIR_DT, REQ_COM_TYPE_ID) VALUES ('REQCOMP-NL-121', 'CREATEID', {ts '2000-01-01 00:00:00.0'}, 'UPDATEID', {ts '2001-01-01 00:00:00.0'},1,'KSST_REQ_COM.DESC.5','ACTIVE',{ts '2001-01-01 00:00:00.0'},{ts '2002-01-01 00:00:00.0'},'kuali.reqComponent.type.course.courseset.completed.max')
INSERT INTO KSST_REQ_COM (ID, CREATEID, CREATETIME, UPDATEID, UPDATETIME, VER_NBR, RT_DESCR_ID, ST, EFF_DT, EXPIR_DT, REQ_COM_TYPE_ID) VALUES ('REQCOMP-NL-122', 'CREATEID', {ts '2000-01-01 00:00:00.0'}, 'UPDATEID', {ts '2001-01-01 00:00:00.0'},1,'KSST_REQ_COM.DESC.5','ACTIVE',{ts '2001-01-01 00:00:00.0'},{ts '2002-01-01 00:00:00.0'},'kuali.reqComponent.type.program.cumulative.gpa.min')
INSERT INTO KSST_REQ_COM (ID, CREATEID, CREATETIME, UPDATEID, UPDATETIME, VER_NBR, RT_DESCR_ID, ST, EFF_DT, EXPIR_DT, REQ_COM_TYPE_ID) VALUES ('REQCOMP-NL-123', 'CREATEID', {ts '2000-01-01 00:00:00.0'}, 'UPDATEID', {ts '2001-01-01 00:00:00.0'},1,'KSST_REQ_COM.DESC.5','ACTIVE',{ts '2001-01-01 00:00:00.0'},{ts '2002-01-01 00:00:00.0'},'kuali.reqComponent.type.program.duration.gpa.min')

// KSST REQ COM FIELD
// Courses
INSERT INTO KSST_REQ_COM_FIELD (ID, REQ_COM_FIELD_TYPE, VALUE,VER_NBR) VALUES ('FIELD-1-1', 'kuali.reqComponent.field.type.value.positive.integer', '0',0)
INSERT INTO KSST_REQ_COM_FIELD (ID, REQ_COM_FIELD_TYPE, VALUE,VER_NBR) VALUES ('FIELD-1-2', 'kuali.reqComponent.field.type.operator', 'equal_to',0)
INSERT INTO KSST_REQ_COM_FIELD (ID, REQ_COM_FIELD_TYPE, VALUE,VER_NBR) VALUES ('FIELD-1-3', 'kuali.reqComponent.field.type.course.cluSet.id', 'CLUSET-NL-4',0)
INSERT INTO KSST_REQ_COM_FIELD (ID, REQ_COM_FIELD_TYPE, VALUE,VER_NBR) VALUES ('FIELD-2-1', 'kuali.reqComponent.field.type.value.positive.integer', '0',0)
INSERT INTO KSST_REQ_COM_FIELD (ID, REQ_COM_FIELD_TYPE, VALUE,VER_NBR) VALUES ('FIELD-2-2', 'kuali.reqComponent.field.type.operator', 'equal_to',0)
INSERT INTO KSST_REQ_COM_FIELD (ID, REQ_COM_FIELD_TYPE, VALUE,VER_NBR) VALUES ('FIELD-2-3', 'kuali.reqComponent.field.type.course.cluSet.id', 'CLUSET-NL-1',0)
INSERT INTO KSST_REQ_COM_FIELD (ID, REQ_COM_FIELD_TYPE, VALUE,VER_NBR) VALUES ('FIELD-3-1', 'kuali.reqComponent.field.type.value.positive.integer', '1',0)
INSERT INTO KSST_REQ_COM_FIELD (ID, REQ_COM_FIELD_TYPE, VALUE,VER_NBR) VALUES ('FIELD-3-2', 'kuali.reqComponent.field.type.operator', 'equal_to',0)
INSERT INTO KSST_REQ_COM_FIELD (ID, REQ_COM_FIELD_TYPE, VALUE,VER_NBR) VALUES ('FIELD-3-3', 'kuali.reqComponent.field.type.course.cluSet.id', 'CLUSET-NL-4',0)
INSERT INTO KSST_REQ_COM_FIELD (ID, REQ_COM_FIELD_TYPE, VALUE,VER_NBR) VALUES ('FIELD-4-1', 'kuali.reqComponent.field.type.value.positive.integer', '2',0)
INSERT INTO KSST_REQ_COM_FIELD (ID, REQ_COM_FIELD_TYPE, VALUE,VER_NBR) VALUES ('FIELD-4-2', 'kuali.reqComponent.field.type.operator', 'equal_to',0)
INSERT INTO KSST_REQ_COM_FIELD (ID, REQ_COM_FIELD_TYPE, VALUE,VER_NBR) VALUES ('FIELD-4-3', 'kuali.reqComponent.field.type.course.cluSet.id', 'CLUSET-NL-1',0)
INSERT INTO KSST_REQ_COM_FIELD (ID, REQ_COM_FIELD_TYPE, VALUE,VER_NBR) VALUES ('FIELD-5-1', 'kuali.reqComponent.field.type.value.positive.integer', '1',0)
INSERT INTO KSST_REQ_COM_FIELD (ID, REQ_COM_FIELD_TYPE, VALUE,VER_NBR) VALUES ('FIELD-5-2', 'kuali.reqComponent.field.type.operator', 'equal_to',0)
INSERT INTO KSST_REQ_COM_FIELD (ID, REQ_COM_FIELD_TYPE, VALUE,VER_NBR) VALUES ('FIELD-5-3', 'kuali.reqComponent.field.type.course.cluSet.id', 'CLUSET-NL-4',0)
INSERT INTO KSST_REQ_COM_FIELD (ID, REQ_COM_FIELD_TYPE, VALUE,VER_NBR) VALUES ('FIELD-6-1', 'kuali.reqComponent.field.type.value.positive.integer', '1',0)
INSERT INTO KSST_REQ_COM_FIELD (ID, REQ_COM_FIELD_TYPE, VALUE,VER_NBR) VALUES ('FIELD-6-2', 'kuali.reqComponent.field.type.operator', 'greater_than_or_equal_to',0)
INSERT INTO KSST_REQ_COM_FIELD (ID, REQ_COM_FIELD_TYPE, VALUE,VER_NBR) VALUES ('FIELD-6-3', 'kuali.reqComponent.field.type.course.cluSet.id', 'CLUSET-NL-1',0)
INSERT INTO KSST_REQ_COM_FIELD (ID, REQ_COM_FIELD_TYPE, VALUE,VER_NBR) VALUES ('FIELD-7-1', 'kuali.reqComponent.field.type.value.positive.integer', '2',0)
INSERT INTO KSST_REQ_COM_FIELD (ID, REQ_COM_FIELD_TYPE, VALUE,VER_NBR) VALUES ('FIELD-7-2', 'kuali.reqComponent.field.type.operator', 'greater_than_or_equal_to',0)
INSERT INTO KSST_REQ_COM_FIELD (ID, REQ_COM_FIELD_TYPE, VALUE,VER_NBR) VALUES ('FIELD-7-3', 'kuali.reqComponent.field.type.course.cluSet.id', 'CLUSET-NL-1',0)
INSERT INTO KSST_REQ_COM_FIELD (ID, REQ_COM_FIELD_TYPE, VALUE,VER_NBR) VALUES ('FIELD-8-1', 'kuali.reqComponent.field.type.value.positive.integer', '1',0)
INSERT INTO KSST_REQ_COM_FIELD (ID, REQ_COM_FIELD_TYPE, VALUE,VER_NBR) VALUES ('FIELD-8-2', 'kuali.reqComponent.field.type.operator', 'greater_than_or_equal_to',0)
INSERT INTO KSST_REQ_COM_FIELD (ID, REQ_COM_FIELD_TYPE, VALUE,VER_NBR) VALUES ('FIELD-8-3', 'kuali.reqComponent.field.type.course.cluSet.id', 'CLUSET-NL-1',0)
INSERT INTO KSST_REQ_COM_FIELD (ID, REQ_COM_FIELD_TYPE, VALUE,VER_NBR) VALUES ('FIELD-9-1', 'kuali.reqComponent.field.type.value.positive.integer', '2',0)
INSERT INTO KSST_REQ_COM_FIELD (ID, REQ_COM_FIELD_TYPE, VALUE,VER_NBR) VALUES ('FIELD-9-2', 'kuali.reqComponent.field.type.operator', 'greater_than_or_equal_to',0)
INSERT INTO KSST_REQ_COM_FIELD (ID, REQ_COM_FIELD_TYPE, VALUE,VER_NBR) VALUES ('FIELD-9-3', 'kuali.reqComponent.field.type.course.cluSet.id', 'CLUSET-NL-1',0)
INSERT INTO KSST_REQ_COM_FIELD (ID, REQ_COM_FIELD_TYPE, VALUE,VER_NBR) VALUES ('FIELD-10-1', 'kuali.reqComponent.field.type.value.positive.integer', '1',0)
INSERT INTO KSST_REQ_COM_FIELD (ID, REQ_COM_FIELD_TYPE, VALUE,VER_NBR) VALUES ('FIELD-10-2', 'kuali.reqComponent.field.type.operator', 'greater_than_or_equal_to',0)
INSERT INTO KSST_REQ_COM_FIELD (ID, REQ_COM_FIELD_TYPE, VALUE,VER_NBR) VALUES ('FIELD-10-3', 'kuali.reqComponent.field.type.course.cluSet.id', 'CLUSET-NL-1',0)
INSERT INTO KSST_REQ_COM_FIELD (ID, REQ_COM_FIELD_TYPE, VALUE,VER_NBR) VALUES ('FIELD-11-1', 'kuali.reqComponent.field.type.value.positive.integer', '2',0)
INSERT INTO KSST_REQ_COM_FIELD (ID, REQ_COM_FIELD_TYPE, VALUE,VER_NBR) VALUES ('FIELD-11-2', 'kuali.reqComponent.field.type.operator', 'greater_than_or_equal_to',0)
INSERT INTO KSST_REQ_COM_FIELD (ID, REQ_COM_FIELD_TYPE, VALUE,VER_NBR) VALUES ('FIELD-11-3', 'kuali.reqComponent.field.type.course.cluSet.id', 'CLUSET-NL-1',0)
INSERT INTO KSST_REQ_COM_FIELD (ID, REQ_COM_FIELD_TYPE, VALUE,VER_NBR) VALUES ('FIELD-12-1', 'kuali.reqComponent.field.type.value.positive.integer', '0',0)
INSERT INTO KSST_REQ_COM_FIELD (ID, REQ_COM_FIELD_TYPE, VALUE,VER_NBR) VALUES ('FIELD-12-2', 'kuali.reqComponent.field.type.operator', 'equal_to',0)
INSERT INTO KSST_REQ_COM_FIELD (ID, REQ_COM_FIELD_TYPE, VALUE,VER_NBR) VALUES ('FIELD-12-3', 'kuali.reqComponent.field.type.course.cluSet.id', 'CLUSET-NL-1',0)
INSERT INTO KSST_REQ_COM_FIELD (ID, REQ_COM_FIELD_TYPE, VALUE,VER_NBR) VALUES ('FIELD-13-1', 'kuali.reqComponent.field.type.value.positive.integer', '1',0)
INSERT INTO KSST_REQ_COM_FIELD (ID, REQ_COM_FIELD_TYPE, VALUE,VER_NBR) VALUES ('FIELD-13-2', 'kuali.reqComponent.field.type.operator', 'less_than_or_equal_to',0)
INSERT INTO KSST_REQ_COM_FIELD (ID, REQ_COM_FIELD_TYPE, VALUE,VER_NBR) VALUES ('FIELD-13-3', 'kuali.reqComponent.field.type.course.cluSet.id', 'CLUSET-NL-1',0)
INSERT INTO KSST_REQ_COM_FIELD (ID, REQ_COM_FIELD_TYPE, VALUE,VER_NBR) VALUES ('FIELD-14-1', 'kuali.reqComponent.field.type.value.positive.integer', '2',0)
INSERT INTO KSST_REQ_COM_FIELD (ID, REQ_COM_FIELD_TYPE, VALUE,VER_NBR) VALUES ('FIELD-14-2', 'kuali.reqComponent.field.type.operator', 'less_than_or_equal_to',0)
INSERT INTO KSST_REQ_COM_FIELD (ID, REQ_COM_FIELD_TYPE, VALUE,VER_NBR) VALUES ('FIELD-14-3', 'kuali.reqComponent.field.type.course.cluSet.id', 'CLUSET-NL-1',0)
INSERT INTO KSST_REQ_COM_FIELD (ID, REQ_COM_FIELD_TYPE, VALUE,VER_NBR) VALUES ('FIELD-15-1', 'kuali.reqComponent.field.type.gpa', '3.5',0)
INSERT INTO KSST_REQ_COM_FIELD (ID, REQ_COM_FIELD_TYPE, VALUE,VER_NBR) VALUES ('FIELD-15-2', 'kuali.reqComponent.field.type.course.cluSet.id', 'CLUSET-NL-1',0)
INSERT INTO KSST_REQ_COM_FIELD (ID, REQ_COM_FIELD_TYPE, VALUE,VER_NBR) VALUES ('FIELD-16a-1', 'kuali.reqComponent.field.type.gradeType.id', 'kuali.resultComponent.grade.letter',0)
INSERT INTO KSST_REQ_COM_FIELD (ID, REQ_COM_FIELD_TYPE, VALUE,VER_NBR) VALUES ('FIELD-16a-2', 'kuali.reqComponent.field.type.grade.id', 'B',0)
INSERT INTO KSST_REQ_COM_FIELD (ID, REQ_COM_FIELD_TYPE, VALUE,VER_NBR) VALUES ('FIELD-16a-3', 'kuali.reqComponent.field.type.operator', 'greater_than_or_equal_to',0)
INSERT INTO KSST_REQ_COM_FIELD (ID, REQ_COM_FIELD_TYPE, VALUE,VER_NBR) VALUES ('FIELD-16a-4', 'kuali.reqComponent.field.type.course.cluSet.id', 'CLUSET-NL-1',0)
INSERT INTO KSST_REQ_COM_FIELD (ID, REQ_COM_FIELD_TYPE, VALUE,VER_NBR) VALUES ('FIELD-16b-1', 'kuali.reqComponent.field.type.gradeType.id', 'kuali.resultComponent.grade.percentage',0)
INSERT INTO KSST_REQ_COM_FIELD (ID, REQ_COM_FIELD_TYPE, VALUE,VER_NBR) VALUES ('FIELD-16b-2', 'kuali.reqComponent.field.type.grade.id', '70-79%',0)
INSERT INTO KSST_REQ_COM_FIELD (ID, REQ_COM_FIELD_TYPE, VALUE,VER_NBR) VALUES ('FIELD-16b-3', 'kuali.reqComponent.field.type.operator', 'greater_than_or_equal_to',0)
INSERT INTO KSST_REQ_COM_FIELD (ID, REQ_COM_FIELD_TYPE, VALUE,VER_NBR) VALUES ('FIELD-16b-4', 'kuali.reqComponent.field.type.course.cluSet.id', 'CLUSET-NL-1',0)
INSERT INTO KSST_REQ_COM_FIELD (ID, REQ_COM_FIELD_TYPE, VALUE,VER_NBR) VALUES ('FIELD-16c-1', 'kuali.reqComponent.field.type.gradeType.id', 'kuali.resultComponent.grade.passFail',0)
INSERT INTO KSST_REQ_COM_FIELD (ID, REQ_COM_FIELD_TYPE, VALUE,VER_NBR) VALUES ('FIELD-16c-2', 'kuali.reqComponent.field.type.grade.id', 'Pass',0)
INSERT INTO KSST_REQ_COM_FIELD (ID, REQ_COM_FIELD_TYPE, VALUE,VER_NBR) VALUES ('FIELD-16c-3', 'kuali.reqComponent.field.type.operator', 'greater_than_or_equal_to',0)
INSERT INTO KSST_REQ_COM_FIELD (ID, REQ_COM_FIELD_TYPE, VALUE,VER_NBR) VALUES ('FIELD-16c-4', 'kuali.reqComponent.field.type.course.cluSet.id', 'CLUSET-NL-1',0)
INSERT INTO KSST_REQ_COM_FIELD (ID, REQ_COM_FIELD_TYPE, VALUE,VER_NBR) VALUES ('FIELD-16d-1', 'kuali.reqComponent.field.type.gradeType.id', 'kuali.resultComponent.grade.completedNotation',0)
INSERT INTO KSST_REQ_COM_FIELD (ID, REQ_COM_FIELD_TYPE, VALUE,VER_NBR) VALUES ('FIELD-16d-2', 'kuali.reqComponent.field.type.grade.id', 'In-Progress',0)
INSERT INTO KSST_REQ_COM_FIELD (ID, REQ_COM_FIELD_TYPE, VALUE,VER_NBR) VALUES ('FIELD-16d-3', 'kuali.reqComponent.field.type.operator', 'greater_than_or_equal_to',0)
INSERT INTO KSST_REQ_COM_FIELD (ID, REQ_COM_FIELD_TYPE, VALUE,VER_NBR) VALUES ('FIELD-16d-4', 'kuali.reqComponent.field.type.course.cluSet.id', 'CLUSET-NL-1',0)
INSERT INTO KSST_REQ_COM_FIELD (ID, REQ_COM_FIELD_TYPE, VALUE,VER_NBR) VALUES ('FIELD-16e-1', 'kuali.reqComponent.field.type.gradeType.id', 'kuali.resultComponent.grade.satisfactory',0)
INSERT INTO KSST_REQ_COM_FIELD (ID, REQ_COM_FIELD_TYPE, VALUE,VER_NBR) VALUES ('FIELD-16e-2', 'kuali.reqComponent.field.type.grade.id', 'Satisfactory',0)
INSERT INTO KSST_REQ_COM_FIELD (ID, REQ_COM_FIELD_TYPE, VALUE,VER_NBR) VALUES ('FIELD-16e-3', 'kuali.reqComponent.field.type.operator', 'greater_than_or_equal_to',0)
INSERT INTO KSST_REQ_COM_FIELD (ID, REQ_COM_FIELD_TYPE, VALUE,VER_NBR) VALUES ('FIELD-16e-4', 'kuali.reqComponent.field.type.course.cluSet.id', 'CLUSET-NL-1',0)
INSERT INTO KSST_REQ_COM_FIELD (ID, REQ_COM_FIELD_TYPE, VALUE,VER_NBR) VALUES ('FIELD-17a-1', 'kuali.reqComponent.field.type.gradeType.id', 'kuali.resultComponent.grade.letter',0)
INSERT INTO KSST_REQ_COM_FIELD (ID, REQ_COM_FIELD_TYPE, VALUE,VER_NBR) VALUES ('FIELD-17a-2', 'kuali.reqComponent.field.type.grade.id', 'C',0)
INSERT INTO KSST_REQ_COM_FIELD (ID, REQ_COM_FIELD_TYPE, VALUE,VER_NBR) VALUES ('FIELD-17a-3', 'kuali.reqComponent.field.type.operator', 'less_than_or_equal_to',0)
INSERT INTO KSST_REQ_COM_FIELD (ID, REQ_COM_FIELD_TYPE, VALUE,VER_NBR) VALUES ('FIELD-17a-4', 'kuali.reqComponent.field.type.course.cluSet.id', 'CLUSET-NL-1',0)
INSERT INTO KSST_REQ_COM_FIELD (ID, REQ_COM_FIELD_TYPE, VALUE,VER_NBR) VALUES ('FIELD-17b-1', 'kuali.reqComponent.field.type.gradeType.id', 'kuali.resultComponent.grade.satisfactory',0)
INSERT INTO KSST_REQ_COM_FIELD (ID, REQ_COM_FIELD_TYPE, VALUE,VER_NBR) VALUES ('FIELD-17b-2', 'kuali.reqComponent.field.type.grade.id', 'Not-Satisfactory',0)
INSERT INTO KSST_REQ_COM_FIELD (ID, REQ_COM_FIELD_TYPE, VALUE,VER_NBR) VALUES ('FIELD-17b-3', 'kuali.reqComponent.field.type.operator', 'less_than_or_equal_to',0)
INSERT INTO KSST_REQ_COM_FIELD (ID, REQ_COM_FIELD_TYPE, VALUE,VER_NBR) VALUES ('FIELD-17b-4', 'kuali.reqComponent.field.type.course.cluSet.id', 'CLUSET-NL-1',0)
INSERT INTO KSST_REQ_COM_FIELD (ID, REQ_COM_FIELD_TYPE, VALUE,VER_NBR) VALUES ('FIELD-18', 'kuali.reqComponent.field.type.org.id', '50',0)
INSERT INTO KSST_REQ_COM_FIELD (ID, REQ_COM_FIELD_TYPE, VALUE,VER_NBR) VALUES ('FIELD-19', 'kuali.reqComponent.field.type.person.id', 'Smith',0)
INSERT INTO KSST_REQ_COM_FIELD (ID, REQ_COM_FIELD_TYPE, VALUE,VER_NBR) VALUES ('FIELD-20-1', 'kuali.reqComponent.field.type.value.positive.integer', '2',0)
INSERT INTO KSST_REQ_COM_FIELD (ID, REQ_COM_FIELD_TYPE, VALUE,VER_NBR) VALUES ('FIELD-20-2', 'kuali.reqComponent.field.type.operator', 'equal_to',0)
INSERT INTO KSST_REQ_COM_FIELD (ID, REQ_COM_FIELD_TYPE, VALUE,VER_NBR) VALUES ('FIELD-20-3', 'kuali.reqComponent.field.type.course.cluSet.id', 'CLUSET-NL-CLUSET-1',0)
INSERT INTO KSST_REQ_COM_FIELD (ID, REQ_COM_FIELD_TYPE, VALUE,VER_NBR) VALUES ('FIELD-21-1', 'kuali.reqComponent.field.type.test.cluSet.id', 'CLUSET-NL-5',0)
INSERT INTO KSST_REQ_COM_FIELD (ID, REQ_COM_FIELD_TYPE, VALUE,VER_NBR) VALUES ('FIELD-21-2', 'kuali.reqComponent.field.type.test.score', '600',0)
INSERT INTO KSST_REQ_COM_FIELD (ID, REQ_COM_FIELD_TYPE, VALUE,VER_NBR) VALUES ('FIELD-22-1', 'kuali.reqComponent.field.type.test.cluSet.id', 'CLUSET-NL-5',0)
INSERT INTO KSST_REQ_COM_FIELD (ID, REQ_COM_FIELD_TYPE, VALUE,VER_NBR) VALUES ('FIELD-22-2', 'kuali.reqComponent.field.type.test.score', '900',0)
INSERT INTO KSST_REQ_COM_FIELD (ID, REQ_COM_FIELD_TYPE, VALUE,VER_NBR) VALUES ('FIELD-23a-1', 'kuali.reqComponent.field.type.value.positive.integer', '1',0)
INSERT INTO KSST_REQ_COM_FIELD (ID, REQ_COM_FIELD_TYPE, VALUE,VER_NBR) VALUES ('FIELD-23a-2', 'kuali.reqComponent.field.type.operator', 'greater_than_or_equal_to',0)
INSERT INTO KSST_REQ_COM_FIELD (ID, REQ_COM_FIELD_TYPE, VALUE,VER_NBR) VALUES ('FIELD-23a-3', 'kuali.reqComponent.field.type.course.cluSet.id', 'CLUSET-NL-1',0)
INSERT INTO KSST_REQ_COM_FIELD (ID, REQ_COM_FIELD_TYPE, VALUE,VER_NBR) VALUES ('FIELD-23a-4', 'kuali.reqComponent.field.type.grade.id', 'B',0)
INSERT INTO KSST_REQ_COM_FIELD (ID, REQ_COM_FIELD_TYPE, VALUE,VER_NBR) VALUES ('FIELD-23a-5', 'kuali.reqComponent.field.type.gradeType.id', 'kuali.resultComponent.grade.letter',0)
INSERT INTO KSST_REQ_COM_FIELD (ID, REQ_COM_FIELD_TYPE, VALUE,VER_NBR) VALUES ('FIELD-23b-1', 'kuali.reqComponent.field.type.value.positive.integer', '1',0)
INSERT INTO KSST_REQ_COM_FIELD (ID, REQ_COM_FIELD_TYPE, VALUE,VER_NBR) VALUES ('FIELD-23b-2', 'kuali.reqComponent.field.type.operator', 'greater_than_or_equal_to',0)
INSERT INTO KSST_REQ_COM_FIELD (ID, REQ_COM_FIELD_TYPE, VALUE,VER_NBR) VALUES ('FIELD-23b-3', 'kuali.reqComponent.field.type.course.cluSet.id', 'CLUSET-NL-1',0)
INSERT INTO KSST_REQ_COM_FIELD (ID, REQ_COM_FIELD_TYPE, VALUE,VER_NBR) VALUES ('FIELD-23b-4', 'kuali.reqComponent.field.type.grade.id', 'Completed',0)
INSERT INTO KSST_REQ_COM_FIELD (ID, REQ_COM_FIELD_TYPE, VALUE,VER_NBR) VALUES ('FIELD-23b-5', 'kuali.reqComponent.field.type.gradeType.id', 'kuali.resultComponent.grade.completedNotation',0)
INSERT INTO KSST_REQ_COM_FIELD (ID, REQ_COM_FIELD_TYPE, VALUE,VER_NBR) VALUES ('FIELD-24a-1', 'kuali.reqComponent.field.type.value.positive.integer', '2',0)
INSERT INTO KSST_REQ_COM_FIELD (ID, REQ_COM_FIELD_TYPE, VALUE,VER_NBR) VALUES ('FIELD-24a-2', 'kuali.reqComponent.field.type.program.clu.id', 'CLU-NL-PROGRAM-1',0)
INSERT INTO KSST_REQ_COM_FIELD (ID, REQ_COM_FIELD_TYPE, VALUE,VER_NBR) VALUES ('FIELD-24a-3', 'kuali.reqComponent.field.type.org.id', '50',0)
INSERT INTO KSST_REQ_COM_FIELD (ID, REQ_COM_FIELD_TYPE, VALUE,VER_NBR) VALUES ('FIELD-24a-4', 'kuali.reqComponent.field.type.duration', '1',0)
INSERT INTO KSST_REQ_COM_FIELD (ID, REQ_COM_FIELD_TYPE, VALUE,VER_NBR) VALUES ('FIELD-24a-5', 'kuali.reqComponent.field.type.durationType.id', 'kuali.atp.duration.Year',0)
INSERT INTO KSST_REQ_COM_FIELD (ID, REQ_COM_FIELD_TYPE, VALUE,VER_NBR) VALUES ('FIELD-24b-1', 'kuali.reqComponent.field.type.value.positive.integer', '2',0)
INSERT INTO KSST_REQ_COM_FIELD (ID, REQ_COM_FIELD_TYPE, VALUE,VER_NBR) VALUES ('FIELD-24b-2', 'kuali.reqComponent.field.type.program.cluSet.id', 'CLUSET-NL-PROGRAMS-2',0)
INSERT INTO KSST_REQ_COM_FIELD (ID, REQ_COM_FIELD_TYPE, VALUE,VER_NBR) VALUES ('FIELD-24b-3', 'kuali.reqComponent.field.type.org.id', '50',0)
INSERT INTO KSST_REQ_COM_FIELD (ID, REQ_COM_FIELD_TYPE, VALUE,VER_NBR) VALUES ('FIELD-24b-4', 'kuali.reqComponent.field.type.duration', '1',0)
INSERT INTO KSST_REQ_COM_FIELD (ID, REQ_COM_FIELD_TYPE, VALUE,VER_NBR) VALUES ('FIELD-24b-5', 'kuali.reqComponent.field.type.durationType.id', 'kuali.atp.duration.Year',0)
INSERT INTO KSST_REQ_COM_FIELD (ID, REQ_COM_FIELD_TYPE, VALUE,VER_NBR) VALUES ('FIELD-25a-1', 'kuali.reqComponent.field.type.value.positive.integer', '3',0)
INSERT INTO KSST_REQ_COM_FIELD (ID, REQ_COM_FIELD_TYPE, VALUE,VER_NBR) VALUES ('FIELD-25a-2', 'kuali.reqComponent.field.type.program.clu.id', 'CLU-NL-PROGRAM-1',0)
INSERT INTO KSST_REQ_COM_FIELD (ID, REQ_COM_FIELD_TYPE, VALUE,VER_NBR) VALUES ('FIELD-25a-3', 'kuali.reqComponent.field.type.org.id', '64',0)
INSERT INTO KSST_REQ_COM_FIELD (ID, REQ_COM_FIELD_TYPE, VALUE,VER_NBR) VALUES ('FIELD-25a-4', 'kuali.reqComponent.field.type.duration', '1',0)
INSERT INTO KSST_REQ_COM_FIELD (ID, REQ_COM_FIELD_TYPE, VALUE,VER_NBR) VALUES ('FIELD-25a-5', 'kuali.reqComponent.field.type.durationType.id', 'kuali.atp.duration.Year',0)
INSERT INTO KSST_REQ_COM_FIELD (ID, REQ_COM_FIELD_TYPE, VALUE,VER_NBR) VALUES ('FIELD-25b-1', 'kuali.reqComponent.field.type.value.positive.integer', '3',0)
INSERT INTO KSST_REQ_COM_FIELD (ID, REQ_COM_FIELD_TYPE, VALUE,VER_NBR) VALUES ('FIELD-25b-2', 'kuali.reqComponent.field.type.program.cluSet.id', 'CLUSET-NL-PROGRAMS-2',0)
INSERT INTO KSST_REQ_COM_FIELD (ID, REQ_COM_FIELD_TYPE, VALUE,VER_NBR) VALUES ('FIELD-25b-3', 'kuali.reqComponent.field.type.org.id', '64',0)
INSERT INTO KSST_REQ_COM_FIELD (ID, REQ_COM_FIELD_TYPE, VALUE,VER_NBR) VALUES ('FIELD-25b-4', 'kuali.reqComponent.field.type.duration', '1',0)
INSERT INTO KSST_REQ_COM_FIELD (ID, REQ_COM_FIELD_TYPE, VALUE,VER_NBR) VALUES ('FIELD-25b-5', 'kuali.reqComponent.field.type.durationType.id', 'kuali.atp.duration.Year',0)
INSERT INTO KSST_REQ_COM_FIELD (ID, REQ_COM_FIELD_TYPE, VALUE,VER_NBR) VALUES ('FIELD-27a-1', 'kuali.reqComponent.field.type.program.clu.id', 'CLU-NL-PROGRAM-1',0)
INSERT INTO KSST_REQ_COM_FIELD (ID, REQ_COM_FIELD_TYPE, VALUE,VER_NBR) VALUES ('FIELD-27b-1', 'kuali.reqComponent.field.type.program.cluSet.id', 'CLUSET-NL-PROGRAMS-2',0)
INSERT INTO KSST_REQ_COM_FIELD (ID, REQ_COM_FIELD_TYPE, VALUE,VER_NBR) VALUES ('FIELD-28-1', 'kuali.reqComponent.field.type.value.positive.integer', '6',0)
INSERT INTO KSST_REQ_COM_FIELD (ID, REQ_COM_FIELD_TYPE, VALUE,VER_NBR) VALUES ('FIELD-29-1', 'kuali.reqComponent.field.type.value.positive.integer', '30',0)
INSERT INTO KSST_REQ_COM_FIELD (ID, REQ_COM_FIELD_TYPE, VALUE,VER_NBR) VALUES ('FIELD-29-3', 'kuali.reqComponent.field.type.org.id', '64',0)
INSERT INTO KSST_REQ_COM_FIELD (ID, REQ_COM_FIELD_TYPE, VALUE,VER_NBR) VALUES ('FIELD-30a-1', 'kuali.reqComponent.field.type.program.clu.id', 'CLU-NL-PROGRAM-1',0)
INSERT INTO KSST_REQ_COM_FIELD (ID, REQ_COM_FIELD_TYPE, VALUE,VER_NBR) VALUES ('FIELD-30b-1', 'kuali.reqComponent.field.type.program.cluSet.id', 'CLUSET-NL-PROGRAMS-2',0)
INSERT INTO KSST_REQ_COM_FIELD (ID, REQ_COM_FIELD_TYPE, VALUE,VER_NBR) VALUES ('FIELD-31', 'kuali.reqComponent.field.type.course.clu.id', 'CLU-NL-1',0)
INSERT INTO KSST_REQ_COM_FIELD (ID, REQ_COM_FIELD_TYPE, VALUE,VER_NBR) VALUES ('FIELD-32', 'kuali.reqComponent.field.type.course.clu.id', 'CLU-NL-1',0)
INSERT INTO KSST_REQ_COM_FIELD (ID, REQ_COM_FIELD_TYPE, VALUE,VER_NBR) VALUES ('FIELD-33', 'kuali.reqComponent.field.type.course.clu.id', 'CLU-NL-1',0)
// Programs
INSERT INTO KSST_REQ_COM_FIELD (ID, REQ_COM_FIELD_TYPE, VALUE,VER_NBR) VALUES ('FIELD-101', 'kuali.reqComponent.field.type.value.positive.integer', '1',0)
INSERT INTO KSST_REQ_COM_FIELD (ID, REQ_COM_FIELD_TYPE, VALUE,VER_NBR) VALUES ('FIELD-102', 'kuali.reqComponent.field.type.program.cluSet.id', 'CLUSET-NL-PROGRAMS-1',0)
INSERT INTO KSST_REQ_COM_FIELD (ID, REQ_COM_FIELD_TYPE, VALUE,VER_NBR) VALUES ('FIELD-103', 'kuali.reqComponent.field.type.program.cluSet.id', 'CLUSET-NL-PROGRAMS-1',0)
INSERT INTO KSST_REQ_COM_FIELD (ID, REQ_COM_FIELD_TYPE, VALUE,VER_NBR) VALUES ('FIELD-104', 'kuali.reqComponent.field.type.program.cluSet.id', 'CLUSET-NL-PROGRAMS-1',0)
INSERT INTO KSST_REQ_COM_FIELD (ID, REQ_COM_FIELD_TYPE, VALUE,VER_NBR) VALUES ('FIELD-105', 'kuali.reqComponent.field.type.value.positive.integer', '1',0)
INSERT INTO KSST_REQ_COM_FIELD (ID, REQ_COM_FIELD_TYPE, VALUE,VER_NBR) VALUES ('FIELD-106', 'kuali.reqComponent.field.type.program.cluSet.id', 'CLUSET-NL-PROGRAMS-1',0)
INSERT INTO KSST_REQ_COM_FIELD (ID, REQ_COM_FIELD_TYPE, VALUE,VER_NBR) VALUES ('FIELD-107', 'kuali.reqComponent.field.type.value.positive.integer', '2',0)
INSERT INTO KSST_REQ_COM_FIELD (ID, REQ_COM_FIELD_TYPE, VALUE,VER_NBR) VALUES ('FIELD-108', 'kuali.reqComponent.field.type.program.cluSet.id', 'CLUSET-NL-PROGRAMS-1',0)
INSERT INTO KSST_REQ_COM_FIELD (ID, REQ_COM_FIELD_TYPE, VALUE,VER_NBR) VALUES ('FIELD-109', 'kuali.reqComponent.field.type.value.positive.integer', '2',0)
INSERT INTO KSST_REQ_COM_FIELD (ID, REQ_COM_FIELD_TYPE, VALUE,VER_NBR) VALUES ('FIELD-110', 'kuali.reqComponent.field.type.program.cluSet.id', 'CLUSET-NL-PROGRAMS-1',0)
INSERT INTO KSST_REQ_COM_FIELD (ID, REQ_COM_FIELD_TYPE, VALUE,VER_NBR) VALUES ('FIELD-111', 'kuali.reqComponent.field.type.program.cluSet.id', 'CLUSET-NL-PROGRAMS-2',0)
INSERT INTO KSST_REQ_COM_FIELD (ID, REQ_COM_FIELD_TYPE, VALUE,VER_NBR) VALUES ('FIELD-112', 'kuali.reqComponent.field.type.program.cluSet.id', 'CLUSET-NL-PROGRAMS-2',0)
INSERT INTO KSST_REQ_COM_FIELD (ID, REQ_COM_FIELD_TYPE, VALUE,VER_NBR) VALUES ('FIELD-113', 'kuali.reqComponent.field.type.value.positive.integer', '2',0)
INSERT INTO KSST_REQ_COM_FIELD (ID, REQ_COM_FIELD_TYPE, VALUE,VER_NBR) VALUES ('FIELD-114', 'kuali.reqComponent.field.type.program.cluSet.id', 'CLUSET-NL-PROGRAMS-2',0)
INSERT INTO KSST_REQ_COM_FIELD (ID, REQ_COM_FIELD_TYPE, VALUE,VER_NBR) VALUES ('FIELD-115', 'kuali.reqComponent.field.type.value.positive.integer', '5',0)
INSERT INTO KSST_REQ_COM_FIELD (ID, REQ_COM_FIELD_TYPE, VALUE,VER_NBR) VALUES ('FIELD-116', 'kuali.reqComponent.field.type.value.positive.integer', '1',0)
INSERT INTO KSST_REQ_COM_FIELD (ID, REQ_COM_FIELD_TYPE, VALUE,VER_NBR) VALUES ('FIELD-117', 'kuali.reqComponent.field.type.value.positive.integer', '120',0)
INSERT INTO KSST_REQ_COM_FIELD (ID, REQ_COM_FIELD_TYPE, VALUE,VER_NBR) VALUES ('FIELD-118', 'kuali.reqComponent.field.type.value.positive.integer', '130',0)
INSERT INTO KSST_REQ_COM_FIELD (ID, REQ_COM_FIELD_TYPE, VALUE,VER_NBR) VALUES ('FIELD-119', 'kuali.reqComponent.field.type.duration', '10',0)
INSERT INTO KSST_REQ_COM_FIELD (ID, REQ_COM_FIELD_TYPE, VALUE,VER_NBR) VALUES ('FIELD-120', 'kuali.reqComponent.field.type.durationType.id', 'kuali.atp.duration.Semester',0)
INSERT INTO KSST_REQ_COM_FIELD (ID, REQ_COM_FIELD_TYPE, VALUE,VER_NBR) VALUES ('FIELD-121', 'kuali.reqComponent.field.type.duration', '3',0)
INSERT INTO KSST_REQ_COM_FIELD (ID, REQ_COM_FIELD_TYPE, VALUE,VER_NBR) VALUES ('FIELD-122', 'kuali.reqComponent.field.type.durationType.id', 'kuali.atp.duration.Semester',0)
INSERT INTO KSST_REQ_COM_FIELD (ID, REQ_COM_FIELD_TYPE, VALUE,VER_NBR) VALUES ('FIELD-123', 'kuali.reqComponent.field.type.duration', '10',0)
INSERT INTO KSST_REQ_COM_FIELD (ID, REQ_COM_FIELD_TYPE, VALUE,VER_NBR) VALUES ('FIELD-124', 'kuali.reqComponent.field.type.durationType.id', 'kuali.atp.duration.Semester',0)
INSERT INTO KSST_REQ_COM_FIELD (ID, REQ_COM_FIELD_TYPE, VALUE,VER_NBR) VALUES ('FIELD-125', 'kuali.reqComponent.field.type.program.clu.id', 'CLU-NL-PROGRAM-1',0)
INSERT INTO KSST_REQ_COM_FIELD (ID, REQ_COM_FIELD_TYPE, VALUE,VER_NBR) VALUES ('FIELD-126', 'kuali.reqComponent.field.type.value.positive.integer', '30',0)
INSERT INTO KSST_REQ_COM_FIELD (ID, REQ_COM_FIELD_TYPE, VALUE,VER_NBR) VALUES ('FIELD-128', 'kuali.reqComponent.field.type.program.clu.id', 'CLU-NL-PROGRAM-1',0)
INSERT INTO KSST_REQ_COM_FIELD (ID, REQ_COM_FIELD_TYPE, VALUE,VER_NBR) VALUES ('FIELD-129', 'kuali.reqComponent.field.type.value.positive.integer', '30',0)
INSERT INTO KSST_REQ_COM_FIELD (ID, REQ_COM_FIELD_TYPE, VALUE,VER_NBR) VALUES ('FIELD-131', 'kuali.reqComponent.field.type.value.positive.integer', '2',0)
INSERT INTO KSST_REQ_COM_FIELD (ID, REQ_COM_FIELD_TYPE, VALUE,VER_NBR) VALUES ('FIELD-132', 'kuali.reqComponent.field.type.value.positive.integer', '2',0)
INSERT INTO KSST_REQ_COM_FIELD (ID, REQ_COM_FIELD_TYPE, VALUE,VER_NBR) VALUES ('FIELD-133', 'kuali.reqComponent.field.type.course.cluSet.id', 'CLUSET-NL-1',0)
INSERT INTO KSST_REQ_COM_FIELD (ID, REQ_COM_FIELD_TYPE, VALUE,VER_NBR) VALUES ('FIELD-134', 'kuali.reqComponent.field.type.gpa', '2.5',0)
INSERT INTO KSST_REQ_COM_FIELD (ID, REQ_COM_FIELD_TYPE, VALUE,VER_NBR) VALUES ('FIELD-135', 'kuali.reqComponent.field.type.durationType.id', 'kuali.atp.duration.Semester',0)
INSERT INTO KSST_REQ_COM_FIELD (ID, REQ_COM_FIELD_TYPE, VALUE,VER_NBR) VALUES ('FIELD-136', 'kuali.reqComponent.field.type.gpa', '3.0',0)

// KSST_RC_JN_RC_FIELD
// Courses
INSERT INTO KSST_RC_JN_RC_FIELD (REQ_COM_ID, REQ_COM_FIELD_ID) VALUES ('REQCOMP-1', 'FIELD-1-1')
INSERT INTO KSST_RC_JN_RC_FIELD (REQ_COM_ID, REQ_COM_FIELD_ID) VALUES ('REQCOMP-1', 'FIELD-1-2')
INSERT INTO KSST_RC_JN_RC_FIELD (REQ_COM_ID, REQ_COM_FIELD_ID) VALUES ('REQCOMP-1', 'FIELD-1-3')
INSERT INTO KSST_RC_JN_RC_FIELD (REQ_COM_ID, REQ_COM_FIELD_ID) VALUES ('REQCOMP-2', 'FIELD-2-1')
INSERT INTO KSST_RC_JN_RC_FIELD (REQ_COM_ID, REQ_COM_FIELD_ID) VALUES ('REQCOMP-2', 'FIELD-2-2')
INSERT INTO KSST_RC_JN_RC_FIELD (REQ_COM_ID, REQ_COM_FIELD_ID) VALUES ('REQCOMP-2', 'FIELD-2-3')
INSERT INTO KSST_RC_JN_RC_FIELD (REQ_COM_ID, REQ_COM_FIELD_ID) VALUES ('REQCOMP-3', 'FIELD-3-1')
INSERT INTO KSST_RC_JN_RC_FIELD (REQ_COM_ID, REQ_COM_FIELD_ID) VALUES ('REQCOMP-3', 'FIELD-3-2')
INSERT INTO KSST_RC_JN_RC_FIELD (REQ_COM_ID, REQ_COM_FIELD_ID) VALUES ('REQCOMP-3', 'FIELD-3-3')
INSERT INTO KSST_RC_JN_RC_FIELD (REQ_COM_ID, REQ_COM_FIELD_ID) VALUES ('REQCOMP-4', 'FIELD-4-1')
INSERT INTO KSST_RC_JN_RC_FIELD (REQ_COM_ID, REQ_COM_FIELD_ID) VALUES ('REQCOMP-4', 'FIELD-4-2')
INSERT INTO KSST_RC_JN_RC_FIELD (REQ_COM_ID, REQ_COM_FIELD_ID) VALUES ('REQCOMP-4', 'FIELD-4-3')
INSERT INTO KSST_RC_JN_RC_FIELD (REQ_COM_ID, REQ_COM_FIELD_ID) VALUES ('REQCOMP-5', 'FIELD-5-1')
INSERT INTO KSST_RC_JN_RC_FIELD (REQ_COM_ID, REQ_COM_FIELD_ID) VALUES ('REQCOMP-5', 'FIELD-5-2')
INSERT INTO KSST_RC_JN_RC_FIELD (REQ_COM_ID, REQ_COM_FIELD_ID) VALUES ('REQCOMP-5', 'FIELD-5-3')
INSERT INTO KSST_RC_JN_RC_FIELD (REQ_COM_ID, REQ_COM_FIELD_ID) VALUES ('REQCOMP-6', 'FIELD-6-1')
INSERT INTO KSST_RC_JN_RC_FIELD (REQ_COM_ID, REQ_COM_FIELD_ID) VALUES ('REQCOMP-6', 'FIELD-6-2')
INSERT INTO KSST_RC_JN_RC_FIELD (REQ_COM_ID, REQ_COM_FIELD_ID) VALUES ('REQCOMP-6', 'FIELD-6-3')
INSERT INTO KSST_RC_JN_RC_FIELD (REQ_COM_ID, REQ_COM_FIELD_ID) VALUES ('REQCOMP-7', 'FIELD-7-1')
INSERT INTO KSST_RC_JN_RC_FIELD (REQ_COM_ID, REQ_COM_FIELD_ID) VALUES ('REQCOMP-7', 'FIELD-7-2')
INSERT INTO KSST_RC_JN_RC_FIELD (REQ_COM_ID, REQ_COM_FIELD_ID) VALUES ('REQCOMP-7', 'FIELD-7-3')
INSERT INTO KSST_RC_JN_RC_FIELD (REQ_COM_ID, REQ_COM_FIELD_ID) VALUES ('REQCOMP-8', 'FIELD-8-1')
INSERT INTO KSST_RC_JN_RC_FIELD (REQ_COM_ID, REQ_COM_FIELD_ID) VALUES ('REQCOMP-8', 'FIELD-8-2')
INSERT INTO KSST_RC_JN_RC_FIELD (REQ_COM_ID, REQ_COM_FIELD_ID) VALUES ('REQCOMP-8', 'FIELD-8-3')
INSERT INTO KSST_RC_JN_RC_FIELD (REQ_COM_ID, REQ_COM_FIELD_ID) VALUES ('REQCOMP-9', 'FIELD-9-1')
INSERT INTO KSST_RC_JN_RC_FIELD (REQ_COM_ID, REQ_COM_FIELD_ID) VALUES ('REQCOMP-9', 'FIELD-9-2')
INSERT INTO KSST_RC_JN_RC_FIELD (REQ_COM_ID, REQ_COM_FIELD_ID) VALUES ('REQCOMP-9', 'FIELD-9-3')
INSERT INTO KSST_RC_JN_RC_FIELD (REQ_COM_ID, REQ_COM_FIELD_ID) VALUES ('REQCOMP-10', 'FIELD-10-1')
INSERT INTO KSST_RC_JN_RC_FIELD (REQ_COM_ID, REQ_COM_FIELD_ID) VALUES ('REQCOMP-10', 'FIELD-10-2')
INSERT INTO KSST_RC_JN_RC_FIELD (REQ_COM_ID, REQ_COM_FIELD_ID) VALUES ('REQCOMP-10', 'FIELD-10-3')
INSERT INTO KSST_RC_JN_RC_FIELD (REQ_COM_ID, REQ_COM_FIELD_ID) VALUES ('REQCOMP-11', 'FIELD-11-1')
INSERT INTO KSST_RC_JN_RC_FIELD (REQ_COM_ID, REQ_COM_FIELD_ID) VALUES ('REQCOMP-11', 'FIELD-11-2')
INSERT INTO KSST_RC_JN_RC_FIELD (REQ_COM_ID, REQ_COM_FIELD_ID) VALUES ('REQCOMP-11', 'FIELD-11-3')
INSERT INTO KSST_RC_JN_RC_FIELD (REQ_COM_ID, REQ_COM_FIELD_ID) VALUES ('REQCOMP-12', 'FIELD-12-1')
INSERT INTO KSST_RC_JN_RC_FIELD (REQ_COM_ID, REQ_COM_FIELD_ID) VALUES ('REQCOMP-12', 'FIELD-12-2')
INSERT INTO KSST_RC_JN_RC_FIELD (REQ_COM_ID, REQ_COM_FIELD_ID) VALUES ('REQCOMP-12', 'FIELD-12-3')
INSERT INTO KSST_RC_JN_RC_FIELD (REQ_COM_ID, REQ_COM_FIELD_ID) VALUES ('REQCOMP-13', 'FIELD-13-1')
INSERT INTO KSST_RC_JN_RC_FIELD (REQ_COM_ID, REQ_COM_FIELD_ID) VALUES ('REQCOMP-13', 'FIELD-13-2')
INSERT INTO KSST_RC_JN_RC_FIELD (REQ_COM_ID, REQ_COM_FIELD_ID) VALUES ('REQCOMP-13', 'FIELD-13-3')
INSERT INTO KSST_RC_JN_RC_FIELD (REQ_COM_ID, REQ_COM_FIELD_ID) VALUES ('REQCOMP-14', 'FIELD-14-1')
INSERT INTO KSST_RC_JN_RC_FIELD (REQ_COM_ID, REQ_COM_FIELD_ID) VALUES ('REQCOMP-14', 'FIELD-14-2')
INSERT INTO KSST_RC_JN_RC_FIELD (REQ_COM_ID, REQ_COM_FIELD_ID) VALUES ('REQCOMP-14', 'FIELD-14-3')
INSERT INTO KSST_RC_JN_RC_FIELD (REQ_COM_ID, REQ_COM_FIELD_ID) VALUES ('REQCOMP-15', 'FIELD-15-1')
INSERT INTO KSST_RC_JN_RC_FIELD (REQ_COM_ID, REQ_COM_FIELD_ID) VALUES ('REQCOMP-15', 'FIELD-15-2')
INSERT INTO KSST_RC_JN_RC_FIELD (REQ_COM_ID, REQ_COM_FIELD_ID) VALUES ('REQCOMP-16a', 'FIELD-16a-1')
INSERT INTO KSST_RC_JN_RC_FIELD (REQ_COM_ID, REQ_COM_FIELD_ID) VALUES ('REQCOMP-16a', 'FIELD-16a-2')
INSERT INTO KSST_RC_JN_RC_FIELD (REQ_COM_ID, REQ_COM_FIELD_ID) VALUES ('REQCOMP-16a', 'FIELD-16a-3')
INSERT INTO KSST_RC_JN_RC_FIELD (REQ_COM_ID, REQ_COM_FIELD_ID) VALUES ('REQCOMP-16a', 'FIELD-16a-4')
INSERT INTO KSST_RC_JN_RC_FIELD (REQ_COM_ID, REQ_COM_FIELD_ID) VALUES ('REQCOMP-16b', 'FIELD-16b-1')
INSERT INTO KSST_RC_JN_RC_FIELD (REQ_COM_ID, REQ_COM_FIELD_ID) VALUES ('REQCOMP-16b', 'FIELD-16b-2')
INSERT INTO KSST_RC_JN_RC_FIELD (REQ_COM_ID, REQ_COM_FIELD_ID) VALUES ('REQCOMP-16b', 'FIELD-16b-3')
INSERT INTO KSST_RC_JN_RC_FIELD (REQ_COM_ID, REQ_COM_FIELD_ID) VALUES ('REQCOMP-16b', 'FIELD-16b-4')
INSERT INTO KSST_RC_JN_RC_FIELD (REQ_COM_ID, REQ_COM_FIELD_ID) VALUES ('REQCOMP-16c', 'FIELD-16c-1')
INSERT INTO KSST_RC_JN_RC_FIELD (REQ_COM_ID, REQ_COM_FIELD_ID) VALUES ('REQCOMP-16c', 'FIELD-16c-2')
INSERT INTO KSST_RC_JN_RC_FIELD (REQ_COM_ID, REQ_COM_FIELD_ID) VALUES ('REQCOMP-16c', 'FIELD-16c-3')
INSERT INTO KSST_RC_JN_RC_FIELD (REQ_COM_ID, REQ_COM_FIELD_ID) VALUES ('REQCOMP-16c', 'FIELD-16c-4')
INSERT INTO KSST_RC_JN_RC_FIELD (REQ_COM_ID, REQ_COM_FIELD_ID) VALUES ('REQCOMP-16d', 'FIELD-16d-1')
INSERT INTO KSST_RC_JN_RC_FIELD (REQ_COM_ID, REQ_COM_FIELD_ID) VALUES ('REQCOMP-16d', 'FIELD-16d-2')
INSERT INTO KSST_RC_JN_RC_FIELD (REQ_COM_ID, REQ_COM_FIELD_ID) VALUES ('REQCOMP-16d', 'FIELD-16d-3')
INSERT INTO KSST_RC_JN_RC_FIELD (REQ_COM_ID, REQ_COM_FIELD_ID) VALUES ('REQCOMP-16d', 'FIELD-16d-4')
INSERT INTO KSST_RC_JN_RC_FIELD (REQ_COM_ID, REQ_COM_FIELD_ID) VALUES ('REQCOMP-16e', 'FIELD-16e-1')
INSERT INTO KSST_RC_JN_RC_FIELD (REQ_COM_ID, REQ_COM_FIELD_ID) VALUES ('REQCOMP-16e', 'FIELD-16e-2')
INSERT INTO KSST_RC_JN_RC_FIELD (REQ_COM_ID, REQ_COM_FIELD_ID) VALUES ('REQCOMP-16e', 'FIELD-16e-3')
INSERT INTO KSST_RC_JN_RC_FIELD (REQ_COM_ID, REQ_COM_FIELD_ID) VALUES ('REQCOMP-16e', 'FIELD-16e-4')
INSERT INTO KSST_RC_JN_RC_FIELD (REQ_COM_ID, REQ_COM_FIELD_ID) VALUES ('REQCOMP-17a', 'FIELD-17a-1')
INSERT INTO KSST_RC_JN_RC_FIELD (REQ_COM_ID, REQ_COM_FIELD_ID) VALUES ('REQCOMP-17a', 'FIELD-17a-2')
INSERT INTO KSST_RC_JN_RC_FIELD (REQ_COM_ID, REQ_COM_FIELD_ID) VALUES ('REQCOMP-17a', 'FIELD-17a-3')
INSERT INTO KSST_RC_JN_RC_FIELD (REQ_COM_ID, REQ_COM_FIELD_ID) VALUES ('REQCOMP-17a', 'FIELD-17a-4')
INSERT INTO KSST_RC_JN_RC_FIELD (REQ_COM_ID, REQ_COM_FIELD_ID) VALUES ('REQCOMP-17b', 'FIELD-17b-1')
INSERT INTO KSST_RC_JN_RC_FIELD (REQ_COM_ID, REQ_COM_FIELD_ID) VALUES ('REQCOMP-17b', 'FIELD-17b-2')
INSERT INTO KSST_RC_JN_RC_FIELD (REQ_COM_ID, REQ_COM_FIELD_ID) VALUES ('REQCOMP-17b', 'FIELD-17b-3')
INSERT INTO KSST_RC_JN_RC_FIELD (REQ_COM_ID, REQ_COM_FIELD_ID) VALUES ('REQCOMP-17b', 'FIELD-17b-4')
INSERT INTO KSST_RC_JN_RC_FIELD (REQ_COM_ID, REQ_COM_FIELD_ID) VALUES ('REQCOMP-18', 'FIELD-18')
INSERT INTO KSST_RC_JN_RC_FIELD (REQ_COM_ID, REQ_COM_FIELD_ID) VALUES ('REQCOMP-19', 'FIELD-19')
INSERT INTO KSST_RC_JN_RC_FIELD (REQ_COM_ID, REQ_COM_FIELD_ID) VALUES ('REQCOMP-20', 'FIELD-20-1')
INSERT INTO KSST_RC_JN_RC_FIELD (REQ_COM_ID, REQ_COM_FIELD_ID) VALUES ('REQCOMP-20', 'FIELD-20-2')
INSERT INTO KSST_RC_JN_RC_FIELD (REQ_COM_ID, REQ_COM_FIELD_ID) VALUES ('REQCOMP-20', 'FIELD-20-3')
INSERT INTO KSST_RC_JN_RC_FIELD (REQ_COM_ID, REQ_COM_FIELD_ID) VALUES ('REQCOMP-21', 'FIELD-21-1')
INSERT INTO KSST_RC_JN_RC_FIELD (REQ_COM_ID, REQ_COM_FIELD_ID) VALUES ('REQCOMP-21', 'FIELD-21-2')
INSERT INTO KSST_RC_JN_RC_FIELD (REQ_COM_ID, REQ_COM_FIELD_ID) VALUES ('REQCOMP-22', 'FIELD-22-1')
INSERT INTO KSST_RC_JN_RC_FIELD (REQ_COM_ID, REQ_COM_FIELD_ID) VALUES ('REQCOMP-22', 'FIELD-22-2')
INSERT INTO KSST_RC_JN_RC_FIELD (REQ_COM_ID, REQ_COM_FIELD_ID) VALUES ('REQCOMP-23a', 'FIELD-23a-1')
INSERT INTO KSST_RC_JN_RC_FIELD (REQ_COM_ID, REQ_COM_FIELD_ID) VALUES ('REQCOMP-23a', 'FIELD-23a-2')
INSERT INTO KSST_RC_JN_RC_FIELD (REQ_COM_ID, REQ_COM_FIELD_ID) VALUES ('REQCOMP-23a', 'FIELD-23a-3')
INSERT INTO KSST_RC_JN_RC_FIELD (REQ_COM_ID, REQ_COM_FIELD_ID) VALUES ('REQCOMP-23a', 'FIELD-23a-4')
INSERT INTO KSST_RC_JN_RC_FIELD (REQ_COM_ID, REQ_COM_FIELD_ID) VALUES ('REQCOMP-23a', 'FIELD-23a-5')
INSERT INTO KSST_RC_JN_RC_FIELD (REQ_COM_ID, REQ_COM_FIELD_ID) VALUES ('REQCOMP-23b', 'FIELD-23b-1')
INSERT INTO KSST_RC_JN_RC_FIELD (REQ_COM_ID, REQ_COM_FIELD_ID) VALUES ('REQCOMP-23b', 'FIELD-23b-2')
INSERT INTO KSST_RC_JN_RC_FIELD (REQ_COM_ID, REQ_COM_FIELD_ID) VALUES ('REQCOMP-23b', 'FIELD-23b-3')
INSERT INTO KSST_RC_JN_RC_FIELD (REQ_COM_ID, REQ_COM_FIELD_ID) VALUES ('REQCOMP-23b', 'FIELD-23b-4')
INSERT INTO KSST_RC_JN_RC_FIELD (REQ_COM_ID, REQ_COM_FIELD_ID) VALUES ('REQCOMP-23b', 'FIELD-23b-5')
INSERT INTO KSST_RC_JN_RC_FIELD (REQ_COM_ID, REQ_COM_FIELD_ID) VALUES ('REQCOMP-24a', 'FIELD-24a-1')
INSERT INTO KSST_RC_JN_RC_FIELD (REQ_COM_ID, REQ_COM_FIELD_ID) VALUES ('REQCOMP-24a', 'FIELD-24a-2')
INSERT INTO KSST_RC_JN_RC_FIELD (REQ_COM_ID, REQ_COM_FIELD_ID) VALUES ('REQCOMP-24a', 'FIELD-24a-3')
INSERT INTO KSST_RC_JN_RC_FIELD (REQ_COM_ID, REQ_COM_FIELD_ID) VALUES ('REQCOMP-24a', 'FIELD-24a-4')
INSERT INTO KSST_RC_JN_RC_FIELD (REQ_COM_ID, REQ_COM_FIELD_ID) VALUES ('REQCOMP-24a', 'FIELD-24a-5')
INSERT INTO KSST_RC_JN_RC_FIELD (REQ_COM_ID, REQ_COM_FIELD_ID) VALUES ('REQCOMP-24b', 'FIELD-24b-1')
INSERT INTO KSST_RC_JN_RC_FIELD (REQ_COM_ID, REQ_COM_FIELD_ID) VALUES ('REQCOMP-24b', 'FIELD-24b-2')
INSERT INTO KSST_RC_JN_RC_FIELD (REQ_COM_ID, REQ_COM_FIELD_ID) VALUES ('REQCOMP-24b', 'FIELD-24b-3')
INSERT INTO KSST_RC_JN_RC_FIELD (REQ_COM_ID, REQ_COM_FIELD_ID) VALUES ('REQCOMP-24b', 'FIELD-24b-4')
INSERT INTO KSST_RC_JN_RC_FIELD (REQ_COM_ID, REQ_COM_FIELD_ID) VALUES ('REQCOMP-24b', 'FIELD-24b-5')
INSERT INTO KSST_RC_JN_RC_FIELD (REQ_COM_ID, REQ_COM_FIELD_ID) VALUES ('REQCOMP-25a', 'FIELD-25a-1')
INSERT INTO KSST_RC_JN_RC_FIELD (REQ_COM_ID, REQ_COM_FIELD_ID) VALUES ('REQCOMP-25a', 'FIELD-25a-2')
INSERT INTO KSST_RC_JN_RC_FIELD (REQ_COM_ID, REQ_COM_FIELD_ID) VALUES ('REQCOMP-25a', 'FIELD-25a-3')
INSERT INTO KSST_RC_JN_RC_FIELD (REQ_COM_ID, REQ_COM_FIELD_ID) VALUES ('REQCOMP-25a', 'FIELD-25a-4')
INSERT INTO KSST_RC_JN_RC_FIELD (REQ_COM_ID, REQ_COM_FIELD_ID) VALUES ('REQCOMP-25a', 'FIELD-25a-5')
INSERT INTO KSST_RC_JN_RC_FIELD (REQ_COM_ID, REQ_COM_FIELD_ID) VALUES ('REQCOMP-25b', 'FIELD-25b-1')
INSERT INTO KSST_RC_JN_RC_FIELD (REQ_COM_ID, REQ_COM_FIELD_ID) VALUES ('REQCOMP-25b', 'FIELD-25b-2')
INSERT INTO KSST_RC_JN_RC_FIELD (REQ_COM_ID, REQ_COM_FIELD_ID) VALUES ('REQCOMP-25b', 'FIELD-25b-3')
INSERT INTO KSST_RC_JN_RC_FIELD (REQ_COM_ID, REQ_COM_FIELD_ID) VALUES ('REQCOMP-25b', 'FIELD-25b-4')
INSERT INTO KSST_RC_JN_RC_FIELD (REQ_COM_ID, REQ_COM_FIELD_ID) VALUES ('REQCOMP-25b', 'FIELD-25b-5')
INSERT INTO KSST_RC_JN_RC_FIELD (REQ_COM_ID, REQ_COM_FIELD_ID) VALUES ('REQCOMP-27a', 'FIELD-27a-1')
INSERT INTO KSST_RC_JN_RC_FIELD (REQ_COM_ID, REQ_COM_FIELD_ID) VALUES ('REQCOMP-27b', 'FIELD-27b-1')
INSERT INTO KSST_RC_JN_RC_FIELD (REQ_COM_ID, REQ_COM_FIELD_ID) VALUES ('REQCOMP-28', 'FIELD-28-1')
INSERT INTO KSST_RC_JN_RC_FIELD (REQ_COM_ID, REQ_COM_FIELD_ID) VALUES ('REQCOMP-29', 'FIELD-29-1')
INSERT INTO KSST_RC_JN_RC_FIELD (REQ_COM_ID, REQ_COM_FIELD_ID) VALUES ('REQCOMP-29', 'FIELD-29-3')
INSERT INTO KSST_RC_JN_RC_FIELD (REQ_COM_ID, REQ_COM_FIELD_ID) VALUES ('REQCOMP-30a', 'FIELD-30a-1')
INSERT INTO KSST_RC_JN_RC_FIELD (REQ_COM_ID, REQ_COM_FIELD_ID) VALUES ('REQCOMP-30b', 'FIELD-30b-1')
INSERT INTO KSST_RC_JN_RC_FIELD (REQ_COM_ID, REQ_COM_FIELD_ID) VALUES ('REQCOMP-31', 'FIELD-31')
INSERT INTO KSST_RC_JN_RC_FIELD (REQ_COM_ID, REQ_COM_FIELD_ID) VALUES ('REQCOMP-32', 'FIELD-32')
INSERT INTO KSST_RC_JN_RC_FIELD (REQ_COM_ID, REQ_COM_FIELD_ID) VALUES ('REQCOMP-33', 'FIELD-33')
// Programs
INSERT INTO KSST_RC_JN_RC_FIELD (REQ_COM_ID, REQ_COM_FIELD_ID) VALUES ('REQCOMP-NL-101', 'FIELD-101')
INSERT INTO KSST_RC_JN_RC_FIELD (REQ_COM_ID, REQ_COM_FIELD_ID) VALUES ('REQCOMP-NL-101', 'FIELD-102')
INSERT INTO KSST_RC_JN_RC_FIELD (REQ_COM_ID, REQ_COM_FIELD_ID) VALUES ('REQCOMP-NL-102', 'FIELD-103')
INSERT INTO KSST_RC_JN_RC_FIELD (REQ_COM_ID, REQ_COM_FIELD_ID) VALUES ('REQCOMP-NL-103', 'FIELD-104')
INSERT INTO KSST_RC_JN_RC_FIELD (REQ_COM_ID, REQ_COM_FIELD_ID) VALUES ('REQCOMP-NL-104', 'FIELD-105')
INSERT INTO KSST_RC_JN_RC_FIELD (REQ_COM_ID, REQ_COM_FIELD_ID) VALUES ('REQCOMP-NL-104', 'FIELD-106')
INSERT INTO KSST_RC_JN_RC_FIELD (REQ_COM_ID, REQ_COM_FIELD_ID) VALUES ('REQCOMP-NL-105', 'FIELD-107')
INSERT INTO KSST_RC_JN_RC_FIELD (REQ_COM_ID, REQ_COM_FIELD_ID) VALUES ('REQCOMP-NL-105', 'FIELD-108')
INSERT INTO KSST_RC_JN_RC_FIELD (REQ_COM_ID, REQ_COM_FIELD_ID) VALUES ('REQCOMP-NL-106', 'FIELD-109')
INSERT INTO KSST_RC_JN_RC_FIELD (REQ_COM_ID, REQ_COM_FIELD_ID) VALUES ('REQCOMP-NL-106', 'FIELD-110')
INSERT INTO KSST_RC_JN_RC_FIELD (REQ_COM_ID, REQ_COM_FIELD_ID) VALUES ('REQCOMP-NL-107', 'FIELD-111')
INSERT INTO KSST_RC_JN_RC_FIELD (REQ_COM_ID, REQ_COM_FIELD_ID) VALUES ('REQCOMP-NL-108', 'FIELD-112')
INSERT INTO KSST_RC_JN_RC_FIELD (REQ_COM_ID, REQ_COM_FIELD_ID) VALUES ('REQCOMP-NL-109', 'FIELD-113')
INSERT INTO KSST_RC_JN_RC_FIELD (REQ_COM_ID, REQ_COM_FIELD_ID) VALUES ('REQCOMP-NL-109', 'FIELD-114')
INSERT INTO KSST_RC_JN_RC_FIELD (REQ_COM_ID, REQ_COM_FIELD_ID) VALUES ('REQCOMP-NL-110', 'FIELD-115')
INSERT INTO KSST_RC_JN_RC_FIELD (REQ_COM_ID, REQ_COM_FIELD_ID) VALUES ('REQCOMP-NL-111', 'FIELD-116')
INSERT INTO KSST_RC_JN_RC_FIELD (REQ_COM_ID, REQ_COM_FIELD_ID) VALUES ('REQCOMP-NL-112', 'FIELD-117')
INSERT INTO KSST_RC_JN_RC_FIELD (REQ_COM_ID, REQ_COM_FIELD_ID) VALUES ('REQCOMP-NL-113', 'FIELD-118')
INSERT INTO KSST_RC_JN_RC_FIELD (REQ_COM_ID, REQ_COM_FIELD_ID) VALUES ('REQCOMP-NL-114', 'FIELD-119')
INSERT INTO KSST_RC_JN_RC_FIELD (REQ_COM_ID, REQ_COM_FIELD_ID) VALUES ('REQCOMP-NL-114', 'FIELD-120')
INSERT INTO KSST_RC_JN_RC_FIELD (REQ_COM_ID, REQ_COM_FIELD_ID) VALUES ('REQCOMP-NL-115', 'FIELD-121')
INSERT INTO KSST_RC_JN_RC_FIELD (REQ_COM_ID, REQ_COM_FIELD_ID) VALUES ('REQCOMP-NL-115', 'FIELD-122')
INSERT INTO KSST_RC_JN_RC_FIELD (REQ_COM_ID, REQ_COM_FIELD_ID) VALUES ('REQCOMP-NL-116', 'FIELD-123')
INSERT INTO KSST_RC_JN_RC_FIELD (REQ_COM_ID, REQ_COM_FIELD_ID) VALUES ('REQCOMP-NL-116', 'FIELD-124')
INSERT INTO KSST_RC_JN_RC_FIELD (REQ_COM_ID, REQ_COM_FIELD_ID) VALUES ('REQCOMP-NL-117', 'FIELD-125')
INSERT INTO KSST_RC_JN_RC_FIELD (REQ_COM_ID, REQ_COM_FIELD_ID) VALUES ('REQCOMP-NL-117', 'FIELD-126')
INSERT INTO KSST_RC_JN_RC_FIELD (REQ_COM_ID, REQ_COM_FIELD_ID) VALUES ('REQCOMP-NL-118', 'FIELD-128')
INSERT INTO KSST_RC_JN_RC_FIELD (REQ_COM_ID, REQ_COM_FIELD_ID) VALUES ('REQCOMP-NL-118', 'FIELD-129')
INSERT INTO KSST_RC_JN_RC_FIELD (REQ_COM_ID, REQ_COM_FIELD_ID) VALUES ('REQCOMP-NL-119', 'FIELD-131')
INSERT INTO KSST_RC_JN_RC_FIELD (REQ_COM_ID, REQ_COM_FIELD_ID) VALUES ('REQCOMP-NL-121', 'FIELD-132')
INSERT INTO KSST_RC_JN_RC_FIELD (REQ_COM_ID, REQ_COM_FIELD_ID) VALUES ('REQCOMP-NL-121', 'FIELD-133')
INSERT INTO KSST_RC_JN_RC_FIELD (REQ_COM_ID, REQ_COM_FIELD_ID) VALUES ('REQCOMP-NL-122', 'FIELD-134')
INSERT INTO KSST_RC_JN_RC_FIELD (REQ_COM_ID, REQ_COM_FIELD_ID) VALUES ('REQCOMP-NL-123', 'FIELD-135')
INSERT INTO KSST_RC_JN_RC_FIELD (REQ_COM_ID, REQ_COM_FIELD_ID) VALUES ('REQCOMP-NL-123', 'FIELD-136')

// STMT
INSERT INTO KSST_STMT (ID, CREATEID, CREATETIME, UPDATEID, UPDATETIME, VER_NBR, NAME, RT_DESCR_ID, ST, OPERATOR, STMT_TYPE_ID) VALUES ('STMT-1', 'CREATEID', {ts '2000-01-01 00:00:00.0'}, 'UPDATEID', {ts '2001-01-01 00:00:00.0'},1,'STMT 1','KSST_STMT.DESC.1','ACTIVE','AND', 'kuali.statement.type.course')
INSERT INTO KSST_STMT (ID, CREATEID, CREATETIME, UPDATEID, UPDATETIME, VER_NBR, NAME, RT_DESCR_ID, ST, OPERATOR, STMT_TYPE_ID) VALUES ('STMT-2', 'CREATEID', {ts '2000-01-01 00:00:00.0'}, 'UPDATEID', {ts '2001-01-01 00:00:00.0'},1,'STMT 2','KSST_STMT.DESC.2','ACTIVE','AND', 'kuali.statement.type.course.academicReadiness.prereq')
INSERT INTO KSST_STMT (ID, CREATEID, CREATETIME, UPDATEID, UPDATETIME, VER_NBR, NAME, RT_DESCR_ID, ST, OPERATOR, STMT_TYPE_ID) VALUES ('STMT-3', 'CREATEID', {ts '2000-01-01 00:00:00.0'}, 'UPDATEID', {ts '2001-01-01 00:00:00.0'},1,'STMT 3','KSST_STMT.DESC.3','ACTIVE','AND', 'kuali.statement.type.course.academicReadiness.coreq')
INSERT INTO KSST_STMT (ID, CREATEID, CREATETIME, UPDATEID, UPDATETIME, VER_NBR, NAME, RT_DESCR_ID, ST, OPERATOR, STMT_TYPE_ID) VALUES ('STMT-4', 'CREATEID', {ts '2000-01-01 00:00:00.0'}, 'UPDATEID', {ts '2001-01-01 00:00:00.0'},1,'STMT 4','KSST_STMT.DESC.4','ACTIVE','AND', 'kuali.statement.type.course.academicReadiness.antireq')
INSERT INTO KSST_STMT (ID, CREATEID, CREATETIME, UPDATEID, UPDATETIME, VER_NBR, NAME, RT_DESCR_ID, ST, OPERATOR, STMT_TYPE_ID) VALUES ('STMT-5', 'CREATEID', {ts '2000-01-01 00:00:00.0'}, 'UPDATEID', {ts '2001-01-01 00:00:00.0'},1,'STMT 5','KSST_STMT.DESC.5','ACTIVE','AND', 'kuali.statement.type.course.academicReadiness.studentEligibilityPrereq')

INSERT INTO KSST_STMT_JN_STMT (STMT_ID, CHLD_STMT_ID) VALUES ('STMT-1', 'STMT-2')
INSERT INTO KSST_STMT_JN_STMT (STMT_ID, CHLD_STMT_ID) VALUES ('STMT-1', 'STMT-3')
INSERT INTO KSST_STMT_JN_STMT (STMT_ID, CHLD_STMT_ID) VALUES ('STMT-1', 'STMT-4')
INSERT INTO KSST_STMT_JN_STMT (STMT_ID, CHLD_STMT_ID) VALUES ('STMT-1', 'STMT-5')

// STMT <-> REQ COM
INSERT INTO KSST_STMT_JN_REQ_COM (REQ_COM_ID, STMT_ID) VALUES ('REQCOMP-1','STMT-4')
INSERT INTO KSST_STMT_JN_REQ_COM (REQ_COM_ID, STMT_ID) VALUES ('REQCOMP-2','STMT-4')
INSERT INTO KSST_STMT_JN_REQ_COM (REQ_COM_ID, STMT_ID) VALUES ('REQCOMP-3','STMT-2')
INSERT INTO KSST_STMT_JN_REQ_COM (REQ_COM_ID, STMT_ID) VALUES ('REQCOMP-4','STMT-2')
INSERT INTO KSST_STMT_JN_REQ_COM (REQ_COM_ID, STMT_ID) VALUES ('REQCOMP-5','STMT-2')
INSERT INTO KSST_STMT_JN_REQ_COM (REQ_COM_ID, STMT_ID) VALUES ('REQCOMP-6','STMT-2')
INSERT INTO KSST_STMT_JN_REQ_COM (REQ_COM_ID, STMT_ID) VALUES ('REQCOMP-7','STMT-2')
INSERT INTO KSST_STMT_JN_REQ_COM (REQ_COM_ID, STMT_ID) VALUES ('REQCOMP-8','STMT-3')
INSERT INTO KSST_STMT_JN_REQ_COM (REQ_COM_ID, STMT_ID) VALUES ('REQCOMP-9','STMT-3')
INSERT INTO KSST_STMT_JN_REQ_COM (REQ_COM_ID, STMT_ID) VALUES ('REQCOMP-10','STMT-2')
INSERT INTO KSST_STMT_JN_REQ_COM (REQ_COM_ID, STMT_ID) VALUES ('REQCOMP-11','STMT-2')
INSERT INTO KSST_STMT_JN_REQ_COM (REQ_COM_ID, STMT_ID) VALUES ('REQCOMP-12','STMT-4')
INSERT INTO KSST_STMT_JN_REQ_COM (REQ_COM_ID, STMT_ID) VALUES ('REQCOMP-13','STMT-2')
INSERT INTO KSST_STMT_JN_REQ_COM (REQ_COM_ID, STMT_ID) VALUES ('REQCOMP-14','STMT-2')
INSERT INTO KSST_STMT_JN_REQ_COM (REQ_COM_ID, STMT_ID) VALUES ('REQCOMP-15','STMT-2')
INSERT INTO KSST_STMT_JN_REQ_COM (REQ_COM_ID, STMT_ID) VALUES ('REQCOMP-16a','STMT-2')
INSERT INTO KSST_STMT_JN_REQ_COM (REQ_COM_ID, STMT_ID) VALUES ('REQCOMP-17a','STMT-2')
INSERT INTO KSST_STMT_JN_REQ_COM (REQ_COM_ID, STMT_ID) VALUES ('REQCOMP-18','STMT-2')
INSERT INTO KSST_STMT_JN_REQ_COM (REQ_COM_ID, STMT_ID) VALUES ('REQCOMP-19','STMT-2')
INSERT INTO KSST_STMT_JN_REQ_COM (REQ_COM_ID, STMT_ID) VALUES ('REQCOMP-20','STMT-2')

// KSST_REF_STMT_REL
INSERT INTO KSST_REF_STMT_REL (ID, EFF_DT, EXPIR_DT, REF_OBJ_TYPE_KEY, REF_OBJ_ID, REF_STMT_REL_TYPE_ID, STMT_ID, ST, CREATEID, CREATETIME, UPDATEID, UPDATETIME, VER_NBR) VALUES ('ref-stmt-rel-1', {ts '2000-01-01 00:00:00.0'}, {ts '2100-12-31 00:00:00.0'}, 'kuali.lu.type.CreditCourse', 'CLU-NL-1', 'clu.prerequisites', 'STMT-1', 'ACTIVE', 'CREATEID', {ts '2000-01-01 00:00:00.0'}, 'UPDATEID', {ts '2001-01-01 00:00:00.0'}, 1)
INSERT INTO KSST_REF_STMT_REL (ID, EFF_DT, EXPIR_DT, REF_OBJ_TYPE_KEY, REF_OBJ_ID, REF_STMT_REL_TYPE_ID, STMT_ID, ST, CREATEID, CREATETIME, UPDATEID, UPDATETIME, VER_NBR) VALUES ('ref-stmt-rel-5', {ts '2000-01-01 00:00:00.0'}, {ts '2100-12-31 00:00:00.0'}, 'kuali.lu.type.CreditCourse', 'CLU-NL-1', 'clu.prerequisites', 'STMT-5', 'ACTIVE', 'CREATEID', {ts '2000-01-01 00:00:00.0'}, 'UPDATEID', {ts '2001-01-01 00:00:00.0'}, 1)
