--
-- Copyright 2010 The Kuali Foundation Licensed under the
-- Educational Community License, Version 2.0 (the "License"); you may
-- not use this file except in compliance with the License. You may
-- obtain a copy of the License at
--
-- http://www.osedu.org/licenses/ECL-2.0
--
-- Unless required by applicable law or agreed to in writing,
-- software distributed under the License is distributed on an "AS IS"
-- BASIS, WITHOUT WARRANTIES OR CONDITIONS OF ANY KIND, either express
-- or implied. See the License for the specific language governing
-- permissions and limitations under the License.
--

// ------------------------------------------
// | Natural Language Translation Test Data |
// ------------------------------------------

// CLU/CLU Set Configuration

// CluInstructor
INSERT INTO KSLU_CLU_INSTR (ID, ORG_ID, PERS_ID) VALUES ('INSTR-1', 'ORG-1', 'PersonID')
INSERT INTO KSLU_CLU_INSTR (ID, ORG_ID, PERS_ID) VALUES ('INSTR-2', 'ORG-2', 'PersonID')

// CluPublishing
INSERT INTO KSLU_CLU_PUBL_TYPE (TYPE_KEY, TYPE_DESC, EFF_DT, EXPIR_DT, NAME) values ('Type', 'TestType1', {ts '2000-01-01 00:00:00.0'}, {ts '2030-12-31 00:00:00.0'}, 'TestType1')
INSERT INTO KSLU_CLU_PUBL (ID, VER_NBR, END_CYCLE, START_CYCLE, ST, CLU_PUB_TYPE_ID) VALUES ('PUBL-1', 0, 'Fall', 'Spring', 'State', 'Type')
INSERT INTO KSLU_CLU_PUBL (ID, VER_NBR, END_CYCLE, START_CYCLE, ST, CLU_PUB_TYPE_ID) VALUES ('PUBL-2', 0, 'Fall', 'Summer', 'State', 'Type')

// RichText
INSERT INTO KSLU_RICH_TEXT_T (ID, FORMATTED, PLAIN) VALUES ('RICHTEXT-1', '<p>Desc</p>', 'Desc')
INSERT INTO KSLU_RICH_TEXT_T (ID, FORMATTED, PLAIN) VALUES ('RICHTEXT-2', '<p>Marketing Desc</p>', 'Marketing Desc')
INSERT INTO KSLU_RICH_TEXT_T (ID, FORMATTED, PLAIN) VALUES ('RICHTEXT-3', '<p>Desc2</p>', 'Desc2')
INSERT INTO KSLU_RICH_TEXT_T (ID, FORMATTED, PLAIN) VALUES ('RICHTEXT-4', '<p>Marketing Desc2</p>', 'Marketing Desc2')
INSERT INTO KSLU_RICH_TEXT_T (ID, FORMATTED, PLAIN) VALUES ('RICHTEXT-5', '<p>Core CluSet</p>', 'Core CluSet')
INSERT INTO KSLU_RICH_TEXT_T (ID, FORMATTED, PLAIN) VALUES ('RICHTEXT-6', '<p>CoreEnglish CluSet</p>', 'CoreEnglish CluSet')

// CluAccounting
INSERT INTO KSLU_CLU_ACCT (ID) VALUES ('ACCT-1')
INSERT INTO KSLU_CLU_ACCT (ID) VALUES ('ACCT-2')

// CluFee
INSERT INTO KSLU_CLU_FEE (ID, VER_NBR) VALUES ('FEE-1', 0)
INSERT INTO KSLU_CLU_FEE (ID, VER_NBR) VALUES ('FEE-2', 0)

// LU Type
INSERT INTO KSLU_LUTYPE (TYPE_KEY, TYPE_DESC, EFF_DT, EXPIR_DT, NAME) values ('kuali.lu.type.CreditCourse', 'A Credit Course', {ts '2000-01-01 00:00:00.0'}, {ts '2000-12-31 00:00:00.0'}, 'Course')
INSERT INTO KSLU_LUTYPE (TYPE_KEY, TYPE_DESC, EFF_DT, EXPIR_DT, NAME) values ('luType.shell.program', 'A Shell Program', {ts '2000-01-01 00:00:00.0'}, {ts '2000-12-31 00:00:00.0'}, 'Program')

// NL - Clu - MATH152
INSERT INTO KSLU_CLU_IDENT (ID, CD, DIVISION, LVL, LNG_NAME, SHRT_NAME, ST, TYPE, VARTN) VALUES ('IDENT-NL-1', 'MATH152', 'MATH', '152', 'MATH 152 Linear Systems', 'MATH 152', 'State-1', 'Type-1', 'Variation-1')
INSERT INTO KSLU_CLU (ID, VER_IND_ID, CURR_VER_START, CREATEID, CREATETIME, UPDATEID, UPDATETIME, VER_NBR, CAN_CREATE_LUI, DEF_ENRL_EST, DEF_MAX_ENRL, EFF_DT, EXPIR_DT, HAS_EARLY_DROP_DEDLN, IS_ENRL, IS_HAZR_DISBLD_STU, NEXT_REVIEW_PRD, REF_URL, ST, ATP_DUR_TYP_KEY, TM_QUANTITY, STDY_SUBJ_AREA, ACCT_ID, RT_DESCR_ID, FEE_ID, LUTYPE_ID, OFFIC_CLU_ID, PRI_INSTR_ID) values ('CLU-NL-1', 'CLU-NL-1', {ts '2000-01-01 00:00:00.0'}, 'CREATEID', {ts '2000-01-01 00:00:00.0'}, 'UPDATEID', {ts '2001-01-01 00:00:00.0'}, 1, 1, 1, 42, {ts '2002-01-01 00:00:00.0'}, {ts '2003-01-01 00:00:00.0'}, 1, 1, 0, 'NEXT_REVIEW_PRD', 'REF_URL', 'STATE1', 'ATP_DUR_TYP_KEY', 3, 'STDY_SUBJ_AREA', 'ACCT-1', 'RICHTEXT-1', 'FEE-1', 'kuali.lu.type.CreditCourse', 'IDENT-NL-1', 'INSTR-1')

// NL - Clu - MATH221
INSERT INTO KSLU_CLU_IDENT (ID, CD, DIVISION, LVL, LNG_NAME, SHRT_NAME, ST, TYPE, VARTN) VALUES ('IDENT-NL-2', 'MATH221', 'MATH', '221', 'MATH 221 Matrix Algebra', 'MATH 221', 'State-1', 'Type-1', 'Variation-1')
INSERT INTO KSLU_CLU (ID, VER_IND_ID, CURR_VER_START, CREATEID, CREATETIME, UPDATEID, UPDATETIME, VER_NBR, CAN_CREATE_LUI, DEF_ENRL_EST, DEF_MAX_ENRL, EFF_DT, EXPIR_DT, HAS_EARLY_DROP_DEDLN, IS_ENRL, IS_HAZR_DISBLD_STU, NEXT_REVIEW_PRD, REF_URL, ST, ATP_DUR_TYP_KEY, TM_QUANTITY, STDY_SUBJ_AREA, ACCT_ID, RT_DESCR_ID, FEE_ID, LUTYPE_ID, OFFIC_CLU_ID, PRI_INSTR_ID) values ('CLU-NL-2', 'CLU-NL-2', {ts '2000-01-01 00:00:00.0'}, 'CREATEID', {ts '2000-01-01 00:00:00.0'}, 'UPDATEID', {ts '2001-01-01 00:00:00.0'}, 1, 1, 1, 42, {ts '2002-01-01 00:00:00.0'}, {ts '2003-01-01 00:00:00.0'}, 1, 1, 0, 'NEXT_REVIEW_PRD', 'REF_URL', 'STATE1', 'ATP_DUR_TYP_KEY', 3, 'STDY_SUBJ_AREA', 'ACCT-1', 'RICHTEXT-1', 'FEE-1', 'kuali.lu.type.CreditCourse', 'IDENT-NL-2', 'INSTR-1')

// NL - Clu - MATH180
INSERT INTO KSLU_CLU_IDENT (ID, CD, DIVISION, LVL, LNG_NAME, SHRT_NAME, ST, TYPE, VARTN) VALUES ('IDENT-NL-3', 'MATH180', 'MATH', '180', 'MATH 180 Differential Calculus with Physical Applications', 'MATH 180', 'State-1', 'Type-1', 'Variation-1')
INSERT INTO KSLU_CLU (ID, VER_IND_ID, CURR_VER_START, CREATEID, CREATETIME, UPDATEID, UPDATETIME, VER_NBR, CAN_CREATE_LUI, DEF_ENRL_EST, DEF_MAX_ENRL, EFF_DT, EXPIR_DT, HAS_EARLY_DROP_DEDLN, IS_ENRL, IS_HAZR_DISBLD_STU, NEXT_REVIEW_PRD, REF_URL, ST, ATP_DUR_TYP_KEY, TM_QUANTITY, STDY_SUBJ_AREA, ACCT_ID, RT_DESCR_ID, FEE_ID, LUTYPE_ID, OFFIC_CLU_ID, PRI_INSTR_ID) values ('CLU-NL-3', 'CLU-NL-3', {ts '2000-01-01 00:00:00.0'}, 'CREATEID', {ts '2000-01-01 00:00:00.0'}, 'UPDATEID', {ts '2001-01-01 00:00:00.0'}, 1, 1, 1, 42, {ts '2002-01-01 00:00:00.0'}, {ts '2003-01-01 00:00:00.0'}, 1, 1, 0, 'NEXT_REVIEW_PRD', 'REF_URL', 'STATE1', 'ATP_DUR_TYP_KEY', 3, 'STDY_SUBJ_AREA', 'ACCT-1', 'RICHTEXT-1', 'FEE-1', 'kuali.lu.type.CreditCourse', 'IDENT-NL-3', 'INSTR-1')

// NL - Clu - MATH200
INSERT INTO KSLU_CLU_IDENT (ID, CD, DIVISION, LVL, LNG_NAME, SHRT_NAME, ST, TYPE, VARTN) VALUES ('IDENT-NL-4', 'MATH200', 'MATH', '200', 'MATH 200 Calculus III', 'MATH 200', 'State-1', 'Type-1', 'Variation-1')
INSERT INTO KSLU_CLU (ID, VER_IND_ID, CURR_VER_START, CREATEID, CREATETIME, UPDATEID, UPDATETIME, VER_NBR, CAN_CREATE_LUI, DEF_ENRL_EST, DEF_MAX_ENRL, EFF_DT, EXPIR_DT, HAS_EARLY_DROP_DEDLN, IS_ENRL, IS_HAZR_DISBLD_STU, NEXT_REVIEW_PRD, REF_URL, ST, ATP_DUR_TYP_KEY, TM_QUANTITY, STDY_SUBJ_AREA, ACCT_ID, RT_DESCR_ID, FEE_ID, LUTYPE_ID, OFFIC_CLU_ID, PRI_INSTR_ID) values ('CLU-NL-4', 'CLU-NL-4', {ts '2000-01-01 00:00:00.0'}, 'CREATEID', {ts '2000-01-01 00:00:00.0'}, 'UPDATEID', {ts '2001-01-01 00:00:00.0'}, 1, 1, 1, 42, {ts '2002-01-01 00:00:00.0'}, {ts '2003-01-01 00:00:00.0'}, 1, 1, 0, 'NEXT_REVIEW_PRD', 'REF_URL', 'STATE1', 'ATP_DUR_TYP_KEY', 3, 'STDY_SUBJ_AREA', 'ACCT-1', 'RICHTEXT-1', 'FEE-1', 'kuali.lu.type.CreditCourse', 'IDENT-NL-4', 'INSTR-1')

// NL - Clu - MATH215
INSERT INTO KSLU_CLU_IDENT (ID, CD, DIVISION, LVL, LNG_NAME, SHRT_NAME, ST, TYPE, VARTN) VALUES ('IDENT-NL-5', 'MATH215', 'MATH', '215', 'MATH 215 Elementary Differential Equations I', 'MATH 215', 'State-1', 'Type-1', 'Variation-1')
INSERT INTO KSLU_CLU (ID, VER_IND_ID, CURR_VER_START, CREATEID, CREATETIME, UPDATEID, UPDATETIME, VER_NBR, CAN_CREATE_LUI, DEF_ENRL_EST, DEF_MAX_ENRL, EFF_DT, EXPIR_DT, HAS_EARLY_DROP_DEDLN, IS_ENRL, IS_HAZR_DISBLD_STU, NEXT_REVIEW_PRD, REF_URL, ST, ATP_DUR_TYP_KEY, TM_QUANTITY, STDY_SUBJ_AREA, ACCT_ID, RT_DESCR_ID, FEE_ID, LUTYPE_ID, OFFIC_CLU_ID, PRI_INSTR_ID) values ('CLU-NL-5', 'CLU-NL-5', {ts '2000-01-01 00:00:00.0'}, 'CREATEID', {ts '2000-01-01 00:00:00.0'}, 'UPDATEID', {ts '2001-01-01 00:00:00.0'}, 1, 1, 1, 42, {ts '2002-01-01 00:00:00.0'}, {ts '2003-01-01 00:00:00.0'}, 1, 1, 0, 'NEXT_REVIEW_PRD', 'REF_URL', 'STATE1', 'ATP_DUR_TYP_KEY', 3, 'STDY_SUBJ_AREA', 'ACCT-1', 'RICHTEXT-1', 'FEE-1', 'kuali.lu.type.CreditCourse', 'IDENT-NL-5', 'INSTR-1')

// NL - Clu - SAT Critical Reading Exam
INSERT INTO KSLU_CLU_IDENT (ID, CD, DIVISION, LVL, LNG_NAME, SHRT_NAME, ST, TYPE, VARTN) VALUES ('IDENT-NL-6', 'SATCRE', 'SAT', '1', 'SAT Critical Reading Exam', 'SAT Critical Reading Exam', 'State-1', 'Type-1', 'Variation-1')
INSERT INTO KSLU_CLU (ID, VER_IND_ID, CURR_VER_START, CREATEID, CREATETIME, UPDATEID, UPDATETIME, VER_NBR, CAN_CREATE_LUI, DEF_ENRL_EST, DEF_MAX_ENRL, EFF_DT, EXPIR_DT, HAS_EARLY_DROP_DEDLN, IS_ENRL, IS_HAZR_DISBLD_STU, NEXT_REVIEW_PRD, REF_URL, ST, ATP_DUR_TYP_KEY, TM_QUANTITY, STDY_SUBJ_AREA, ACCT_ID, RT_DESCR_ID, FEE_ID, LUTYPE_ID, OFFIC_CLU_ID, PRI_INSTR_ID) values ('CLU-NL-6', 'CLU-NL-6', {ts '2000-01-01 00:00:00.0'}, 'CREATEID', {ts '2000-01-01 00:00:00.0'}, 'UPDATEID', {ts '2001-01-01 00:00:00.0'}, 1, 1, 1, 42, {ts '2002-01-01 00:00:00.0'}, {ts '2003-01-01 00:00:00.0'}, 1, 1, 0, 'NEXT_REVIEW_PRD', 'REF_URL', 'STATE1', 'ATP_DUR_TYP_KEY', 3, 'STDY_SUBJ_AREA', 'ACCT-1', 'RICHTEXT-1', 'FEE-1', 'kuali.lu.type.CreditCourse', 'IDENT-NL-6', 'INSTR-1')

// NL - CluSet - Math 152,180 CLU Set
INSERT INTO KSLU_CLU_SET (ID, CREATEID, CREATETIME, UPDATEID, UPDATETIME, VER_NBR, EFF_DT, EXPIR_DT, NAME, RT_DESCR_ID, TYPE, ST, ADMIN_ORG_ID, REUSABLE, REFERENCEABLE) VALUES ('CLUSET-NL-1', 'CREATEID', {ts '2000-01-01 00:00:00.0'}, 'UPDATEID', {ts '2001-01-01 00:00:00.0'}, 0, {ts '2003-01-01 00:00:00.0'}, {ts '2004-01-01 00:00:00.0'}, 'Math 158,221 CLU Set', 'RICHTEXT-5', 'kuali.cluSet.type.CreditCourse', 'active', '63', 1, 1)

// NL - CluSet - Math 152,221,180 CLU Set
INSERT INTO KSLU_CLU_SET (ID, CREATEID, CREATETIME, UPDATEID, UPDATETIME, VER_NBR, EFF_DT, EXPIR_DT, NAME, RT_DESCR_ID, TYPE, ST, ADMIN_ORG_ID, REUSABLE, REFERENCEABLE) VALUES ('CLUSET-NL-2', 'CREATEID', {ts '2000-01-01 00:00:00.0'}, 'UPDATEID', {ts '2001-01-01 00:00:00.0'}, 0, {ts '2003-01-01 00:00:00.0'}, {ts '2004-01-01 00:00:00.0'}, 'Math 158,221,180 CLU Set', 'RICHTEXT-5', 'kuali.cluSet.type.CreditCourse', 'active', '63', 1, 1)

// NL - CluSet - Math 221,180,200,215 CLU Set
INSERT INTO KSLU_CLU_SET (ID, CREATEID, CREATETIME, UPDATEID, UPDATETIME, VER_NBR, EFF_DT, EXPIR_DT, NAME, RT_DESCR_ID, TYPE, ST, ADMIN_ORG_ID, REUSABLE, REFERENCEABLE) VALUES ('CLUSET-NL-3', 'CREATEID', {ts '2000-01-01 00:00:00.0'}, 'UPDATEID', {ts '2001-01-01 00:00:00.0'}, 0, {ts '2003-01-01 00:00:00.0'}, {ts '2004-01-01 00:00:00.0'}, 'Math 158,221,180 CLU Set', 'RICHTEXT-5', 'kuali.cluSet.type.CreditCourse', 'active', '63', 1, 1)

// NL - CluSet - Math 152 CLU Set
INSERT INTO KSLU_CLU_SET (ID, CREATEID, CREATETIME, UPDATEID, UPDATETIME, VER_NBR, EFF_DT, EXPIR_DT, NAME, RT_DESCR_ID, TYPE, ST, ADMIN_ORG_ID, REUSABLE, REFERENCEABLE) VALUES ('CLUSET-NL-4', 'CREATEID', {ts '2000-01-01 00:00:00.0'}, 'UPDATEID', {ts '2001-01-01 00:00:00.0'}, 0, {ts '2003-01-01 00:00:00.0'}, {ts '2004-01-01 00:00:00.0'}, 'Math 158 CLU Set', 'RICHTEXT-5', 'kuali.cluSet.type.CreditCourse', 'active', '63', 1, 1)

// NL - CluSet - SAT Critical Reading Exam CLU Set
INSERT INTO KSLU_CLU_SET (ID, CREATEID, CREATETIME, UPDATEID, UPDATETIME, VER_NBR, EFF_DT, EXPIR_DT, NAME, RT_DESCR_ID, TYPE, ST, ADMIN_ORG_ID, REUSABLE, REFERENCEABLE) VALUES ('CLUSET-NL-5', 'CREATEID', {ts '2000-01-01 00:00:00.0'}, 'UPDATEID', {ts '2001-01-01 00:00:00.0'}, 0, {ts '2003-01-01 00:00:00.0'}, {ts '2004-01-01 00:00:00.0'}, 'SAT Critical Reading Exam CLU Set', 'RICHTEXT-5', 'kuali.cluSet.type.CreditCourse', 'active', '63', 1, 1)

// NL - CluSet Parent
INSERT INTO KSLU_CLU_SET (ID, CREATEID, CREATETIME, UPDATEID, UPDATETIME, VER_NBR, EFF_DT, EXPIR_DT, NAME, RT_DESCR_ID, TYPE, ST, ADMIN_ORG_ID, REUSABLE, REFERENCEABLE) VALUES ('CLUSET-NL-CLUSET-1', 'CREATEID', {ts '2000-01-01 00:00:00.0'}, 'UPDATEID', {ts '2001-01-01 00:00:00.0'}, 0, {ts '2003-01-01 00:00:00.0'}, {ts '2004-01-01 00:00:00.0'}, 'CLu Set Parent CLU Set', 'RICHTEXT-5', 'kuali.cluSet.type.CreditCourse', 'active', '63', 1, 1)

// NL - Clu <-> CluSet join
INSERT INTO KSLU_CLU_SET_JN_CLU (ID, CLU_SET_ID, CLU_VER_IND_ID, VER_NBR) VALUES ('1', 'CLUSET-NL-1', 'CLU-NL-1',0)
INSERT INTO KSLU_CLU_SET_JN_CLU (ID, CLU_SET_ID, CLU_VER_IND_ID, VER_NBR) VALUES ('2', 'CLUSET-NL-1', 'CLU-NL-3',0)

// NL - Clu <-> CluSet join
INSERT INTO KSLU_CLU_SET_JN_CLU (ID, CLU_SET_ID, CLU_VER_IND_ID, VER_NBR) VALUES ('3', 'CLUSET-NL-2', 'CLU-NL-1',0)
INSERT INTO KSLU_CLU_SET_JN_CLU (ID, CLU_SET_ID, CLU_VER_IND_ID, VER_NBR) VALUES ('4', 'CLUSET-NL-2', 'CLU-NL-2',0)
INSERT INTO KSLU_CLU_SET_JN_CLU (ID, CLU_SET_ID, CLU_VER_IND_ID, VER_NBR) VALUES ('5', 'CLUSET-NL-2', 'CLU-NL-3',0)

// NL - Clu <-> CluSet join
INSERT INTO KSLU_CLU_SET_JN_CLU (ID, CLU_SET_ID, CLU_VER_IND_ID, VER_NBR) VALUES ('6', 'CLUSET-NL-3', 'CLU-NL-2',0)
INSERT INTO KSLU_CLU_SET_JN_CLU (ID, CLU_SET_ID, CLU_VER_IND_ID, VER_NBR) VALUES ('7', 'CLUSET-NL-3', 'CLU-NL-3',0)
INSERT INTO KSLU_CLU_SET_JN_CLU (ID, CLU_SET_ID, CLU_VER_IND_ID, VER_NBR) VALUES ('8', 'CLUSET-NL-3', 'CLU-NL-4',0)
INSERT INTO KSLU_CLU_SET_JN_CLU (ID, CLU_SET_ID, CLU_VER_IND_ID, VER_NBR) VALUES ('9', 'CLUSET-NL-3', 'CLU-NL-5',0)

INSERT INTO KSLU_CLU_SET_JN_CLU (ID, CLU_SET_ID, CLU_VER_IND_ID, VER_NBR) VALUES ('10', 'CLUSET-NL-4', 'CLU-NL-1',0)

INSERT INTO KSLU_CLU_SET_JN_CLU (ID, CLU_SET_ID, CLU_VER_IND_ID, VER_NBR) VALUES ('11', 'CLUSET-NL-5', 'CLU-NL-6',0)

// CluSet <-> CluSet join
INSERT INTO KSLU_CLU_SET_JN_CLU_SET (CLU_SET_PARENT_ID, CLU_SET_CHILD_ID) VALUES ('CLUSET-NL-CLUSET-1', 'CLUSET-NL-2')
INSERT INTO KSLU_CLU_SET_JN_CLU_SET (CLU_SET_PARENT_ID, CLU_SET_CHILD_ID) VALUES ('CLUSET-NL-CLUSET-1', 'CLUSET-NL-3')

// ---------- Programs ----------

// NL - Clu - Sociology Program
INSERT INTO KSLU_CLU_IDENT (ID, CD, DIVISION, LVL, LNG_NAME, SHRT_NAME, ST, TYPE, VARTN) VALUES ('IDENT-NL-PRG-1', 'SOCY', 'Sociology', null, 'Sociology', 'Sociology', 'Sociology', 'Type-1', 'Variation-1')
INSERT INTO KSLU_CLU (ID, VER_IND_ID, CURR_VER_START, CREATEID, CREATETIME, UPDATEID, UPDATETIME, VER_NBR, CAN_CREATE_LUI, DEF_ENRL_EST, DEF_MAX_ENRL, EFF_DT, EXPIR_DT, HAS_EARLY_DROP_DEDLN, IS_ENRL, IS_HAZR_DISBLD_STU, NEXT_REVIEW_PRD, REF_URL, ST, ATP_DUR_TYP_KEY, TM_QUANTITY, STDY_SUBJ_AREA, ACCT_ID, RT_DESCR_ID, FEE_ID, LUTYPE_ID, OFFIC_CLU_ID, PRI_INSTR_ID) values ('CLU-NL-PROGRAM-1', 'CLU-NL-PROGRAM-1', {ts '2000-01-01 00:00:00.0'}, 'CREATEID', {ts '2000-01-01 00:00:00.0'}, 'UPDATEID', {ts '2001-01-01 00:00:00.0'}, 1, 1, 1, 42, {ts '2002-01-01 00:00:00.0'}, {ts '2003-01-01 00:00:00.0'}, 1, 1, 0, 'NEXT_REVIEW_PRD', 'REF_URL', 'STATE1', 'ATP_DUR_TYP_KEY', 3, 'STDY_SUBJ_AREA', 'ACCT-1', 'RICHTEXT-1', 'FEE-1', 'luType.shell.program', 'IDENT-NL-PRG-1', 'INSTR-1')
// NL - Clu - Geology Program
INSERT INTO KSLU_CLU_IDENT (ID, CD, DIVISION, LVL, LNG_NAME, SHRT_NAME, ST, TYPE, VARTN) VALUES ('IDENT-NL-PRG-2', 'GEOG', 'Geology', null, 'Geology', 'Geology', 'Geology', 'Type-1', 'Variation-1')
INSERT INTO KSLU_CLU (ID, VER_IND_ID, CURR_VER_START, CREATEID, CREATETIME, UPDATEID, UPDATETIME, VER_NBR, CAN_CREATE_LUI, DEF_ENRL_EST, DEF_MAX_ENRL, EFF_DT, EXPIR_DT, HAS_EARLY_DROP_DEDLN, IS_ENRL, IS_HAZR_DISBLD_STU, NEXT_REVIEW_PRD, REF_URL, ST, ATP_DUR_TYP_KEY, TM_QUANTITY, STDY_SUBJ_AREA, ACCT_ID, RT_DESCR_ID, FEE_ID, LUTYPE_ID, OFFIC_CLU_ID, PRI_INSTR_ID) values ('CLU-NL-PROGRAM-2', 'CLU-NL-PROGRAM-2', {ts '2000-01-01 00:00:00.0'}, 'CREATEID', {ts '2000-01-01 00:00:00.0'}, 'UPDATEID', {ts '2001-01-01 00:00:00.0'}, 1, 1, 1, 42, {ts '2002-01-01 00:00:00.0'}, {ts '2003-01-01 00:00:00.0'}, 1, 1, 0, 'NEXT_REVIEW_PRD', 'REF_URL', 'STATE1', 'ATP_DUR_TYP_KEY', 3, 'STDY_SUBJ_AREA', 'ACCT-1', 'RICHTEXT-1', 'FEE-1', 'luType.shell.program', 'IDENT-NL-PRG-2', 'INSTR-1')

// NL - CluSet - Geology and Sociology CLU Set
INSERT INTO KSLU_CLU_SET (ID, CREATEID, CREATETIME, UPDATEID, UPDATETIME, VER_NBR, EFF_DT, EXPIR_DT, NAME, RT_DESCR_ID, TYPE, ST, ADMIN_ORG_ID, REUSABLE, REFERENCEABLE) VALUES ('CLUSET-NL-PROGRAMS-1', 'CREATEID', {ts '2000-01-01 00:00:00.0'}, 'UPDATEID', {ts '2001-01-01 00:00:00.0'}, 0, {ts '2003-01-01 00:00:00.0'}, {ts '2004-01-01 00:00:00.0'}, 'Geology and Sociology CLU Set', 'RICHTEXT-5', 'luType.shell.program', 'active', '63', 1, 1)
// NL - CluSet - Sociology CLU Set
INSERT INTO KSLU_CLU_SET (ID, CREATEID, CREATETIME, UPDATEID, UPDATETIME, VER_NBR, EFF_DT, EXPIR_DT, NAME, RT_DESCR_ID, TYPE, ST, ADMIN_ORG_ID, REUSABLE, REFERENCEABLE) VALUES ('CLUSET-NL-PROGRAMS-2', 'CREATEID', {ts '2000-01-01 00:00:00.0'}, 'UPDATEID', {ts '2001-01-01 00:00:00.0'}, 0, {ts '2003-01-01 00:00:00.0'}, {ts '2004-01-01 00:00:00.0'}, 'Sociology CLU Set', 'RICHTEXT-5', 'luType.shell.program', 'active', '63', 1, 1)

// NL - Clu <-> CluSet join
INSERT INTO KSLU_CLU_SET_JN_CLU (ID, CLU_SET_ID, CLU_VER_IND_ID, VER_NBR) VALUES ('12', 'CLUSET-NL-PROGRAMS-1', 'CLU-NL-PROGRAM-1',0)
INSERT INTO KSLU_CLU_SET_JN_CLU (ID, CLU_SET_ID, CLU_VER_IND_ID, VER_NBR) VALUES ('13', 'CLUSET-NL-PROGRAMS-1', 'CLU-NL-PROGRAM-2',0)

INSERT INTO KSLU_CLU_SET_JN_CLU (ID, CLU_SET_ID, CLU_VER_IND_ID, VER_NBR) VALUES ('14', 'CLUSET-NL-PROGRAMS-2', 'CLU-NL-PROGRAM-1',0)

// ---------- Clu Clu Relations ----------

INSERT INTO KSLU_LULU_RELTN_TYPE (ID, NAME, DESCR, REV_NAME, REV_DESC, EFF_DT, EXPIR_DT, VER_NBR) values ('luLuType.type1', 'bob', 'my desc1', 'rev name1', 'rev desc1', {ts '2008-01-01 00:00:00.0'}, {ts '2010-01-01 00:00:00.0'}, 0)

INSERT INTO KSLU_CLUCLU_RELTN (ID, CREATEID, CREATETIME, UPDATEID, UPDATETIME, VER_NBR, CLU_RELTN_REQ, EFF_DT, EXPIR_DT, ST, CLU_ID, LU_RELTN_TYPE_ID, RELATED_CLU_ID) VALUES ('CLUCLUREL-1', 'CREATEID', {ts '2000-01-01 00:00:00.0'}, 'UPDATEID', {ts '2001-01-01 00:00:00.0'}, 0, 1, {ts '2003-01-01 00:00:00.0'}, {ts '2100-01-01 00:00:00.0'}, 'Active', 'CLU-NL-1', 'luLuType.type1', 'CLU-NL-2')
INSERT INTO KSLU_CLUCLU_RELTN (ID, CREATEID, CREATETIME, UPDATEID, UPDATETIME, VER_NBR, CLU_RELTN_REQ, EFF_DT, EXPIR_DT, ST, CLU_ID, LU_RELTN_TYPE_ID, RELATED_CLU_ID) VALUES ('CLUCLUREL-2', 'CREATEID', {ts '2000-01-01 00:00:00.0'}, 'UPDATEID', {ts '2001-01-01 00:00:00.0'}, 0, 1, {ts '2003-01-01 00:00:00.0'}, {ts '2100-01-01 00:00:00.0'}, 'Active', 'CLU-NL-1', 'luLuType.type1', 'CLU-NL-3')

