INSERT INTO KRIM_ENTITY_T (ENTITY_ID,OBJ_ID,VER_NBR,ACTV_IND,LAST_UPDT_DT) values ('2272','2272',0,'Y',TO_DATE('2011-12-01', 'YYYY-MM-DD'))
/
INSERT INTO KRIM_ENTITY_T (ENTITY_ID,OBJ_ID,VER_NBR,ACTV_IND,LAST_UPDT_DT) values ('2016','2016',0,'Y',TO_DATE('2011-12-01', 'YYYY-MM-DD'))
/
INSERT INTO KRIM_ENTITY_T (ENTITY_ID,OBJ_ID,VER_NBR,ACTV_IND,LAST_UPDT_DT) values ('2397','2397',0,'Y',TO_DATE('2011-12-01', 'YYYY-MM-DD'))
/
INSERT INTO KRIM_ENTITY_T (ENTITY_ID,OBJ_ID,VER_NBR,ACTV_IND,LAST_UPDT_DT) values ('2166','2166',0,'Y',TO_DATE('2011-12-01', 'YYYY-MM-DD'))
/
INSERT INTO KRIM_ENTITY_T (ENTITY_ID,OBJ_ID,VER_NBR,ACTV_IND,LAST_UPDT_DT) values ('2005','2005',0,'Y',TO_DATE('2011-12-01', 'YYYY-MM-DD'))
/
INSERT INTO KRIM_ENTITY_T (ENTITY_ID,OBJ_ID,VER_NBR,ACTV_IND,LAST_UPDT_DT) values ('2126','2126',0,'Y',TO_DATE('2011-12-01', 'YYYY-MM-DD'))
/
INSERT INTO KRIM_ENTITY_T (ENTITY_ID,OBJ_ID,VER_NBR,ACTV_IND,LAST_UPDT_DT) values ('2006','2006',0,'Y',TO_DATE('2011-12-01', 'YYYY-MM-DD'))
/
INSERT INTO KRIM_ENTITY_T (ENTITY_ID,OBJ_ID,VER_NBR,ACTV_IND,LAST_UPDT_DT) values ('2155','2155',0,'Y',TO_DATE('2011-12-01', 'YYYY-MM-DD'))
/
INSERT INTO KRIM_ENTITY_T (ENTITY_ID,OBJ_ID,VER_NBR,ACTV_IND,LAST_UPDT_DT) values ('2374','2374',0,'Y',TO_DATE('2011-12-01', 'YYYY-MM-DD'))
/
INSERT INTO KRIM_ENTITY_T (ENTITY_ID,OBJ_ID,VER_NBR,ACTV_IND,LAST_UPDT_DT) values ('2406','2406',0,'Y',TO_DATE('2011-12-01', 'YYYY-MM-DD'))
/
INSERT INTO KRIM_ENTITY_T (ENTITY_ID,OBJ_ID,VER_NBR,ACTV_IND,LAST_UPDT_DT) values ('2132','2132',0,'Y',TO_DATE('2011-12-01', 'YYYY-MM-DD'))
/


INSERT INTO KRIM_ENTITY_NM_T (ENTITY_NM_ID,ENTITY_ID,OBJ_ID,VER_NBR,NM_TYP_CD,FIRST_NM,MIDDLE_NM,LAST_NM,SUFFIX_NM,TITLE_NM,DFLT_IND,ACTV_IND,LAST_UPDT_DT) values ('2272','2272','2272',0,'PRFR','Kara','Q','Stone','','Ms.','Y','Y',TO_DATE('2011-12-01', 'YYYY-MM-DD'))
/
INSERT INTO KRIM_ENTITY_NM_T (ENTITY_NM_ID,ENTITY_ID,OBJ_ID,VER_NBR,NM_TYP_CD,FIRST_NM,MIDDLE_NM,LAST_NM,SUFFIX_NM,TITLE_NM,DFLT_IND,ACTV_IND,LAST_UPDT_DT) values ('2016','2016','2016',0,'PRFR','Barbara','A','Harris','','Ms.','Y','Y',TO_DATE('2011-12-01', 'YYYY-MM-DD'))
/
INSERT INTO KRIM_ENTITY_NM_T (ENTITY_NM_ID,ENTITY_ID,OBJ_ID,VER_NBR,NM_TYP_CD,FIRST_NM,MIDDLE_NM,LAST_NM,SUFFIX_NM,TITLE_NM,DFLT_IND,ACTV_IND,LAST_UPDT_DT) values ('2397','2397','2397',0,'PRFR','Clifford','I','Riddle','','Mr.','Y','Y',TO_DATE('2011-12-01', 'YYYY-MM-DD'))
/
INSERT INTO KRIM_ENTITY_NM_T (ENTITY_NM_ID,ENTITY_ID,OBJ_ID,VER_NBR,NM_TYP_CD,FIRST_NM,MIDDLE_NM,LAST_NM,SUFFIX_NM,TITLE_NM,DFLT_IND,ACTV_IND,LAST_UPDT_DT) values ('2166','2166','2166',0,'PRFR','Nina','X','Welch','','Ms.','Y','Y',TO_DATE('2011-12-01', 'YYYY-MM-DD'))
/
INSERT INTO KRIM_ENTITY_NM_T (ENTITY_NM_ID,ENTITY_ID,OBJ_ID,VER_NBR,NM_TYP_CD,FIRST_NM,MIDDLE_NM,LAST_NM,SUFFIX_NM,TITLE_NM,DFLT_IND,ACTV_IND,LAST_UPDT_DT) values ('2005','2005','2005',0,'PRFR','Betty','J','Martin','','Ms.','Y','Y',TO_DATE('2011-12-01', 'YYYY-MM-DD'))
/
INSERT INTO KRIM_ENTITY_NM_T (ENTITY_NM_ID,ENTITY_ID,OBJ_ID,VER_NBR,NM_TYP_CD,FIRST_NM,MIDDLE_NM,LAST_NM,SUFFIX_NM,TITLE_NM,DFLT_IND,ACTV_IND,LAST_UPDT_DT) values ('2126','2126','2126',0,'PRFR','Nellie','N','McDonald','','Ms.','Y','Y',TO_DATE('2011-12-01', 'YYYY-MM-DD'))
/
INSERT INTO KRIM_ENTITY_NM_T (ENTITY_NM_ID,ENTITY_ID,OBJ_ID,VER_NBR,NM_TYP_CD,FIRST_NM,MIDDLE_NM,LAST_NM,SUFFIX_NM,TITLE_NM,DFLT_IND,ACTV_IND,LAST_UPDT_DT) values ('2006','2006','2006',0,'PRFR','Kimberly','K','Thompson','','Ms.','Y','Y',TO_DATE('2011-12-01', 'YYYY-MM-DD'))
/
INSERT INTO KRIM_ENTITY_NM_T (ENTITY_NM_ID,ENTITY_ID,OBJ_ID,VER_NBR,NM_TYP_CD,FIRST_NM,MIDDLE_NM,LAST_NM,SUFFIX_NM,TITLE_NM,DFLT_IND,ACTV_IND,LAST_UPDT_DT) values ('2155','2155','2155',0,'PRFR','Amber','D','Hopkins','','Ms.','Y','Y',TO_DATE('2011-12-01', 'YYYY-MM-DD'))
/
INSERT INTO KRIM_ENTITY_NM_T (ENTITY_NM_ID,ENTITY_ID,OBJ_ID,VER_NBR,NM_TYP_CD,FIRST_NM,MIDDLE_NM,LAST_NM,SUFFIX_NM,TITLE_NM,DFLT_IND,ACTV_IND,LAST_UPDT_DT) values ('2374','2374','2374',0,'PRFR','Johnny','F','Manning','','Mr.','Y','Y',TO_DATE('2011-12-01', 'YYYY-MM-DD'))
/
INSERT INTO KRIM_ENTITY_NM_T (ENTITY_NM_ID,ENTITY_ID,OBJ_ID,VER_NBR,NM_TYP_CD,FIRST_NM,MIDDLE_NM,LAST_NM,SUFFIX_NM,TITLE_NM,DFLT_IND,ACTV_IND,LAST_UPDT_DT) values ('2406','2406','2406',0,'PRFR','Eddie','S','Pittman','','Mr.','Y','Y',TO_DATE('2011-12-01', 'YYYY-MM-DD'))
/
INSERT INTO KRIM_ENTITY_NM_T (ENTITY_NM_ID,ENTITY_ID,OBJ_ID,VER_NBR,NM_TYP_CD,FIRST_NM,MIDDLE_NM,LAST_NM,SUFFIX_NM,TITLE_NM,DFLT_IND,ACTV_IND,LAST_UPDT_DT) values ('2132','2132','2132',0,'PRFR','Tracy','P','Burton','','Ms.','Y','Y',TO_DATE('2011-12-01', 'YYYY-MM-DD'))
/


INSERT INTO KRIM_ENTITY_AFLTN_T (ENTITY_AFLTN_ID,ENTITY_ID,OBJ_ID,VER_NBR,AFLTN_TYP_CD,CAMPUS_CD,DFLT_IND,ACTV_IND,LAST_UPDT_DT) values ('2272','2272','2272',0,'STDNT','','Y','Y',TO_DATE('2011-12-01', 'YYYY-MM-DD'))
/
INSERT INTO KRIM_ENTITY_AFLTN_T (ENTITY_AFLTN_ID,ENTITY_ID,OBJ_ID,VER_NBR,AFLTN_TYP_CD,CAMPUS_CD,DFLT_IND,ACTV_IND,LAST_UPDT_DT) values ('2016','2016','2016',0,'STDNT','','Y','Y',TO_DATE('2011-12-01', 'YYYY-MM-DD'))
/
INSERT INTO KRIM_ENTITY_AFLTN_T (ENTITY_AFLTN_ID,ENTITY_ID,OBJ_ID,VER_NBR,AFLTN_TYP_CD,CAMPUS_CD,DFLT_IND,ACTV_IND,LAST_UPDT_DT) values ('2397','2397','2397',0,'STDNT','','Y','Y',TO_DATE('2011-12-01', 'YYYY-MM-DD'))
/
INSERT INTO KRIM_ENTITY_AFLTN_T (ENTITY_AFLTN_ID,ENTITY_ID,OBJ_ID,VER_NBR,AFLTN_TYP_CD,CAMPUS_CD,DFLT_IND,ACTV_IND,LAST_UPDT_DT) values ('2166','2166','2166',0,'STDNT','','Y','Y',TO_DATE('2011-12-01', 'YYYY-MM-DD'))
/
INSERT INTO KRIM_ENTITY_AFLTN_T (ENTITY_AFLTN_ID,ENTITY_ID,OBJ_ID,VER_NBR,AFLTN_TYP_CD,CAMPUS_CD,DFLT_IND,ACTV_IND,LAST_UPDT_DT) values ('2005','2005','2005',0,'STDNT','','Y','Y',TO_DATE('2011-12-01', 'YYYY-MM-DD'))
/
INSERT INTO KRIM_ENTITY_AFLTN_T (ENTITY_AFLTN_ID,ENTITY_ID,OBJ_ID,VER_NBR,AFLTN_TYP_CD,CAMPUS_CD,DFLT_IND,ACTV_IND,LAST_UPDT_DT) values ('2126','2126','2126',0,'STDNT','','Y','Y',TO_DATE('2011-12-01', 'YYYY-MM-DD'))
/
INSERT INTO KRIM_ENTITY_AFLTN_T (ENTITY_AFLTN_ID,ENTITY_ID,OBJ_ID,VER_NBR,AFLTN_TYP_CD,CAMPUS_CD,DFLT_IND,ACTV_IND,LAST_UPDT_DT) values ('2006','2006','2006',0,'STDNT','','Y','Y',TO_DATE('2011-12-01', 'YYYY-MM-DD'))
/
INSERT INTO KRIM_ENTITY_AFLTN_T (ENTITY_AFLTN_ID,ENTITY_ID,OBJ_ID,VER_NBR,AFLTN_TYP_CD,CAMPUS_CD,DFLT_IND,ACTV_IND,LAST_UPDT_DT) values ('2155','2155','2155',0,'STDNT','','Y','Y',TO_DATE('2011-12-01', 'YYYY-MM-DD'))
/
INSERT INTO KRIM_ENTITY_AFLTN_T (ENTITY_AFLTN_ID,ENTITY_ID,OBJ_ID,VER_NBR,AFLTN_TYP_CD,CAMPUS_CD,DFLT_IND,ACTV_IND,LAST_UPDT_DT) values ('2374','2374','2374',0,'STDNT','','Y','Y',TO_DATE('2011-12-01', 'YYYY-MM-DD'))
/
INSERT INTO KRIM_ENTITY_AFLTN_T (ENTITY_AFLTN_ID,ENTITY_ID,OBJ_ID,VER_NBR,AFLTN_TYP_CD,CAMPUS_CD,DFLT_IND,ACTV_IND,LAST_UPDT_DT) values ('2406','2406','2406',0,'STDNT','','Y','Y',TO_DATE('2011-12-01', 'YYYY-MM-DD'))
/
INSERT INTO KRIM_ENTITY_AFLTN_T (ENTITY_AFLTN_ID,ENTITY_ID,OBJ_ID,VER_NBR,AFLTN_TYP_CD,CAMPUS_CD,DFLT_IND,ACTV_IND,LAST_UPDT_DT) values ('2132','2132','2132',0,'STDNT','','Y','Y',TO_DATE('2011-12-01', 'YYYY-MM-DD'))
/


INSERT INTO KRIM_PRNCPL_T (PRNCPL_ID,ENTITY_ID,OBJ_ID,VER_NBR,PRNCPL_NM,PRNCPL_PSWD,ACTV_IND,LAST_UPDT_DT) values ('student1','2272','2272',0,'kstone@kuali.edu','Q+ct4oCXsRJMDEjnL4MqNTZeQ+I=(&^HSH#&)','Y',TO_DATE('2011-12-01', 'YYYY-MM-DD'))
/
INSERT INTO KRIM_PRNCPL_T (PRNCPL_ID,ENTITY_ID,OBJ_ID,VER_NBR,PRNCPL_NM,PRNCPL_PSWD,ACTV_IND,LAST_UPDT_DT) values ('student2','2016','2016',0,'bharris@kuali.edu','/IHXaTyeaAe+ZiaTbsShAv7Abb0=(&^HSH#&)','Y',TO_DATE('2011-12-01', 'YYYY-MM-DD'))
/
INSERT INTO KRIM_PRNCPL_T (PRNCPL_ID,ENTITY_ID,OBJ_ID,VER_NBR,PRNCPL_NM,PRNCPL_PSWD,ACTV_IND,LAST_UPDT_DT) values ('student3','2397','2397',0,'criddle@kuali.edu','KLBK4+8m0a5mXM5KpUwD7MBNums=(&^HSH#&)','Y',TO_DATE('2011-12-01', 'YYYY-MM-DD'))
/
INSERT INTO KRIM_PRNCPL_T (PRNCPL_ID,ENTITY_ID,OBJ_ID,VER_NBR,PRNCPL_NM,PRNCPL_PSWD,ACTV_IND,LAST_UPDT_DT) values ('student4','2166','2166',0,'nwelch@kuali.edu','3fJkFZxTteByfWa4RtJoBoZ60CA=(&^HSH#&)','Y',TO_DATE('2011-12-01', 'YYYY-MM-DD'))
/
INSERT INTO KRIM_PRNCPL_T (PRNCPL_ID,ENTITY_ID,OBJ_ID,VER_NBR,PRNCPL_NM,PRNCPL_PSWD,ACTV_IND,LAST_UPDT_DT) values ('student5','2005','2005',0,'bmartin@kuali.edu','CzC5qBljDSRaBYBSQvwFHZlrbXg=(&^HSH#&)','Y',TO_DATE('2011-12-01', 'YYYY-MM-DD'))
/
INSERT INTO KRIM_PRNCPL_T (PRNCPL_ID,ENTITY_ID,OBJ_ID,VER_NBR,PRNCPL_NM,PRNCPL_PSWD,ACTV_IND,LAST_UPDT_DT) values ('student6','2126','2126',0,'nmcdonald@kuali.edu','hb4n6aGkkcVDMfxqJfCLlPPl5uo=(&^HSH#&)','Y',TO_DATE('2011-12-01', 'YYYY-MM-DD'))
/
INSERT INTO KRIM_PRNCPL_T (PRNCPL_ID,ENTITY_ID,OBJ_ID,VER_NBR,PRNCPL_NM,PRNCPL_PSWD,ACTV_IND,LAST_UPDT_DT) values ('student7','2006','2006',0,'kthompson@kuali.edu','7HcyibukhCcUa6iNq24WZpr32Zk=(&^HSH#&)','Y',TO_DATE('2011-12-01', 'YYYY-MM-DD'))
/
INSERT INTO KRIM_PRNCPL_T (PRNCPL_ID,ENTITY_ID,OBJ_ID,VER_NBR,PRNCPL_NM,PRNCPL_PSWD,ACTV_IND,LAST_UPDT_DT) values ('student8','2155','2155',0,'ahopkins@kuali.edu','FopfdqZI3v8/sErOt1kRRoeSJeA=(&^HSH#&)','Y',TO_DATE('2011-12-01', 'YYYY-MM-DD'))
/
INSERT INTO KRIM_PRNCPL_T (PRNCPL_ID,ENTITY_ID,OBJ_ID,VER_NBR,PRNCPL_NM,PRNCPL_PSWD,ACTV_IND,LAST_UPDT_DT) values ('student9','2374','2374',0,'jmanning@kuali.edu','MU4gFh1OqdOOMWa6bbQ7oiojd7o=(&^HSH#&)','Y',TO_DATE('2011-12-01', 'YYYY-MM-DD'))
/
INSERT INTO KRIM_PRNCPL_T (PRNCPL_ID,ENTITY_ID,OBJ_ID,VER_NBR,PRNCPL_NM,PRNCPL_PSWD,ACTV_IND,LAST_UPDT_DT) values ('student10','2406','2406',0,'epittman@kuali.edu','92igswK1QFFJ3/hX/6j4+DIgKIY=(&^HSH#&)','Y',TO_DATE('2011-12-01', 'YYYY-MM-DD'))
/
INSERT INTO KRIM_PRNCPL_T (PRNCPL_ID,ENTITY_ID,OBJ_ID,VER_NBR,PRNCPL_NM,PRNCPL_PSWD,ACTV_IND,LAST_UPDT_DT) values ('student11','2132','2132',0,'tburton@kuali.edu','G7O3u1NoScv/0L3glY6rmSLhMmE=(&^HSH#&)','Y',TO_DATE('2011-12-01', 'YYYY-MM-DD'))
/

INSERT INTO KRIM_ENTITY_BIO_T (ENTITY_ID,OBJ_ID,VER_NBR,BIRTH_DT,GNDR_CD,DECEASED_DT,MARITAL_STATUS,PRIM_LANG_CD,SEC_LANG_CD,BIRTH_CNTRY_CD,BIRTH_STATE_PVC_CD,BIRTH_CITY,GEO_ORIGIN,LAST_UPDT_DT) values ('2272','2272',0,TO_DATE('1952-04-21','YYYY-MM-DD'),'F',TO_DATE('2011-12-01','YYYY-MM-DD'),NULL,NULL,NULL,NULL,NULL,NULL,NULL,TO_DATE('2011-12-01', 'YYYY-MM-DD'))
/
INSERT INTO KRIM_ENTITY_BIO_T (ENTITY_ID,OBJ_ID,VER_NBR,BIRTH_DT,GNDR_CD,DECEASED_DT,MARITAL_STATUS,PRIM_LANG_CD,SEC_LANG_CD,BIRTH_CNTRY_CD,BIRTH_STATE_PVC_CD,BIRTH_CITY,GEO_ORIGIN,LAST_UPDT_DT) values ('2016','2016',0,TO_DATE('1953-02-06','YYYY-MM-DD'),'F',TO_DATE('1899-12-30','YYYY-MM-DD'),NULL,NULL,NULL,NULL,NULL,NULL,NULL,TO_DATE('2011-12-01', 'YYYY-MM-DD'))
/
INSERT INTO KRIM_ENTITY_BIO_T (ENTITY_ID,OBJ_ID,VER_NBR,BIRTH_DT,GNDR_CD,DECEASED_DT,MARITAL_STATUS,PRIM_LANG_CD,SEC_LANG_CD,BIRTH_CNTRY_CD,BIRTH_STATE_PVC_CD,BIRTH_CITY,GEO_ORIGIN,LAST_UPDT_DT) values ('2397','2397',0,TO_DATE('1935-12-23','YYYY-MM-DD'),'M',TO_DATE('1899-12-30','YYYY-MM-DD'),NULL,NULL,NULL,NULL,NULL,NULL,NULL,TO_DATE('2011-12-01', 'YYYY-MM-DD'))
/
INSERT INTO KRIM_ENTITY_BIO_T (ENTITY_ID,OBJ_ID,VER_NBR,BIRTH_DT,GNDR_CD,DECEASED_DT,MARITAL_STATUS,PRIM_LANG_CD,SEC_LANG_CD,BIRTH_CNTRY_CD,BIRTH_STATE_PVC_CD,BIRTH_CITY,GEO_ORIGIN,LAST_UPDT_DT) values ('2166','2166',0,TO_DATE('1966-05-07','YYYY-MM-DD'),'F',TO_DATE('1899-12-30','YYYY-MM-DD'),NULL,NULL,NULL,NULL,NULL,NULL,NULL,TO_DATE('2011-12-01', 'YYYY-MM-DD'))
/
INSERT INTO KRIM_ENTITY_BIO_T (ENTITY_ID,OBJ_ID,VER_NBR,BIRTH_DT,GNDR_CD,DECEASED_DT,MARITAL_STATUS,PRIM_LANG_CD,SEC_LANG_CD,BIRTH_CNTRY_CD,BIRTH_STATE_PVC_CD,BIRTH_CITY,GEO_ORIGIN,LAST_UPDT_DT) values ('2005','2005',0,TO_DATE('1950-06-15','YYYY-MM-DD'),'F',TO_DATE('1899-12-30','YYYY-MM-DD'),NULL,NULL,NULL,NULL,NULL,NULL,NULL,TO_DATE('2011-12-01', 'YYYY-MM-DD'))
/
INSERT INTO KRIM_ENTITY_BIO_T (ENTITY_ID,OBJ_ID,VER_NBR,BIRTH_DT,GNDR_CD,DECEASED_DT,MARITAL_STATUS,PRIM_LANG_CD,SEC_LANG_CD,BIRTH_CNTRY_CD,BIRTH_STATE_PVC_CD,BIRTH_CITY,GEO_ORIGIN,LAST_UPDT_DT) values ('2126','2126',0,TO_DATE('1952-12-02','YYYY-MM-DD'),'F',TO_DATE('1899-12-30','YYYY-MM-DD'),NULL,NULL,NULL,NULL,NULL,NULL,NULL,TO_DATE('2011-12-01', 'YYYY-MM-DD'))
/
INSERT INTO KRIM_ENTITY_BIO_T (ENTITY_ID,OBJ_ID,VER_NBR,BIRTH_DT,GNDR_CD,DECEASED_DT,MARITAL_STATUS,PRIM_LANG_CD,SEC_LANG_CD,BIRTH_CNTRY_CD,BIRTH_STATE_PVC_CD,BIRTH_CITY,GEO_ORIGIN,LAST_UPDT_DT) values ('2006','2006',0,TO_DATE('1948-04-20','YYYY-MM-DD'),'F',TO_DATE('1899-12-30','YYYY-MM-DD'),NULL,NULL,NULL,NULL,NULL,NULL,NULL,TO_DATE('2011-12-01', 'YYYY-MM-DD'))
/
INSERT INTO KRIM_ENTITY_BIO_T (ENTITY_ID,OBJ_ID,VER_NBR,BIRTH_DT,GNDR_CD,DECEASED_DT,MARITAL_STATUS,PRIM_LANG_CD,SEC_LANG_CD,BIRTH_CNTRY_CD,BIRTH_STATE_PVC_CD,BIRTH_CITY,GEO_ORIGIN,LAST_UPDT_DT) values ('2155','2155',0,TO_DATE('1941-03-14','YYYY-MM-DD'),'F',TO_DATE('1899-12-30','YYYY-MM-DD'),NULL,NULL,NULL,NULL,NULL,NULL,NULL,TO_DATE('2011-12-01', 'YYYY-MM-DD'))
/
INSERT INTO KRIM_ENTITY_BIO_T (ENTITY_ID,OBJ_ID,VER_NBR,BIRTH_DT,GNDR_CD,DECEASED_DT,MARITAL_STATUS,PRIM_LANG_CD,SEC_LANG_CD,BIRTH_CNTRY_CD,BIRTH_STATE_PVC_CD,BIRTH_CITY,GEO_ORIGIN,LAST_UPDT_DT) values ('2374','2374',0,TO_DATE('1943-03-19','YYYY-MM-DD'),'M',TO_DATE('1899-12-30','YYYY-MM-DD'),NULL,NULL,NULL,NULL,NULL,NULL,NULL,TO_DATE('2011-12-01', 'YYYY-MM-DD'))
/
INSERT INTO KRIM_ENTITY_BIO_T (ENTITY_ID,OBJ_ID,VER_NBR,BIRTH_DT,GNDR_CD,DECEASED_DT,MARITAL_STATUS,PRIM_LANG_CD,SEC_LANG_CD,BIRTH_CNTRY_CD,BIRTH_STATE_PVC_CD,BIRTH_CITY,GEO_ORIGIN,LAST_UPDT_DT) values ('2406','2406',0,TO_DATE('1949-11-23','YYYY-MM-DD'),'M',TO_DATE('1899-12-30','YYYY-MM-DD'),NULL,NULL,NULL,NULL,NULL,NULL,NULL,TO_DATE('2011-12-01', 'YYYY-MM-DD'))
/
INSERT INTO KRIM_ENTITY_BIO_T (ENTITY_ID,OBJ_ID,VER_NBR,BIRTH_DT,GNDR_CD,DECEASED_DT,MARITAL_STATUS,PRIM_LANG_CD,SEC_LANG_CD,BIRTH_CNTRY_CD,BIRTH_STATE_PVC_CD,BIRTH_CITY,GEO_ORIGIN,LAST_UPDT_DT) values ('2132','2132',0,TO_DATE('1945-05-25','YYYY-MM-DD'),'F',TO_DATE('1899-12-30','YYYY-MM-DD'),NULL,NULL,NULL,NULL,NULL,NULL,NULL,TO_DATE('2011-12-01', 'YYYY-MM-DD'))
/


INSERT INTO KRIM_ENTITY_ENT_TYP_T (ENTITY_ID,OBJ_ID,VER_NBR,ENT_TYP_CD,ACTV_IND,LAST_UPDT_DT) values ('2272','2272',0,'PERSON','Y',TO_DATE('2011-12-01', 'YYYY-MM-DD'))
/
INSERT INTO KRIM_ENTITY_ENT_TYP_T (ENTITY_ID,OBJ_ID,VER_NBR,ENT_TYP_CD,ACTV_IND,LAST_UPDT_DT) values ('2016','2016',0,'PERSON','Y',TO_DATE('2011-12-01', 'YYYY-MM-DD'))
/
INSERT INTO KRIM_ENTITY_ENT_TYP_T (ENTITY_ID,OBJ_ID,VER_NBR,ENT_TYP_CD,ACTV_IND,LAST_UPDT_DT) values ('2397','2397',0,'PERSON','Y',TO_DATE('2011-12-01', 'YYYY-MM-DD'))
/
INSERT INTO KRIM_ENTITY_ENT_TYP_T (ENTITY_ID,OBJ_ID,VER_NBR,ENT_TYP_CD,ACTV_IND,LAST_UPDT_DT) values ('2166','2166',0,'PERSON','Y',TO_DATE('2011-12-01', 'YYYY-MM-DD'))
/
INSERT INTO KRIM_ENTITY_ENT_TYP_T (ENTITY_ID,OBJ_ID,VER_NBR,ENT_TYP_CD,ACTV_IND,LAST_UPDT_DT) values ('2005','2005',0,'PERSON','Y',TO_DATE('2011-12-01', 'YYYY-MM-DD'))
/
INSERT INTO KRIM_ENTITY_ENT_TYP_T (ENTITY_ID,OBJ_ID,VER_NBR,ENT_TYP_CD,ACTV_IND,LAST_UPDT_DT) values ('2126','2126',0,'PERSON','Y',TO_DATE('2011-12-01', 'YYYY-MM-DD'))
/
INSERT INTO KRIM_ENTITY_ENT_TYP_T (ENTITY_ID,OBJ_ID,VER_NBR,ENT_TYP_CD,ACTV_IND,LAST_UPDT_DT) values ('2006','2006',0,'PERSON','Y',TO_DATE('2011-12-01', 'YYYY-MM-DD'))
/
INSERT INTO KRIM_ENTITY_ENT_TYP_T (ENTITY_ID,OBJ_ID,VER_NBR,ENT_TYP_CD,ACTV_IND,LAST_UPDT_DT) values ('2155','2155',0,'PERSON','Y',TO_DATE('2011-12-01', 'YYYY-MM-DD'))
/
INSERT INTO KRIM_ENTITY_ENT_TYP_T (ENTITY_ID,OBJ_ID,VER_NBR,ENT_TYP_CD,ACTV_IND,LAST_UPDT_DT) values ('2374','2374',0,'PERSON','Y',TO_DATE('2011-12-01', 'YYYY-MM-DD'))
/
INSERT INTO KRIM_ENTITY_ENT_TYP_T (ENTITY_ID,OBJ_ID,VER_NBR,ENT_TYP_CD,ACTV_IND,LAST_UPDT_DT) values ('2406','2406',0,'PERSON','Y',TO_DATE('2011-12-01', 'YYYY-MM-DD'))
/
INSERT INTO KRIM_ENTITY_ENT_TYP_T (ENTITY_ID,OBJ_ID,VER_NBR,ENT_TYP_CD,ACTV_IND,LAST_UPDT_DT) values ('2132','2132',0,'PERSON','Y',TO_DATE('2011-12-01', 'YYYY-MM-DD'))
/