//StateEntity
INSERT INTO KSEN_COMM_STATE (ID, NAME, PROCESS_KEY, DESCR, VER_NBR) VALUES ('kuali.atp.state.Draft', 'Draft', 'kuali.atp.process', 'Indicates that this Time Period is just tentative', 0)
INSERT INTO KSEN_COMM_STATE (ID, NAME, PROCESS_KEY, DESCR, VER_NBR) VALUES ('kuali.atp.state.Official', 'Official', 'kuali.atp.process', 'Indicates that this Time Period has been established', 0)

INSERT INTO KSEN_COMM_STATE (ID, NAME, PROCESS_KEY, DESCR, VER_NBR) VALUES ('kuali.milestone.state.Draft', 'Draft', 'kuali.milestone.process', 'Indicates that this milestone is just tentative', 0)
INSERT INTO KSEN_COMM_STATE (ID, NAME, PROCESS_KEY, DESCR, VER_NBR) VALUES ('kuali.milestone.state.Official', 'Official', 'kuali.milestone.process', 'Indicates that this milestone has been established', 0)

INSERT INTO KSEN_COMM_STATE (ID, NAME, PROCESS_KEY, DESCR, VER_NBR) VALUES ('kuali.atp.atp.relation.state.active', 'Active', 'kuali.atp.atp.relation.process', 'Indicates that this Atp-Atp relation is active', 0)
INSERT INTO KSEN_COMM_STATE (ID, NAME, PROCESS_KEY, DESCR, VER_NBR) VALUES ('kuali.atp.atp.relation.state.inactive', 'Inactive', 'kuali.atp.atp.relation.process', 'Indicates that this Atp-Atp relation is inactive', 0)

INSERT INTO KSEN_COMM_STATE (ID, NAME, PROCESS_KEY, DESCR, VER_NBR) VALUES ('kuali.atp.milestone.relation.state.active', 'Active', 'kuali.atp.milestone.relation.process', 'Indicates that this Atp-Milestone relation is active', 0)
INSERT INTO KSEN_COMM_STATE (ID, NAME, PROCESS_KEY, DESCR, VER_NBR) VALUES ('kuali.atp.milestone.relation.state.inactive', 'Inactive', 'kuali.atp.milestone.relation.process', 'Indicates that this Atp-Milestone relation is inactive', 0)

//type

INSERT INTO KSEN_TYPE(ID, NAME, DESCR_PLAIN, REF_OBJECT_URI, VER_NBR) VALUES ('kuali.atp.type.TestAtp', 'Academic Calendar Type', 'Academic Calendar', 'http://student.kuali.org/wsdl/atp/AtpInfo', 0)
INSERT INTO KSEN_TYPE(ID, NAME, DESCR_PLAIN, REF_OBJECT_URI, VER_NBR) VALUES ('kuali.atp.type.HolidayCalendar', 'Holiday Calendar', 'Holiday Calendar', 'http://student.kuali.org/wsdl/atp/AtpInfo', 0)
INSERT INTO KSEN_TYPE(ID, NAME, DESCR_PLAIN, REF_OBJECT_URI, VER_NBR) VALUES ('kuali.atp.type.Fall', 'Fall', 'Fall Semester', 'http://student.kuali.org/wsdl/atp/AtpInfo', 0)


//StateProcessEntity
INSERT INTO KSEN_STATE_PROCESS (ID, NAME, DESCR, VER_NBR) VALUES ('kuali.atp.process', 'kuali.atp.process', 'kuali atp state process', 0)
INSERT INTO KSEN_STATE_PROCESS (ID, NAME, DESCR, VER_NBR) VALUES ('kuali.milestone.process', 'kuali.milestone.process', 'kuali milestone state process', 0)
INSERT INTO KSEN_STATE_PROCESS (ID, NAME, DESCR, VER_NBR) VALUES ('kuali.atp.atp.relation.process', 'kuali.atp.atp.relation.process', 'kuali atp-atp relation state process', 0)
INSERT INTO KSEN_STATE_PROCESS (ID, NAME, DESCR, VER_NBR) VALUES ('kuali.atp.milestone.relation.process', 'kuali.atp.milestone.relation.process', 'kuali atp-milestone relation state process', 0)

//StateProcessRelationEntity
INSERT INTO KSEN_STATEPROCESS_RELTN(ID, PROCESS_KEY, PRIOR_STATEKEY, NEXT_STATEKEY, VER_NBR)VALUES('PROCESS-1', 'kuali.atp.process', null, 'kuali.atp.state.Draft', 0)
INSERT INTO KSEN_STATEPROCESS_RELTN(ID, PROCESS_KEY, PRIOR_STATEKEY, NEXT_STATEKEY, VER_NBR)VALUES('PROCESS-2', 'kuali.atp.process', 'kuali.atp.state.Draft', 'kuali.atp.state.Official', 0)
