--
-- Copyright 2011 The Kuali Foundation Licensed under the
-- Educational Community License, Version 2.0 (the "License"); you may
-- not use this file except in compliance with the License. You may
-- obtain a copy of the License at
--
-- http://www.osedu.org/licenses/ECL-2.0
--
-- Unless required by applicable law or agreed to in writing,
-- software distributed under the License is distributed on an "AS IS"
-- BASIS, WITHOUT WARRANTIES OR CONDITIONS OF ANY KIND, either express
-- or implied. See the License for the specific language governing
-- permissions and limitations under the License.
--

insert into KSST_STMT_TYPE (TYPE_KEY, TYPE_DESC, EFF_DT, EXPIR_DT, NAME, OBJ_ID, VER_NBR) values ('kuali.statement.type.course', 'Rules used in the evaluation of a person''s academic readiness for enrollment.', {ts '2000-01-01 00:00:00.0'}, null, 'Academic Readiness Rules', null, 0)
insert into KSST_STMT_TYPE (TYPE_KEY, TYPE_DESC, EFF_DT, EXPIR_DT, NAME, OBJ_ID, VER_NBR) values ('kuali.statement.type.course.academicReadiness.antireq', 'Add courses that, if completed, would prevent a student from enrolling in this course.', {ts '2000-01-01 00:00:00.0'}, null, 'Antirequisite', null, 0)
insert into KSST_STMT_TYPE (TYPE_KEY, TYPE_DESC, EFF_DT, EXPIR_DT, NAME, OBJ_ID, VER_NBR) values ('kuali.statement.type.course.academicReadiness.coreq', 'Add conditions that will restrict student enrollment, addressing restrictions to majors, locations, credit level requirements, etc. or Add courses, with or without grade requirements, which a student must have completed in order to enroll.', {ts '2000-01-01 00:00:00.0'}, null, 'Corequisite', null, 0)
insert into KSST_STMT_TYPE (TYPE_KEY, TYPE_DESC, EFF_DT, EXPIR_DT, NAME, OBJ_ID, VER_NBR) values ('kuali.statement.type.course.academicReadiness.prereq', null, {ts '2000-01-01 00:00:00.0'}, null, 'Prerequisites', null, 0)
insert into KSST_STMT_TYPE (TYPE_KEY, TYPE_DESC, EFF_DT, EXPIR_DT, NAME, OBJ_ID, VER_NBR) values ('kuali.statement.type.course.academicReadiness.studentEligibility', null, {ts '2000-01-01 00:00:00.0'}, null, 'Student Eligibility', null, 0)
insert into KSST_STMT_TYPE (TYPE_KEY, TYPE_DESC, EFF_DT, EXPIR_DT, NAME, OBJ_ID, VER_NBR) values ('kuali.statement.type.course.academicReadiness.studentEligibilityPrereq', 'Add conditions that will restrict student enrollment, addressing restrictions to majors, locations, credit level requirements, etc. or Add courses, with or without grade requirements, which a student must have completed in order to enroll.', {ts '2000-01-01 00:00:00.0'}, null, 'Student Eligibility + Prerequisite', null, 0)
insert into KSST_STMT_TYPE (TYPE_KEY, TYPE_DESC, EFF_DT, EXPIR_DT, NAME, OBJ_ID, VER_NBR) values ('kuali.statement.type.course.credit.repeatable', 'Course repeatable for credit.', {ts '2000-01-01 00:00:00.0'}, null, 'Repeatable for Credit', null, 0)
insert into KSST_STMT_TYPE (TYPE_KEY, TYPE_DESC, EFF_DT, EXPIR_DT, NAME, OBJ_ID, VER_NBR) values ('kuali.statement.type.course.credit.restriction', 'Enrollment in or completion of another course that will restrict the credits to be awarded.', {ts '2000-01-01 00:00:00.0'}, null, 'Courses that Restrict Credit', null, 0)
insert into KSST_STMT_TYPE (TYPE_KEY, TYPE_DESC, EFF_DT, EXPIR_DT, NAME, OBJ_ID, VER_NBR) values ('kuali.statement.type.course.creditConstraints', null, {ts '2000-01-01 00:00:00.0'}, null, 'Credit Constraints', null, 0)
insert into KSST_STMT_TYPE (TYPE_KEY, TYPE_DESC, EFF_DT, EXPIR_DT, NAME, OBJ_ID, VER_NBR) values ('kuali.statement.type.course.enrollmentEligibility', null, {ts '2000-01-01 00:00:00.0'}, null, 'Enrollment Eligibility', null, 0)
insert into KSST_STMT_TYPE (TYPE_KEY, TYPE_DESC, EFF_DT, EXPIR_DT, NAME, OBJ_ID, VER_NBR) values ('kuali.statement.type.course.recommendedPreparation', 'The courses and/or preparation added here will not prevent students from registering, but will be printed in the catalog.', {ts '2000-01-01 00:00:00.0'}, null, 'Recommended Preparation', null, 0)
insert into KSST_STMT_TYPE (TYPE_KEY, TYPE_DESC, EFF_DT, EXPIR_DT, NAME, OBJ_ID, VER_NBR) values ('kuali.statement.type.program', 'List of program requirements (rules).', {ts '2000-01-01 00:00:00.0'}, null, 'Program Requirements List', null, 0)
insert into KSST_STMT_TYPE (TYPE_KEY, TYPE_DESC, EFF_DT, EXPIR_DT, NAME, OBJ_ID, VER_NBR) values ('kuali.statement.type.program.completion', 'Add conditions that will define how students may successfully complete this program.', {ts '2000-01-01 00:00:00.0'}, null, 'Completion Requirements', null, 0)
insert into KSST_STMT_TYPE (TYPE_KEY, TYPE_DESC, EFF_DT, EXPIR_DT, NAME, OBJ_ID, VER_NBR) values ('kuali.statement.type.program.entrance', 'Add conditions that will restrict student entrance into this program.', {ts '2000-01-01 00:00:00.0'}, null, 'Entrance Requirements', null, 0)
insert into KSST_STMT_TYPE (TYPE_KEY, TYPE_DESC, EFF_DT, EXPIR_DT, NAME, OBJ_ID, VER_NBR) values ('kuali.statement.type.program.satisfactoryProgress', 'Add conditions that will define how students will maintain satisfactory standing in this program.', {ts '2000-01-01 00:00:00.0'}, null, 'Satisfactory Progress Requirements', null, 0)

insert into KSST_REQ_COM_TYPE (TYPE_KEY, TYPE_DESC, EFF_DT, EXPIR_DT, NAME, OBJ_ID, VER_NBR) values ('kuali.reqComponent.type.course.completed', 'Must have successfully completed <course>', {ts '2000-01-01 00:00:00'}, null, 'Completed course', null, 0)
insert into KSST_REQ_COM_TYPE (TYPE_KEY, TYPE_DESC, EFF_DT, EXPIR_DT, NAME, OBJ_ID, VER_NBR) values ('kuali.reqComponent.type.course.courseset.completed.all', 'Must have successfully completed all courses from <courses>', {ts '2000-01-01 00:00:00'}, null, 'All of required courses', null, 0)
insert into KSST_REQ_COM_TYPE (TYPE_KEY, TYPE_DESC, EFF_DT, EXPIR_DT, NAME, OBJ_ID, VER_NBR) values ('kuali.reqComponent.type.course.courseset.completed.max', 'Must have successfully completed no more than <n> courses from <courses>', {ts '2000-01-01 00:00:00'}, null, 'Completed n courses', null, 0)
insert into KSST_REQ_COM_TYPE (TYPE_KEY, TYPE_DESC, EFF_DT, EXPIR_DT, NAME, OBJ_ID, VER_NBR) values ('kuali.reqComponent.type.course.courseset.completed.nof', 'Must have successfully completed a minimum of <n> courses from <courses>', {ts '2000-01-01 00:00:00'}, null, 'N of required courses', null, 0)
insert into KSST_REQ_COM_TYPE (TYPE_KEY, TYPE_DESC, EFF_DT, EXPIR_DT, NAME, OBJ_ID, VER_NBR) values ('kuali.reqComponent.type.course.courseset.completed.none', 'Must not have successfully completed any courses from <courses>', {ts '2000-01-01 00:00:00'}, null, 'None of required courses', null, 0)
insert into KSST_REQ_COM_TYPE (TYPE_KEY, TYPE_DESC, EFF_DT, EXPIR_DT, NAME, OBJ_ID, VER_NBR) values ('kuali.reqComponent.type.course.courseset.credits.completed.max', 'Must successfully complete no more than  <n> credits from <courses>', {ts '2000-01-01 00:00:00'}, null, 'Maximum credit from courses', null, 0)
insert into KSST_REQ_COM_TYPE (TYPE_KEY, TYPE_DESC, EFF_DT, EXPIR_DT, NAME, OBJ_ID, VER_NBR) values ('kuali.reqComponent.type.course.courseset.credits.completed.nof', 'Must have successfully completed a minimum of <n> credits from <courses>', {ts '2000-01-01 00:00:00'}, null, 'Completed N credits from courses', null, 0)
insert into KSST_REQ_COM_TYPE (TYPE_KEY, TYPE_DESC, EFF_DT, EXPIR_DT, NAME, OBJ_ID, VER_NBR) values ('kuali.reqComponent.type.course.courseset.credits.completed.none', 'Must not have successfully completed any credits from <courses>', {ts '2000-01-01 00:00:00'}, null, 'Completed none credits from courses', null, 0)
insert into KSST_REQ_COM_TYPE (TYPE_KEY, TYPE_DESC, EFF_DT, EXPIR_DT, NAME, OBJ_ID, VER_NBR) values ('kuali.reqComponent.type.course.courseset.enrolled.all', 'Must be concurrently enrolled in all courses from <courses>', {ts '2000-01-01 00:00:00'}, null, 'Enrolled in all required courses', null, 0)
insert into KSST_REQ_COM_TYPE (TYPE_KEY, TYPE_DESC, EFF_DT, EXPIR_DT, NAME, OBJ_ID, VER_NBR) values ('kuali.reqComponent.type.course.courseset.enrolled.nof', 'Must be concurrently enrolled in a minimum of <n> courses from <courses>', {ts '2000-01-01 00:00:00'}, null, 'Enrolled in N of required courses', null, 0)
insert into KSST_REQ_COM_TYPE (TYPE_KEY, TYPE_DESC, EFF_DT, EXPIR_DT, NAME, OBJ_ID, VER_NBR) values ('kuali.reqComponent.type.course.courseset.gpa.min', 'Must have earned a minimum GPA of <GPA> in <courses>', {ts '2000-01-01 00:00:00'}, null, 'Minimum overall GPA', null, 0)
insert into KSST_REQ_COM_TYPE (TYPE_KEY, TYPE_DESC, EFF_DT, EXPIR_DT, NAME, OBJ_ID, VER_NBR) values ('kuali.reqComponent.type.course.courseset.grade.max', 'Must not have earned a grade of <gradeType> <grade> or higher in <courses>', {ts '2000-01-01 00:00:00'}, null, 'Grade in required courses', null, 0)
insert into KSST_REQ_COM_TYPE (TYPE_KEY, TYPE_DESC, EFF_DT, EXPIR_DT, NAME, OBJ_ID, VER_NBR) values ('kuali.reqComponent.type.course.courseset.grade.min', 'Must have earned a minimum grade of <gradeType> <grade> in <courses>', {ts '2000-01-01 00:00:00'}, null, 'Grade in required courses', null, 0)
insert into KSST_REQ_COM_TYPE (TYPE_KEY, TYPE_DESC, EFF_DT, EXPIR_DT, NAME, OBJ_ID, VER_NBR) values ('kuali.reqComponent.type.course.courseset.nof.grade.min', 'Must successfully complete a minimum of <n> courses from <courses> with a minimum grade of <gradeType> <grade>', {ts '2000-01-01 00:00:00'}, null, 'Minimum grade in required courses', null, 0)
insert into KSST_REQ_COM_TYPE (TYPE_KEY, TYPE_DESC, EFF_DT, EXPIR_DT, NAME, OBJ_ID, VER_NBR) values ('kuali.reqComponent.type.course.credits.repeat.max', 'May be repeated for a maximum of <n> credits', {ts '2000-01-01 00:00:00'}, null, 'Course repeatable for maximum credit', null, 0)
insert into KSST_REQ_COM_TYPE (TYPE_KEY, TYPE_DESC, EFF_DT, EXPIR_DT, NAME, OBJ_ID, VER_NBR) values ('kuali.reqComponent.type.course.enrolled', 'Must be concurrently enrolled in <course> ', {ts '2000-01-01 00:00:00'}, null, 'Enrolled in course', null, 0)
insert into KSST_REQ_COM_TYPE (TYPE_KEY, TYPE_DESC, EFF_DT, EXPIR_DT, NAME, OBJ_ID, VER_NBR) values ('kuali.reqComponent.type.course.notcompleted', 'Must not have successfully completed <course> ', {ts '2000-01-01 00:00:00'}, null, 'Not completed course', null, 0)
insert into KSST_REQ_COM_TYPE (TYPE_KEY, TYPE_DESC, EFF_DT, EXPIR_DT, NAME, OBJ_ID, VER_NBR) values ('kuali.reqComponent.type.course.org.credits.completed.min', 'Must have successfully completed a minimum of <n> credits from courses in the <org>', {ts '2000-01-01 00:00:00'}, null, 'Minimum credit completion in organization/department', null, 0)
insert into KSST_REQ_COM_TYPE (TYPE_KEY, TYPE_DESC, EFF_DT, EXPIR_DT, NAME, OBJ_ID, VER_NBR) values ('kuali.reqComponent.type.course.org.program.admitted', 'Must be admitted to any program offered at the course campus location', {ts '2000-01-01 00:00:00'}, null, 'Program admission at campus', null, 0)
insert into KSST_REQ_COM_TYPE (TYPE_KEY, TYPE_DESC, EFF_DT, EXPIR_DT, NAME, OBJ_ID, VER_NBR) values ('kuali.reqComponent.type.course.permission.instructor.required', 'Permission of instructor required', {ts '2000-01-01 00:00:00'}, null, 'Instructor permission required', null, 0)
insert into KSST_REQ_COM_TYPE (TYPE_KEY, TYPE_DESC, EFF_DT, EXPIR_DT, NAME, OBJ_ID, VER_NBR) values ('kuali.reqComponent.type.course.permission.org.required', 'Permission of <administering org> required', {ts '2000-01-01 00:00:00'}, null, 'Organization permisison required', null, 0)
insert into KSST_REQ_COM_TYPE (TYPE_KEY, TYPE_DESC, EFF_DT, EXPIR_DT, NAME, OBJ_ID, VER_NBR) values ('kuali.reqComponent.type.course.program.admitted', 'Must have been admitted to the <program> program', {ts '2000-01-01 00:00:00'}, null, 'Program admission restriction', null, 0)
insert into KSST_REQ_COM_TYPE (TYPE_KEY, TYPE_DESC, EFF_DT, EXPIR_DT, NAME, OBJ_ID, VER_NBR) values ('kuali.reqComponent.type.course.program.admitted.org.duration', 'Students admitted to <program> may take no more than <n> courses in the <org> in <duration> <durationType>', {ts '2000-01-01 00:00:00'}, null, 'Program admission for courses in duration', null, 0)
insert into KSST_REQ_COM_TYPE (TYPE_KEY, TYPE_DESC, EFF_DT, EXPIR_DT, NAME, OBJ_ID, VER_NBR) values ('kuali.reqComponent.type.course.program.notadmitted', 'Must not have been admitted to the <program> program', {ts '2000-01-01 00:00:00'}, null, 'Program admission restriction', null, 0)
insert into KSST_REQ_COM_TYPE (TYPE_KEY, TYPE_DESC, EFF_DT, EXPIR_DT, NAME, OBJ_ID, VER_NBR) values ('kuali.reqComponent.type.course.program.notadmitted.org.duration', 'Students not admitted to <program> may take no more than <n> courses in the <org> in <duration> <durationType>', {ts '2000-01-01 00:00:00'}, null, 'Program admission course restriction in duration', null, 0)
insert into KSST_REQ_COM_TYPE (TYPE_KEY, TYPE_DESC, EFF_DT, EXPIR_DT, NAME, OBJ_ID, VER_NBR) values ('kuali.reqComponent.type.course.test.score.max', 'Must have achieved a score no higher than <score> on <test> ', {ts '2000-01-01 00:00:00'}, null, 'Maximum score on test', null, 0)
insert into KSST_REQ_COM_TYPE (TYPE_KEY, TYPE_DESC, EFF_DT, EXPIR_DT, NAME, OBJ_ID, VER_NBR) values ('kuali.reqComponent.type.course.test.score.min', 'Must have achieved a minimum score of <score> on <tests>', {ts '2000-01-01 00:00:00'}, null, 'Minimum score on test', null, 0)
insert into KSST_REQ_COM_TYPE (TYPE_KEY, TYPE_DESC, EFF_DT, EXPIR_DT, NAME, OBJ_ID, VER_NBR) values ('kuali.reqComponent.type.program.admitted.credits', 'Must be admitted to program prior to earning <n> credits', {ts '2000-01-01 00:00:00'}, null, 'Earning n credits', null, 0)
insert into KSST_REQ_COM_TYPE (TYPE_KEY, TYPE_DESC, EFF_DT, EXPIR_DT, NAME, OBJ_ID, VER_NBR) values ('kuali.reqComponent.type.program.candidate.status.duration', 'Must attain candidate status within <n> <duration> after program entry term', {ts '2000-01-01 00:00:00'}, null, 'Candidate status within duration after program entry', null, 0)
insert into KSST_REQ_COM_TYPE (TYPE_KEY, TYPE_DESC, EFF_DT, EXPIR_DT, NAME, OBJ_ID, VER_NBR) values ('kuali.reqComponent.type.program.completion.duration', 'Must not exceed <n> <duration> without completing program', {ts '2000-01-01 00:00:00'}, null, 'Not exceed n duration without completing program', null, 0)
insert into KSST_REQ_COM_TYPE (TYPE_KEY, TYPE_DESC, EFF_DT, EXPIR_DT, NAME, OBJ_ID, VER_NBR) values ('kuali.reqComponent.type.program.completion.duration.afterentry', 'Must complete program within <n> <durations> after program entry term', {ts '2000-01-01 00:00:00'}, null, 'Complete program within duration after program entry', null, 0)
insert into KSST_REQ_COM_TYPE (TYPE_KEY, TYPE_DESC, EFF_DT, EXPIR_DT, NAME, OBJ_ID, VER_NBR) values ('kuali.reqComponent.type.program.credits.max', 'Must not have earned more than <n> credits', {ts '2000-01-01 00:00:00'}, null, 'Earned more than n credits', null, 0)
insert into KSST_REQ_COM_TYPE (TYPE_KEY, TYPE_DESC, EFF_DT, EXPIR_DT, NAME, OBJ_ID, VER_NBR) values ('kuali.reqComponent.type.program.credits.min', 'Must have earned a minimum of <n> total credits', {ts '2000-01-01 00:00:00'}, null, 'Earned minimum n credits', null, 0)
insert into KSST_REQ_COM_TYPE (TYPE_KEY, TYPE_DESC, EFF_DT, EXPIR_DT, NAME, OBJ_ID, VER_NBR) values ('kuali.reqComponent.type.program.cumulative.gpa.min', 'Must have earned a minimum cumulative GPA of <GPA>', {ts '2000-01-01 00:00:00'}, {ts '2037-12-31 00:00:00'}, 'Minimum cumulative GPA', null, 0)
insert into KSST_REQ_COM_TYPE (TYPE_KEY, TYPE_DESC, EFF_DT, EXPIR_DT, NAME, OBJ_ID, VER_NBR) values ('kuali.reqComponent.type.program.duration.gpa.min', 'Must have earned a minimum <duration> GPA of <GPA>', {ts '2000-01-01 00:00:00'}, {ts '2037-12-31 00:00:00'}, 'Minimum duration GPA', null, 0)
insert into KSST_REQ_COM_TYPE (TYPE_KEY, TYPE_DESC, EFF_DT, EXPIR_DT, NAME, OBJ_ID, VER_NBR) values ('kuali.reqComponent.type.program.enrolled.credits.final', '<program> student must be enrolled in their graduation major for the final <n> credits taken', {ts '2000-01-01 00:00:00'}, null, 'Program enrolled in graduation major for final credits', null, 0)
insert into KSST_REQ_COM_TYPE (TYPE_KEY, TYPE_DESC, EFF_DT, EXPIR_DT, NAME, OBJ_ID, VER_NBR) values ('kuali.reqComponent.type.program.minor.admitted.classstanding', 'Must be admitted to a minor program only if they have junior or senior class standing', {ts '2000-01-01 00:00:00'}, null, 'Admitted to minor program for junior or senior class standing', null, 0)
insert into KSST_REQ_COM_TYPE (TYPE_KEY, TYPE_DESC, EFF_DT, EXPIR_DT, NAME, OBJ_ID, VER_NBR) values ('kuali.reqComponent.type.program.minors.nof', 'Must earn no more than <n> minors as part of a program', {ts '2000-01-01 00:00:00'}, null, 'Minors as part of a program', null, 0)
insert into KSST_REQ_COM_TYPE (TYPE_KEY, TYPE_DESC, EFF_DT, EXPIR_DT, NAME, OBJ_ID, VER_NBR) values ('kuali.reqComponent.type.program.programset.completed.all', 'Must have successfully completed all of <programs>', {ts '2000-01-01 00:00:00'}, null, 'All of required programs', null, 0)
insert into KSST_REQ_COM_TYPE (TYPE_KEY, TYPE_DESC, EFF_DT, EXPIR_DT, NAME, OBJ_ID, VER_NBR) values ('kuali.reqComponent.type.program.programset.completed.nof', 'Must have successfully completed a minimum of <n> programs from <programs>', {ts '2000-01-01 00:00:00'}, null, 'Minimum of n programs from programs', null, 0)
insert into KSST_REQ_COM_TYPE (TYPE_KEY, TYPE_DESC, EFF_DT, EXPIR_DT, NAME, OBJ_ID, VER_NBR) values ('kuali.reqComponent.type.program.programset.coursecompleted.nof', 'Must have successfully completed a minimum of <n> courses from <programs>', {ts '2000-01-01 00:00:00'}, null, 'Minimum courses from programs', null, 0)
insert into KSST_REQ_COM_TYPE (TYPE_KEY, TYPE_DESC, EFF_DT, EXPIR_DT, NAME, OBJ_ID, VER_NBR) values ('kuali.reqComponent.type.program.programset.notcompleted.nof', 'Must not have successfully completed any of <programs>', {ts '2000-01-01 00:00:00'}, null, 'Not completed any programs', null, 0)
insert into KSST_REQ_COM_TYPE (TYPE_KEY, TYPE_DESC, EFF_DT, EXPIR_DT, NAME, OBJ_ID, VER_NBR) values ('kuali.reqComponent.type.program.residence.credits.final', '<program> students must take their final <n> credits in residence', {ts '2000-01-01 00:00:00'}, null, 'Program final credits in residence', null, 0)

// Statement type -> requirement component type mapping
INSERT INTO KSST_STMT_TYP_JN_RC_TYP (ID,REQ_COM_TYPE_ID,SORT_ORDER,STMT_TYPE_ID,VER_NBR) VALUES('CA-2', 'kuali.reqComponent.type.course.courseset.completed.none', 2, 'kuali.statement.type.course.academicReadiness.antireq', 0)
INSERT INTO KSST_STMT_TYP_JN_RC_TYP (ID,REQ_COM_TYPE_ID,SORT_ORDER,STMT_TYPE_ID,VER_NBR) VALUES('CA-3', 'kuali.reqComponent.type.course.courseset.credits.completed.none', 3, 'kuali.statement.type.course.academicReadiness.antireq', 0)
INSERT INTO KSST_STMT_TYP_JN_RC_TYP (ID,REQ_COM_TYPE_ID,SORT_ORDER,STMT_TYPE_ID,VER_NBR) VALUES('CA-4', 'kuali.reqComponent.type.course.courseset.credits.completed.max', 4, 'kuali.statement.type.course.academicReadiness.antireq', 0)
INSERT INTO KSST_STMT_TYP_JN_RC_TYP (ID,REQ_COM_TYPE_ID,SORT_ORDER,STMT_TYPE_ID,VER_NBR) VALUES('CA-5', 'kuali.reqComponent.type.course.test.score.max', 5, 'kuali.statement.type.course.academicReadiness.antireq', 0)
INSERT INTO KSST_STMT_TYP_JN_RC_TYP (ID,REQ_COM_TYPE_ID,SORT_ORDER,STMT_TYPE_ID,VER_NBR) VALUES('CC-1', 'kuali.reqComponent.type.course.enrolled', 1, 'kuali.statement.type.course.academicReadiness.coreq', 0)
INSERT INTO KSST_STMT_TYP_JN_RC_TYP (ID,REQ_COM_TYPE_ID,SORT_ORDER,STMT_TYPE_ID,VER_NBR) VALUES('CC-2', 'kuali.reqComponent.type.course.courseset.enrolled.nof', 2, 'kuali.statement.type.course.academicReadiness.coreq', 0)
-- TODO fill in req com type and other data for 'kuali.reqComponent.type.course.courseset.enrolled.all'
--INSERT INTO KSST_STMT_TYP_JN_RC_TYP (ID,REQ_COM_TYPE_ID,SORT_ORDER,STMT_TYPE_ID,VER_NBR) VALUES('CC-3', 'kuali.reqComponent.type.course.courseset.enrolled.all', 3, 'kuali.statement.type.course.academicReadiness.coreq', 0)
INSERT INTO KSST_STMT_TYP_JN_RC_TYP (ID,REQ_COM_TYPE_ID,SORT_ORDER,STMT_TYPE_ID,VER_NBR) VALUES('CCRC-1', 'kuali.reqComponent.type.course.notcompleted', 1, 'kuali.statement.type.course.credit.restriction', 0)
INSERT INTO KSST_STMT_TYP_JN_RC_TYP (ID,REQ_COM_TYPE_ID,SORT_ORDER,STMT_TYPE_ID,VER_NBR) VALUES('CCRC-2', 'kuali.reqComponent.type.course.courseset.completed.none', 2, 'kuali.statement.type.course.credit.restriction', 0)
INSERT INTO KSST_STMT_TYP_JN_RC_TYP (ID,REQ_COM_TYPE_ID,SORT_ORDER,STMT_TYPE_ID,VER_NBR) VALUES('CP-1', 'kuali.reqComponent.type.course.courseset.completed.all', 1, 'kuali.statement.type.course.academicReadiness.prereq', 0)
INSERT INTO KSST_STMT_TYP_JN_RC_TYP (ID,REQ_COM_TYPE_ID,SORT_ORDER,STMT_TYPE_ID,VER_NBR) VALUES('CP-10', 'kuali.reqComponent.type.course.courseset.nof.grade.min', 10, 'kuali.statement.type.course.academicReadiness.prereq', 0)
INSERT INTO KSST_STMT_TYP_JN_RC_TYP (ID,REQ_COM_TYPE_ID,SORT_ORDER,STMT_TYPE_ID,VER_NBR) VALUES('CP-11', 'kuali.reqComponent.type.course.program.admitted.org.duration', 11, 'kuali.statement.type.course.academicReadiness.prereq', 0)
INSERT INTO KSST_STMT_TYP_JN_RC_TYP (ID,REQ_COM_TYPE_ID,SORT_ORDER,STMT_TYPE_ID,VER_NBR) VALUES('CP-12', 'kuali.reqComponent.type.course.org.credits.completed.min', 12, 'kuali.statement.type.course.academicReadiness.prereq', 0)
INSERT INTO KSST_STMT_TYP_JN_RC_TYP (ID,REQ_COM_TYPE_ID,SORT_ORDER,STMT_TYPE_ID,VER_NBR) VALUES('CP-13', 'kuali.reqComponent.type.course.completed', 13, 'kuali.statement.type.course.academicReadiness.prereq', 0)
INSERT INTO KSST_STMT_TYP_JN_RC_TYP (ID,REQ_COM_TYPE_ID,SORT_ORDER,STMT_TYPE_ID,VER_NBR) VALUES('CP-2', 'kuali.reqComponent.type.course.courseset.completed.nof', 2, 'kuali.statement.type.course.academicReadiness.prereq', 0)
INSERT INTO KSST_STMT_TYP_JN_RC_TYP (ID,REQ_COM_TYPE_ID,SORT_ORDER,STMT_TYPE_ID,VER_NBR) VALUES('CP-3', 'kuali.reqComponent.type.course.courseset.credits.completed.nof', 3, 'kuali.statement.type.course.academicReadiness.prereq', 0)
INSERT INTO KSST_STMT_TYP_JN_RC_TYP (ID,REQ_COM_TYPE_ID,SORT_ORDER,STMT_TYPE_ID,VER_NBR) VALUES('CP-4', 'kuali.reqComponent.type.course.courseset.gpa.min', 4, 'kuali.statement.type.course.academicReadiness.prereq', 0)
INSERT INTO KSST_STMT_TYP_JN_RC_TYP (ID,REQ_COM_TYPE_ID,SORT_ORDER,STMT_TYPE_ID,VER_NBR) VALUES('CP-5', 'kuali.reqComponent.type.course.courseset.grade.min', 5, 'kuali.statement.type.course.academicReadiness.prereq', 0)
INSERT INTO KSST_STMT_TYP_JN_RC_TYP (ID,REQ_COM_TYPE_ID,SORT_ORDER,STMT_TYPE_ID,VER_NBR) VALUES('CP-6', 'kuali.reqComponent.type.course.courseset.grade.max', 6, 'kuali.statement.type.course.academicReadiness.prereq', 0)
INSERT INTO KSST_STMT_TYP_JN_RC_TYP (ID,REQ_COM_TYPE_ID,SORT_ORDER,STMT_TYPE_ID,VER_NBR) VALUES('CP-7', 'kuali.reqComponent.type.course.permission.org.required', 7, 'kuali.statement.type.course.academicReadiness.prereq', 0)
INSERT INTO KSST_STMT_TYP_JN_RC_TYP (ID,REQ_COM_TYPE_ID,SORT_ORDER,STMT_TYPE_ID,VER_NBR) VALUES('CP-8', 'kuali.reqComponent.type.course.permission.instructor.required', 8, 'kuali.statement.type.course.academicReadiness.prereq', 0)
INSERT INTO KSST_STMT_TYP_JN_RC_TYP (ID,REQ_COM_TYPE_ID,SORT_ORDER,STMT_TYPE_ID,VER_NBR) VALUES('CP-9', 'kuali.reqComponent.type.course.test.score.min', 9, 'kuali.statement.type.course.academicReadiness.prereq', 0)
INSERT INTO KSST_STMT_TYP_JN_RC_TYP (ID,REQ_COM_TYPE_ID,SORT_ORDER,STMT_TYPE_ID,VER_NBR) VALUES('CRC-1', 'kuali.reqComponent.type.course.credits.repeat.max', 1, 'kuali.statement.type.course.credit.repeatable', 0)
INSERT INTO KSST_STMT_TYP_JN_RC_TYP (ID,REQ_COM_TYPE_ID,SORT_ORDER,STMT_TYPE_ID,VER_NBR) VALUES('CRP-1', 'kuali.reqComponent.type.course.completed', 1, 'kuali.statement.type.course.recommendedPreparation', 0)
INSERT INTO KSST_STMT_TYP_JN_RC_TYP (ID,REQ_COM_TYPE_ID,SORT_ORDER,STMT_TYPE_ID,VER_NBR) VALUES('CRP-2', 'kuali.reqComponent.type.course.org.credits.completed.min', 2, 'kuali.statement.type.course.recommendedPreparation', 0)
INSERT INTO KSST_STMT_TYP_JN_RC_TYP (ID,REQ_COM_TYPE_ID,SORT_ORDER,STMT_TYPE_ID,VER_NBR) VALUES('CS-1', 'kuali.reqComponent.type.course.program.notadmitted.org.duration', 1, 'kuali.statement.type.course.academicReadiness.studentEligibility', 0)
INSERT INTO KSST_STMT_TYP_JN_RC_TYP (ID,REQ_COM_TYPE_ID,SORT_ORDER,STMT_TYPE_ID,VER_NBR) VALUES('CS-2', 'kuali.reqComponent.type.course.org.program.admitted', 2, 'kuali.statement.type.course.academicReadiness.studentEligibility', 0)
INSERT INTO KSST_STMT_TYP_JN_RC_TYP (ID,REQ_COM_TYPE_ID,SORT_ORDER,STMT_TYPE_ID,VER_NBR) VALUES('CS-3', 'kuali.reqComponent.type.course.program.notadmitted', 3, 'kuali.statement.type.course.academicReadiness.studentEligibility', 0)
INSERT INTO KSST_STMT_TYP_JN_RC_TYP (ID,REQ_COM_TYPE_ID,SORT_ORDER,STMT_TYPE_ID,VER_NBR) VALUES('CS-4', 'kuali.reqComponent.type.course.program.admitted', 4, 'kuali.statement.type.course.academicReadiness.studentEligibility', 0)
INSERT INTO KSST_STMT_TYP_JN_RC_TYP (ID,REQ_COM_TYPE_ID,SORT_ORDER,STMT_TYPE_ID,VER_NBR) VALUES('CSP-1', 'kuali.reqComponent.type.course.completed', 1, 'kuali.statement.type.course.academicReadiness.studentEligibilityPrereq', 0)
INSERT INTO KSST_STMT_TYP_JN_RC_TYP (ID,REQ_COM_TYPE_ID,SORT_ORDER,STMT_TYPE_ID,VER_NBR) VALUES('CSP-10', 'kuali.reqComponent.type.course.program.admitted', 10, 'kuali.statement.type.course.academicReadiness.studentEligibilityPrereq', 0)
INSERT INTO KSST_STMT_TYP_JN_RC_TYP (ID,REQ_COM_TYPE_ID,SORT_ORDER,STMT_TYPE_ID,VER_NBR) VALUES('CSP-11', 'kuali.reqComponent.type.course.org.program.admitted', 11, 'kuali.statement.type.course.academicReadiness.studentEligibilityPrereq', 0)
INSERT INTO KSST_STMT_TYP_JN_RC_TYP (ID,REQ_COM_TYPE_ID,SORT_ORDER,STMT_TYPE_ID,VER_NBR) VALUES('CSP-12', 'kuali.reqComponent.type.course.program.notadmitted', 12, 'kuali.statement.type.course.academicReadiness.studentEligibilityPrereq', 0)
INSERT INTO KSST_STMT_TYP_JN_RC_TYP (ID,REQ_COM_TYPE_ID,SORT_ORDER,STMT_TYPE_ID,VER_NBR) VALUES('CSP-13', 'kuali.reqComponent.type.course.permission.instructor.required', 13, 'kuali.statement.type.course.academicReadiness.studentEligibilityPrereq', 0)
INSERT INTO KSST_STMT_TYP_JN_RC_TYP (ID,REQ_COM_TYPE_ID,SORT_ORDER,STMT_TYPE_ID,VER_NBR) VALUES('CSP-14', 'kuali.reqComponent.type.course.permission.org.required', 14, 'kuali.statement.type.course.academicReadiness.studentEligibilityPrereq', 0)
INSERT INTO KSST_STMT_TYP_JN_RC_TYP (ID,REQ_COM_TYPE_ID,SORT_ORDER,STMT_TYPE_ID,VER_NBR) VALUES('CSP-15', 'kuali.reqComponent.type.course.test.score.min', 15, 'kuali.statement.type.course.academicReadiness.studentEligibilityPrereq', 0)
INSERT INTO KSST_STMT_TYP_JN_RC_TYP (ID,REQ_COM_TYPE_ID,SORT_ORDER,STMT_TYPE_ID,VER_NBR) VALUES('CSP-16', 'kuali.reqComponent.type.course.program.admitted.org.duration', 16, 'kuali.statement.type.course.academicReadiness.studentEligibilityPrereq', 0)
INSERT INTO KSST_STMT_TYP_JN_RC_TYP (ID,REQ_COM_TYPE_ID,SORT_ORDER,STMT_TYPE_ID,VER_NBR) VALUES('CSP-17', 'kuali.reqComponent.type.course.program.notadmitted.org.duration', 17, 'kuali.statement.type.course.academicReadiness.studentEligibilityPrereq', 0)
INSERT INTO KSST_STMT_TYP_JN_RC_TYP (ID,REQ_COM_TYPE_ID,SORT_ORDER,STMT_TYPE_ID,VER_NBR) VALUES('CSP-2', 'kuali.reqComponent.type.course.courseset.completed.all', 2, 'kuali.statement.type.course.academicReadiness.studentEligibilityPrereq', 0)
INSERT INTO KSST_STMT_TYP_JN_RC_TYP (ID,REQ_COM_TYPE_ID,SORT_ORDER,STMT_TYPE_ID,VER_NBR) VALUES('CSP-3', 'kuali.reqComponent.type.course.courseset.completed.nof', 3, 'kuali.statement.type.course.academicReadiness.studentEligibilityPrereq', 0)
INSERT INTO KSST_STMT_TYP_JN_RC_TYP (ID,REQ_COM_TYPE_ID,SORT_ORDER,STMT_TYPE_ID,VER_NBR) VALUES('CSP-4', 'kuali.reqComponent.type.course.courseset.credits.completed.nof', 4, 'kuali.statement.type.course.academicReadiness.studentEligibilityPrereq', 0)
INSERT INTO KSST_STMT_TYP_JN_RC_TYP (ID,REQ_COM_TYPE_ID,SORT_ORDER,STMT_TYPE_ID,VER_NBR) VALUES('CSP-5', 'kuali.reqComponent.type.course.org.credits.completed.min', 5, 'kuali.statement.type.course.academicReadiness.studentEligibilityPrereq', 0)
INSERT INTO KSST_STMT_TYP_JN_RC_TYP (ID,REQ_COM_TYPE_ID,SORT_ORDER,STMT_TYPE_ID,VER_NBR) VALUES('CSP-6', 'kuali.reqComponent.type.course.courseset.gpa.min', 6, 'kuali.statement.type.course.academicReadiness.studentEligibilityPrereq', 0)
INSERT INTO KSST_STMT_TYP_JN_RC_TYP (ID,REQ_COM_TYPE_ID,SORT_ORDER,STMT_TYPE_ID,VER_NBR) VALUES('CSP-7', 'kuali.reqComponent.type.course.courseset.grade.min', 7, 'kuali.statement.type.course.academicReadiness.studentEligibilityPrereq', 0)
INSERT INTO KSST_STMT_TYP_JN_RC_TYP (ID,REQ_COM_TYPE_ID,SORT_ORDER,STMT_TYPE_ID,VER_NBR) VALUES('CSP-8', 'kuali.reqComponent.type.course.courseset.nof.grade.min', 8, 'kuali.statement.type.course.academicReadiness.studentEligibilityPrereq', 0)
INSERT INTO KSST_STMT_TYP_JN_RC_TYP (ID,REQ_COM_TYPE_ID,SORT_ORDER,STMT_TYPE_ID,VER_NBR) VALUES('CSP-9', 'kuali.reqComponent.type.course.courseset.grade.max', 9, 'kuali.statement.type.course.academicReadiness.studentEligibilityPrereq', 0)
INSERT INTO KSST_STMT_TYP_JN_RC_TYP (ID,REQ_COM_TYPE_ID,SORT_ORDER,STMT_TYPE_ID,VER_NBR) VALUES('PC-1', 'kuali.reqComponent.type.program.programset.completed.nof', 1, 'kuali.statement.type.program.completion', 0)
INSERT INTO KSST_STMT_TYP_JN_RC_TYP (ID,REQ_COM_TYPE_ID,SORT_ORDER,STMT_TYPE_ID,VER_NBR) VALUES('PC-10', 'kuali.reqComponent.type.course.courseset.completed.nof', 10, 'kuali.statement.type.program.completion', 0)
INSERT INTO KSST_STMT_TYP_JN_RC_TYP (ID,REQ_COM_TYPE_ID,SORT_ORDER,STMT_TYPE_ID,VER_NBR) VALUES('PC-11', 'kuali.reqComponent.type.course.courseset.completed.all', 11, 'kuali.statement.type.program.completion', 0)
INSERT INTO KSST_STMT_TYP_JN_RC_TYP (ID,REQ_COM_TYPE_ID,SORT_ORDER,STMT_TYPE_ID,VER_NBR) VALUES('PC-12', 'kuali.reqComponent.type.course.courseset.credits.completed.nof', 12, 'kuali.statement.type.program.completion', 0)
INSERT INTO KSST_STMT_TYP_JN_RC_TYP (ID,REQ_COM_TYPE_ID,SORT_ORDER,STMT_TYPE_ID,VER_NBR) VALUES('PC-13', 'kuali.reqComponent.type.course.courseset.grade.min', 13, 'kuali.statement.type.program.completion', 0)
INSERT INTO KSST_STMT_TYP_JN_RC_TYP (ID,REQ_COM_TYPE_ID,SORT_ORDER,STMT_TYPE_ID,VER_NBR) VALUES('PC-14', 'kuali.reqComponent.type.course.courseset.nof.grade.min', 14, 'kuali.statement.type.program.completion', 0)
INSERT INTO KSST_STMT_TYP_JN_RC_TYP (ID,REQ_COM_TYPE_ID,SORT_ORDER,STMT_TYPE_ID,VER_NBR) VALUES('PC-15', 'kuali.reqComponent.type.course.org.credits.completed.min', 15, 'kuali.statement.type.program.completion', 0)
INSERT INTO KSST_STMT_TYP_JN_RC_TYP (ID,REQ_COM_TYPE_ID,SORT_ORDER,STMT_TYPE_ID,VER_NBR) VALUES('PC-16', 'kuali.reqComponent.type.course.completed', 16, 'kuali.statement.type.program.completion', 0)
INSERT INTO KSST_STMT_TYP_JN_RC_TYP (ID,REQ_COM_TYPE_ID,SORT_ORDER,STMT_TYPE_ID,VER_NBR) VALUES('PC-17', 'kuali.reqComponent.type.course.courseset.completed.max', 17, 'kuali.statement.type.program.completion', 0)
INSERT INTO KSST_STMT_TYP_JN_RC_TYP (ID,REQ_COM_TYPE_ID,SORT_ORDER,STMT_TYPE_ID,VER_NBR) VALUES('PC-2', 'kuali.reqComponent.type.program.programset.completed.all', 2, 'kuali.statement.type.program.completion', 0)
-- TODO
--INSERT INTO KSST_STMT_TYP_JN_RC_TYP (ID,REQ_COM_TYPE_ID,SORT_ORDER,STMT_TYPE_ID,VER_NBR) VALUES('PC-20', 'kuali.reqComponent.type.program.cumulative.gpa.min', 18, 'kuali.statement.type.program.completion', 0)
INSERT INTO KSST_STMT_TYP_JN_RC_TYP (ID,REQ_COM_TYPE_ID,SORT_ORDER,STMT_TYPE_ID,VER_NBR) VALUES('PC-3', 'kuali.reqComponent.type.program.programset.coursecompleted.nof', 3, 'kuali.statement.type.program.completion', 0)
INSERT INTO KSST_STMT_TYP_JN_RC_TYP (ID,REQ_COM_TYPE_ID,SORT_ORDER,STMT_TYPE_ID,VER_NBR) VALUES('PC-4', 'kuali.reqComponent.type.course.courseset.gpa.min', 4, 'kuali.statement.type.program.completion', 0)
INSERT INTO KSST_STMT_TYP_JN_RC_TYP (ID,REQ_COM_TYPE_ID,SORT_ORDER,STMT_TYPE_ID,VER_NBR) VALUES('PC-5', 'kuali.reqComponent.type.program.credits.min', 5, 'kuali.statement.type.program.completion', 0)
INSERT INTO KSST_STMT_TYP_JN_RC_TYP (ID,REQ_COM_TYPE_ID,SORT_ORDER,STMT_TYPE_ID,VER_NBR) VALUES('PC-6', 'kuali.reqComponent.type.program.residence.credits.final', 6, 'kuali.statement.type.program.completion', 0)
INSERT INTO KSST_STMT_TYP_JN_RC_TYP (ID,REQ_COM_TYPE_ID,SORT_ORDER,STMT_TYPE_ID,VER_NBR) VALUES('PC-7', 'kuali.reqComponent.type.program.enrolled.credits.final', 7, 'kuali.statement.type.program.completion', 0)
INSERT INTO KSST_STMT_TYP_JN_RC_TYP (ID,REQ_COM_TYPE_ID,SORT_ORDER,STMT_TYPE_ID,VER_NBR) VALUES('PC-8', 'kuali.reqComponent.type.program.completion.duration.afterentry', 8, 'kuali.statement.type.program.completion', 0)
INSERT INTO KSST_STMT_TYP_JN_RC_TYP (ID,REQ_COM_TYPE_ID,SORT_ORDER,STMT_TYPE_ID,VER_NBR) VALUES('PC-9', 'kuali.reqComponent.type.program.minors.nof', 9, 'kuali.statement.type.program.completion', 0)
INSERT INTO KSST_STMT_TYP_JN_RC_TYP (ID,REQ_COM_TYPE_ID,SORT_ORDER,STMT_TYPE_ID,VER_NBR) VALUES('PE-1', 'kuali.reqComponent.type.program.programset.completed.nof', 1, 'kuali.statement.type.program.entrance', 0)
INSERT INTO KSST_STMT_TYP_JN_RC_TYP (ID,REQ_COM_TYPE_ID,SORT_ORDER,STMT_TYPE_ID,VER_NBR) VALUES('PE-10', 'kuali.reqComponent.type.course.courseset.completed.none', 10, 'kuali.statement.type.program.entrance', 0)
INSERT INTO KSST_STMT_TYP_JN_RC_TYP (ID,REQ_COM_TYPE_ID,SORT_ORDER,STMT_TYPE_ID,VER_NBR) VALUES('PE-11', 'kuali.reqComponent.type.course.courseset.completed.all', 11, 'kuali.statement.type.program.entrance', 0)
INSERT INTO KSST_STMT_TYP_JN_RC_TYP (ID,REQ_COM_TYPE_ID,SORT_ORDER,STMT_TYPE_ID,VER_NBR) VALUES('PE-12', 'kuali.reqComponent.type.course.courseset.credits.completed.nof', 12, 'kuali.statement.type.program.entrance', 0)
INSERT INTO KSST_STMT_TYP_JN_RC_TYP (ID,REQ_COM_TYPE_ID,SORT_ORDER,STMT_TYPE_ID,VER_NBR) VALUES('PE-13', 'kuali.reqComponent.type.course.courseset.credits.completed.none', 13, 'kuali.statement.type.program.entrance', 0)
INSERT INTO KSST_STMT_TYP_JN_RC_TYP (ID,REQ_COM_TYPE_ID,SORT_ORDER,STMT_TYPE_ID,VER_NBR) VALUES('PE-14', 'kuali.reqComponent.type.course.courseset.credits.completed.max', 14, 'kuali.statement.type.program.entrance', 0)
INSERT INTO KSST_STMT_TYP_JN_RC_TYP (ID,REQ_COM_TYPE_ID,SORT_ORDER,STMT_TYPE_ID,VER_NBR) VALUES('PE-15', 'kuali.reqComponent.type.course.test.score.max', 15, 'kuali.statement.type.program.entrance', 0)
INSERT INTO KSST_STMT_TYP_JN_RC_TYP (ID,REQ_COM_TYPE_ID,SORT_ORDER,STMT_TYPE_ID,VER_NBR) VALUES('PE-16', 'kuali.reqComponent.type.course.courseset.grade.min', 16, 'kuali.statement.type.program.entrance', 0)
INSERT INTO KSST_STMT_TYP_JN_RC_TYP (ID,REQ_COM_TYPE_ID,SORT_ORDER,STMT_TYPE_ID,VER_NBR) VALUES('PE-17', 'kuali.reqComponent.type.course.courseset.nof.grade.min', 17, 'kuali.statement.type.program.entrance', 0)
INSERT INTO KSST_STMT_TYP_JN_RC_TYP (ID,REQ_COM_TYPE_ID,SORT_ORDER,STMT_TYPE_ID,VER_NBR) VALUES('PE-18', 'kuali.reqComponent.type.course.courseset.grade.max', 18, 'kuali.statement.type.program.entrance', 0)
INSERT INTO KSST_STMT_TYP_JN_RC_TYP (ID,REQ_COM_TYPE_ID,SORT_ORDER,STMT_TYPE_ID,VER_NBR) VALUES('PE-19', 'kuali.reqComponent.type.course.completed', 19, 'kuali.statement.type.program.entrance', 0)
INSERT INTO KSST_STMT_TYP_JN_RC_TYP (ID,REQ_COM_TYPE_ID,SORT_ORDER,STMT_TYPE_ID,VER_NBR) VALUES('PE-2', 'kuali.reqComponent.type.program.programset.notcompleted.nof', 2, 'kuali.statement.type.program.entrance', 0)
INSERT INTO KSST_STMT_TYP_JN_RC_TYP (ID,REQ_COM_TYPE_ID,SORT_ORDER,STMT_TYPE_ID,VER_NBR) VALUES('PE-3', 'kuali.reqComponent.type.program.programset.completed.all', 3, 'kuali.statement.type.program.entrance', 0)
INSERT INTO KSST_STMT_TYP_JN_RC_TYP (ID,REQ_COM_TYPE_ID,SORT_ORDER,STMT_TYPE_ID,VER_NBR) VALUES('PE-4', 'kuali.reqComponent.type.program.programset.coursecompleted.nof', 4, 'kuali.statement.type.program.entrance', 0)
INSERT INTO KSST_STMT_TYP_JN_RC_TYP (ID,REQ_COM_TYPE_ID,SORT_ORDER,STMT_TYPE_ID,VER_NBR) VALUES('PE-5', 'kuali.reqComponent.type.course.courseset.gpa.min', 5, 'kuali.statement.type.program.entrance', 0)
INSERT INTO KSST_STMT_TYP_JN_RC_TYP (ID,REQ_COM_TYPE_ID,SORT_ORDER,STMT_TYPE_ID,VER_NBR) VALUES('PE-6', 'kuali.reqComponent.type.course.test.score.min', 6, 'kuali.statement.type.program.entrance', 0)
INSERT INTO KSST_STMT_TYP_JN_RC_TYP (ID,REQ_COM_TYPE_ID,SORT_ORDER,STMT_TYPE_ID,VER_NBR) VALUES('PE-7', 'kuali.reqComponent.type.program.admitted.credits', 7, 'kuali.statement.type.program.entrance', 0)
INSERT INTO KSST_STMT_TYP_JN_RC_TYP (ID,REQ_COM_TYPE_ID,SORT_ORDER,STMT_TYPE_ID,VER_NBR) VALUES('PE-8', 'kuali.reqComponent.type.program.minor.admitted.classstanding', 8, 'kuali.statement.type.program.entrance', 0)
INSERT INTO KSST_STMT_TYP_JN_RC_TYP (ID,REQ_COM_TYPE_ID,SORT_ORDER,STMT_TYPE_ID,VER_NBR) VALUES('PE-9', 'kuali.reqComponent.type.course.courseset.completed.nof', 9, 'kuali.statement.type.program.entrance', 0)
INSERT INTO KSST_STMT_TYP_JN_RC_TYP (ID,REQ_COM_TYPE_ID,SORT_ORDER,STMT_TYPE_ID,VER_NBR) VALUES('PSP-1', 'kuali.reqComponent.type.program.admitted.credits', 1, 'kuali.statement.type.program.satisfactoryProgress', 0)
INSERT INTO KSST_STMT_TYP_JN_RC_TYP (ID,REQ_COM_TYPE_ID,SORT_ORDER,STMT_TYPE_ID,VER_NBR) VALUES('PSP-2', 'kuali.reqComponent.type.program.credits.max', 2, 'kuali.statement.type.program.satisfactoryProgress', 0)
INSERT INTO KSST_STMT_TYP_JN_RC_TYP (ID,REQ_COM_TYPE_ID,SORT_ORDER,STMT_TYPE_ID,VER_NBR) VALUES('PSP-3', 'kuali.reqComponent.type.program.completion.duration', 3, 'kuali.statement.type.program.satisfactoryProgress', 0)
INSERT INTO KSST_STMT_TYP_JN_RC_TYP (ID,REQ_COM_TYPE_ID,SORT_ORDER,STMT_TYPE_ID,VER_NBR) VALUES('PSP-4', 'kuali.reqComponent.type.program.candidate.status.duration', 4, 'kuali.statement.type.program.satisfactoryProgress', 0)
INSERT INTO KSST_STMT_TYP_JN_RC_TYP (ID,REQ_COM_TYPE_ID,SORT_ORDER,STMT_TYPE_ID,VER_NBR) VALUES('PSP-5', 'kuali.reqComponent.type.course.courseset.nof.grade.min', 5, 'kuali.statement.type.program.satisfactoryProgress', 0)
-- TODO
--INSERT INTO KSST_STMT_TYP_JN_RC_TYP (ID,REQ_COM_TYPE_ID,SORT_ORDER,STMT_TYPE_ID,VER_NBR) VALUES('PSP-6', 'kuali.reqComponent.type.program.cumulative.gpa.min', 6, 'kuali.statement.type.program.satisfactoryProgress', 0)
--INSERT INTO KSST_STMT_TYP_JN_RC_TYP (ID,REQ_COM_TYPE_ID,SORT_ORDER,STMT_TYPE_ID,VER_NBR) VALUES('PSP-7', 'kuali.reqComponent.type.program.duration.gpa.min', 7, 'kuali.statement.type.program.satisfactoryProgress', 0)

//Statement type -> sub statement type mappings
INSERT INTO KSST_STMT_TYP_JN_STMT_TYP (ID,CHLD_STMT_TYPE_ID,STMT_TYPE_ID) VALUES ('1','kuali.statement.type.course.enrollmentEligibility','kuali.statement.type.course')
INSERT INTO KSST_STMT_TYP_JN_STMT_TYP (ID,CHLD_STMT_TYPE_ID,STMT_TYPE_ID) VALUES ('2','kuali.statement.type.program.entrance','kuali.statement.type.program')
INSERT INTO KSST_STMT_TYP_JN_STMT_TYP (ID,CHLD_STMT_TYPE_ID,STMT_TYPE_ID) VALUES ('3','kuali.statement.type.program.satisfactoryProgress','kuali.statement.type.program')
INSERT INTO KSST_STMT_TYP_JN_STMT_TYP (ID,CHLD_STMT_TYPE_ID,STMT_TYPE_ID) VALUES ('4','kuali.statement.type.program.completion','kuali.statement.type.program')
INSERT INTO KSST_STMT_TYP_JN_STMT_TYP (ID,CHLD_STMT_TYPE_ID,STMT_TYPE_ID) VALUES ('5','kuali.statement.type.course.academicReadiness.studentEligibilityPrereq','kuali.statement.type.course.enrollmentEligibility')
INSERT INTO KSST_STMT_TYP_JN_STMT_TYP (ID,CHLD_STMT_TYPE_ID,STMT_TYPE_ID) VALUES ('6','kuali.statement.type.course.academicReadiness.coreq','kuali.statement.type.course.enrollmentEligibility')
INSERT INTO KSST_STMT_TYP_JN_STMT_TYP (ID,CHLD_STMT_TYPE_ID,STMT_TYPE_ID) VALUES ('7','kuali.statement.type.course.recommendedPreparation','kuali.statement.type.course.enrollmentEligibility')
INSERT INTO KSST_STMT_TYP_JN_STMT_TYP (ID,CHLD_STMT_TYPE_ID,STMT_TYPE_ID) VALUES ('8','kuali.statement.type.course.academicReadiness.antireq','kuali.statement.type.course.enrollmentEligibility')
INSERT INTO KSST_STMT_TYP_JN_STMT_TYP (ID,CHLD_STMT_TYPE_ID,STMT_TYPE_ID) VALUES ('9','kuali.statement.type.course.creditConstraints','kuali.statement.type.course')
INSERT INTO KSST_STMT_TYP_JN_STMT_TYP (ID,CHLD_STMT_TYPE_ID,STMT_TYPE_ID) VALUES ('10','kuali.statement.type.course.credit.restriction','kuali.statement.type.course.creditConstraints')
INSERT INTO KSST_STMT_TYP_JN_STMT_TYP (ID,CHLD_STMT_TYPE_ID,STMT_TYPE_ID) VALUES ('11','kuali.statement.type.course.credit.repeatable','kuali.statement.type.course.creditConstraints')

//Requirement component field types
INSERT INTO KSST_REQ_COM_FIELD_TYPE (DATA_TYPE,DESCR,ID,NAME,READ_ONLY,VER_NBR) VALUES ('string','CLU identifier','kuali.reqComponent.field.type.clu.id','CLU Id',0,0)
INSERT INTO KSST_REQ_COM_FIELD_TYPE (DATA_TYPE,DESCR,ID,NAME,READ_ONLY,VER_NBR) VALUES ('string','CLU set identifier','kuali.reqComponent.field.type.cluSet.id','CLU Set Id',0,0)
INSERT INTO KSST_REQ_COM_FIELD_TYPE (DATA_TYPE,DESCR,ID,NAME,READ_ONLY,VER_NBR) VALUES ('string','Course CLU identifier','kuali.reqComponent.field.type.course.clu.id','Course CLU Id',0,0)
INSERT INTO KSST_REQ_COM_FIELD_TYPE (DATA_TYPE,DESCR,ID,NAME,READ_ONLY,VER_NBR) VALUES ('string','Course CLU set identifier','kuali.reqComponent.field.type.course.cluSet.id','Course CLU Set Id',0,0)
INSERT INTO KSST_REQ_COM_FIELD_TYPE (DATA_TYPE,DESCR,ID,NAME,READ_ONLY,VER_NBR) VALUES ('string','Duration value','kuali.reqComponent.field.type.duration','Duration Value',0,0)
INSERT INTO KSST_REQ_COM_FIELD_TYPE (DATA_TYPE,DESCR,ID,NAME,READ_ONLY,VER_NBR) VALUES ('string','Duration type identifier','kuali.reqComponent.field.type.durationType.id','Duration Type Id',0,0)
INSERT INTO KSST_REQ_COM_FIELD_TYPE (DATA_TYPE,DESCR,ID,NAME,READ_ONLY,VER_NBR) VALUES ('string','Grade point average value','kuali.reqComponent.field.type.gpa','Grade Point Average Value',0,0)
INSERT INTO KSST_REQ_COM_FIELD_TYPE (DATA_TYPE,DESCR,ID,NAME,READ_ONLY,VER_NBR) VALUES ('string','Grade value identifier','kuali.reqComponent.field.type.grade.id','Grade Value Id',0,0)
INSERT INTO KSST_REQ_COM_FIELD_TYPE (DATA_TYPE,DESCR,ID,NAME,READ_ONLY,VER_NBR) VALUES ('string','Grade type identifier','kuali.reqComponent.field.type.gradeType.id','Grade Type Id',0,0)
INSERT INTO KSST_REQ_COM_FIELD_TYPE (DATA_TYPE,DESCR,ID,NAME,READ_ONLY,VER_NBR) VALUES ('string','Relational Operator','kuali.reqComponent.field.type.operator','Relational Operator',0,0)
INSERT INTO KSST_REQ_COM_FIELD_TYPE (DATA_TYPE,DESCR,ID,NAME,READ_ONLY,VER_NBR) VALUES ('string','Organization identifier','kuali.reqComponent.field.type.org.id','Organization Id',0,0)
INSERT INTO KSST_REQ_COM_FIELD_TYPE (DATA_TYPE,DESCR,ID,NAME,READ_ONLY,VER_NBR) VALUES ('string','Person identifier','kuali.reqComponent.field.type.person.id','Person Id',0,0)
INSERT INTO KSST_REQ_COM_FIELD_TYPE (DATA_TYPE,DESCR,ID,NAME,READ_ONLY,VER_NBR) VALUES ('string','Program CLU identifier','kuali.reqComponent.field.type.program.clu.id','Program CLU Id',0,0)
INSERT INTO KSST_REQ_COM_FIELD_TYPE (DATA_TYPE,DESCR,ID,NAME,READ_ONLY,VER_NBR) VALUES ('string','Program CLU set identifier','kuali.reqComponent.field.type.program.cluSet.id','Program CLU Set Id',0,0)
INSERT INTO KSST_REQ_COM_FIELD_TYPE (DATA_TYPE,DESCR,ID,NAME,READ_ONLY,VER_NBR) VALUES ('string','Test CLU identifier','kuali.reqComponent.field.type.test.clu.id','Test CLU Id',0,0)
INSERT INTO KSST_REQ_COM_FIELD_TYPE (DATA_TYPE,DESCR,ID,NAME,READ_ONLY,VER_NBR) VALUES ('string','Test CLU set identifier','kuali.reqComponent.field.type.test.cluSet.id','Test CLU Set Id',0,0)
INSERT INTO KSST_REQ_COM_FIELD_TYPE (DATA_TYPE,DESCR,ID,NAME,READ_ONLY,VER_NBR) VALUES ('string','Test score','kuali.reqComponent.field.type.test.score','Test Score',0,0)
INSERT INTO KSST_REQ_COM_FIELD_TYPE (DATA_TYPE,DESCR,ID,NAME,READ_ONLY,VER_NBR) VALUES ('integer','Integer Value','kuali.reqComponent.field.type.value.positive.integer','Integer Value',0,0)

//Ref statement relation types
INSERT INTO KSST_REF_STMT_REL_TYPE (EFF_DT,NAME,TYPE_DESC,TYPE_KEY,VER_NBR) VALUES ({ts '2000-01-01 00:00:00.0'},'CLU Anti-requisites','CLU Anti-requisites','clu.antirequisites',0)
INSERT INTO KSST_REF_STMT_REL_TYPE (EFF_DT,NAME,TYPE_DESC,TYPE_KEY,VER_NBR) VALUES ({ts '2000-01-01 00:00:00.0'},'CLU Completion Requirements','CLU Completion Requirements','clu.completion',0)
INSERT INTO KSST_REF_STMT_REL_TYPE (EFF_DT,NAME,TYPE_DESC,TYPE_KEY,VER_NBR) VALUES ({ts '2000-01-01 00:00:00.0'},'CLU Co-requisites','CLU Co-requisites','clu.corequisites',0)
INSERT INTO KSST_REF_STMT_REL_TYPE (EFF_DT,NAME,TYPE_DESC,TYPE_KEY,VER_NBR) VALUES ({ts '2000-01-01 00:00:00.0'},'CLU Repeatable for Credit','CLU Repeatable for Credit','clu.credit.repeatable',0)
INSERT INTO KSST_REF_STMT_REL_TYPE (EFF_DT,NAME,TYPE_DESC,TYPE_KEY,VER_NBR) VALUES ({ts '2000-01-01 00:00:00.0'},'CLU That Restrict Credit','CLU That Restrict Credit','clu.credit.restriction',0)
INSERT INTO KSST_REF_STMT_REL_TYPE (EFF_DT,NAME,TYPE_DESC,TYPE_KEY,VER_NBR) VALUES ({ts '2000-01-01 00:00:00.0'},'CLU Eligibilities and Pre-requisites','CLU Eligibilities and Pre-requisites','clu.eligibilitiesandprerequisites',0)
INSERT INTO KSST_REF_STMT_REL_TYPE (EFF_DT,NAME,TYPE_DESC,TYPE_KEY,VER_NBR) VALUES ({ts '2000-01-01 00:00:00.0'},'CLU Entrance Requirements','CLU Entrance Requirements','clu.entrance',0)
INSERT INTO KSST_REF_STMT_REL_TYPE (EFF_DT,NAME,TYPE_DESC,TYPE_KEY,VER_NBR) VALUES ({ts '2000-01-01 00:00:00.0'},'CLU Pre-requisites','CLU Pre-requisites','clu.prerequisites',0)
INSERT INTO KSST_REF_STMT_REL_TYPE (EFF_DT,NAME,TYPE_DESC,TYPE_KEY,VER_NBR) VALUES ({ts '2000-01-01 00:00:00.0'},'CLU Recommended Preparations','CLU Recommended Preparations','clu.recommendedpreparation',0)
INSERT INTO KSST_REF_STMT_REL_TYPE (EFF_DT,NAME,TYPE_DESC,TYPE_KEY,VER_NBR) VALUES ({ts '2000-01-01 00:00:00.0'},'CLU Rules','CLU Rules','clu.rule',0)
INSERT INTO KSST_REF_STMT_REL_TYPE (EFF_DT,NAME,TYPE_DESC,TYPE_KEY,VER_NBR) VALUES ({ts '2000-01-01 00:00:00.0'},'CLU Satisfactory Progress Requirements','CLU Satisfactory Progress Requirements','clu.satisfactoryprogress',0)
INSERT INTO KSST_REF_STMT_REL_TYPE (EFF_DT,NAME,TYPE_DESC,TYPE_KEY,VER_NBR) VALUES ({ts '2000-01-01 00:00:00.0'},'CLU reference type','CLU reference type','kuali.referenceType.CLU',0)

//Object types
INSERT INTO KSST_OBJECT_TYPE (EFF_DT,NAME,TYPE_DESC,TYPE_KEY,VER_NBR) VALUES ({ts '2000-01-01 00:00:00.0'},'Kuali CLU','Kuali CLU','clu',0)
INSERT INTO KSST_OBJECT_TYPE (EFF_DT,NAME,TYPE_DESC,TYPE_KEY,VER_NBR) VALUES ({ts '2000-01-01 00:00:00.0'},'Kuali CLU','An course offered for academic credit','kuali.lu.type.CreditCourse',0)
INSERT INTO KSST_OBJECT_TYPE (EFF_DT,NAME,TYPE_DESC,TYPE_KEY,VER_NBR) VALUES ({ts '2000-01-01 00:00:00.0'},'Kuali CLU','Program requirements','kuali.lu.type.Requirement',0)

//Natural language types
INSERT INTO KSST_NL_USAGE_TYPE (EFF_DT,NAME,TYPE_DESC,TYPE_KEY,VER_NBR) VALUES ({ts '2000-01-01 00:00:00.0'},'Kuali Catalog','Kuali Catalog','KUALI.CATALOG',0)
INSERT INTO KSST_NL_USAGE_TYPE (EFF_DT,NAME,TYPE_DESC,TYPE_KEY,VER_NBR) VALUES ({ts '2000-01-01 00:00:00.0'},'Rule Edit','Kuali Rule Edit','KUALI.RULE',0)
INSERT INTO KSST_NL_USAGE_TYPE (EFF_DT,NAME,TYPE_DESC,TYPE_KEY,VER_NBR) VALUES ({ts '2000-01-01 00:00:00.0'},'Rule Composition','Kuali Rule Composition','KUALI.RULE.COMPOSITION',0)
INSERT INTO KSST_NL_USAGE_TYPE (EFF_DT,NAME,TYPE_DESC,TYPE_KEY,VER_NBR) VALUES ({ts '2000-01-01 00:00:00.0'},'Rule Example','Kuali Rule Example','KUALI.RULE.EXAMPLE',0)
INSERT INTO KSST_NL_USAGE_TYPE (EFF_DT,NAME,TYPE_DESC,TYPE_KEY,VER_NBR) VALUES ({ts '2000-01-01 00:00:00.0'},'Rule Preview','Kuali Rule Preview','KUALI.RULE.PREVIEW',0)

//Requirement component type -> requirement component field type mappings
INSERT INTO KSST_RCTYP_JN_RCFLDTYP (REQ_COMP_FIELD_TYPE_ID,REQ_COMP_TYPE_ID) VALUES ('kuali.reqComponent.field.type.course.cluSet.id','kuali.reqComponent.type.course.courseset.completed.all')
INSERT INTO KSST_RCTYP_JN_RCFLDTYP (REQ_COMP_FIELD_TYPE_ID,REQ_COMP_TYPE_ID) VALUES ('kuali.reqComponent.field.type.value.positive.integer','kuali.reqComponent.type.course.courseset.completed.nof')
INSERT INTO KSST_RCTYP_JN_RCFLDTYP (REQ_COMP_FIELD_TYPE_ID,REQ_COMP_TYPE_ID) VALUES ('kuali.reqComponent.field.type.course.cluSet.id','kuali.reqComponent.type.course.courseset.completed.nof')
INSERT INTO KSST_RCTYP_JN_RCFLDTYP (REQ_COMP_FIELD_TYPE_ID,REQ_COMP_TYPE_ID) VALUES ('kuali.reqComponent.field.type.course.cluSet.id','kuali.reqComponent.type.course.courseset.enrolled.nof')
INSERT INTO KSST_RCTYP_JN_RCFLDTYP (REQ_COMP_FIELD_TYPE_ID,REQ_COMP_TYPE_ID) VALUES ('kuali.reqComponent.field.type.value.positive.integer','kuali.reqComponent.type.course.courseset.enrolled.nof')
INSERT INTO KSST_RCTYP_JN_RCFLDTYP (REQ_COMP_FIELD_TYPE_ID,REQ_COMP_TYPE_ID) VALUES ('kuali.reqComponent.field.type.course.cluSet.id','kuali.reqComponent.type.course.courseset.credits.completed.nof')
INSERT INTO KSST_RCTYP_JN_RCFLDTYP (REQ_COMP_FIELD_TYPE_ID,REQ_COMP_TYPE_ID) VALUES ('kuali.reqComponent.field.type.value.positive.integer','kuali.reqComponent.type.course.courseset.credits.completed.nof')
INSERT INTO KSST_RCTYP_JN_RCFLDTYP (REQ_COMP_FIELD_TYPE_ID,REQ_COMP_TYPE_ID) VALUES ('kuali.reqComponent.field.type.course.cluSet.id','kuali.reqComponent.type.course.courseset.credits.completed.none')
INSERT INTO KSST_RCTYP_JN_RCFLDTYP (REQ_COMP_FIELD_TYPE_ID,REQ_COMP_TYPE_ID) VALUES ('kuali.reqComponent.field.type.value.positive.integer','kuali.reqComponent.type.course.courseset.credits.completed.none')
INSERT INTO KSST_RCTYP_JN_RCFLDTYP (REQ_COMP_FIELD_TYPE_ID,REQ_COMP_TYPE_ID) VALUES ('kuali.reqComponent.field.type.course.cluSet.id','kuali.reqComponent.type.course.courseset.credits.completed.max')
INSERT INTO KSST_RCTYP_JN_RCFLDTYP (REQ_COMP_FIELD_TYPE_ID,REQ_COMP_TYPE_ID) VALUES ('kuali.reqComponent.field.type.value.positive.integer','kuali.reqComponent.type.course.courseset.credits.completed.max')
INSERT INTO KSST_RCTYP_JN_RCFLDTYP (REQ_COMP_FIELD_TYPE_ID,REQ_COMP_TYPE_ID) VALUES ('kuali.reqComponent.field.type.course.cluSet.id','kuali.reqComponent.type.course.courseset.gpa.min')
INSERT INTO KSST_RCTYP_JN_RCFLDTYP (REQ_COMP_FIELD_TYPE_ID,REQ_COMP_TYPE_ID) VALUES ('kuali.reqComponent.field.type.gpa','kuali.reqComponent.type.course.courseset.gpa.min')
INSERT INTO KSST_RCTYP_JN_RCFLDTYP (REQ_COMP_FIELD_TYPE_ID,REQ_COMP_TYPE_ID) VALUES ('kuali.reqComponent.field.type.course.cluSet.id','kuali.reqComponent.type.course.courseset.grade.min')
INSERT INTO KSST_RCTYP_JN_RCFLDTYP (REQ_COMP_FIELD_TYPE_ID,REQ_COMP_TYPE_ID) VALUES ('kuali.reqComponent.field.type.grade.id','kuali.reqComponent.type.course.courseset.grade.min')
INSERT INTO KSST_RCTYP_JN_RCFLDTYP (REQ_COMP_FIELD_TYPE_ID,REQ_COMP_TYPE_ID) VALUES ('kuali.reqComponent.field.type.gradeType.id','kuali.reqComponent.type.course.courseset.grade.min')
INSERT INTO KSST_RCTYP_JN_RCFLDTYP (REQ_COMP_FIELD_TYPE_ID,REQ_COMP_TYPE_ID) VALUES ('kuali.reqComponent.field.type.course.cluSet.id','kuali.reqComponent.type.course.courseset.grade.max')
INSERT INTO KSST_RCTYP_JN_RCFLDTYP (REQ_COMP_FIELD_TYPE_ID,REQ_COMP_TYPE_ID) VALUES ('kuali.reqComponent.field.type.grade.id','kuali.reqComponent.type.course.courseset.grade.max')
INSERT INTO KSST_RCTYP_JN_RCFLDTYP (REQ_COMP_FIELD_TYPE_ID,REQ_COMP_TYPE_ID) VALUES ('kuali.reqComponent.field.type.gradeType.id','kuali.reqComponent.type.course.courseset.grade.max')
INSERT INTO KSST_RCTYP_JN_RCFLDTYP (REQ_COMP_FIELD_TYPE_ID,REQ_COMP_TYPE_ID) VALUES ('kuali.reqComponent.field.type.org.id','kuali.reqComponent.type.course.permission.org.required')
INSERT INTO KSST_RCTYP_JN_RCFLDTYP (REQ_COMP_FIELD_TYPE_ID,REQ_COMP_TYPE_ID) VALUES ('kuali.reqComponent.field.type.test.cluSet.id','kuali.reqComponent.type.course.test.score.min')
INSERT INTO KSST_RCTYP_JN_RCFLDTYP (REQ_COMP_FIELD_TYPE_ID,REQ_COMP_TYPE_ID) VALUES ('kuali.reqComponent.field.type.test.score','kuali.reqComponent.type.course.test.score.min')
INSERT INTO KSST_RCTYP_JN_RCFLDTYP (REQ_COMP_FIELD_TYPE_ID,REQ_COMP_TYPE_ID) VALUES ('kuali.reqComponent.field.type.test.cluSet.id','kuali.reqComponent.type.course.test.score.max')
INSERT INTO KSST_RCTYP_JN_RCFLDTYP (REQ_COMP_FIELD_TYPE_ID,REQ_COMP_TYPE_ID) VALUES ('kuali.reqComponent.field.type.test.score','kuali.reqComponent.type.course.test.score.max')
INSERT INTO KSST_RCTYP_JN_RCFLDTYP (REQ_COMP_FIELD_TYPE_ID,REQ_COMP_TYPE_ID) VALUES ('kuali.reqComponent.field.type.value.positive.integer','kuali.reqComponent.type.course.courseset.nof.grade.min')
INSERT INTO KSST_RCTYP_JN_RCFLDTYP (REQ_COMP_FIELD_TYPE_ID,REQ_COMP_TYPE_ID) VALUES ('kuali.reqComponent.field.type.course.cluSet.id','kuali.reqComponent.type.course.courseset.nof.grade.min')
INSERT INTO KSST_RCTYP_JN_RCFLDTYP (REQ_COMP_FIELD_TYPE_ID,REQ_COMP_TYPE_ID) VALUES ('kuali.reqComponent.field.type.grade.id','kuali.reqComponent.type.course.courseset.nof.grade.min')
INSERT INTO KSST_RCTYP_JN_RCFLDTYP (REQ_COMP_FIELD_TYPE_ID,REQ_COMP_TYPE_ID) VALUES ('kuali.reqComponent.field.type.gradeType.id','kuali.reqComponent.type.course.courseset.nof.grade.min')
INSERT INTO KSST_RCTYP_JN_RCFLDTYP (REQ_COMP_FIELD_TYPE_ID,REQ_COMP_TYPE_ID) VALUES ('kuali.reqComponent.field.type.program.cluSet.id','kuali.reqComponent.type.course.program.admitted.org.duration')
INSERT INTO KSST_RCTYP_JN_RCFLDTYP (REQ_COMP_FIELD_TYPE_ID,REQ_COMP_TYPE_ID) VALUES ('kuali.reqComponent.field.type.value.positive.integer','kuali.reqComponent.type.course.program.admitted.org.duration')
INSERT INTO KSST_RCTYP_JN_RCFLDTYP (REQ_COMP_FIELD_TYPE_ID,REQ_COMP_TYPE_ID) VALUES ('kuali.reqComponent.field.type.org.id','kuali.reqComponent.type.course.program.admitted.org.duration')
INSERT INTO KSST_RCTYP_JN_RCFLDTYP (REQ_COMP_FIELD_TYPE_ID,REQ_COMP_TYPE_ID) VALUES ('kuali.reqComponent.field.type.duration','kuali.reqComponent.type.course.program.admitted.org.duration')
INSERT INTO KSST_RCTYP_JN_RCFLDTYP (REQ_COMP_FIELD_TYPE_ID,REQ_COMP_TYPE_ID) VALUES ('kuali.reqComponent.field.type.durationType.id','kuali.reqComponent.type.course.program.admitted.org.duration')
INSERT INTO KSST_RCTYP_JN_RCFLDTYP (REQ_COMP_FIELD_TYPE_ID,REQ_COMP_TYPE_ID) VALUES ('kuali.reqComponent.field.type.program.cluSet.id','kuali.reqComponent.type.course.program.notadmitted.org.duration')
INSERT INTO KSST_RCTYP_JN_RCFLDTYP (REQ_COMP_FIELD_TYPE_ID,REQ_COMP_TYPE_ID) VALUES ('kuali.reqComponent.field.type.value.positive.integer','kuali.reqComponent.type.course.program.notadmitted.org.duration')
INSERT INTO KSST_RCTYP_JN_RCFLDTYP (REQ_COMP_FIELD_TYPE_ID,REQ_COMP_TYPE_ID) VALUES ('kuali.reqComponent.field.type.org.id','kuali.reqComponent.type.course.program.notadmitted.org.duration')
INSERT INTO KSST_RCTYP_JN_RCFLDTYP (REQ_COMP_FIELD_TYPE_ID,REQ_COMP_TYPE_ID) VALUES ('kuali.reqComponent.field.type.duration','kuali.reqComponent.type.course.program.notadmitted.org.duration')
INSERT INTO KSST_RCTYP_JN_RCFLDTYP (REQ_COMP_FIELD_TYPE_ID,REQ_COMP_TYPE_ID) VALUES ('kuali.reqComponent.field.type.durationType.id','kuali.reqComponent.type.course.program.notadmitted.org.duration')
INSERT INTO KSST_RCTYP_JN_RCFLDTYP (REQ_COMP_FIELD_TYPE_ID,REQ_COMP_TYPE_ID) VALUES ('kuali.reqComponent.field.type.program.cluSet.id','kuali.reqComponent.type.course.program.notadmitted')
INSERT INTO KSST_RCTYP_JN_RCFLDTYP (REQ_COMP_FIELD_TYPE_ID,REQ_COMP_TYPE_ID) VALUES ('kuali.reqComponent.field.type.program.cluSet.id','kuali.reqComponent.type.course.program.admitted')
INSERT INTO KSST_RCTYP_JN_RCFLDTYP (REQ_COMP_FIELD_TYPE_ID,REQ_COMP_TYPE_ID) VALUES ('kuali.reqComponent.field.type.value.positive.integer','kuali.reqComponent.type.course.credits.repeat.max')
INSERT INTO KSST_RCTYP_JN_RCFLDTYP (REQ_COMP_FIELD_TYPE_ID,REQ_COMP_TYPE_ID) VALUES ('kuali.reqComponent.field.type.value.positive.integer','kuali.reqComponent.type.course.org.credits.completed.min')
INSERT INTO KSST_RCTYP_JN_RCFLDTYP (REQ_COMP_FIELD_TYPE_ID,REQ_COMP_TYPE_ID) VALUES ('kuali.reqComponent.field.type.org.id','kuali.reqComponent.type.course.org.credits.completed.min')
INSERT INTO KSST_RCTYP_JN_RCFLDTYP (REQ_COMP_FIELD_TYPE_ID,REQ_COMP_TYPE_ID) VALUES ('kuali.reqComponent.field.type.course.clu.id','kuali.reqComponent.type.course.completed')
INSERT INTO KSST_RCTYP_JN_RCFLDTYP (REQ_COMP_FIELD_TYPE_ID,REQ_COMP_TYPE_ID) VALUES ('kuali.reqComponent.field.type.course.clu.id','kuali.reqComponent.type.course.enrolled')
INSERT INTO KSST_RCTYP_JN_RCFLDTYP (REQ_COMP_FIELD_TYPE_ID,REQ_COMP_TYPE_ID) VALUES ('kuali.reqComponent.field.type.course.clu.id','kuali.reqComponent.type.course.notcompleted')
INSERT INTO KSST_RCTYP_JN_RCFLDTYP (REQ_COMP_FIELD_TYPE_ID,REQ_COMP_TYPE_ID) VALUES ('kuali.reqComponent.field.type.program.cluSet.id','kuali.reqComponent.type.program.programset.completed.nof')
INSERT INTO KSST_RCTYP_JN_RCFLDTYP (REQ_COMP_FIELD_TYPE_ID,REQ_COMP_TYPE_ID) VALUES ('kuali.reqComponent.field.type.value.positive.integer','kuali.reqComponent.type.program.programset.completed.nof')
INSERT INTO KSST_RCTYP_JN_RCFLDTYP (REQ_COMP_FIELD_TYPE_ID,REQ_COMP_TYPE_ID) VALUES ('kuali.reqComponent.field.type.program.cluSet.id','kuali.reqComponent.type.program.programset.notcompleted.nof')
INSERT INTO KSST_RCTYP_JN_RCFLDTYP (REQ_COMP_FIELD_TYPE_ID,REQ_COMP_TYPE_ID) VALUES ('kuali.reqComponent.field.type.program.cluSet.id','kuali.reqComponent.type.program.programset.completed.all')
INSERT INTO KSST_RCTYP_JN_RCFLDTYP (REQ_COMP_FIELD_TYPE_ID,REQ_COMP_TYPE_ID) VALUES ('kuali.reqComponent.field.type.value.positive.integer','kuali.reqComponent.type.program.programset.coursecompleted.nof')
INSERT INTO KSST_RCTYP_JN_RCFLDTYP (REQ_COMP_FIELD_TYPE_ID,REQ_COMP_TYPE_ID) VALUES ('kuali.reqComponent.field.type.program.cluSet.id','kuali.reqComponent.type.program.programset.coursecompleted.nof')
INSERT INTO KSST_RCTYP_JN_RCFLDTYP (REQ_COMP_FIELD_TYPE_ID,REQ_COMP_TYPE_ID) VALUES ('kuali.reqComponent.field.type.value.positive.integer','kuali.reqComponent.type.program.admitted.credits')
INSERT INTO KSST_RCTYP_JN_RCFLDTYP (REQ_COMP_FIELD_TYPE_ID,REQ_COMP_TYPE_ID) VALUES ('kuali.reqComponent.field.type.value.positive.integer','kuali.reqComponent.type.program.credits.min')
INSERT INTO KSST_RCTYP_JN_RCFLDTYP (REQ_COMP_FIELD_TYPE_ID,REQ_COMP_TYPE_ID) VALUES ('kuali.reqComponent.field.type.value.positive.integer','kuali.reqComponent.type.program.credits.max')
INSERT INTO KSST_RCTYP_JN_RCFLDTYP (REQ_COMP_FIELD_TYPE_ID,REQ_COMP_TYPE_ID) VALUES ('kuali.reqComponent.field.type.duration','kuali.reqComponent.type.program.completion.duration')
INSERT INTO KSST_RCTYP_JN_RCFLDTYP (REQ_COMP_FIELD_TYPE_ID,REQ_COMP_TYPE_ID) VALUES ('kuali.reqComponent.field.type.durationType.id','kuali.reqComponent.type.program.completion.duration')
INSERT INTO KSST_RCTYP_JN_RCFLDTYP (REQ_COMP_FIELD_TYPE_ID,REQ_COMP_TYPE_ID) VALUES ('kuali.reqComponent.field.type.duration','kuali.reqComponent.type.program.candidate.status.duration')
INSERT INTO KSST_RCTYP_JN_RCFLDTYP (REQ_COMP_FIELD_TYPE_ID,REQ_COMP_TYPE_ID) VALUES ('kuali.reqComponent.field.type.durationType.id','kuali.reqComponent.type.program.candidate.status.duration')
INSERT INTO KSST_RCTYP_JN_RCFLDTYP (REQ_COMP_FIELD_TYPE_ID,REQ_COMP_TYPE_ID) VALUES ('kuali.reqComponent.field.type.duration','kuali.reqComponent.type.program.completion.duration.afterentry')
INSERT INTO KSST_RCTYP_JN_RCFLDTYP (REQ_COMP_FIELD_TYPE_ID,REQ_COMP_TYPE_ID) VALUES ('kuali.reqComponent.field.type.durationType.id','kuali.reqComponent.type.program.completion.duration.afterentry')
INSERT INTO KSST_RCTYP_JN_RCFLDTYP (REQ_COMP_FIELD_TYPE_ID,REQ_COMP_TYPE_ID) VALUES ('kuali.reqComponent.field.type.program.clu.id','kuali.reqComponent.type.program.residence.credits.final')
INSERT INTO KSST_RCTYP_JN_RCFLDTYP (REQ_COMP_FIELD_TYPE_ID,REQ_COMP_TYPE_ID) VALUES ('kuali.reqComponent.field.type.value.positive.integer','kuali.reqComponent.type.program.residence.credits.final')
INSERT INTO KSST_RCTYP_JN_RCFLDTYP (REQ_COMP_FIELD_TYPE_ID,REQ_COMP_TYPE_ID) VALUES ('kuali.reqComponent.field.type.program.clu.id','kuali.reqComponent.type.program.enrolled.credits.final')
INSERT INTO KSST_RCTYP_JN_RCFLDTYP (REQ_COMP_FIELD_TYPE_ID,REQ_COMP_TYPE_ID) VALUES ('kuali.reqComponent.field.type.value.positive.integer','kuali.reqComponent.type.program.enrolled.credits.final')
INSERT INTO KSST_RCTYP_JN_RCFLDTYP (REQ_COMP_FIELD_TYPE_ID,REQ_COMP_TYPE_ID) VALUES ('kuali.reqComponent.field.type.value.positive.integer','kuali.reqComponent.type.program.minors.nof')
INSERT INTO KSST_RCTYP_JN_RCFLDTYP (REQ_COMP_FIELD_TYPE_ID,REQ_COMP_TYPE_ID) VALUES ('kuali.reqComponent.field.type.course.cluSet.id','kuali.reqComponent.type.course.courseset.completed.max')
INSERT INTO KSST_RCTYP_JN_RCFLDTYP (REQ_COMP_FIELD_TYPE_ID,REQ_COMP_TYPE_ID) VALUES ('kuali.reqComponent.field.type.course.cluSet.id','kuali.reqComponent.type.course.courseset.completed.none')
INSERT INTO KSST_RCTYP_JN_RCFLDTYP (REQ_COMP_FIELD_TYPE_ID,REQ_COMP_TYPE_ID) VALUES ('kuali.reqComponent.field.type.value.positive.integer','kuali.reqComponent.type.course.courseset.completed.max')

//Natural language entries for requirement component types
INSERT INTO KSST_REQ_COM_TYPE_NL_TMPL (ID,LANGUAGE,NL_USUAGE_TYPE_KEY,OWNER,TEMPLATE,VER_NBR) VALUES ('1','en','KUALI.RULE','kuali.reqComponent.type.course.courseset.completed.none','#if($courseCluSet.getCluList().size() == 1)Must not have successfully completed $courseCluSet.getCluSetAsCode()#{else}Must not have successfully completed any courses from $courseCluSet.getCluSetAsCode()#end',0)
INSERT INTO KSST_REQ_COM_TYPE_NL_TMPL (ID,LANGUAGE,NL_USUAGE_TYPE_KEY,OWNER,TEMPLATE,VER_NBR) VALUES ('1001','en','KUALI.RULE','kuali.reqComponent.type.program.programset.completed.nof','Must have successfully completed a minimum of $intValue $NLHelper.getProperGrammar($intValue, "program") from $programCluSet.getCluSetAsShortName() $NLHelper.getProperGrammar($programCluSet.getCluList().size(), "program")',0)
INSERT INTO KSST_REQ_COM_TYPE_NL_TMPL (ID,LANGUAGE,NL_USUAGE_TYPE_KEY,OWNER,TEMPLATE,VER_NBR) VALUES ('1002','en','KUALI.RULE','kuali.reqComponent.type.program.programset.notcompleted.nof','Must not have successfully completed #if($programCluSet.getCluList().size() > 1)any of #end$programCluSet.getCluSetAsShortName() $NLHelper.getProperGrammar($programCluSet.getCluList().size(), "program")',0)
INSERT INTO KSST_REQ_COM_TYPE_NL_TMPL (ID,LANGUAGE,NL_USUAGE_TYPE_KEY,OWNER,TEMPLATE,VER_NBR) VALUES ('1003','en','KUALI.RULE','kuali.reqComponent.type.program.programset.completed.all','Must have successfully completed #if($programCluSet.getCluList().size() != 1)all of #end$programCluSet.getCluSetAsShortName() $NLHelper.getProperGrammar($programCluSet.getCluList().size(), "program")',0)
INSERT INTO KSST_REQ_COM_TYPE_NL_TMPL (ID,LANGUAGE,NL_USUAGE_TYPE_KEY,OWNER,TEMPLATE,VER_NBR) VALUES ('1004','en','KUALI.RULE','kuali.reqComponent.type.program.programset.coursecompleted.nof','Must have successfully completed a minimum of $intValue $NLHelper.getProperGrammar($intValue, "course") from $programCluSet.getCluSetAsShortName() $NLHelper.getProperGrammar($programCluSet.getCluList().size(), "program")',0)
INSERT INTO KSST_REQ_COM_TYPE_NL_TMPL (ID,LANGUAGE,NL_USUAGE_TYPE_KEY,OWNER,TEMPLATE,VER_NBR) VALUES ('1005','en','KUALI.RULE','kuali.reqComponent.type.program.admitted.credits','Must be admitted to program prior to earning $intValue $NLHelper.getProperGrammar($intValue, "credit")',0)
INSERT INTO KSST_REQ_COM_TYPE_NL_TMPL (ID,LANGUAGE,NL_USUAGE_TYPE_KEY,OWNER,TEMPLATE,VER_NBR) VALUES ('1006','en','KUALI.RULE','kuali.reqComponent.type.program.credits.min','Must have earned a minimum of $intValue total $NLHelper.getProperGrammar($intValue, "credit")',0)
INSERT INTO KSST_REQ_COM_TYPE_NL_TMPL (ID,LANGUAGE,NL_USUAGE_TYPE_KEY,OWNER,TEMPLATE,VER_NBR) VALUES ('1007','en','KUALI.RULE','kuali.reqComponent.type.program.credits.max','Must not have earned more than $intValue $NLHelper.getProperGrammar($intValue, "credit")',0)
INSERT INTO KSST_REQ_COM_TYPE_NL_TMPL (ID,LANGUAGE,NL_USUAGE_TYPE_KEY,OWNER,TEMPLATE,VER_NBR) VALUES ('1008','en','KUALI.RULE','kuali.reqComponent.type.program.completion.duration','Must not exceed $duration $NLHelper.getProperGrammar($duration, $durationType.getName()).toLowerCase() without completing program',0)
INSERT INTO KSST_REQ_COM_TYPE_NL_TMPL (ID,LANGUAGE,NL_USUAGE_TYPE_KEY,OWNER,TEMPLATE,VER_NBR) VALUES ('1009','en','KUALI.RULE','kuali.reqComponent.type.program.candidate.status.duration','Must attain candidate status within $duration $NLHelper.getProperGrammar($duration, $durationType.getName()).toLowerCase() after program entry term',0)
INSERT INTO KSST_REQ_COM_TYPE_NL_TMPL (ID,LANGUAGE,NL_USUAGE_TYPE_KEY,OWNER,TEMPLATE,VER_NBR) VALUES ('101','en','KUALI.RULE.PREVIEW','kuali.reqComponent.type.course.courseset.completed.none','#if($courseCluSet.getCluList().size() == 1)Must not have successfully completed#{else}Must not have successfully completed any courses from#end',0)
INSERT INTO KSST_REQ_COM_TYPE_NL_TMPL (ID,LANGUAGE,NL_USUAGE_TYPE_KEY,OWNER,TEMPLATE,VER_NBR) VALUES ('1010','en','KUALI.RULE','kuali.reqComponent.type.program.completion.duration.afterentry','Must complete program within $duration $NLHelper.getProperGrammar($duration, $durationType.getName()).toLowerCase() after program entry term',0)
INSERT INTO KSST_REQ_COM_TYPE_NL_TMPL (ID,LANGUAGE,NL_USUAGE_TYPE_KEY,OWNER,TEMPLATE,VER_NBR) VALUES ('1011','en','KUALI.RULE','kuali.reqComponent.type.program.residence.credits.final','$programClu.getOfficialIdentifier().getShortName() students must take their final $intValue $NLHelper.getProperGrammar($intValue, "credit") in residence',0)
INSERT INTO KSST_REQ_COM_TYPE_NL_TMPL (ID,LANGUAGE,NL_USUAGE_TYPE_KEY,OWNER,TEMPLATE,VER_NBR) VALUES ('1012','en','KUALI.RULE','kuali.reqComponent.type.program.enrolled.credits.final','$programClu.getOfficialIdentifier().getShortName() students must be enrolled in their graduation major for the final $intValue $NLHelper.getProperGrammar($intValue, "credit") taken',0)
INSERT INTO KSST_REQ_COM_TYPE_NL_TMPL (ID,LANGUAGE,NL_USUAGE_TYPE_KEY,OWNER,TEMPLATE,VER_NBR) VALUES ('1013','en','KUALI.RULE','kuali.reqComponent.type.program.minors.nof','Must earn no more than $intValue $NLHelper.getProperGrammar($intValue, "minor") as part of a program',0)
INSERT INTO KSST_REQ_COM_TYPE_NL_TMPL (ID,LANGUAGE,NL_USUAGE_TYPE_KEY,OWNER,TEMPLATE,VER_NBR) VALUES ('1014','en','KUALI.RULE','kuali.reqComponent.type.program.minor.admitted.classstanding','Must be admitted to a minor program only if they have junior or senior class standing',0)
INSERT INTO KSST_REQ_COM_TYPE_NL_TMPL (ID,LANGUAGE,NL_USUAGE_TYPE_KEY,OWNER,TEMPLATE,VER_NBR) VALUES ('1015','en','KUALI.RULE','kuali.reqComponent.type.course.courseset.completed.max','Must have successfully completed no more than $intValue $NLHelper.getProperGrammar($intValue, "course") from $courseCluSet.getCluSetAsCode()',0)
INSERT INTO KSST_REQ_COM_TYPE_NL_TMPL (ID,LANGUAGE,NL_USUAGE_TYPE_KEY,OWNER,TEMPLATE,VER_NBR) VALUES ('102','en','KUALI.RULE.PREVIEW','kuali.reqComponent.type.course.courseset.completed.all','#if($courseCluSet.getCluList().size() == 1)Must have successfully completed#{else}Must have successfully completed all courses from#end',0)
INSERT INTO KSST_REQ_COM_TYPE_NL_TMPL (ID,LANGUAGE,NL_USUAGE_TYPE_KEY,OWNER,TEMPLATE,VER_NBR) VALUES ('103','en','KUALI.RULE.PREVIEW','kuali.reqComponent.type.course.courseset.completed.nof','#if($intValue == 1 && $courseCluSet.getCluList().size() == 1)Must have successfully completed#{else}Must have successfully completed a minimum of $intValue $NLHelper.getProperGrammar($intValue, "course") from#end',0)
INSERT INTO KSST_REQ_COM_TYPE_NL_TMPL (ID,LANGUAGE,NL_USUAGE_TYPE_KEY,OWNER,TEMPLATE,VER_NBR) VALUES ('104','en','KUALI.RULE.PREVIEW','kuali.reqComponent.type.course.courseset.enrolled.nof','Must be concurrently enrolled in a minimum of $intValue $NLHelper.getProperGrammar($intValue, "course") from',0)
INSERT INTO KSST_REQ_COM_TYPE_NL_TMPL (ID,LANGUAGE,NL_USUAGE_TYPE_KEY,OWNER,TEMPLATE,VER_NBR) VALUES ('105','en','KUALI.RULE.PREVIEW','kuali.reqComponent.type.course.courseset.credits.completed.nof','Must have successfully completed a minimum of $intValue $NLHelper.getProperGrammar($intValue, "credit") from',0)
INSERT INTO KSST_REQ_COM_TYPE_NL_TMPL (ID,LANGUAGE,NL_USUAGE_TYPE_KEY,OWNER,TEMPLATE,VER_NBR) VALUES ('106','en','KUALI.RULE.PREVIEW','kuali.reqComponent.type.course.courseset.credits.completed.none','Must not have successfully completed any credits from',0)
INSERT INTO KSST_REQ_COM_TYPE_NL_TMPL (ID,LANGUAGE,NL_USUAGE_TYPE_KEY,OWNER,TEMPLATE,VER_NBR) VALUES ('107','en','KUALI.RULE.PREVIEW','kuali.reqComponent.type.course.courseset.credits.completed.max','Must successfully complete no more than $intValue $NLHelper.getProperGrammar($intValue, "credit") from',0)
INSERT INTO KSST_REQ_COM_TYPE_NL_TMPL (ID,LANGUAGE,NL_USUAGE_TYPE_KEY,OWNER,TEMPLATE,VER_NBR) VALUES ('108','en','KUALI.RULE.PREVIEW','kuali.reqComponent.type.course.courseset.gpa.min','Must have earned a minimum GPA of $gpa in',0)
INSERT INTO KSST_REQ_COM_TYPE_NL_TMPL (ID,LANGUAGE,NL_USUAGE_TYPE_KEY,OWNER,TEMPLATE,VER_NBR) VALUES ('1101','en','KUALI.RULE.PREVIEW','kuali.reqComponent.type.program.programset.completed.nof','Must have successfully completed a minimum of $intValue $NLHelper.getProperGrammar($intValue, "program") from $programCluSet.getCluSetAsShortName() $NLHelper.getProperGrammar($programCluSet.getCluList().size(), "program")',0)
INSERT INTO KSST_REQ_COM_TYPE_NL_TMPL (ID,LANGUAGE,NL_USUAGE_TYPE_KEY,OWNER,TEMPLATE,VER_NBR) VALUES ('1102','en','KUALI.RULE.PREVIEW','kuali.reqComponent.type.program.programset.notcompleted.nof','Must not have successfully completed #if($programCluSet.getCluList().size() > 1)any of #end$programCluSet.getCluSetAsShortName() $NLHelper.getProperGrammar($programCluSet.getCluList().size(), "program")',0)
INSERT INTO KSST_REQ_COM_TYPE_NL_TMPL (ID,LANGUAGE,NL_USUAGE_TYPE_KEY,OWNER,TEMPLATE,VER_NBR) VALUES ('1103','en','KUALI.RULE.PREVIEW','kuali.reqComponent.type.program.programset.completed.all','Must have successfully completed #if($programCluSet.getCluList().size() != 1)all of #end$programCluSet.getCluSetAsShortName() $NLHelper.getProperGrammar($programCluSet.getCluList().size(), "program")',0)
INSERT INTO KSST_REQ_COM_TYPE_NL_TMPL (ID,LANGUAGE,NL_USUAGE_TYPE_KEY,OWNER,TEMPLATE,VER_NBR) VALUES ('1104','en','KUALI.RULE.PREVIEW','kuali.reqComponent.type.program.programset.coursecompleted.nof','Must have successfully completed a minimum of $intValue $NLHelper.getProperGrammar($intValue, "course") from $programCluSet.getCluSetAsShortName() $NLHelper.getProperGrammar($programCluSet.getCluList().size(), "program")',0)
INSERT INTO KSST_REQ_COM_TYPE_NL_TMPL (ID,LANGUAGE,NL_USUAGE_TYPE_KEY,OWNER,TEMPLATE,VER_NBR) VALUES ('1105','en','KUALI.RULE.PREVIEW','kuali.reqComponent.type.program.admitted.credits','Must be admitted to program prior to earning $intValue $NLHelper.getProperGrammar($intValue, "credit")',0)
INSERT INTO KSST_REQ_COM_TYPE_NL_TMPL (ID,LANGUAGE,NL_USUAGE_TYPE_KEY,OWNER,TEMPLATE,VER_NBR) VALUES ('1106','en','KUALI.RULE.PREVIEW','kuali.reqComponent.type.program.credits.min','Must have earned a minimum of $intValue total $NLHelper.getProperGrammar($intValue, "credit")',0)
INSERT INTO KSST_REQ_COM_TYPE_NL_TMPL (ID,LANGUAGE,NL_USUAGE_TYPE_KEY,OWNER,TEMPLATE,VER_NBR) VALUES ('1107','en','KUALI.RULE.PREVIEW','kuali.reqComponent.type.program.credits.max','Must not have earned more than $intValue $NLHelper.getProperGrammar($intValue, "credit")',0)
INSERT INTO KSST_REQ_COM_TYPE_NL_TMPL (ID,LANGUAGE,NL_USUAGE_TYPE_KEY,OWNER,TEMPLATE,VER_NBR) VALUES ('1108','en','KUALI.RULE.PREVIEW','kuali.reqComponent.type.program.completion.duration','Must not exceed $duration $NLHelper.getProperGrammar($duration, $durationType.getName()).toLowerCase() without completing program',0)
INSERT INTO KSST_REQ_COM_TYPE_NL_TMPL (ID,LANGUAGE,NL_USUAGE_TYPE_KEY,OWNER,TEMPLATE,VER_NBR) VALUES ('1109','en','KUALI.RULE.PREVIEW','kuali.reqComponent.type.program.candidate.status.duration','Must attain candidate status within $duration $NLHelper.getProperGrammar($duration, $durationType.getName()).toLowerCase() after program entry term',0)
INSERT INTO KSST_REQ_COM_TYPE_NL_TMPL (ID,LANGUAGE,NL_USUAGE_TYPE_KEY,OWNER,TEMPLATE,VER_NBR) VALUES ('1110','en','KUALI.RULE.PREVIEW','kuali.reqComponent.type.program.completion.duration.afterentry','Must complete program within $duration $NLHelper.getProperGrammar($duration, $durationType.getName()).toLowerCase() after program entry term',0)
INSERT INTO KSST_REQ_COM_TYPE_NL_TMPL (ID,LANGUAGE,NL_USUAGE_TYPE_KEY,OWNER,TEMPLATE,VER_NBR) VALUES ('1111','en','KUALI.RULE.PREVIEW','kuali.reqComponent.type.program.residence.credits.final','$programClu.getOfficialIdentifier().getShortName() students must take their final $intValue $NLHelper.getProperGrammar($intValue, "credit") in residence',0)
INSERT INTO KSST_REQ_COM_TYPE_NL_TMPL (ID,LANGUAGE,NL_USUAGE_TYPE_KEY,OWNER,TEMPLATE,VER_NBR) VALUES ('1112','en','KUALI.RULE.PREVIEW','kuali.reqComponent.type.program.enrolled.credits.final','$programClu.getOfficialIdentifier().getShortName() students must be enrolled in their graduation major for the final $intValue $NLHelper.getProperGrammar($intValue, "credit") taken',0)
INSERT INTO KSST_REQ_COM_TYPE_NL_TMPL (ID,LANGUAGE,NL_USUAGE_TYPE_KEY,OWNER,TEMPLATE,VER_NBR) VALUES ('1113','en','KUALI.RULE.PREVIEW','kuali.reqComponent.type.program.minors.nof','Must earn no more than $intValue $NLHelper.getProperGrammar($intValue, "minor") as part of a program',0)
INSERT INTO KSST_REQ_COM_TYPE_NL_TMPL (ID,LANGUAGE,NL_USUAGE_TYPE_KEY,OWNER,TEMPLATE,VER_NBR) VALUES ('1114','en','KUALI.RULE.PREVIEW','kuali.reqComponent.type.program.minor.admitted.classstanding','Must be admitted to a minor program only if they have junior or senior class standing',0)
INSERT INTO KSST_REQ_COM_TYPE_NL_TMPL (ID,LANGUAGE,NL_USUAGE_TYPE_KEY,OWNER,TEMPLATE,VER_NBR) VALUES ('1115','en','KUALI.RULE.PREVIEW','kuali.reqComponent.type.course.courseset.completed.max','Must have successfully completed no more than $intValue $NLHelper.getProperGrammar($intValue, "course") from ',0)
INSERT INTO KSST_REQ_COM_TYPE_NL_TMPL (ID,LANGUAGE,NL_USUAGE_TYPE_KEY,OWNER,TEMPLATE,VER_NBR) VALUES ('113','en','KUALI.RULE.PREVIEW','kuali.reqComponent.type.course.courseset.grade.min','Must have earned a minimum grade of $gradeType.getName().toLowerCase() $grade in',0)
INSERT INTO KSST_REQ_COM_TYPE_NL_TMPL (ID,LANGUAGE,NL_USUAGE_TYPE_KEY,OWNER,TEMPLATE,VER_NBR) VALUES ('114','en','KUALI.RULE.PREVIEW','kuali.reqComponent.type.course.courseset.grade.max','Must not have earned a maximum grade of $gradeType.getName().toLowerCase() $grade or higher in',0)
INSERT INTO KSST_REQ_COM_TYPE_NL_TMPL (ID,LANGUAGE,NL_USUAGE_TYPE_KEY,OWNER,TEMPLATE,VER_NBR) VALUES ('115','en','KUALI.RULE.PREVIEW','kuali.reqComponent.type.course.permission.org.required','Permission of $org.getLongName() required',0)
INSERT INTO KSST_REQ_COM_TYPE_NL_TMPL (ID,LANGUAGE,NL_USUAGE_TYPE_KEY,OWNER,TEMPLATE,VER_NBR) VALUES ('116','en','KUALI.RULE.PREVIEW','kuali.reqComponent.type.course.permission.instructor.required','Permission of instructor required',0)
INSERT INTO KSST_REQ_COM_TYPE_NL_TMPL (ID,LANGUAGE,NL_USUAGE_TYPE_KEY,OWNER,TEMPLATE,VER_NBR) VALUES ('117','en','KUALI.RULE.PREVIEW','kuali.reqComponent.type.course.test.score.min','Must have achieved a minimum score of $fields.get(''kuali.reqComponent.field.type.test.score'') on $testCluSet.getCluSetAsShortName()',0)
INSERT INTO KSST_REQ_COM_TYPE_NL_TMPL (ID,LANGUAGE,NL_USUAGE_TYPE_KEY,OWNER,TEMPLATE,VER_NBR) VALUES ('118','en','KUALI.RULE.PREVIEW','kuali.reqComponent.type.course.test.score.max','Must have achieved a score no higher than $fields.get(''kuali.reqComponent.field.type.test.score'') on $testCluSet.getCluSetAsShortName()',0)
INSERT INTO KSST_REQ_COM_TYPE_NL_TMPL (ID,LANGUAGE,NL_USUAGE_TYPE_KEY,OWNER,TEMPLATE,VER_NBR) VALUES ('119','en','KUALI.RULE.PREVIEW','kuali.reqComponent.type.course.courseset.nof.grade.min','Must successfully complete a minimum of $intValue $NLHelper.getProperGrammar($intValue, "course") with a minimum grade of $gradeType.getName().toLowerCase() $grade from',0)
INSERT INTO KSST_REQ_COM_TYPE_NL_TMPL (ID,LANGUAGE,NL_USUAGE_TYPE_KEY,OWNER,TEMPLATE,VER_NBR) VALUES ('120','en','KUALI.RULE.PREVIEW','kuali.reqComponent.type.course.program.admitted.org.duration','Students admitted to $NLHelper.getCluOrCluSetAsShortNames($programClu,$programCluSet) may take no more than $intValue $NLHelper.getProperGrammar($intValue, "course") in the $org.getLongName() in $duration $NLHelper.getProperGrammar($duration, $durationType.getName()).toLowerCase()',0)
INSERT INTO KSST_REQ_COM_TYPE_NL_TMPL (ID,LANGUAGE,NL_USUAGE_TYPE_KEY,OWNER,TEMPLATE,VER_NBR) VALUES ('121','en','KUALI.RULE.PREVIEW','kuali.reqComponent.type.course.program.notadmitted.org.duration','Students not admitted to $NLHelper.getCluOrCluSetAsShortNames($programClu,$programCluSet) may take no more than $intValue $NLHelper.getProperGrammar($intValue, "course") in the $org.getLongName() in $duration $NLHelper.getProperGrammar($duration, $durationType.getName()).toLowerCase()',0)
INSERT INTO KSST_REQ_COM_TYPE_NL_TMPL (ID,LANGUAGE,NL_USUAGE_TYPE_KEY,OWNER,TEMPLATE,VER_NBR) VALUES ('122','en','KUALI.RULE.PREVIEW','kuali.reqComponent.type.course.org.program.admitted','Must be admitted to any program offered at the course campus location',0)
INSERT INTO KSST_REQ_COM_TYPE_NL_TMPL (ID,LANGUAGE,NL_USUAGE_TYPE_KEY,OWNER,TEMPLATE,VER_NBR) VALUES ('123','en','KUALI.RULE.PREVIEW','kuali.reqComponent.type.course.program.notadmitted','Must not have been admitted to the $NLHelper.getCluOrCluSetAsShortNames($programClu,$programCluSet) program',0)
INSERT INTO KSST_REQ_COM_TYPE_NL_TMPL (ID,LANGUAGE,NL_USUAGE_TYPE_KEY,OWNER,TEMPLATE,VER_NBR) VALUES ('124','en','KUALI.RULE.PREVIEW','kuali.reqComponent.type.course.credits.repeat.max','May be repeated for a maximum of $intValue credits',0)
INSERT INTO KSST_REQ_COM_TYPE_NL_TMPL (ID,LANGUAGE,NL_USUAGE_TYPE_KEY,OWNER,TEMPLATE,VER_NBR) VALUES ('125','en','KUALI.RULE.PREVIEW','kuali.reqComponent.type.course.org.credits.completed.min','Must have successfully completed a minimum of $intValue $NLHelper.getProperGrammar($intValue, "credit") from courses in the $org.getLongName()',0)
INSERT INTO KSST_REQ_COM_TYPE_NL_TMPL (ID,LANGUAGE,NL_USUAGE_TYPE_KEY,OWNER,TEMPLATE,VER_NBR) VALUES ('126','en','KUALI.RULE.PREVIEW','kuali.reqComponent.type.course.program.admitted','Must have been admitted to the $NLHelper.getCluOrCluSetAsShortNames($programClu,$programCluSet) program',0)
INSERT INTO KSST_REQ_COM_TYPE_NL_TMPL (ID,LANGUAGE,NL_USUAGE_TYPE_KEY,OWNER,TEMPLATE,VER_NBR) VALUES ('127','en','KUALI.RULE.PREVIEW','kuali.reqComponent.type.course.completed','Must have successfully completed $courseClu.getOfficialIdentifier().getCode()',0)
INSERT INTO KSST_REQ_COM_TYPE_NL_TMPL (ID,LANGUAGE,NL_USUAGE_TYPE_KEY,OWNER,TEMPLATE,VER_NBR) VALUES ('128','en','KUALI.RULE.PREVIEW','kuali.reqComponent.type.course.enrolled','Must be concurrently enrolled in $courseClu.getOfficialIdentifier().getCode()',0)
INSERT INTO KSST_REQ_COM_TYPE_NL_TMPL (ID,LANGUAGE,NL_USUAGE_TYPE_KEY,OWNER,TEMPLATE,VER_NBR) VALUES ('129','en','KUALI.RULE.PREVIEW','kuali.reqComponent.type.course.notcompleted','Must not have successfully completed $courseClu.getOfficialIdentifier().getCode()',0)
INSERT INTO KSST_REQ_COM_TYPE_NL_TMPL (ID,LANGUAGE,NL_USUAGE_TYPE_KEY,OWNER,TEMPLATE,VER_NBR) VALUES ('13','en','KUALI.RULE','kuali.reqComponent.type.course.courseset.grade.min','Must have earned a minimum grade of $gradeType.getName().toLowerCase() $grade in $courseCluSet.getCluSetAsCode()',0)
INSERT INTO KSST_REQ_COM_TYPE_NL_TMPL (ID,LANGUAGE,NL_USUAGE_TYPE_KEY,OWNER,TEMPLATE,VER_NBR) VALUES ('14','en','KUALI.RULE','kuali.reqComponent.type.course.courseset.grade.max','Must not have earned a maximum grade of $gradeType.getName().toLowerCase() $grade or higher in $courseCluSet.getCluSetAsCode()',0)
INSERT INTO KSST_REQ_COM_TYPE_NL_TMPL (ID,LANGUAGE,NL_USUAGE_TYPE_KEY,OWNER,TEMPLATE,VER_NBR) VALUES ('15','en','KUALI.RULE','kuali.reqComponent.type.course.permission.org.required','Permission of $org.getLongName() required',0)
INSERT INTO KSST_REQ_COM_TYPE_NL_TMPL (ID,LANGUAGE,NL_USUAGE_TYPE_KEY,OWNER,TEMPLATE,VER_NBR) VALUES ('16','en','KUALI.RULE','kuali.reqComponent.type.course.permission.instructor.required','Permission of instructor required',0)
INSERT INTO KSST_REQ_COM_TYPE_NL_TMPL (ID,LANGUAGE,NL_USUAGE_TYPE_KEY,OWNER,TEMPLATE,VER_NBR) VALUES ('17','en','KUALI.RULE','kuali.reqComponent.type.course.test.score.min','Must have achieved a minimum score of $fields.get(''kuali.reqComponent.field.type.test.score'') on $testCluSet.getCluSetAsShortName()',0)
INSERT INTO KSST_REQ_COM_TYPE_NL_TMPL (ID,LANGUAGE,NL_USUAGE_TYPE_KEY,OWNER,TEMPLATE,VER_NBR) VALUES ('18','en','KUALI.RULE','kuali.reqComponent.type.course.test.score.max','Must have achieved a score no higher than $fields.get(''kuali.reqComponent.field.type.test.score'') on $testCluSet.getCluSetAsShortName()',0)
INSERT INTO KSST_REQ_COM_TYPE_NL_TMPL (ID,LANGUAGE,NL_USUAGE_TYPE_KEY,OWNER,TEMPLATE,VER_NBR) VALUES ('19','en','KUALI.RULE','kuali.reqComponent.type.course.courseset.nof.grade.min','Must successfully complete a minimum of $intValue $NLHelper.getProperGrammar($intValue, "course") with a minimum grade of $gradeType.getName().toLowerCase() $grade from $courseCluSet.getCluSetAsCode()',0)
INSERT INTO KSST_REQ_COM_TYPE_NL_TMPL (ID,LANGUAGE,NL_USUAGE_TYPE_KEY,OWNER,TEMPLATE,VER_NBR) VALUES ('2','en','KUALI.RULE','kuali.reqComponent.type.course.courseset.completed.all','#if($courseCluSet.getCluList().size() == 1)Must have successfully completed $courseCluSet.getCluSetAsCode()#{else}Must have successfully completed all courses from $courseCluSet.getCluSetAsCode()#end',0)
INSERT INTO KSST_REQ_COM_TYPE_NL_TMPL (ID,LANGUAGE,NL_USUAGE_TYPE_KEY,OWNER,TEMPLATE,VER_NBR) VALUES ('20','en','KUALI.RULE','kuali.reqComponent.type.course.program.admitted.org.duration','Students admitted to $NLHelper.getCluOrCluSetAsShortNames($programClu,$programCluSet) may take no more than $intValue $NLHelper.getProperGrammar($intValue, "course") in the $org.getLongName() in $duration $NLHelper.getProperGrammar($duration, $durationType.getName()).toLowerCase()',0)
INSERT INTO KSST_REQ_COM_TYPE_NL_TMPL (ID,LANGUAGE,NL_USUAGE_TYPE_KEY,OWNER,TEMPLATE,VER_NBR) VALUES ('2001','en','KUALI.RULE.EXAMPLE','kuali.reqComponent.type.program.programset.completed.nof','Must have successfully completed a minimum of 1 program from (Geology or  Sociology) programs',0)
INSERT INTO KSST_REQ_COM_TYPE_NL_TMPL (ID,LANGUAGE,NL_USUAGE_TYPE_KEY,OWNER,TEMPLATE,VER_NBR) VALUES ('2002','en','KUALI.RULE.EXAMPLE','kuali.reqComponent.type.program.programset.notcompleted.nof','Must not have successfully completed any of (Geology or Sociology) programs',0)
INSERT INTO KSST_REQ_COM_TYPE_NL_TMPL (ID,LANGUAGE,NL_USUAGE_TYPE_KEY,OWNER,TEMPLATE,VER_NBR) VALUES ('2003','en','KUALI.RULE.EXAMPLE','kuali.reqComponent.type.program.programset.completed.all','Must have successfully completed all of (Sociology and CORE Advanced Studies)',0)
INSERT INTO KSST_REQ_COM_TYPE_NL_TMPL (ID,LANGUAGE,NL_USUAGE_TYPE_KEY,OWNER,TEMPLATE,VER_NBR) VALUES ('2004','en','KUALI.RULE.EXAMPLE','kuali.reqComponent.type.program.programset.coursecompleted.nof','Must have successfully completed a minimum of 14 courses from ( Sociology and CORE Advanced Studies) programs',0)
INSERT INTO KSST_REQ_COM_TYPE_NL_TMPL (ID,LANGUAGE,NL_USUAGE_TYPE_KEY,OWNER,TEMPLATE,VER_NBR) VALUES ('2005','en','KUALI.RULE.EXAMPLE','kuali.reqComponent.type.program.admitted.credits','Must be admitted to program prior to earning 60 credits',0)
INSERT INTO KSST_REQ_COM_TYPE_NL_TMPL (ID,LANGUAGE,NL_USUAGE_TYPE_KEY,OWNER,TEMPLATE,VER_NBR) VALUES ('2006','en','KUALI.RULE.EXAMPLE','kuali.reqComponent.type.program.credits.min','Must have earned a minimum of 120 total credits',0)
INSERT INTO KSST_REQ_COM_TYPE_NL_TMPL (ID,LANGUAGE,NL_USUAGE_TYPE_KEY,OWNER,TEMPLATE,VER_NBR) VALUES ('2007','en','KUALI.RULE.EXAMPLE','kuali.reqComponent.type.program.credits.max','Must not have earned more than 130 total credits',0)
INSERT INTO KSST_REQ_COM_TYPE_NL_TMPL (ID,LANGUAGE,NL_USUAGE_TYPE_KEY,OWNER,TEMPLATE,VER_NBR) VALUES ('2008','en','KUALI.RULE.EXAMPLE','kuali.reqComponent.type.program.completion.duration','Must not exceed 10 semesters without completing program',0)
INSERT INTO KSST_REQ_COM_TYPE_NL_TMPL (ID,LANGUAGE,NL_USUAGE_TYPE_KEY,OWNER,TEMPLATE,VER_NBR) VALUES ('2009','en','KUALI.RULE.EXAMPLE','kuali.reqComponent.type.program.candidate.status.duration','Must attain candidate status within 3 semesters after program entry term',0)
INSERT INTO KSST_REQ_COM_TYPE_NL_TMPL (ID,LANGUAGE,NL_USUAGE_TYPE_KEY,OWNER,TEMPLATE,VER_NBR) VALUES ('201','en','KUALI.RULE.EXAMPLE','kuali.reqComponent.type.course.courseset.completed.none','Must not have successfully completed any courses from (MATH111, 140, 220, or STAT100)',0)
INSERT INTO KSST_REQ_COM_TYPE_NL_TMPL (ID,LANGUAGE,NL_USUAGE_TYPE_KEY,OWNER,TEMPLATE,VER_NBR) VALUES ('2010','en','KUALI.RULE.EXAMPLE','kuali.reqComponent.type.program.completion.duration.afterentry','Must complete program within 10 semesters after program entry term',0)
INSERT INTO KSST_REQ_COM_TYPE_NL_TMPL (ID,LANGUAGE,NL_USUAGE_TYPE_KEY,OWNER,TEMPLATE,VER_NBR) VALUES ('2011','en','KUALI.RULE.EXAMPLE','kuali.reqComponent.type.program.residence.credits.final','Undergraduate students must take their final 30 credits in residence',0)
INSERT INTO KSST_REQ_COM_TYPE_NL_TMPL (ID,LANGUAGE,NL_USUAGE_TYPE_KEY,OWNER,TEMPLATE,VER_NBR) VALUES ('2012','en','KUALI.RULE.EXAMPLE','kuali.reqComponent.type.program.enrolled.credits.final','Undergraduate students must be enrolled in their graduation major for the final 15 credits taken',0)
INSERT INTO KSST_REQ_COM_TYPE_NL_TMPL (ID,LANGUAGE,NL_USUAGE_TYPE_KEY,OWNER,TEMPLATE,VER_NBR) VALUES ('2013','en','KUALI.RULE.EXAMPLE','kuali.reqComponent.type.program.minors.nof','Must earn no more than 2 minors as part of a program',0)
INSERT INTO KSST_REQ_COM_TYPE_NL_TMPL (ID,LANGUAGE,NL_USUAGE_TYPE_KEY,OWNER,TEMPLATE,VER_NBR) VALUES ('2014','en','KUALI.RULE.EXAMPLE','kuali.reqComponent.type.program.minor.admitted.classstanding','Must be admitted to a minor program only if they have junior or senior class standing',0)
INSERT INTO KSST_REQ_COM_TYPE_NL_TMPL (ID,LANGUAGE,NL_USUAGE_TYPE_KEY,OWNER,TEMPLATE,VER_NBR) VALUES ('2015','en','KUALI.RULE.EXAMPLE','kuali.reqComponent.type.course.courseset.completed.max','Must have successfully completed no more than 2 courses from (MATH111, 140, 220, and STAT100)',0)
INSERT INTO KSST_REQ_COM_TYPE_NL_TMPL (ID,LANGUAGE,NL_USUAGE_TYPE_KEY,OWNER,TEMPLATE,VER_NBR) VALUES ('202','en','KUALI.RULE.EXAMPLE','kuali.reqComponent.type.course.courseset.completed.all','Must have successfully completed all courses from (MATH111, 140, 220, and STAT100)',0)
INSERT INTO KSST_REQ_COM_TYPE_NL_TMPL (ID,LANGUAGE,NL_USUAGE_TYPE_KEY,OWNER,TEMPLATE,VER_NBR) VALUES ('203','en','KUALI.RULE.EXAMPLE','kuali.reqComponent.type.course.courseset.completed.nof','Must have successfully completed a minimum of 1 course from (MATH111, 140, 220, or STAT100)',0)
INSERT INTO KSST_REQ_COM_TYPE_NL_TMPL (ID,LANGUAGE,NL_USUAGE_TYPE_KEY,OWNER,TEMPLATE,VER_NBR) VALUES ('204','en','KUALI.RULE.EXAMPLE','kuali.reqComponent.type.course.courseset.enrolled.nof','Must be concurrently enrolled in a minimum of 1 course from (MATH111, 140, 220, or STAT100)',0)
INSERT INTO KSST_REQ_COM_TYPE_NL_TMPL (ID,LANGUAGE,NL_USUAGE_TYPE_KEY,OWNER,TEMPLATE,VER_NBR) VALUES ('205','en','KUALI.RULE.EXAMPLE','kuali.reqComponent.type.course.courseset.credits.completed.nof','Must have earned a minimum of 3 credits from (MATH111, 140, 220, or STAT100)',0)
INSERT INTO KSST_REQ_COM_TYPE_NL_TMPL (ID,LANGUAGE,NL_USUAGE_TYPE_KEY,OWNER,TEMPLATE,VER_NBR) VALUES ('206','en','KUALI.RULE.EXAMPLE','kuali.reqComponent.type.course.courseset.credits.completed.none','No credits may be used from (Developmental Math courses (MATH001, 002, 003, 010, 011, 013 or 015)',0)
INSERT INTO KSST_REQ_COM_TYPE_NL_TMPL (ID,LANGUAGE,NL_USUAGE_TYPE_KEY,OWNER,TEMPLATE,VER_NBR) VALUES ('207','en','KUALI.RULE.EXAMPLE','kuali.reqComponent.type.course.courseset.credits.completed.max','Must not have earned more than 6 credits from (MATH111, 140, 220, and STAT100)',0)
INSERT INTO KSST_REQ_COM_TYPE_NL_TMPL (ID,LANGUAGE,NL_USUAGE_TYPE_KEY,OWNER,TEMPLATE,VER_NBR) VALUES ('208','en','KUALI.RULE.EXAMPLE','kuali.reqComponent.type.course.courseset.gpa.min','Must have earned a minimum GPA of 2.00 in (MATH111, 140, 220, and  STAT100)',0)
INSERT INTO KSST_REQ_COM_TYPE_NL_TMPL (ID,LANGUAGE,NL_USUAGE_TYPE_KEY,OWNER,TEMPLATE,VER_NBR) VALUES ('21','en','KUALI.RULE','kuali.reqComponent.type.course.program.notadmitted.org.duration','Students not admitted to $NLHelper.getCluOrCluSetAsShortNames($programClu,$programCluSet) may take no more than $intValue $NLHelper.getProperGrammar($intValue, "course") in the $org.getLongName() in $duration $NLHelper.getProperGrammar($duration, $durationType.getName()).toLowerCase()',0)
INSERT INTO KSST_REQ_COM_TYPE_NL_TMPL (ID,LANGUAGE,NL_USUAGE_TYPE_KEY,OWNER,TEMPLATE,VER_NBR) VALUES ('213','en','KUALI.RULE.EXAMPLE','kuali.reqComponent.type.course.courseset.grade.min','Must have earned a minimum grade of letter B in (MATH111, 140, 220, and STAT100)',0)
INSERT INTO KSST_REQ_COM_TYPE_NL_TMPL (ID,LANGUAGE,NL_USUAGE_TYPE_KEY,OWNER,TEMPLATE,VER_NBR) VALUES ('214','en','KUALI.RULE.EXAMPLE','kuali.reqComponent.type.course.courseset.grade.max','Must not have earned a maximum grade of letter C or higher in (MATH111, 140, 220, and STAT100)',0)
INSERT INTO KSST_REQ_COM_TYPE_NL_TMPL (ID,LANGUAGE,NL_USUAGE_TYPE_KEY,OWNER,TEMPLATE,VER_NBR) VALUES ('215','en','KUALI.RULE.EXAMPLE','kuali.reqComponent.type.course.permission.org.required','Permission of English Department Required',0)
INSERT INTO KSST_REQ_COM_TYPE_NL_TMPL (ID,LANGUAGE,NL_USUAGE_TYPE_KEY,OWNER,TEMPLATE,VER_NBR) VALUES ('216','en','KUALI.RULE.EXAMPLE','kuali.reqComponent.type.course.permission.instructor.required','Permission of instructor required',0)
INSERT INTO KSST_REQ_COM_TYPE_NL_TMPL (ID,LANGUAGE,NL_USUAGE_TYPE_KEY,OWNER,TEMPLATE,VER_NBR) VALUES ('217','en','KUALI.RULE.EXAMPLE','kuali.reqComponent.type.course.test.score.min','Must have achieved a minimum score of 600 on SAT Critical Reading Exam',0)
INSERT INTO KSST_REQ_COM_TYPE_NL_TMPL (ID,LANGUAGE,NL_USUAGE_TYPE_KEY,OWNER,TEMPLATE,VER_NBR) VALUES ('218','en','KUALI.RULE.EXAMPLE','kuali.reqComponent.type.course.test.score.max','Must have achieved a score no higher than 5 on AP Japanese',0)
INSERT INTO KSST_REQ_COM_TYPE_NL_TMPL (ID,LANGUAGE,NL_USUAGE_TYPE_KEY,OWNER,TEMPLATE,VER_NBR) VALUES ('219','en','KUALI.RULE.EXAMPLE','kuali.reqComponent.type.course.courseset.nof.grade.min','Must have successfully completed a minimum of 1 course with a minimum grade of letter B from (MATH111, 140, 220, or STAT100)',0)
INSERT INTO KSST_REQ_COM_TYPE_NL_TMPL (ID,LANGUAGE,NL_USUAGE_TYPE_KEY,OWNER,TEMPLATE,VER_NBR) VALUES ('22','en','KUALI.RULE','kuali.reqComponent.type.course.org.program.admitted','Must be admitted to any program offered at the course campus location',0)
INSERT INTO KSST_REQ_COM_TYPE_NL_TMPL (ID,LANGUAGE,NL_USUAGE_TYPE_KEY,OWNER,TEMPLATE,VER_NBR) VALUES ('220','en','KUALI.RULE.EXAMPLE','kuali.reqComponent.type.course.program.admitted.org.duration','Students admitted to Sociology may take no more than 2 courses in the Math department in 1 year',0)
INSERT INTO KSST_REQ_COM_TYPE_NL_TMPL (ID,LANGUAGE,NL_USUAGE_TYPE_KEY,OWNER,TEMPLATE,VER_NBR) VALUES ('221','en','KUALI.RULE.EXAMPLE','kuali.reqComponent.type.course.program.notadmitted.org.duration','Students not admitted to Sociology may take no more than 3 courses in the Computer Science Dept department in 1 year',0)
INSERT INTO KSST_REQ_COM_TYPE_NL_TMPL (ID,LANGUAGE,NL_USUAGE_TYPE_KEY,OWNER,TEMPLATE,VER_NBR) VALUES ('222','en','KUALI.RULE.EXAMPLE','kuali.reqComponent.type.course.org.program.admitted','Must be admitted to any program offered at the course campus location',0)
INSERT INTO KSST_REQ_COM_TYPE_NL_TMPL (ID,LANGUAGE,NL_USUAGE_TYPE_KEY,OWNER,TEMPLATE,VER_NBR) VALUES ('223','en','KUALI.RULE.EXAMPLE','kuali.reqComponent.type.course.program.notadmitted','Must not have been admitted to the Sociology program',0)
INSERT INTO KSST_REQ_COM_TYPE_NL_TMPL (ID,LANGUAGE,NL_USUAGE_TYPE_KEY,OWNER,TEMPLATE,VER_NBR) VALUES ('224','en','KUALI.RULE.EXAMPLE','kuali.reqComponent.type.course.credits.repeat.max','May be repeated for a maximum of $intValue credits',0)
INSERT INTO KSST_REQ_COM_TYPE_NL_TMPL (ID,LANGUAGE,NL_USUAGE_TYPE_KEY,OWNER,TEMPLATE,VER_NBR) VALUES ('225','en','KUALI.RULE.EXAMPLE','kuali.reqComponent.type.course.org.credits.completed.min','Must have successfully completed a minimum of 3 credits from courses in the Math department',0)
INSERT INTO KSST_REQ_COM_TYPE_NL_TMPL (ID,LANGUAGE,NL_USUAGE_TYPE_KEY,OWNER,TEMPLATE,VER_NBR) VALUES ('226','en','KUALI.RULE.EXAMPLE','kuali.reqComponent.type.course.program.admitted','Must have been admitted to the Sociology program',0)
INSERT INTO KSST_REQ_COM_TYPE_NL_TMPL (ID,LANGUAGE,NL_USUAGE_TYPE_KEY,OWNER,TEMPLATE,VER_NBR) VALUES ('227','en','KUALI.RULE.EXAMPLE','kuali.reqComponent.type.course.completed','Must have successfully completed MATH111',0)
INSERT INTO KSST_REQ_COM_TYPE_NL_TMPL (ID,LANGUAGE,NL_USUAGE_TYPE_KEY,OWNER,TEMPLATE,VER_NBR) VALUES ('228','en','KUALI.RULE.EXAMPLE','kuali.reqComponent.type.course.enrolled','Must be concurrently enrolled in MATH111',0)
INSERT INTO KSST_REQ_COM_TYPE_NL_TMPL (ID,LANGUAGE,NL_USUAGE_TYPE_KEY,OWNER,TEMPLATE,VER_NBR) VALUES ('229','en','KUALI.RULE.EXAMPLE','kuali.reqComponent.type.course.notcompleted','Must not have successfully completed MATH111',0)
INSERT INTO KSST_REQ_COM_TYPE_NL_TMPL (ID,LANGUAGE,NL_USUAGE_TYPE_KEY,OWNER,TEMPLATE,VER_NBR) VALUES ('23','en','KUALI.RULE','kuali.reqComponent.type.course.program.notadmitted','Must not have been admitted to the $NLHelper.getCluOrCluSetAsShortNames($programClu,$programCluSet) program',0)
INSERT INTO KSST_REQ_COM_TYPE_NL_TMPL (ID,LANGUAGE,NL_USUAGE_TYPE_KEY,OWNER,TEMPLATE,VER_NBR) VALUES ('24','en','KUALI.RULE','kuali.reqComponent.type.course.credits.repeat.max','May be repeated for a maximum of $intValue credits',0)
INSERT INTO KSST_REQ_COM_TYPE_NL_TMPL (ID,LANGUAGE,NL_USUAGE_TYPE_KEY,OWNER,TEMPLATE,VER_NBR) VALUES ('25','en','KUALI.RULE','kuali.reqComponent.type.course.org.credits.completed.min','Must have successfully completed a minimum of $intValue $NLHelper.getProperGrammar($intValue, "credit") from courses in the $org.getLongName()',0)
INSERT INTO KSST_REQ_COM_TYPE_NL_TMPL (ID,LANGUAGE,NL_USUAGE_TYPE_KEY,OWNER,TEMPLATE,VER_NBR) VALUES ('26','en','KUALI.RULE','kuali.reqComponent.type.course.program.admitted','Must have been admitted to the $NLHelper.getCluOrCluSetAsShortNames($programClu,$programCluSet) program',0)
INSERT INTO KSST_REQ_COM_TYPE_NL_TMPL (ID,LANGUAGE,NL_USUAGE_TYPE_KEY,OWNER,TEMPLATE,VER_NBR) VALUES ('27','en','KUALI.RULE','kuali.reqComponent.type.course.completed','Must have successfully completed $courseClu.getOfficialIdentifier().getCode()',0)
INSERT INTO KSST_REQ_COM_TYPE_NL_TMPL (ID,LANGUAGE,NL_USUAGE_TYPE_KEY,OWNER,TEMPLATE,VER_NBR) VALUES ('28','en','KUALI.RULE','kuali.reqComponent.type.course.enrolled','Must be concurrently enrolled in $courseClu.getOfficialIdentifier().getCode()',0)
INSERT INTO KSST_REQ_COM_TYPE_NL_TMPL (ID,LANGUAGE,NL_USUAGE_TYPE_KEY,OWNER,TEMPLATE,VER_NBR) VALUES ('29','en','KUALI.RULE','kuali.reqComponent.type.course.notcompleted','Must not have successfully completed $courseClu.getOfficialIdentifier().getCode()',0)
INSERT INTO KSST_REQ_COM_TYPE_NL_TMPL (ID,LANGUAGE,NL_USUAGE_TYPE_KEY,OWNER,TEMPLATE,VER_NBR) VALUES ('3','en','KUALI.RULE','kuali.reqComponent.type.course.courseset.completed.nof','#if($intValue == 1 && $courseCluSet.getCluList().size() == 1)Must have successfully completed $courseCluSet.getCluSetAsCode()#{else}Must have successfully completed a minimum of $intValue $NLHelper.getProperGrammar($intValue, "course") from $courseCluSet.getCluSetAsCode()#end',0)
INSERT INTO KSST_REQ_COM_TYPE_NL_TMPL (ID,LANGUAGE,NL_USUAGE_TYPE_KEY,OWNER,TEMPLATE,VER_NBR) VALUES ('3001','en','KUALI.RULE.COMPOSITION','kuali.reqComponent.type.program.programset.completed.nof','<reqCompFieldType=kuali.reqComponent.field.type.value.positive.integer;reqCompFieldLabel=Number of Programs> from <reqCompFieldType=kuali.reqComponent.field.type.program.cluSet.id;reqCompFieldLabel=Programs>',0)
INSERT INTO KSST_REQ_COM_TYPE_NL_TMPL (ID,LANGUAGE,NL_USUAGE_TYPE_KEY,OWNER,TEMPLATE,VER_NBR) VALUES ('3002','en','KUALI.RULE.COMPOSITION','kuali.reqComponent.type.program.programset.notcompleted.nof','<reqCompFieldType=kuali.reqComponent.field.type.program.cluSet.id;reqCompFieldLabel=Programs>',0)
INSERT INTO KSST_REQ_COM_TYPE_NL_TMPL (ID,LANGUAGE,NL_USUAGE_TYPE_KEY,OWNER,TEMPLATE,VER_NBR) VALUES ('3003','en','KUALI.RULE.COMPOSITION','kuali.reqComponent.type.program.programset.completed.all','<reqCompFieldType=kuali.reqComponent.field.type.program.cluSet.id;reqCompFieldLabel=Programs>',0)
INSERT INTO KSST_REQ_COM_TYPE_NL_TMPL (ID,LANGUAGE,NL_USUAGE_TYPE_KEY,OWNER,TEMPLATE,VER_NBR) VALUES ('3004','en','KUALI.RULE.COMPOSITION','kuali.reqComponent.type.program.programset.coursecompleted.nof','<reqCompFieldType=kuali.reqComponent.field.type.value.positive.integer;reqCompFieldLabel=Number of Courses> from <reqCompFieldType=kuali.reqComponent.field.type.program.cluSet.id;reqCompFieldLabel=Programs>',0)
INSERT INTO KSST_REQ_COM_TYPE_NL_TMPL (ID,LANGUAGE,NL_USUAGE_TYPE_KEY,OWNER,TEMPLATE,VER_NBR) VALUES ('3005','en','KUALI.RULE.COMPOSITION','kuali.reqComponent.type.program.admitted.credits','<reqCompFieldType=kuali.reqComponent.field.type.value.positive.integer;reqCompFieldLabel=Credits>',0)
INSERT INTO KSST_REQ_COM_TYPE_NL_TMPL (ID,LANGUAGE,NL_USUAGE_TYPE_KEY,OWNER,TEMPLATE,VER_NBR) VALUES ('3006','en','KUALI.RULE.COMPOSITION','kuali.reqComponent.type.program.credits.min','<reqCompFieldType=kuali.reqComponent.field.type.value.positive.integer;reqCompFieldLabel=Minimum Number of Credits>',0)
INSERT INTO KSST_REQ_COM_TYPE_NL_TMPL (ID,LANGUAGE,NL_USUAGE_TYPE_KEY,OWNER,TEMPLATE,VER_NBR) VALUES ('3007','en','KUALI.RULE.COMPOSITION','kuali.reqComponent.type.program.credits.max','<reqCompFieldType=kuali.reqComponent.field.type.value.positive.integer;reqCompFieldLabel=Maximum Number of Credits>',0)
INSERT INTO KSST_REQ_COM_TYPE_NL_TMPL (ID,LANGUAGE,NL_USUAGE_TYPE_KEY,OWNER,TEMPLATE,VER_NBR) VALUES ('3008','en','KUALI.RULE.COMPOSITION','kuali.reqComponent.type.program.completion.duration','<reqCompFieldType=kuali.reqComponent.field.type.duration;reqCompFieldLabel=Duration Count> of type <reqCompFieldType=kuali.reqComponent.field.type.durationType.id;reqCompFieldLabel=Duration Type>',0)
INSERT INTO KSST_REQ_COM_TYPE_NL_TMPL (ID,LANGUAGE,NL_USUAGE_TYPE_KEY,OWNER,TEMPLATE,VER_NBR) VALUES ('3009','en','KUALI.RULE.COMPOSITION','kuali.reqComponent.type.program.candidate.status.duration','<reqCompFieldType=kuali.reqComponent.field.type.duration;reqCompFieldLabel=Duration Count> of type <reqCompFieldType=kuali.reqComponent.field.type.durationType.id;reqCompFieldLabel=Duration Type>',0)
INSERT INTO KSST_REQ_COM_TYPE_NL_TMPL (ID,LANGUAGE,NL_USUAGE_TYPE_KEY,OWNER,TEMPLATE,VER_NBR) VALUES ('301','en','KUALI.RULE.COMPOSITION','kuali.reqComponent.type.course.courseset.completed.none','<reqCompFieldType=kuali.reqComponent.field.type.course.cluSet.id;reqCompFieldLabel=Courses>',0)
INSERT INTO KSST_REQ_COM_TYPE_NL_TMPL (ID,LANGUAGE,NL_USUAGE_TYPE_KEY,OWNER,TEMPLATE,VER_NBR) VALUES ('3010','en','KUALI.RULE.COMPOSITION','kuali.reqComponent.type.program.completion.duration.afterentry','<reqCompFieldType=kuali.reqComponent.field.type.duration;reqCompFieldLabel=Duration Count> of type <reqCompFieldType=kuali.reqComponent.field.type.durationType.id;reqCompFieldLabel=Duration Type>',0)
INSERT INTO KSST_REQ_COM_TYPE_NL_TMPL (ID,LANGUAGE,NL_USUAGE_TYPE_KEY,OWNER,TEMPLATE,VER_NBR) VALUES ('3011','en','KUALI.RULE.COMPOSITION','kuali.reqComponent.type.program.residence.credits.final','<reqCompFieldType=kuali.reqComponent.field.type.program.clu.id;reqCompFieldLabel=Program> for final credits of <reqCompFieldType=kuali.reqComponent.field.type.value.positive.integer;reqCompFieldLabel=Credits>',0)
INSERT INTO KSST_REQ_COM_TYPE_NL_TMPL (ID,LANGUAGE,NL_USUAGE_TYPE_KEY,OWNER,TEMPLATE,VER_NBR) VALUES ('3012','en','KUALI.RULE.COMPOSITION','kuali.reqComponent.type.program.enrolled.credits.final','<reqCompFieldType=kuali.reqComponent.field.type.program.clu.id;reqCompFieldLabel=Program> for final credits of <reqCompFieldType=kuali.reqComponent.field.type.value.positive.integer;reqCompFieldLabel=Credits>',0)
INSERT INTO KSST_REQ_COM_TYPE_NL_TMPL (ID,LANGUAGE,NL_USUAGE_TYPE_KEY,OWNER,TEMPLATE,VER_NBR) VALUES ('3013','en','KUALI.RULE.COMPOSITION','kuali.reqComponent.type.program.minors.nof','<reqCompFieldType=kuali.reqComponent.field.type.value.positive.integer;reqCompFieldLabel=Minors>',0)
INSERT INTO KSST_REQ_COM_TYPE_NL_TMPL (ID,LANGUAGE,NL_USUAGE_TYPE_KEY,OWNER,VER_NBR) VALUES ('3014','en','KUALI.RULE.COMPOSITION','kuali.reqComponent.type.program.minor.admitted.classstanding',0)
INSERT INTO KSST_REQ_COM_TYPE_NL_TMPL (ID,LANGUAGE,NL_USUAGE_TYPE_KEY,OWNER,TEMPLATE,VER_NBR) VALUES ('3015','en','KUALI.RULE.COMPOSITION','kuali.reqComponent.type.course.courseset.completed.max','<reqCompFieldType=kuali.reqComponent.field.type.value.positive.integer;reqCompFieldLabel=Number of Courses> from <reqCompFieldType=kuali.reqComponent.field.type.course.cluSet.id;reqCompFieldLabel=Courses>',0)
INSERT INTO KSST_REQ_COM_TYPE_NL_TMPL (ID,LANGUAGE,NL_USUAGE_TYPE_KEY,OWNER,TEMPLATE,VER_NBR) VALUES ('302','en','KUALI.RULE.COMPOSITION','kuali.reqComponent.type.course.courseset.completed.all','<reqCompFieldType=kuali.reqComponent.field.type.course.cluSet.id;reqCompFieldLabel=Courses>',0)
INSERT INTO KSST_REQ_COM_TYPE_NL_TMPL (ID,LANGUAGE,NL_USUAGE_TYPE_KEY,OWNER,TEMPLATE,VER_NBR) VALUES ('303','en','KUALI.RULE.COMPOSITION','kuali.reqComponent.type.course.courseset.completed.nof','<reqCompFieldType=kuali.reqComponent.field.type.value.positive.integer;reqCompFieldLabel=Number of Courses> from <reqCompFieldType=kuali.reqComponent.field.type.course.cluSet.id;reqCompFieldLabel=Courses>',0)
INSERT INTO KSST_REQ_COM_TYPE_NL_TMPL (ID,LANGUAGE,NL_USUAGE_TYPE_KEY,OWNER,TEMPLATE,VER_NBR) VALUES ('304','en','KUALI.RULE.COMPOSITION','kuali.reqComponent.type.course.courseset.enrolled.nof','<reqCompFieldType=kuali.reqComponent.field.type.value.positive.integer;reqCompFieldLabel=Number of Courses> from <reqCompFieldType=kuali.reqComponent.field.type.course.cluSet.id;reqCompFieldLabel=Courses>',0)
INSERT INTO KSST_REQ_COM_TYPE_NL_TMPL (ID,LANGUAGE,NL_USUAGE_TYPE_KEY,OWNER,TEMPLATE,VER_NBR) VALUES ('305','en','KUALI.RULE.COMPOSITION','kuali.reqComponent.type.course.courseset.credits.completed.nof','<reqCompFieldType=kuali.reqComponent.field.type.value.positive.integer;reqCompFieldLabel=Credits> from <reqCompFieldType=kuali.reqComponent.field.type.course.cluSet.id;reqCompFieldLabel=Courses>',0)
INSERT INTO KSST_REQ_COM_TYPE_NL_TMPL (ID,LANGUAGE,NL_USUAGE_TYPE_KEY,OWNER,TEMPLATE,VER_NBR) VALUES ('306','en','KUALI.RULE.COMPOSITION','kuali.reqComponent.type.course.courseset.credits.completed.none','<reqCompFieldType=kuali.reqComponent.field.type.course.cluSet.id;reqCompFieldLabel=Courses>',0)
INSERT INTO KSST_REQ_COM_TYPE_NL_TMPL (ID,LANGUAGE,NL_USUAGE_TYPE_KEY,OWNER,TEMPLATE,VER_NBR) VALUES ('307','en','KUALI.RULE.COMPOSITION','kuali.reqComponent.type.course.courseset.credits.completed.max','<reqCompFieldType=kuali.reqComponent.field.type.value.positive.integer;reqCompFieldLabel=Credits> from <reqCompFieldType=kuali.reqComponent.field.type.course.cluSet.id;reqCompFieldLabel=Courses>',0)
INSERT INTO KSST_REQ_COM_TYPE_NL_TMPL (ID,LANGUAGE,NL_USUAGE_TYPE_KEY,OWNER,TEMPLATE,VER_NBR) VALUES ('308','en','KUALI.RULE.COMPOSITION','kuali.reqComponent.type.course.courseset.gpa.min','<reqCompFieldType=kuali.reqComponent.field.type.gpa;reqCompFieldLabel=GPA> from <reqCompFieldType=kuali.reqComponent.field.type.course.cluSet.id;reqCompFieldLabel=Courses>',0)
INSERT INTO KSST_REQ_COM_TYPE_NL_TMPL (ID,LANGUAGE,NL_USUAGE_TYPE_KEY,OWNER,TEMPLATE,VER_NBR) VALUES ('313','en','KUALI.RULE.COMPOSITION','kuali.reqComponent.type.course.courseset.grade.min','<reqCompFieldType=kuali.reqComponent.field.type.gradeType.id;reqCompFieldLabel=Grade Type> of <reqCompFieldType=kuali.reqComponent.field.type.grade.id;reqCompFieldLabel=Grade> in <reqCompFieldType=kuali.reqComponent.field.type.course.cluSet.id;reqCompFieldLabel=Courses>',0)
INSERT INTO KSST_REQ_COM_TYPE_NL_TMPL (ID,LANGUAGE,NL_USUAGE_TYPE_KEY,OWNER,TEMPLATE,VER_NBR) VALUES ('314','en','KUALI.RULE.COMPOSITION','kuali.reqComponent.type.course.courseset.grade.max','<reqCompFieldType=kuali.reqComponent.field.type.gradeType.id;reqCompFieldLabel=Grade Type> of <reqCompFieldType=kuali.reqComponent.field.type.grade.id;reqCompFieldLabel=Grade> in <reqCompFieldType=kuali.reqComponent.field.type.course.cluSet.id;reqCompFieldLabel=Courses>',0)
INSERT INTO KSST_REQ_COM_TYPE_NL_TMPL (ID,LANGUAGE,NL_USUAGE_TYPE_KEY,OWNER,TEMPLATE,VER_NBR) VALUES ('315','en','KUALI.RULE.COMPOSITION','kuali.reqComponent.type.course.permission.org.required','<reqCompFieldType=kuali.reqComponent.field.type.org.id;reqCompFieldLabel=Organization>',0)
INSERT INTO KSST_REQ_COM_TYPE_NL_TMPL (ID,LANGUAGE,NL_USUAGE_TYPE_KEY,OWNER,TEMPLATE,VER_NBR) VALUES ('316','en','KUALI.RULE.COMPOSITION','kuali.reqComponent.type.course.permission.instructor.required','<reqCompFieldType=kuali.reqComponent.field.type.person.id;reqCompFieldLabel=Instructor>',0)
INSERT INTO KSST_REQ_COM_TYPE_NL_TMPL (ID,LANGUAGE,NL_USUAGE_TYPE_KEY,OWNER,TEMPLATE,VER_NBR) VALUES ('317','en','KUALI.RULE.COMPOSITION','kuali.reqComponent.type.course.test.score.min','<reqCompFieldType=kuali.reqComponent.field.type.test.score;reqCompFieldLabel=Test Score> from <reqCompFieldType=kuali.reqComponent.field.type.test.cluSet.id;reqCompFieldLabel=Tests>',0)
INSERT INTO KSST_REQ_COM_TYPE_NL_TMPL (ID,LANGUAGE,NL_USUAGE_TYPE_KEY,OWNER,TEMPLATE,VER_NBR) VALUES ('318','en','KUALI.RULE.COMPOSITION','kuali.reqComponent.type.course.test.score.max','<reqCompFieldType=kuali.reqComponent.field.type.test.score;reqCompFieldLabel=Test Score> from <reqCompFieldType=kuali.reqComponent.field.type.test.cluSet.id;reqCompFieldLabel=Tests>',0)
INSERT INTO KSST_REQ_COM_TYPE_NL_TMPL (ID,LANGUAGE,NL_USUAGE_TYPE_KEY,OWNER,TEMPLATE,VER_NBR) VALUES ('319','en','KUALI.RULE.COMPOSITION','kuali.reqComponent.type.course.courseset.nof.grade.min','<reqCompFieldType=kuali.reqComponent.field.type.value.positive.integer;reqCompFieldLabel=Number of Courses> from <reqCompFieldType=kuali.reqComponent.field.type.course.cluSet.id;reqCompFieldLabel=Courses> with <reqCompFieldType=kuali.reqComponent.field.type.gradeType.id;reqCompFieldLabel=Grade Type> of <reqCompFieldType=kuali.reqComponent.field.type.grade.id;reqCompFieldLabel=Grade>',0)
INSERT INTO KSST_REQ_COM_TYPE_NL_TMPL (ID,LANGUAGE,NL_USUAGE_TYPE_KEY,OWNER,TEMPLATE,VER_NBR) VALUES ('320','en','KUALI.RULE.COMPOSITION','kuali.reqComponent.type.course.program.admitted.org.duration','<reqCompFieldType=kuali.reqComponent.field.type.program.cluSet.id;reqCompFieldLabel=Program(s)> no more than <reqCompFieldType=kuali.reqComponent.field.type.value.positive.integer;reqCompFieldLabel=Number of Courses> in <reqCompFieldType=kuali.reqComponent.field.type.org.id;reqCompFieldLabel=Department> in <reqCompFieldType=kuali.reqComponent.field.type.duration;reqCompFieldLabel=Duration Count> of type <reqCompFieldType=kuali.reqComponent.field.type.durationType.id;reqCompFieldLabel=Duration Type>',0)
INSERT INTO KSST_REQ_COM_TYPE_NL_TMPL (ID,LANGUAGE,NL_USUAGE_TYPE_KEY,OWNER,TEMPLATE,VER_NBR) VALUES ('321','en','KUALI.RULE.COMPOSITION','kuali.reqComponent.type.course.program.notadmitted.org.duration','<reqCompFieldType=kuali.reqComponent.field.type.program.cluSet.id;reqCompFieldLabel=Program(s)> no more than <reqCompFieldType=kuali.reqComponent.field.type.value.positive.integer;reqCompFieldLabel=Number of Courses> in <reqCompFieldType=kuali.reqComponent.field.type.org.id;reqCompFieldLabel=Department> in <reqCompFieldType=kuali.reqComponent.field.type.duration;reqCompFieldLabel=Duration Count> of type <reqCompFieldType=kuali.reqComponent.field.type.durationType.id;reqCompFieldLabel=Duration Type>',0)
INSERT INTO KSST_REQ_COM_TYPE_NL_TMPL (ID,LANGUAGE,NL_USUAGE_TYPE_KEY,OWNER,VER_NBR) VALUES ('322','en','KUALI.RULE.COMPOSITION','kuali.reqComponent.type.course.org.program.admitted',0)
INSERT INTO KSST_REQ_COM_TYPE_NL_TMPL (ID,LANGUAGE,NL_USUAGE_TYPE_KEY,OWNER,TEMPLATE,VER_NBR) VALUES ('323','en','KUALI.RULE.COMPOSITION','kuali.reqComponent.type.course.program.notadmitted','<reqCompFieldType=kuali.reqComponent.field.type.program.cluSet.id;reqCompFieldLabel=Program(s)>',0)
INSERT INTO KSST_REQ_COM_TYPE_NL_TMPL (ID,LANGUAGE,NL_USUAGE_TYPE_KEY,OWNER,TEMPLATE,VER_NBR) VALUES ('324','en','KUALI.RULE.COMPOSITION','kuali.reqComponent.type.course.credits.repeat.max','<reqCompFieldType=kuali.reqComponent.field.type.value.positive.integer;reqCompFieldLabel=Credits>',0)
INSERT INTO KSST_REQ_COM_TYPE_NL_TMPL (ID,LANGUAGE,NL_USUAGE_TYPE_KEY,OWNER,TEMPLATE,VER_NBR) VALUES ('325','en','KUALI.RULE.COMPOSITION','kuali.reqComponent.type.course.org.credits.completed.min','<reqCompFieldType=kuali.reqComponent.field.type.value.positive.integer;reqCompFieldLabel=Credits> from courses in <reqCompFieldType=kuali.reqComponent.field.type.org.id;reqCompFieldLabel=Department>',0)
INSERT INTO KSST_REQ_COM_TYPE_NL_TMPL (ID,LANGUAGE,NL_USUAGE_TYPE_KEY,OWNER,TEMPLATE,VER_NBR) VALUES ('326','en','KUALI.RULE.COMPOSITION','kuali.reqComponent.type.course.program.admitted','<reqCompFieldType=kuali.reqComponent.field.type.program.cluSet.id;reqCompFieldLabel=Program(s)>',0)
INSERT INTO KSST_REQ_COM_TYPE_NL_TMPL (ID,LANGUAGE,NL_USUAGE_TYPE_KEY,OWNER,TEMPLATE,VER_NBR) VALUES ('327','en','KUALI.RULE.COMPOSITION','kuali.reqComponent.type.course.completed','<reqCompFieldType=kuali.reqComponent.field.type.course.clu.id;reqCompFieldLabel=Course>',0)
INSERT INTO KSST_REQ_COM_TYPE_NL_TMPL (ID,LANGUAGE,NL_USUAGE_TYPE_KEY,OWNER,TEMPLATE,VER_NBR) VALUES ('328','en','KUALI.RULE.COMPOSITION','kuali.reqComponent.type.course.enrolled','<reqCompFieldType=kuali.reqComponent.field.type.course.clu.id;reqCompFieldLabel=Course>',0)
INSERT INTO KSST_REQ_COM_TYPE_NL_TMPL (ID,LANGUAGE,NL_USUAGE_TYPE_KEY,OWNER,TEMPLATE,VER_NBR) VALUES ('329','en','KUALI.RULE.COMPOSITION','kuali.reqComponent.type.course.notcompleted','<reqCompFieldType=kuali.reqComponent.field.type.course.clu.id;reqCompFieldLabel=Course>',0)
INSERT INTO KSST_REQ_COM_TYPE_NL_TMPL (ID,LANGUAGE,NL_USUAGE_TYPE_KEY,OWNER,TEMPLATE,VER_NBR) VALUES ('4','en','KUALI.RULE','kuali.reqComponent.type.course.courseset.enrolled.nof','Must be concurrently enrolled in a minimum of $intValue $NLHelper.getProperGrammar($intValue, "course") from $courseCluSet.getCluSetAsCode()',0)
INSERT INTO KSST_REQ_COM_TYPE_NL_TMPL (ID,LANGUAGE,NL_USUAGE_TYPE_KEY,OWNER,TEMPLATE,VER_NBR) VALUES ('5','en','KUALI.RULE','kuali.reqComponent.type.course.courseset.credits.completed.nof','Must have successfully completed a minimum of $intValue $NLHelper.getProperGrammar($intValue, "credit") from $courseCluSet.getCluSetAsCode()',0)
INSERT INTO KSST_REQ_COM_TYPE_NL_TMPL (ID,LANGUAGE,NL_USUAGE_TYPE_KEY,OWNER,TEMPLATE,VER_NBR) VALUES ('6','en','KUALI.RULE','kuali.reqComponent.type.course.courseset.credits.completed.none','Must not have successfully completed any credits from $courseCluSet.getCluSetAsCode()',0)
INSERT INTO KSST_REQ_COM_TYPE_NL_TMPL (ID,LANGUAGE,NL_USUAGE_TYPE_KEY,OWNER,TEMPLATE,VER_NBR) VALUES ('7','en','KUALI.RULE','kuali.reqComponent.type.course.courseset.credits.completed.max','Must successfully complete no more than $intValue $NLHelper.getProperGrammar($intValue, "credit") from $courseCluSet.getCluSetAsCode()',0)
INSERT INTO KSST_REQ_COM_TYPE_NL_TMPL (ID,LANGUAGE,NL_USUAGE_TYPE_KEY,OWNER,TEMPLATE,VER_NBR) VALUES ('8','en','KUALI.RULE','kuali.reqComponent.type.course.courseset.gpa.min','Must have earned a minimum GPA of $gpa in $courseCluSet.getCluSetAsCode()',0)

//Ref statement rel type -> statement type mappings
INSERT INTO KSST_RSTMT_RTYP_JN_STMT_TYP (REF_STMT_REL_TYPE_ID,STMT_TYPE_ID) VALUES ('clu.prerequisites','kuali.statement.type.course.academicReadiness.prereq')
INSERT INTO KSST_RSTMT_RTYP_JN_STMT_TYP (REF_STMT_REL_TYPE_ID,STMT_TYPE_ID) VALUES ('clu.corequisites','kuali.statement.type.course.academicReadiness.coreq')
INSERT INTO KSST_RSTMT_RTYP_JN_STMT_TYP (REF_STMT_REL_TYPE_ID,STMT_TYPE_ID) VALUES ('clu.antirequisites','kuali.statement.type.course.academicReadiness.antireq')
INSERT INTO KSST_RSTMT_RTYP_JN_STMT_TYP (REF_STMT_REL_TYPE_ID,STMT_TYPE_ID) VALUES ('clu.eligibilitiesandprerequisites','kuali.statement.type.course.academicReadiness.studentEligibilityPrereq')
INSERT INTO KSST_RSTMT_RTYP_JN_STMT_TYP (REF_STMT_REL_TYPE_ID,STMT_TYPE_ID) VALUES ('clu.credit.repeatable','kuali.statement.type.course.credit.repeatable')
INSERT INTO KSST_RSTMT_RTYP_JN_STMT_TYP (REF_STMT_REL_TYPE_ID,STMT_TYPE_ID) VALUES ('clu.credit.restriction','kuali.statement.type.course.credit.restriction')
INSERT INTO KSST_RSTMT_RTYP_JN_STMT_TYP (REF_STMT_REL_TYPE_ID,STMT_TYPE_ID) VALUES ('clu.recommendedpreparation','kuali.statement.type.course.recommendedPreparation')
INSERT INTO KSST_RSTMT_RTYP_JN_STMT_TYP (REF_STMT_REL_TYPE_ID,STMT_TYPE_ID) VALUES ('clu.entrance','kuali.statement.type.program.entrance')
INSERT INTO KSST_RSTMT_RTYP_JN_STMT_TYP (REF_STMT_REL_TYPE_ID,STMT_TYPE_ID) VALUES ('clu.satisfactoryprogress','kuali.statement.type.program.satisfactoryProgress')
INSERT INTO KSST_RSTMT_RTYP_JN_STMT_TYP (REF_STMT_REL_TYPE_ID,STMT_TYPE_ID) VALUES ('clu.completion','kuali.statement.type.program.completion')