--Attribute Definition for RDL Action.
INSERT INTO KRMS_ATTR_DEFN_T (ATTR_DEFN_ID,ACTV,CMPNT_NM,DESC_TXT,LBL,NM,NMSPC_CD,VER_NBR)
  VALUES ('KS-KRMS-ATTR-DEFN-10000','Y',null,'weekdays.string','Weekdays String', 'Weekdays String','KS-SYS',1)
/
INSERT INTO KRMS_ATTR_DEFN_T (ATTR_DEFN_ID,ACTV,CMPNT_NM,DESC_TXT,LBL,NM,NMSPC_CD,VER_NBR)
  VALUES ('KS-KRMS-ATTR-DEFN-10001','Y',null,'start.time','Start Time', 'Start Time','KS-SYS',1)
/
INSERT INTO KRMS_ATTR_DEFN_T (ATTR_DEFN_ID,ACTV,CMPNT_NM,DESC_TXT,LBL,NM,NMSPC_CD,VER_NBR)
  VALUES ('KS-KRMS-ATTR-DEFN-10002','Y',null,'end.time','End Time', 'End Time','KS-SYS',1)
/
INSERT INTO KRMS_ATTR_DEFN_T (ATTR_DEFN_ID,ACTV,CMPNT_NM,DESC_TXT,LBL,NM,NMSPC_CD,VER_NBR)
  VALUES ('KS-KRMS-ATTR-DEFN-10003','Y',null,'facility','Facility', 'Facility','KS-SYS',1)
/
INSERT INTO KRMS_ATTR_DEFN_T (ATTR_DEFN_ID,ACTV,CMPNT_NM,DESC_TXT,LBL,NM,NMSPC_CD,VER_NBR)
  VALUES ('KS-KRMS-ATTR-DEFN-10004','Y',null,'room','Room', 'Room','KS-SYS',1)
/

--Action to create Day 1 Session 1 RDL
INSERT INTO KRMS_ACTN_T (ACTN_ID,NM,DESC_TXT,TYP_ID,RULE_ID,SEQ_NO,VER_NBR,NMSPC_CD)
  VALUES ('KS-KRMS-ACTN-10000','day1session1','Day 1: 8am - 10am',(SELECT TYP_ID FROM KRMS_TYP_T WHERE NM = 'kuali.krms.action.type.requested.delivery.logistic'),'KS-KRMS-RULE-12037',1,1,'KS-SYS')
/

INSERT INTO KRMS_ACTN_ATTR_T (ACTN_ATTR_DATA_ID, ACTN_ID, ATTR_DEFN_ID, ATTR_VAL, VER_NBR)
  VALUES ('KS-KRMS-ACTN-ATTR-10000', 'KS-KRMS-ACTN-10000', 'KS-KRMS-ATTR-DEFN-10000', '1', 1)
/
INSERT INTO KRMS_ACTN_ATTR_T (ACTN_ATTR_DATA_ID, ACTN_ID, ATTR_DEFN_ID, ATTR_VAL, VER_NBR)
  VALUES ('KS-KRMS-ACTN-ATTR-10001', 'KS-KRMS-ACTN-10000', 'KS-KRMS-ATTR-DEFN-10001', '46800000', 1)
/
INSERT INTO KRMS_ACTN_ATTR_T (ACTN_ATTR_DATA_ID, ACTN_ID, ATTR_DEFN_ID, ATTR_VAL, VER_NBR)
  VALUES ('KS-KRMS-ACTN-ATTR-10002', 'KS-KRMS-ACTN-10000', 'KS-KRMS-ATTR-DEFN-10002', '54000000', 1)
/
INSERT INTO KRMS_ACTN_ATTR_T (ACTN_ATTR_DATA_ID, ACTN_ID, ATTR_DEFN_ID, ATTR_VAL, VER_NBR)
  VALUES ('KS-KRMS-ACTN-ATTR-10003', 'KS-KRMS-ACTN-10000', 'KS-KRMS-ATTR-DEFN-10003', 'Building 1', 1)
/
INSERT INTO KRMS_ACTN_ATTR_T (ACTN_ATTR_DATA_ID, ACTN_ID, ATTR_DEFN_ID, ATTR_VAL, VER_NBR)
  VALUES ('KS-KRMS-ACTN-ATTR-10004', 'KS-KRMS-ACTN-10000', 'KS-KRMS-ATTR-DEFN-10004', 'Room 1', 1)
/

--Action to create Day 3 Session 2 RDL
INSERT INTO KRMS_ACTN_T (ACTN_ID,NM,DESC_TXT,TYP_ID,RULE_ID,SEQ_NO,VER_NBR,NMSPC_CD)
  VALUES ('KS-KRMS-ACTN-10001','day3session2','Day 3: 10:30am - 12:30am',(SELECT TYP_ID FROM KRMS_TYP_T WHERE NM = 'kuali.krms.action.type.requested.delivery.logistic'),'KS-KRMS-RULE-12038',1,1,'KS-SYS')
/

INSERT INTO KRMS_ACTN_ATTR_T (ACTN_ATTR_DATA_ID, ACTN_ID, ATTR_DEFN_ID, ATTR_VAL, VER_NBR)
  VALUES ('KS-KRMS-ACTN-ATTR-10005', 'KS-KRMS-ACTN-10001', 'KS-KRMS-ATTR-DEFN-10000', '3', 1)
/
INSERT INTO KRMS_ACTN_ATTR_T (ACTN_ATTR_DATA_ID, ACTN_ID, ATTR_DEFN_ID, ATTR_VAL, VER_NBR)
  VALUES ('KS-KRMS-ACTN-ATTR-10006', 'KS-KRMS-ACTN-10001', 'KS-KRMS-ATTR-DEFN-10001', '55800000', 1)
/
INSERT INTO KRMS_ACTN_ATTR_T (ACTN_ATTR_DATA_ID, ACTN_ID, ATTR_DEFN_ID, ATTR_VAL, VER_NBR)
  VALUES ('KS-KRMS-ACTN-ATTR-10007', 'KS-KRMS-ACTN-10001', 'KS-KRMS-ATTR-DEFN-10002', '59400000', 1)
/
INSERT INTO KRMS_ACTN_ATTR_T (ACTN_ATTR_DATA_ID, ACTN_ID, ATTR_DEFN_ID, ATTR_VAL, VER_NBR)
  VALUES ('KS-KRMS-ACTN-ATTR-10008', 'KS-KRMS-ACTN-10001', 'KS-KRMS-ATTR-DEFN-10003', 'Building 2', 1)
/
INSERT INTO KRMS_ACTN_ATTR_T (ACTN_ATTR_DATA_ID, ACTN_ID, ATTR_DEFN_ID, ATTR_VAL, VER_NBR)
  VALUES ('KS-KRMS-ACTN-ATTR-10009', 'KS-KRMS-ACTN-10001', 'KS-KRMS-ATTR-DEFN-10004', 'Room 2', 1)
/

--Action to create Day 3 Session 5 RDL
INSERT INTO KRMS_ACTN_T (ACTN_ID,NM,DESC_TXT,TYP_ID,RULE_ID,SEQ_NO,VER_NBR,NMSPC_CD)
  VALUES ('KS-KRMS-ACTN-10002','day3session5','Day 3: 6:30pm - 8:30pm',(SELECT TYP_ID FROM KRMS_TYP_T WHERE NM = 'kuali.krms.action.type.requested.delivery.logistic'),'KS-KRMS-RULE-12039',1,1,'KS-SYS')
/

INSERT INTO KRMS_ACTN_ATTR_T (ACTN_ATTR_DATA_ID, ACTN_ID, ATTR_DEFN_ID, ATTR_VAL, VER_NBR)
  VALUES ('KS-KRMS-ACTN-ATTR-10010', 'KS-KRMS-ACTN-10002', 'KS-KRMS-ATTR-DEFN-10000', '3', 1)
/
INSERT INTO KRMS_ACTN_ATTR_T (ACTN_ATTR_DATA_ID, ACTN_ID, ATTR_DEFN_ID, ATTR_VAL, VER_NBR)
  VALUES ('KS-KRMS-ACTN-ATTR-10011', 'KS-KRMS-ACTN-10002', 'KS-KRMS-ATTR-DEFN-10001', '84600000', 1)
/
INSERT INTO KRMS_ACTN_ATTR_T (ACTN_ATTR_DATA_ID, ACTN_ID, ATTR_DEFN_ID, ATTR_VAL, VER_NBR)
  VALUES ('KS-KRMS-ACTN-ATTR-10012', 'KS-KRMS-ACTN-10002', 'KS-KRMS-ATTR-DEFN-10002', '91800000', 1)
/
INSERT INTO KRMS_ACTN_ATTR_T (ACTN_ATTR_DATA_ID, ACTN_ID, ATTR_DEFN_ID, ATTR_VAL, VER_NBR)
  VALUES ('KS-KRMS-ACTN-ATTR-10013', 'KS-KRMS-ACTN-10002', 'KS-KRMS-ATTR-DEFN-10003', 'Building 2', 1)
/
INSERT INTO KRMS_ACTN_ATTR_T (ACTN_ATTR_DATA_ID, ACTN_ID, ATTR_DEFN_ID, ATTR_VAL, VER_NBR)
  VALUES ('KS-KRMS-ACTN-ATTR-10014', 'KS-KRMS-ACTN-10002', 'KS-KRMS-ATTR-DEFN-10004', 'Room 2', 1)
/