
--Add new roles and responsibilities for new program workflow nodes

--Org Curriculum Manager derived role type
INSERT INTO KRIM_TYP_T (ACTV_IND,KIM_TYP_ID,NM,NMSPC_CD,OBJ_ID,SRVC_NM,VER_NBR) 
  VALUES ('Y','117','Derived Role: Curriculum Manager Type','KS-SYS','ORGCURRMANGREDERIVED0000000000TYP','ksOrgCurriculumManagerRoleTypeService',1)
/

--Org Curriculum Manager derived role using
INSERT INTO KRIM_ROLE_T (ACTV_IND,KIM_TYP_ID,NMSPC_CD,OBJ_ID,ROLE_ID,ROLE_NM,VER_NBR) 
  VALUES ('Y','117','KS-LUM','ORGCURRMANGREDERIVED000000000ROLE','936','Org Curriculum Manager',1)
/

--Crate a responsibility for Curriculum Admin Review
INSERT INTO KRIM_RSP_T (RSP_ID,NMSPC_CD,NM,ACTV_IND,RSP_TMPL_ID,VER_NBR,DESC_TXT,OBJ_ID) 
  VALUES ('308','KS-LUM','Review','Y','1',0,'Responsibility for Curriculum Admin Review','CurriculumAdminReview0RSP')
/
INSERT INTO KRIM_RSP_ATTR_DATA_T (ATTR_DATA_ID,ATTR_VAL,KIM_ATTR_DEFN_ID,KIM_TYP_ID,OBJ_ID,RSP_ID,VER_NBR) 
  VALUES ('40801','CluCreditCourseParentDocument','13','7','CurriculumAdminReview0RSPATTR01','308',1)
/
INSERT INTO KRIM_RSP_ATTR_DATA_T (ATTR_DATA_ID,ATTR_VAL,KIM_ATTR_DEFN_ID,KIM_TYP_ID,OBJ_ID,RSP_ID,VER_NBR) 
  VALUES ('40802','Curriculum Admin Review','16','7','CurriculumAdminReview0RSPATTR02','308',1)
/
INSERT INTO KRIM_RSP_ATTR_DATA_T (ATTR_DATA_ID,ATTR_VAL,KIM_ATTR_DEFN_ID,KIM_TYP_ID,OBJ_ID,RSP_ID,VER_NBR) 
  VALUES ('40803','false','41','7','CurriculumAdminReview0RSPATTR03','308',1)
/
INSERT INTO KRIM_RSP_ATTR_DATA_T (ATTR_DATA_ID,ATTR_VAL,KIM_ATTR_DEFN_ID,KIM_TYP_ID,OBJ_ID,RSP_ID,VER_NBR) 
  VALUES ('40804','false','40','7','CurriculumAdminReview0RSPATTR04','308',1)
/
--Tie the role to the responsibility
INSERT INTO KRIM_ROLE_RSP_T (ACTV_IND,OBJ_ID,RSP_ID,ROLE_ID,ROLE_RSP_ID,VER_NBR) 
  VALUES ('Y','CurriculumAdminReview0ROLERSP01','308','936','50801',1)
/
INSERT INTO KRIM_ROLE_RSP_ACTN_T (ROLE_RSP_ACTN_ID,OBJ_ID,VER_NBR,ACTN_TYP_CD,ACTN_PLCY_CD,ROLE_MBR_ID,ROLE_RSP_ID,FRC_ACTN) 
  VALUES ('60801','CurriculumAdminReview0ROLERSPACTN01',1,'A','F','*','50801','Y')
/

--Crate a responsibility for President's Office Review
INSERT INTO KRIM_RSP_T (RSP_ID,NMSPC_CD,NM,ACTV_IND,RSP_TMPL_ID,VER_NBR,DESC_TXT,OBJ_ID) 
  VALUES ('309','KS-LUM','Review','Y','1',0,'Responsibility for Presidents Office Review','PresidentsOfficeReview0RSP')
/
INSERT INTO KRIM_RSP_ATTR_DATA_T (ATTR_DATA_ID,ATTR_VAL,KIM_ATTR_DEFN_ID,KIM_TYP_ID,OBJ_ID,RSP_ID,VER_NBR) 
  VALUES ('40901','CluCreditCourseParentDocument','13','7','PresidentsOfficeReview0RSPATTR01','309',1)
/
INSERT INTO KRIM_RSP_ATTR_DATA_T (ATTR_DATA_ID,ATTR_VAL,KIM_ATTR_DEFN_ID,KIM_TYP_ID,OBJ_ID,RSP_ID,VER_NBR) 
  VALUES ('40902','Presidents Office Review','16','7','PresidentsOfficeReview0RSPATTR02','309',1)
/
INSERT INTO KRIM_RSP_ATTR_DATA_T (ATTR_DATA_ID,ATTR_VAL,KIM_ATTR_DEFN_ID,KIM_TYP_ID,OBJ_ID,RSP_ID,VER_NBR) 
  VALUES ('40903','false','41','7','PresidentsOfficeReview0RSPATTR03','309',1)
/
INSERT INTO KRIM_RSP_ATTR_DATA_T (ATTR_DATA_ID,ATTR_VAL,KIM_ATTR_DEFN_ID,KIM_TYP_ID,OBJ_ID,RSP_ID,VER_NBR) 
  VALUES ('40904','false','40','7','PresidentsOfficeReview0RSPATTR04','309',1)
/
--Tie the role to the responsibility
INSERT INTO KRIM_ROLE_RSP_T (ACTV_IND,OBJ_ID,RSP_ID,ROLE_ID,ROLE_RSP_ID,VER_NBR) 
  VALUES ('Y','PresidentsOfficeReview0ROLERSP01','309','936','50901',1)
/
INSERT INTO KRIM_ROLE_RSP_ACTN_T (ROLE_RSP_ACTN_ID,OBJ_ID,VER_NBR,ACTN_TYP_CD,ACTN_PLCY_CD,ROLE_MBR_ID,ROLE_RSP_ID,FRC_ACTN) 
  VALUES ('60901','PresidentsOfficeReview0ROLERSPACTN01',1,'A','F','*','50901','Y')
/

--Crate a responsibility for System Office Review
INSERT INTO KRIM_RSP_T (RSP_ID,NMSPC_CD,NM,ACTV_IND,RSP_TMPL_ID,VER_NBR,DESC_TXT,OBJ_ID) 
  VALUES ('310','KS-LUM','Review','Y','1',0,'Responsibility for System Office Review','SystemOfficeReview0RSP')
/
INSERT INTO KRIM_RSP_ATTR_DATA_T (ATTR_DATA_ID,ATTR_VAL,KIM_ATTR_DEFN_ID,KIM_TYP_ID,OBJ_ID,RSP_ID,VER_NBR) 
  VALUES ('41001','CluCreditCourseParentDocument','13','7','SystemOfficeReview0RSPATTR01','310',1)
/
INSERT INTO KRIM_RSP_ATTR_DATA_T (ATTR_DATA_ID,ATTR_VAL,KIM_ATTR_DEFN_ID,KIM_TYP_ID,OBJ_ID,RSP_ID,VER_NBR) 
  VALUES ('41002','System Office Review','16','7','SystemOfficeReview0RSPATTR02','310',1)
/
INSERT INTO KRIM_RSP_ATTR_DATA_T (ATTR_DATA_ID,ATTR_VAL,KIM_ATTR_DEFN_ID,KIM_TYP_ID,OBJ_ID,RSP_ID,VER_NBR) 
  VALUES ('41003','false','41','7','SystemOfficeReview0RSPATTR03','310',1)
/
INSERT INTO KRIM_RSP_ATTR_DATA_T (ATTR_DATA_ID,ATTR_VAL,KIM_ATTR_DEFN_ID,KIM_TYP_ID,OBJ_ID,RSP_ID,VER_NBR) 
  VALUES ('41004','false','40','7','SystemOfficeReview0RSPATTR04','310',1)
/
--Tie the role to the responsibility
INSERT INTO KRIM_ROLE_RSP_T (ACTV_IND,OBJ_ID,RSP_ID,ROLE_ID,ROLE_RSP_ID,VER_NBR) 
  VALUES ('Y','SystemOfficeReview0ROLERSP01','310','936','51001',1)
/
INSERT INTO KRIM_ROLE_RSP_ACTN_T (ROLE_RSP_ACTN_ID,OBJ_ID,VER_NBR,ACTN_TYP_CD,ACTN_PLCY_CD,ROLE_MBR_ID,ROLE_RSP_ID,FRC_ACTN) 
  VALUES ('61001','SystemOfficeReview0ROLERSPACTN01',1,'A','F','*','51001','Y')
/

