
-- KSLR_RESCOMP
INSERT INTO KSLR_RESCOMP (VER_NBR, EFF_DT, STATE, NAME, OBJ_ID, EXPIR_DT, RT_DESCR_ID, CREATETIME, UPDATEID, CREATEID, ID, UPDATETIME, TYPE) VALUES (0, null, 'Active', null, '3132e3b2-a5a0-41e5-a99f-f5d5a0496d93', null, null, TO_TIMESTAMP('2011-08-10 00:00:00.0','yyyy-MM-dd HH24:MI:SS.FF'), null, null, 'kuali.creditType.credit.degree.1-8', TO_TIMESTAMP('2011-08-10 00:00:00.0','yyyy-MM-dd HH24:MI:SS.FF'), 'kuali.resultComponentType.credit.degree.range')
/
INSERT INTO KSLR_RESCOMP (VER_NBR, EFF_DT, STATE, NAME, OBJ_ID, EXPIR_DT, RT_DESCR_ID, CREATETIME, UPDATEID, CREATEID, ID, UPDATETIME, TYPE) VALUES (0, null, 'Active', null, '222656f4-e252-4443-8026-87cc69ff4cd0', null, null, TO_TIMESTAMP('2011-08-10 00:00:00.0','yyyy-MM-dd HH24:MI:SS.FF'), null, null, 'kuali.creditType.credit.degree.2-4', TO_TIMESTAMP('2011-08-10 00:00:00.0','yyyy-MM-dd HH24:MI:SS.FF'), 'kuali.resultComponentType.credit.degree.range')
/
INSERT INTO KSLR_RESCOMP (VER_NBR, EFF_DT, STATE, NAME, OBJ_ID, EXPIR_DT, RT_DESCR_ID, CREATETIME, UPDATEID, CREATEID, ID, UPDATETIME, TYPE) VALUES (0, null, 'Active', null, '39706d4b-8f5f-483a-ab8f-85fbaa2da414', null, null, TO_TIMESTAMP('2011-08-10 00:00:00.0','yyyy-MM-dd HH24:MI:SS.FF'), null, null, 'kuali.creditType.credit.degree.1-5', TO_TIMESTAMP('2011-08-10 00:00:00.0','yyyy-MM-dd HH24:MI:SS.FF'), 'kuali.resultComponentType.credit.degree.range')
/
INSERT INTO KSLR_RESCOMP (VER_NBR, EFF_DT, STATE, NAME, OBJ_ID, EXPIR_DT, RT_DESCR_ID, CREATETIME, UPDATEID, CREATEID, ID, UPDATETIME, TYPE) VALUES (0, null, 'Active', null, '8f6f8aac-b67c-4e82-b061-114fe13723a1', null, null, TO_TIMESTAMP('2011-08-10 00:00:00.0','yyyy-MM-dd HH24:MI:SS.FF'), null, null, 'kuali.creditType.credit.degree.2-3', TO_TIMESTAMP('2011-08-10 00:00:00.0','yyyy-MM-dd HH24:MI:SS.FF'), 'kuali.resultComponentType.credit.degree.range')
/
INSERT INTO KSLR_RESCOMP (VER_NBR, EFF_DT, STATE, NAME, OBJ_ID, EXPIR_DT, RT_DESCR_ID, CREATETIME, UPDATEID, CREATEID, ID, UPDATETIME, TYPE) VALUES (0, null, 'Active', null, '33ce5106-ca7b-4d15-892f-b4e8747ea7e4', null, null, TO_TIMESTAMP('2011-08-10 00:00:00.0','yyyy-MM-dd HH24:MI:SS.FF'), null, null, 'kuali.creditType.credit.degree.4-6', TO_TIMESTAMP('2011-08-10 00:00:00.0','yyyy-MM-dd HH24:MI:SS.FF'), 'kuali.resultComponentType.credit.degree.range')
/

-- KSLR_RESCOMP_ATTR
INSERT INTO KSLR_RESCOMP_ATTR (VER_NBR, ATTR_VALUE, ATTR_NAME, OBJ_ID, ID, OWNER) VALUES (0, '8', 'maxCreditValue', '148d03c7-6265-4c6f-9f83-75dace212789', '77bf18d4-497e-4be1-a3f6-4e39800554e0', 'kuali.creditType.credit.degree.1-8')
/
INSERT INTO KSLR_RESCOMP_ATTR (VER_NBR, ATTR_VALUE, ATTR_NAME, OBJ_ID, ID, OWNER) VALUES (0, null, 'creditValueIncrement', 'f6d86ee7-4c21-4c7c-b54a-e7dd38742baa', '3d2f6303-00a3-4e4d-ba4c-6c508c7ea6c2', 'kuali.creditType.credit.degree.1-8')
/
INSERT INTO KSLR_RESCOMP_ATTR (VER_NBR, ATTR_VALUE, ATTR_NAME, OBJ_ID, ID, OWNER) VALUES (0, '1', 'minCreditValue', 'd157aa51-2d5e-4e1f-9ae6-a2933687931f', 'a554878b-cb34-4706-b9f9-5f2b573978c9', 'kuali.creditType.credit.degree.1-8')
/
INSERT INTO KSLR_RESCOMP_ATTR (VER_NBR, ATTR_VALUE, ATTR_NAME, OBJ_ID, ID, OWNER) VALUES (0, '4', 'maxCreditValue', '95bff610-50fe-4f79-8983-20a0a0f220d2', 'b20cd8c4-8371-497c-9ead-04f4d25ab012', 'kuali.creditType.credit.degree.2-4')
/
INSERT INTO KSLR_RESCOMP_ATTR (VER_NBR, ATTR_VALUE, ATTR_NAME, OBJ_ID, ID, OWNER) VALUES (0, null, 'creditValueIncrement', 'ca53e529-7d4a-4883-9357-e3e972a89216', '5ad783ce-314a-48ec-8268-b4f4b6040996', 'kuali.creditType.credit.degree.2-4')
/
INSERT INTO KSLR_RESCOMP_ATTR (VER_NBR, ATTR_VALUE, ATTR_NAME, OBJ_ID, ID, OWNER) VALUES (0, '2', 'minCreditValue', '0e7119c9-c70c-4623-9610-adea2fc7201e', '78b5a9ae-f082-49b2-a361-fb5a9464334c', 'kuali.creditType.credit.degree.2-4')
/
INSERT INTO KSLR_RESCOMP_ATTR (VER_NBR, ATTR_VALUE, ATTR_NAME, OBJ_ID, ID, OWNER) VALUES (0, '5', 'maxCreditValue', 'dae9e5b2-bdc3-4fd9-b424-bddfdc42dfc9', '6577ec5b-e86f-4045-ae52-44e7f3f5e4c9', 'kuali.creditType.credit.degree.1-5')
/
INSERT INTO KSLR_RESCOMP_ATTR (VER_NBR, ATTR_VALUE, ATTR_NAME, OBJ_ID, ID, OWNER) VALUES (0, null, 'creditValueIncrement', 'ff9ce840-2f3a-4f8e-987e-2f18a45604c3', '993d8ed9-a880-4fb1-814a-80b0771ecff6', 'kuali.creditType.credit.degree.1-5')
/
INSERT INTO KSLR_RESCOMP_ATTR (VER_NBR, ATTR_VALUE, ATTR_NAME, OBJ_ID, ID, OWNER) VALUES (0, '1', 'minCreditValue', 'f7041802-c8cf-4ae5-9564-cf94623aa9f1', 'd26441a0-3f54-47ff-a320-11f7b8da5a8a', 'kuali.creditType.credit.degree.1-5')
/
INSERT INTO KSLR_RESCOMP_ATTR (VER_NBR, ATTR_VALUE, ATTR_NAME, OBJ_ID, ID, OWNER) VALUES (0, '3', 'maxCreditValue', '977fe3ed-49b9-48ea-87a9-d4630d830b7f', 'c9d295c6-a98d-41a9-bf6e-335608a53100', 'kuali.creditType.credit.degree.2-3')
/
INSERT INTO KSLR_RESCOMP_ATTR (VER_NBR, ATTR_VALUE, ATTR_NAME, OBJ_ID, ID, OWNER) VALUES (0, null, 'creditValueIncrement', 'c66dead5-71d2-4d8d-a1d8-89ad573cc74f', '31cc434e-fbcb-4fdb-95ba-df0a8429f19d', 'kuali.creditType.credit.degree.2-3')
/
INSERT INTO KSLR_RESCOMP_ATTR (VER_NBR, ATTR_VALUE, ATTR_NAME, OBJ_ID, ID, OWNER) VALUES (0, '2', 'minCreditValue', 'fafdb952-697a-487f-9def-a3ea97ecdb73', '32d137be-409a-49df-ba5f-ab86d716419f', 'kuali.creditType.credit.degree.2-3')
/
INSERT INTO KSLR_RESCOMP_ATTR (VER_NBR, ATTR_VALUE, ATTR_NAME, OBJ_ID, ID, OWNER) VALUES (0, '6', 'maxCreditValue', 'c65f79bf-143e-437b-b77d-0111eeb87dce', '2a06fc95-34cf-496b-81a7-7ed3a490acac', 'kuali.creditType.credit.degree.4-6')
/
INSERT INTO KSLR_RESCOMP_ATTR (VER_NBR, ATTR_VALUE, ATTR_NAME, OBJ_ID, ID, OWNER) VALUES (0, null, 'creditValueIncrement', 'd7d4b539-aa4e-48b6-8eed-feba79a6573a', 'ad8fea29-ddc8-44e4-8715-6c08857bf993', 'kuali.creditType.credit.degree.4-6')
/
INSERT INTO KSLR_RESCOMP_ATTR (VER_NBR, ATTR_VALUE, ATTR_NAME, OBJ_ID, ID, OWNER) VALUES (0, '4', 'minCreditValue', '3d97fe4a-1387-484b-88cf-087b35daefa2', 'cd55a0f7-7fe5-442d-a467-2de4707f31a5', 'kuali.creditType.credit.degree.4-6')
/

-- KSLR_RESULT_VALUE
INSERT INTO KSLR_RESULT_VALUE (VER_NBR, OBJ_ID, RSLT_COMP_ID, VALUE, ID) VALUES (0, '977252fc-5ad0-469d-ac00-aa5c1b8b2383', 'kuali.creditType.credit.degree.1-8', '1.0', 'f1e8a220-8e59-45dc-aa92-070fef191fc8')
/
INSERT INTO KSLR_RESULT_VALUE (VER_NBR, OBJ_ID, RSLT_COMP_ID, VALUE, ID) VALUES (0, 'c1a6395a-76c3-4624-9e70-c23814d2ca7a', 'kuali.creditType.credit.degree.1-8', '2.0', '64320269-d9cd-48c3-8968-b0d71351b9af')
/
INSERT INTO KSLR_RESULT_VALUE (VER_NBR, OBJ_ID, RSLT_COMP_ID, VALUE, ID) VALUES (0, 'a9f4a5e8-e11f-4875-a0e3-44e81da17070', 'kuali.creditType.credit.degree.1-8', '3.0', 'cc719698-cc04-4ace-aac2-9343cf5234c4')
/
INSERT INTO KSLR_RESULT_VALUE (VER_NBR, OBJ_ID, RSLT_COMP_ID, VALUE, ID) VALUES (0, '0287406c-651f-44c4-8d12-a1a16f5a9cdb', 'kuali.creditType.credit.degree.1-8', '4.0', 'b094bce2-7760-4fb8-8c58-b5d30edfceff')
/
INSERT INTO KSLR_RESULT_VALUE (VER_NBR, OBJ_ID, RSLT_COMP_ID, VALUE, ID) VALUES (0, '633a34da-3d7d-4c83-b40f-fb9df3112274', 'kuali.creditType.credit.degree.1-8', '5.0', '02c6cab8-0592-4a68-b0b8-9d9d99fdcb84')
/
INSERT INTO KSLR_RESULT_VALUE (VER_NBR, OBJ_ID, RSLT_COMP_ID, VALUE, ID) VALUES (0, '677718fa-9160-495e-9769-51f78d136332', 'kuali.creditType.credit.degree.1-8', '6.0', 'e5238bb7-5771-4517-bab4-26c0de3b55db')
/
INSERT INTO KSLR_RESULT_VALUE (VER_NBR, OBJ_ID, RSLT_COMP_ID, VALUE, ID) VALUES (0, '53be6279-ed30-424b-8338-f9f6ed49bd6e', 'kuali.creditType.credit.degree.1-8', '7.0', '02037a89-8639-4c04-b5d7-c1d95f5a9d8b')
/
INSERT INTO KSLR_RESULT_VALUE (VER_NBR, OBJ_ID, RSLT_COMP_ID, VALUE, ID) VALUES (0, '5cb073d8-79b2-45d9-be97-215b0100ac15', 'kuali.creditType.credit.degree.1-8', '8.0', 'c295b546-fc64-4370-b734-8e30a2f0e34a')
/
INSERT INTO KSLR_RESULT_VALUE (VER_NBR, OBJ_ID, RSLT_COMP_ID, VALUE, ID) VALUES (0, '9fa82f50-6247-4df3-ad5f-7281c595dde7', 'kuali.creditType.credit.degree.2-4', '2.0', '765c5ac6-1cf0-41f4-bd8c-b5ac88c8e134')
/
INSERT INTO KSLR_RESULT_VALUE (VER_NBR, OBJ_ID, RSLT_COMP_ID, VALUE, ID) VALUES (0, 'f21c576d-4604-40e3-b3f6-36ee3e719f39', 'kuali.creditType.credit.degree.2-4', '3.0', '22b6a311-162d-4a4c-a447-b9d1c0cef3c8')
/
INSERT INTO KSLR_RESULT_VALUE (VER_NBR, OBJ_ID, RSLT_COMP_ID, VALUE, ID) VALUES (0, '9cba3b40-1e4e-4029-8c39-51604a7abe4c', 'kuali.creditType.credit.degree.2-4', '4.0', 'aa080506-d7d3-428f-bc5f-0dfa3b50278a')
/
INSERT INTO KSLR_RESULT_VALUE (VER_NBR, OBJ_ID, RSLT_COMP_ID, VALUE, ID) VALUES (0, '5f27b001-c93f-4b8d-bd49-e3e2de973caf', 'kuali.creditType.credit.degree.1-5', '1.0', 'a666953f-c1ad-4320-b12c-f34c58e40545')
/
INSERT INTO KSLR_RESULT_VALUE (VER_NBR, OBJ_ID, RSLT_COMP_ID, VALUE, ID) VALUES (0, 'a147f7b8-046c-4894-abdf-f5463ac303e7', 'kuali.creditType.credit.degree.1-5', '2.0', 'a249f2b0-eea4-4a80-b2c0-29a175fabf15')
/
INSERT INTO KSLR_RESULT_VALUE (VER_NBR, OBJ_ID, RSLT_COMP_ID, VALUE, ID) VALUES (0, '0a3eeb6a-1289-469a-9fcc-11db6e9700fc', 'kuali.creditType.credit.degree.1-5', '3.0', 'a60fed42-6500-4303-bc69-1879f0d89e5f')
/
INSERT INTO KSLR_RESULT_VALUE (VER_NBR, OBJ_ID, RSLT_COMP_ID, VALUE, ID) VALUES (0, '9974d30a-3e77-4c5d-8386-b3e8671fe63f', 'kuali.creditType.credit.degree.1-5', '4.0', '8617da00-43c9-49d8-b60a-fc6faa67ca76')
/
INSERT INTO KSLR_RESULT_VALUE (VER_NBR, OBJ_ID, RSLT_COMP_ID, VALUE, ID) VALUES (0, '7c0c768a-e145-428e-9e12-2f75be41d8dd', 'kuali.creditType.credit.degree.1-5', '5.0', '34fadff2-b29b-4829-afc4-1587c00f4716')
/
INSERT INTO KSLR_RESULT_VALUE (VER_NBR, OBJ_ID, RSLT_COMP_ID, VALUE, ID) VALUES (0, '635a9d95-64b7-4d7a-a273-60c9eb7b35eb', 'kuali.creditType.credit.degree.2-3', '2.0', 'a1634628-429a-449a-9570-1f3578f4733b')
/
INSERT INTO KSLR_RESULT_VALUE (VER_NBR, OBJ_ID, RSLT_COMP_ID, VALUE, ID) VALUES (0, 'c11debe3-ebe6-42b6-b97d-d1721f1732bf', 'kuali.creditType.credit.degree.2-3', '3.0', '023445cb-cba6-4e30-9cb9-1f14fe38ca6d')
/
INSERT INTO KSLR_RESULT_VALUE (VER_NBR, OBJ_ID, RSLT_COMP_ID, VALUE, ID) VALUES (0, 'd7b96145-b046-40c5-bd06-ad33f7770843', 'kuali.creditType.credit.degree.4-6', '4.0', '041822e1-1c7c-43f8-ac84-72af83155a1e')
/
INSERT INTO KSLR_RESULT_VALUE (VER_NBR, OBJ_ID, RSLT_COMP_ID, VALUE, ID) VALUES (0, '607547d5-8f32-4fe5-949f-92f81aac090e', 'kuali.creditType.credit.degree.4-6', '5.0', 'afb66b01-1f2a-491e-a7a0-97217b6fb12b')
/
INSERT INTO KSLR_RESULT_VALUE (VER_NBR, OBJ_ID, RSLT_COMP_ID, VALUE, ID) VALUES (0, '8f30ddf8-772e-4281-aa89-88c7aa93a830', 'kuali.creditType.credit.degree.4-6', '6.0', 'b32a6b7e-4248-4e87-9651-f95a3252d093')
/


