// --------------------------------------
// |   Natural Language Configuration   |
// --------------------------------------

// CLU/CLU Set Configuration

// NL - Lu Type
//INSERT INTO KSSTMT_LUTYPE (TYPE_KEY, TYPE_DESC, EFF_DT, EXPIR_DT, NAME) values ('luType.nl.course', 'An NL Course', {ts '2000-01-01 00:00:00.0'}, {ts '2000-12-31 00:00:00.0'}, 'Course')

// NL - Clu - MATH152
//INSERT INTO KSSTMT_CLU_IDENT (ID, CD, DIV, LVL, LNG_NAME, SHRT_NAME, ST, TYPE, VARTN) VALUES ('IDENT-NL-1', 'MATH152', 'MATH', '152', 'MATH 152 Linear Systems', 'MATH 152', 'State-1', 'Type-1', 'Variation-1')
//INSERT INTO KSSTMT_CLU (ID, CREATEID, CREATETIME, UPDATEID, UPDATETIME, VERSIONIND, ACCRED_ORG_ID, ADMIN_ORG_ID, CAN_CREATE_LUI, DEF_ENRL_EST, DEF_MAX_ENRL, EFF_DT, EXPIR_DT, HAS_EARLY_DROP_DEDLN, IS_ENRL, IS_HAZR_DISBLD_STU, NEXT_REVIEW_PRD, REF_URL, ST, ATPDURATIONTYPEKEY, TIMEQUANTITY, STDY_SUBJ_AREA, ACCT_ID, CR_ID, RT_DESCR_ID, FEE_ID, LUTYPE_ID, RT_MKTG_DESCR_ID, OFFIC_CLU_ID, PRI_INSTR_ID, PUBL_ID) values ('CLU-NL-1', 'CREATEID', {ts '2000-01-01 00:00:00.0'}, 'UPDATEID', {ts '2001-01-01 00:00:00.0'}, 1, 'ACCRED_ORG_ID', 'ADMIN_ORG_ID', 1, 1, 42, {ts '2002-01-01 00:00:00.0'}, {ts '2003-01-01 00:00:00.0'}, 1, 1, 0, 'NEXT_REVIEW_PRD', 'REF_URL', 'STATE1', 'ATPDURATIONTYPEKEY', 3, 'STDY_SUBJ_AREA', 'ACCT-1', 'CR-1', 'RICHTEXT-1', 'FEE-1', 'luType.nl.course', 'RICHTEXT-2', 'IDENT-NL-1', 'INSTR-1', 'PUBL-1')

// NL - Clu - MATH221
//INSERT INTO KSSTMT_CLU_IDENT (ID, CD, DIV, LVL, LNG_NAME, SHRT_NAME, ST, TYPE, VARTN) VALUES ('IDENT-NL-2', 'MATH221', 'MATH', '221', 'MATH 221 Matrix Algebra', 'MATH 221', 'State-1', 'Type-1', 'Variation-1')
//INSERT INTO KSSTMT_CLU (ID, CREATEID, CREATETIME, UPDATEID, UPDATETIME, VERSIONIND, ACCRED_ORG_ID, ADMIN_ORG_ID, CAN_CREATE_LUI, DEF_ENRL_EST, DEF_MAX_ENRL, EFF_DT, EXPIR_DT, HAS_EARLY_DROP_DEDLN, IS_ENRL, IS_HAZR_DISBLD_STU, NEXT_REVIEW_PRD, REF_URL, ST, ATPDURATIONTYPEKEY, TIMEQUANTITY, STDY_SUBJ_AREA, ACCT_ID, CR_ID, RT_DESCR_ID, FEE_ID, LUTYPE_ID, RT_MKTG_DESCR_ID, OFFIC_CLU_ID, PRI_INSTR_ID, PUBL_ID) values ('CLU-NL-2', 'CREATEID', {ts '2000-01-01 00:00:00.0'}, 'UPDATEID', {ts '2001-01-01 00:00:00.0'}, 1, 'ACCRED_ORG_ID', 'ADMIN_ORG_ID', 1, 1, 42, {ts '2002-01-01 00:00:00.0'}, {ts '2003-01-01 00:00:00.0'}, 1, 1, 0, 'NEXT_REVIEW_PRD', 'REF_URL', 'STATE1', 'ATPDURATIONTYPEKEY', 3, 'STDY_SUBJ_AREA', 'ACCT-1', 'CR-1', 'RICHTEXT-1', 'FEE-1', 'luType.nl.course', 'RICHTEXT-2', 'IDENT-NL-2', 'INSTR-1', 'PUBL-1')

// NL - Clu - MATH180
//INSERT INTO KSSTMT_CLU_IDENT (ID, CD, DIV, LVL, LNG_NAME, SHRT_NAME, ST, TYPE, VARTN) VALUES ('IDENT-NL-3', 'MATH180', 'MATH', '180', 'MATH 180 Differential Calculus with Physical Applications', 'MATH 180', 'State-1', 'Type-1', 'Variation-1')
//INSERT INTO KSSTMT_CLU (ID, CREATEID, CREATETIME, UPDATEID, UPDATETIME, VERSIONIND, ACCRED_ORG_ID, ADMIN_ORG_ID, CAN_CREATE_LUI, DEF_ENRL_EST, DEF_MAX_ENRL, EFF_DT, EXPIR_DT, HAS_EARLY_DROP_DEDLN, IS_ENRL, IS_HAZR_DISBLD_STU, NEXT_REVIEW_PRD, REF_URL, ST, ATPDURATIONTYPEKEY, TIMEQUANTITY, STDY_SUBJ_AREA, ACCT_ID, CR_ID, RT_DESCR_ID, FEE_ID, LUTYPE_ID, RT_MKTG_DESCR_ID, OFFIC_CLU_ID, PRI_INSTR_ID, PUBL_ID) values ('CLU-NL-3', 'CREATEID', {ts '2000-01-01 00:00:00.0'}, 'UPDATEID', {ts '2001-01-01 00:00:00.0'}, 1, 'ACCRED_ORG_ID', 'ADMIN_ORG_ID', 1, 1, 42, {ts '2002-01-01 00:00:00.0'}, {ts '2003-01-01 00:00:00.0'}, 1, 1, 0, 'NEXT_REVIEW_PRD', 'REF_URL', 'STATE1', 'ATPDURATIONTYPEKEY', 3, 'STDY_SUBJ_AREA', 'ACCT-1', 'CR-1', 'RICHTEXT-1', 'FEE-1', 'luType.nl.course', 'RICHTEXT-2', 'IDENT-NL-3', 'INSTR-1', 'PUBL-1')

// NL - Clu - MATH200
//INSERT INTO KSSTMT_CLU_IDENT (ID, CD, DIV, LVL, LNG_NAME, SHRT_NAME, ST, TYPE, VARTN) VALUES ('IDENT-NL-4', 'MATH200', 'MATH', '200', 'MATH 200 Calculus III', 'MATH 200', 'State-1', 'Type-1', 'Variation-1')
//INSERT INTO KSSTMT_CLU (ID, CREATEID, CREATETIME, UPDATEID, UPDATETIME, VERSIONIND, ACCRED_ORG_ID, ADMIN_ORG_ID, CAN_CREATE_LUI, DEF_ENRL_EST, DEF_MAX_ENRL, EFF_DT, EXPIR_DT, HAS_EARLY_DROP_DEDLN, IS_ENRL, IS_HAZR_DISBLD_STU, NEXT_REVIEW_PRD, REF_URL, ST, ATPDURATIONTYPEKEY, TIMEQUANTITY, STDY_SUBJ_AREA, ACCT_ID, CR_ID, RT_DESCR_ID, FEE_ID, LUTYPE_ID, RT_MKTG_DESCR_ID, OFFIC_CLU_ID, PRI_INSTR_ID, PUBL_ID) values ('CLU-NL-4', 'CREATEID', {ts '2000-01-01 00:00:00.0'}, 'UPDATEID', {ts '2001-01-01 00:00:00.0'}, 1, 'ACCRED_ORG_ID', 'ADMIN_ORG_ID', 1, 1, 42, {ts '2002-01-01 00:00:00.0'}, {ts '2003-01-01 00:00:00.0'}, 1, 1, 0, 'NEXT_REVIEW_PRD', 'REF_URL', 'STATE1', 'ATPDURATIONTYPEKEY', 3, 'STDY_SUBJ_AREA', 'ACCT-1', 'CR-1', 'RICHTEXT-1', 'FEE-1', 'luType.nl.course', 'RICHTEXT-2', 'IDENT-NL-4', 'INSTR-1', 'PUBL-1')

// NL - Clu - MATH215
//INSERT INTO KSSTMT_CLU_IDENT (ID, CD, DIV, LVL, LNG_NAME, SHRT_NAME, ST, TYPE, VARTN) VALUES ('IDENT-NL-5', 'MATH215', 'MATH', '215', 'MATH 215 Elementary Differential Equations I', 'MATH 215', 'State-1', 'Type-1', 'Variation-1')
//INSERT INTO KSSTMT_CLU (ID, CREATEID, CREATETIME, UPDATEID, UPDATETIME, VERSIONIND, ACCRED_ORG_ID, ADMIN_ORG_ID, CAN_CREATE_LUI, DEF_ENRL_EST, DEF_MAX_ENRL, EFF_DT, EXPIR_DT, HAS_EARLY_DROP_DEDLN, IS_ENRL, IS_HAZR_DISBLD_STU, NEXT_REVIEW_PRD, REF_URL, ST, ATPDURATIONTYPEKEY, TIMEQUANTITY, STDY_SUBJ_AREA, ACCT_ID, CR_ID, RT_DESCR_ID, FEE_ID, LUTYPE_ID, RT_MKTG_DESCR_ID, OFFIC_CLU_ID, PRI_INSTR_ID, PUBL_ID) values ('CLU-NL-5', 'CREATEID', {ts '2000-01-01 00:00:00.0'}, 'UPDATEID', {ts '2001-01-01 00:00:00.0'}, 1, 'ACCRED_ORG_ID', 'ADMIN_ORG_ID', 1, 1, 42, {ts '2002-01-01 00:00:00.0'}, {ts '2003-01-01 00:00:00.0'}, 1, 1, 0, 'NEXT_REVIEW_PRD', 'REF_URL', 'STATE1', 'ATPDURATIONTYPEKEY', 3, 'STDY_SUBJ_AREA', 'ACCT-1', 'CR-1', 'RICHTEXT-1', 'FEE-1', 'luType.nl.course', 'RICHTEXT-2', 'IDENT-NL-5', 'INSTR-1', 'PUBL-1')

// NL - CluSet - Math 158,221 CLU Set
//INSERT INTO KSSTMT_CLU_SET (ID, CREATEID, CREATETIME, UPDATEID, UPDATETIME, VERSIONIND, EFF_DT, EXPIR_DT, NAME, RT_DESCR_ID, CRIT_SET) VALUES ('CLUSET-NL-1', 'CREATEID', {ts '2000-01-01 00:00:00.0'}, 'UPDATEID', {ts '2001-01-01 00:00:00.0'}, 0, {ts '2003-01-01 00:00:00.0'}, {ts '2004-01-01 00:00:00.0'}, 'Math 158,221 CLU Set', 'RICHTEXT-5', 0)

// NL - CluSet - Math 158,221,180 CLU Set
//INSERT INTO KSSTMT_CLU_SET (ID, CREATEID, CREATETIME, UPDATEID, UPDATETIME, VERSIONIND, EFF_DT, EXPIR_DT, NAME, RT_DESCR_ID, CRIT_SET) VALUES ('CLUSET-NL-2', 'CREATEID', {ts '2000-01-01 00:00:00.0'}, 'UPDATEID', {ts '2001-01-01 00:00:00.0'}, 0, {ts '2003-01-01 00:00:00.0'}, {ts '2004-01-01 00:00:00.0'}, 'Math 158,221,180 CLU Set', 'RICHTEXT-5', 0)

// NL - CluSet - Math 221,180,200,215 CLU Set
//INSERT INTO KSSTMT_CLU_SET (ID, CREATEID, CREATETIME, UPDATEID, UPDATETIME, VERSIONIND, EFF_DT, EXPIR_DT, NAME, RT_DESCR_ID, CRIT_SET) VALUES ('CLUSET-NL-3', 'CREATEID', {ts '2000-01-01 00:00:00.0'}, 'UPDATEID', {ts '2001-01-01 00:00:00.0'}, 0, {ts '2003-01-01 00:00:00.0'}, {ts '2004-01-01 00:00:00.0'}, 'Math 158,221,180 CLU Set', 'RICHTEXT-5', 0)

// NL - Clu <-> CluSet join
//INSERT INTO KSSTMT_CLU_SET_JN_CLU (CLU_SET_ID, CLU_ID) VALUES ('CLUSET-NL-1', 'CLU-NL-1')
//INSERT INTO KSSTMT_CLU_SET_JN_CLU (CLU_SET_ID, CLU_ID) VALUES ('CLUSET-NL-1', 'CLU-NL-3')

// NL - Clu <-> CluSet join
//INSERT INTO KSSTMT_CLU_SET_JN_CLU (CLU_SET_ID, CLU_ID) VALUES ('CLUSET-NL-2', 'CLU-NL-1')
//INSERT INTO KSSTMT_CLU_SET_JN_CLU (CLU_SET_ID, CLU_ID) VALUES ('CLUSET-NL-2', 'CLU-NL-2')
//INSERT INTO KSSTMT_CLU_SET_JN_CLU (CLU_SET_ID, CLU_ID) VALUES ('CLUSET-NL-2', 'CLU-NL-3')

// NL - Clu <-> CluSet join
//INSERT INTO KSSTMT_CLU_SET_JN_CLU (CLU_SET_ID, CLU_ID) VALUES ('CLUSET-NL-3', 'CLU-NL-2')
//INSERT INTO KSSTMT_CLU_SET_JN_CLU (CLU_SET_ID, CLU_ID) VALUES ('CLUSET-NL-3', 'CLU-NL-3')
//INSERT INTO KSSTMT_CLU_SET_JN_CLU (CLU_SET_ID, CLU_ID) VALUES ('CLUSET-NL-3', 'CLU-NL-4')
//INSERT INTO KSSTMT_CLU_SET_JN_CLU (CLU_SET_ID, CLU_ID) VALUES ('CLUSET-NL-3', 'CLU-NL-5')


//STATEMENT TYPES
INSERT INTO KSSTMT_STMT_TYPE (TYPE_KEY, TYPE_DESC, EFF_DT, EXPIR_DT, NAME) VALUES ('kuali.luStatementType.createCourseAcademicReadiness', 'Rules used in the evaluation of a person''s academic readiness for enrollment in a LU.', {ts '2000-01-01 00:00:00.0'}, {ts '2000-12-31 00:00:00.0'}, 'Overall Academic Readiness Rules')
INSERT INTO KSSTMT_STMT_TYPE (TYPE_KEY, TYPE_DESC, EFF_DT, EXPIR_DT, NAME) VALUES ('kuali.luStatementType.prereqAcademicReadiness', 'Pre req rules used in the evaluation of a person''s academic readiness for enrollment in a LU.', {ts '2000-01-01 00:00:00.0'}, {ts '2000-12-31 00:00:00.0'}, 'Academic Readiness Pre Reqs')
INSERT INTO KSSTMT_STMT_TYPE (TYPE_KEY, TYPE_DESC, EFF_DT, EXPIR_DT, NAME) VALUES ('kuali.luStatementType.coreqAcademicReadiness', 'Co req used in the evaluation of a person''s academic readiness for enrollment in a LU.', {ts '2000-01-01 00:00:00.0'}, {ts '2000-12-31 00:00:00.0'}, 'Academic Readiness Co Reqs')

// REQUIREMENT TYPES
INSERT INTO KSSTMT_REQ_COM_TYPE (TYPE_KEY, TYPE_DESC, EFF_DT, EXPIR_DT, NAME) VALUES ('kuali.reqCompType.courseList.none', 'Student must have completed none of <reqCompFieldType.cluSet>', {ts '2000-01-01 00:00:00.0'}, {ts '2000-12-31 00:00:00.0'}, 'None of required courses')
INSERT INTO KSSTMT_REQ_COM_TYPE (TYPE_KEY, TYPE_DESC, EFF_DT, EXPIR_DT, NAME) VALUES ('kuali.reqCompType.courseList.all', 'Student must have completed all of <reqCompFieldType.cluSet>', {ts '2000-01-01 00:00:00.0'}, {ts '2000-12-31 00:00:00.0'}, 'All of required courses')
INSERT INTO KSSTMT_REQ_COM_TYPE (TYPE_KEY, TYPE_DESC, EFF_DT, EXPIR_DT, NAME) VALUES ('kuali.reqCompType.courseList.1of2', '<reqCompFieldType.clu> or <reqCompFieldType.clu> course', {ts '2000-01-01 00:00:00.0'}, {ts '2000-12-31 00:00:00.0'}, 'One of two required courses')
INSERT INTO KSSTMT_REQ_COM_TYPE (TYPE_KEY, TYPE_DESC, EFF_DT, EXPIR_DT, NAME) VALUES ('kuali.reqCompType.courseList.nof', 'Student needs <reqCompFieldType.requiredCount> courses from the following course(s): <reqCompFieldType.cluSet> ', {ts '2000-01-01 00:00:00.0'}, {ts '2000-12-31 00:00:00.0'}, 'N of required courses')
INSERT INTO KSSTMT_REQ_COM_TYPE (TYPE_KEY, TYPE_DESC, EFF_DT, EXPIR_DT, NAME) VALUES ('kuali.reqCompType.gradecheck', 'Student needs a minimum GPA of <reqCompFieldType.gpa>', {ts '2000-01-01 00:00:00.0'}, {ts '2001-11-30 00:00:00.0'}, 'Minimum overall GPA')
INSERT INTO KSSTMT_REQ_COM_TYPE (TYPE_KEY, TYPE_DESC, EFF_DT, EXPIR_DT, NAME) VALUES ('kuali.reqCompType.grdCondCourseList', 'Student needs a <reqCompFieldType.totalCredits> credits from the following course(s): <reqCompFieldType.cluSet>', {ts '2000-01-01 00:00:00.0'}, {ts '2000-12-31 00:00:00.0'}, 'Course completed with minimum specified grade')
INSERT INTO KSSTMT_REQ_COM_TYPE (TYPE_KEY, TYPE_DESC, EFF_DT, EXPIR_DT, NAME) VALUES ('kuali.reqCompType.courseList.coreq.all', 'Student must be enrolled in all of the following courses', {ts '2000-01-01 00:00:00.0'}, {ts '2000-12-31 00:00:00.0'}, 'All of required courses')
INSERT INTO KSSTMT_REQ_COM_TYPE (TYPE_KEY, TYPE_DESC, EFF_DT, EXPIR_DT, NAME) VALUES ('kuali.reqCompType.courseList.coreq.oneof', 'Student must be enrolled in one of the following courses', {ts '2000-01-01 00:00:00.0'}, {ts '2000-12-31 00:00:00.0'}, 'One of required courses')

// REQUIREMENT FIELD TYPES
INSERT INTO KSSTMT_REQ_COM_FIELD_TYPE (ID, NAME, DESCR, DATA_TYPE, MIN_VALUE, MAX_VALUE, MIN_LENGTH, MAX_LENGTH, VALID_CHARS, INVALID_CHARS, MIN_OCCURS, MAX_OCCURS, READ_ONLY) VALUES ('reqCompFieldType.clu', 'CLU', 'CLU','string',null,null,null,null,null,null,null,null,0)
INSERT INTO KSSTMT_REQ_COM_FIELD_TYPE (ID, NAME, DESCR, DATA_TYPE, MIN_VALUE, MAX_VALUE, MIN_LENGTH, MAX_LENGTH, VALID_CHARS, INVALID_CHARS, MIN_OCCURS, MAX_OCCURS, READ_ONLY) VALUES ('reqCompFieldType.cluSet', 'CLUSET', 'CLUSET','string',null,null,null,null,null,null,null,null,0)
INSERT INTO KSSTMT_REQ_COM_FIELD_TYPE (ID, NAME, DESCR, DATA_TYPE, MIN_VALUE, MAX_VALUE, MIN_LENGTH, MAX_LENGTH, VALID_CHARS, INVALID_CHARS, MIN_OCCURS, MAX_OCCURS, READ_ONLY) VALUES ('reqCompFieldType.requiredCount', 'REQUIRED_COUNT', 'Required Count','string',null,null,null,null,null,null,null,null,0)
INSERT INTO KSSTMT_REQ_COM_FIELD_TYPE (ID, NAME, DESCR, DATA_TYPE, MIN_VALUE, MAX_VALUE, MIN_LENGTH, MAX_LENGTH, VALID_CHARS, INVALID_CHARS, MIN_OCCURS, MAX_OCCURS, READ_ONLY) VALUES ('reqCompFieldType.gpa', 'GPA', 'GAP','string',null,null,null,null,null,null,null,null,0)
INSERT INTO KSSTMT_REQ_COM_FIELD_TYPE (ID, NAME, DESCR, DATA_TYPE, MIN_VALUE, MAX_VALUE, MIN_LENGTH, MAX_LENGTH, VALID_CHARS, INVALID_CHARS, MIN_OCCURS, MAX_OCCURS, READ_ONLY) VALUES ('reqCompFieldType.totalCredits', 'TOTAL_CREDITS', 'Total Credits','number',null,null,null,null,null,null,null,null,0)
INSERT INTO KSSTMT_REQ_COM_FIELD_TYPE (ID, NAME, DESCR, DATA_TYPE, MIN_VALUE, MAX_VALUE, MIN_LENGTH, MAX_LENGTH, VALID_CHARS, INVALID_CHARS, MIN_OCCURS, MAX_OCCURS, READ_ONLY) VALUES ('reqCompFieldType.operator', 'CLU', 'CLU','string',null,null,null,null,null,null,null,null,0)
INSERT INTO KSSTMT_REQ_COM_FIELD_TYPE (ID, NAME, DESCR, DATA_TYPE, MIN_VALUE, MAX_VALUE, MIN_LENGTH, MAX_LENGTH, VALID_CHARS, INVALID_CHARS, MIN_OCCURS, MAX_OCCURS, READ_ONLY) VALUES ('reqCompFieldType.countType', 'CLU', 'CLU','string',null,null,null,null,null,null,null,null,0)

// REQ_COMP_TYPE -> REQ_COMP_FIELD_TYPE
INSERT INTO KSSTMT_RCTYP_JN_RCFLDTYP (REQ_COMP_TYPE_ID,REQ_COMP_FIELD_TYPE_ID) VALUES ('kuali.reqCompType.courseList.all','reqCompFieldType.cluSet')
INSERT INTO KSSTMT_RCTYP_JN_RCFLDTYP (REQ_COMP_TYPE_ID,REQ_COMP_FIELD_TYPE_ID) VALUES ('kuali.reqCompType.courseList.1of2','reqCompFieldType.clu')
INSERT INTO KSSTMT_RCTYP_JN_RCFLDTYP (REQ_COMP_TYPE_ID,REQ_COMP_FIELD_TYPE_ID) VALUES ('kuali.reqCompType.courseList.nof','reqCompFieldType.requiredCount')
INSERT INTO KSSTMT_RCTYP_JN_RCFLDTYP (REQ_COMP_TYPE_ID,REQ_COMP_FIELD_TYPE_ID) VALUES ('kuali.reqCompType.courseList.nof','reqCompFieldType.operator')
INSERT INTO KSSTMT_RCTYP_JN_RCFLDTYP (REQ_COMP_TYPE_ID,REQ_COMP_FIELD_TYPE_ID) VALUES ('kuali.reqCompType.courseList.nof','reqCompFieldType.cluSet')
INSERT INTO KSSTMT_RCTYP_JN_RCFLDTYP (REQ_COMP_TYPE_ID,REQ_COMP_FIELD_TYPE_ID) VALUES ('kuali.reqCompType.gradecheck','reqCompFieldType.gpa')
INSERT INTO KSSTMT_RCTYP_JN_RCFLDTYP (REQ_COMP_TYPE_ID,REQ_COMP_FIELD_TYPE_ID) VALUES ('kuali.reqCompType.grdCondCourseList','reqCompFieldType.totalCredits')
INSERT INTO KSSTMT_RCTYP_JN_RCFLDTYP (REQ_COMP_TYPE_ID,REQ_COMP_FIELD_TYPE_ID) VALUES ('kuali.reqCompType.grdCondCourseList','reqCompFieldType.cluSet')
INSERT INTO KSSTMT_RCTYP_JN_RCFLDTYP (REQ_COMP_TYPE_ID,REQ_COMP_FIELD_TYPE_ID) VALUES ('kuali.reqCompType.courseList.coreq.all','reqCompFieldType.cluSet')
INSERT INTO KSSTMT_RCTYP_JN_RCFLDTYP (REQ_COMP_TYPE_ID,REQ_COMP_FIELD_TYPE_ID) VALUES ('kuali.reqCompType.courseList.coreq.oneof','reqCompFieldType.cluSet')

// REQ_COMPONENT_TYPE_NL_TEMPLATE
INSERT INTO KSSTMT_REQ_COM_TYPE_NL_TMPL (ID, NL_USUAGE_TYPE_KEY, TEMPLATE, OWNER, LANGUAGE) values ('1', 'KUALI.CATALOG', 'Student must have completed all of $cluSet.getCluSetAsShortName()', 'kuali.reqCompType.courseList.all', 'en')
INSERT INTO KSSTMT_REQ_COM_TYPE_NL_TMPL (ID, NL_USUAGE_TYPE_KEY, TEMPLATE, OWNER, LANGUAGE) values ('2', 'KUALI.CATALOG', 'Student must have completed $expectedValue of $cluSet.getCluSetAsShortName()', 'kuali.reqCompType.courseList.nof', 'en')
INSERT INTO KSSTMT_REQ_COM_TYPE_NL_TMPL (ID, NL_USUAGE_TYPE_KEY, TEMPLATE, OWNER, LANGUAGE) values ('3', 'KUALI.CATALOG', 'Student must have completed $cluSet.getCluAsShortName(0) or $cluSet.getCluAsShortName(1)', 'kuali.reqCompType.courseList.1of2', 'en')
INSERT INTO KSSTMT_REQ_COM_TYPE_NL_TMPL (ID, NL_USUAGE_TYPE_KEY, TEMPLATE, OWNER, LANGUAGE) values ('4', 'KUALI.CATALOG', 'Student needs a minimum GPA of $gpa', 'kuali.reqCompType.gradecheck', 'en')

INSERT INTO KSSTMT_REQ_COM_TYPE_NL_TMPL (ID, NL_USUAGE_TYPE_KEY, TEMPLATE, OWNER, LANGUAGE) values ('5', 'KUALI.EXAMPLE', 'Student must have completed all of MATH100, MATH101, MATH102', 'kuali.reqCompType.courseList.all', 'en')
INSERT INTO KSSTMT_REQ_COM_TYPE_NL_TMPL (ID, NL_USUAGE_TYPE_KEY, TEMPLATE, OWNER, LANGUAGE) values ('6', 'KUALI.EXAMPLE', 'Student must have completed 2 of MATH100, MATH101, MATH102', 'kuali.reqCompType.courseList.nof', 'en')
INSERT INTO KSSTMT_REQ_COM_TYPE_NL_TMPL (ID, NL_USUAGE_TYPE_KEY, TEMPLATE, OWNER, LANGUAGE) values ('7', 'KUALI.EXAMPLE', 'Student must have MATH100 or MATH101', 'kuali.reqCompType.courseList.1of2', 'en')
INSERT INTO KSSTMT_REQ_COM_TYPE_NL_TMPL (ID, NL_USUAGE_TYPE_KEY, TEMPLATE, OWNER, LANGUAGE) values ('8', 'KUALI.EXAMPLE', 'Student needs a minimum GPA of 2.5', 'kuali.reqCompType.gradecheck', 'en')

INSERT INTO KSSTMT_REQ_COM_TYPE_NL_TMPL (ID, NL_USUAGE_TYPE_KEY, TEMPLATE, OWNER, LANGUAGE) values ('9', 'KUALI.CATALOG', 'Student must have completed none of $cluSet.getCluSetAsShortName()', 'kuali.reqCompType.courseList.none', 'en')
INSERT INTO KSSTMT_REQ_COM_TYPE_NL_TMPL (ID, NL_USUAGE_TYPE_KEY, TEMPLATE, OWNER, LANGUAGE) values ('10', 'KUALI.CATALOG', 'Students must take $totalCredits credits from $cluSet.getCluSetAsShortName()', 'kuali.reqCompType.grdCondCourseList', 'en')

INSERT INTO KSSTMT_REQ_COM_TYPE_NL_TMPL (ID, NL_USUAGE_TYPE_KEY, TEMPLATE, OWNER, LANGUAGE) values ('11', 'KUALI.CATALOG', 'Student muss abgeschlossen $expectedValue von $cluSet.getCluSetAsShortName()', 'kuali.reqCompType.courseList.nof', 'de')

// STATEMENT HEADER TEMPLATE
INSERT INTO KSSTMT_STMT_TYPE_HEADER_TMPL (ID, NL_USUAGE_TYPE_KEY, TEMPLATE, OWNER, LANGUAGE) values ('1', 'KUALI.CATALOG', 'Requirement for $clu.getLongName(): ', 'kuali.luStatementType.prereqAcademicReadiness', 'en')
INSERT INTO KSSTMT_STMT_TYPE_HEADER_TMPL (ID, NL_USUAGE_TYPE_KEY, TEMPLATE, OWNER, LANGUAGE) values ('2', 'KUALI.CATALOG', 'Voraussetzung fur die $clu.getLongName(): ', 'kuali.luStatementType.prereqAcademicReadiness', 'de')

// STMT_TYPE <-> REQ_COM_TYPE
INSERT INTO KSSTMT_STMT_TYP_JN_RC_TYP (STMT_TYPE_ID,REQ_COM_TYPE_ID) values ('kuali.luStatementType.prereqAcademicReadiness','kuali.reqCompType.courseList.all')
INSERT INTO KSSTMT_STMT_TYP_JN_RC_TYP (STMT_TYPE_ID,REQ_COM_TYPE_ID) values ('kuali.luStatementType.prereqAcademicReadiness','kuali.reqCompType.courseList.nof')
INSERT INTO KSSTMT_STMT_TYP_JN_RC_TYP (STMT_TYPE_ID,REQ_COM_TYPE_ID) values ('kuali.luStatementType.prereqAcademicReadiness','kuali.reqCompType.courseList.1of2')
INSERT INTO KSSTMT_STMT_TYP_JN_RC_TYP (STMT_TYPE_ID,REQ_COM_TYPE_ID) values ('kuali.luStatementType.prereqAcademicReadiness','kuali.reqCompType.grdCondCourseList')
INSERT INTO KSSTMT_STMT_TYP_JN_RC_TYP (STMT_TYPE_ID,REQ_COM_TYPE_ID) values ('kuali.luStatementType.prereqAcademicReadiness','kuali.reqCompType.gradecheck')
INSERT INTO KSSTMT_STMT_TYP_JN_RC_TYP (STMT_TYPE_ID,REQ_COM_TYPE_ID) values ('kuali.luStatementType.coreqAcademicReadiness','kuali.reqCompType.courseList.coreq.all')
INSERT INTO KSSTMT_STMT_TYP_JN_RC_TYP (STMT_TYPE_ID,REQ_COM_TYPE_ID) values ('kuali.luStatementType.coreqAcademicReadiness','kuali.reqCompType.courseList.coreq.oneof')

// STMT_TYPE <-> STMT_TYPE
INSERT INTO KSSTMT_STMT_TYP_JN_STMT_TYP (STMT_TYPE_ID, CHLD_STMT_TYPE_ID) values ('kuali.luStatementType.createCourseAcademicReadiness','kuali.luStatementType.prereqAcademicReadiness')
INSERT INTO KSSTMT_STMT_TYP_JN_STMT_TYP (STMT_TYPE_ID, CHLD_STMT_TYPE_ID) values ('kuali.luStatementType.createCourseAcademicReadiness','kuali.luStatementType.coreqAcademicReadiness')

// Natural Language Translation Test Data

// Rich text
INSERT INTO KS_RICH_TEXT_T (ID, FORMATTED, PLAIN) VALUES ('KSSTMT_REQ_COM.DESC.1', '<p>Requirement Component 1</p>', 'Req Comp 1')
INSERT INTO KS_RICH_TEXT_T (ID, FORMATTED, PLAIN) VALUES ('KSSTMT_REQ_COM.DESC.2', '<p>Requirement Component 2</p>', 'Req Comp 2')
INSERT INTO KS_RICH_TEXT_T (ID, FORMATTED, PLAIN) VALUES ('KSSTMT_REQ_COM.DESC.3', '<p>Requirement Component 3</p>', 'Req Comp 3')
INSERT INTO KS_RICH_TEXT_T (ID, FORMATTED, PLAIN) VALUES ('KSSTMT_REQ_COM.DESC.4', '<p>Requirement Component 4</p>', 'Req Comp 4')

INSERT INTO KS_RICH_TEXT_T (ID, FORMATTED, PLAIN) VALUES ('KSSTMT_REQ_COM.DESC.5', '<p>RC Tree View 1</p>', 'RC Tree View 1')
INSERT INTO KS_RICH_TEXT_T (ID, FORMATTED, PLAIN) VALUES ('KSSTMT_REQ_COM.DESC.6', '<p>RC Tree View 2</p>', 'RC Tree View 2')
INSERT INTO KS_RICH_TEXT_T (ID, FORMATTED, PLAIN) VALUES ('KSSTMT_REQ_COM.DESC.7', '<p>RC Tree View 3</p>', 'RC Tree View 3')
INSERT INTO KS_RICH_TEXT_T (ID, FORMATTED, PLAIN) VALUES ('KSSTMT_REQ_COM.DESC.8', '<p>RC Tree View 4</p>', 'RC Tree View 4')

// NL - Req Component
INSERT INTO KSSTMT_REQ_COM (ID, CREATEID, CREATETIME, UPDATEID, UPDATETIME, VERSIONIND, RT_DESCR_ID, ST, EFF_DT, EXPIR_DT, REQ_COM_TYPE_ID) VALUES ('REQCOMP-NL-1', 'CREATEID', {ts '2000-01-01 00:00:00.0'}, 'UPDATEID', {ts '2001-01-01 00:00:00.0'},1,'KSSTMT_REQ_COM.DESC.1','ACTIVE',{ts '2001-01-01 00:00:00.0'},{ts '2002-01-01 00:00:00.0'},'kuali.reqCompType.courseList.nof')
INSERT INTO KSSTMT_REQ_COM (ID, CREATEID, CREATETIME, UPDATEID, UPDATETIME, VERSIONIND, RT_DESCR_ID, ST, EFF_DT, EXPIR_DT, REQ_COM_TYPE_ID) VALUES ('REQCOMP-NL-2', 'CREATEID', {ts '2000-01-01 00:00:00.0'}, 'UPDATEID', {ts '2001-01-01 00:00:00.0'},1,'KSSTMT_REQ_COM.DESC.2','ACTIVE',{ts '2001-01-01 00:00:00.0'},{ts '2002-01-01 00:00:00.0'},'kuali.reqCompType.gradecheck')
INSERT INTO KSSTMT_REQ_COM (ID, CREATEID, CREATETIME, UPDATEID, UPDATETIME, VERSIONIND, RT_DESCR_ID, ST, EFF_DT, EXPIR_DT, REQ_COM_TYPE_ID) VALUES ('REQCOMP-NL-3', 'CREATEID', {ts '2000-01-01 00:00:00.0'}, 'UPDATEID', {ts '2001-01-01 00:00:00.0'},1,'KSSTMT_REQ_COM.DESC.3','ACTIVE',{ts '2001-01-01 00:00:00.0'},{ts '2002-01-01 00:00:00.0'},'kuali.reqCompType.courseList.1of2')
INSERT INTO KSSTMT_REQ_COM (ID, CREATEID, CREATETIME, UPDATEID, UPDATETIME, VERSIONIND, RT_DESCR_ID, ST, EFF_DT, EXPIR_DT, REQ_COM_TYPE_ID) VALUES ('REQCOMP-NL-4', 'CREATEID', {ts '2000-01-01 00:00:00.0'}, 'UPDATEID', {ts '2001-01-01 00:00:00.0'},1,'KSSTMT_REQ_COM.DESC.4','ACTIVE',{ts '2001-01-01 00:00:00.0'},{ts '2002-01-01 00:00:00.0'},'kuali.reqCompType.courseList.nof')

// NL - KSSTMT REQ COM FIELD
INSERT INTO KSSTMT_REQ_COM_FIELD (ID, REQ_COM_FIELD_KEY, VALUE) VALUES ('FIELD-1', 'reqCompFieldType.requiredCount', '1')
INSERT INTO KSSTMT_REQ_COM_FIELD (ID, REQ_COM_FIELD_KEY, VALUE) VALUES ('FIELD-2', 'reqCompFieldType.operator', 'greater_than_or_equal_to')
INSERT INTO KSSTMT_REQ_COM_FIELD (ID, REQ_COM_FIELD_KEY, VALUE) VALUES ('FIELD-3', 'reqCompFieldType.cluSet', 'CLUSET-NL-1')
INSERT INTO KSSTMT_REQ_COM_FIELD (ID, REQ_COM_FIELD_KEY, VALUE) VALUES ('FIELD-4', 'reqCompFieldType.gpa', '3.5')
INSERT INTO KSSTMT_REQ_COM_FIELD (ID, REQ_COM_FIELD_KEY, VALUE) VALUES ('FIELD-5', 'reqCompFieldType.requiredCount', '1')
INSERT INTO KSSTMT_REQ_COM_FIELD (ID, REQ_COM_FIELD_KEY, VALUE) VALUES ('FIELD-6', 'reqCompFieldType.operator', 'greater_than_or_equal_to')
INSERT INTO KSSTMT_REQ_COM_FIELD (ID, REQ_COM_FIELD_KEY, VALUE) VALUES ('FIELD-7', 'reqCompFieldType.clu', 'CLU-NL-3,CLU-NL-4')
INSERT INTO KSSTMT_REQ_COM_FIELD (ID, REQ_COM_FIELD_KEY, VALUE) VALUES ('FIELD-8', 'reqCompFieldType.operator', 'greater_than_or_equal_to')
INSERT INTO KSSTMT_REQ_COM_FIELD (ID, REQ_COM_FIELD_KEY, VALUE) VALUES ('FIELD-9', 'reqCompFieldType.requiredCount', '2')
INSERT INTO KSSTMT_REQ_COM_FIELD (ID, REQ_COM_FIELD_KEY, VALUE) VALUES ('FIELD-10', 'reqCompFieldType.cluSet', 'CLUSET-NL-2')

// NL - KSSTMT_RC_JN_RC_FIELD
INSERT INTO KSSTMT_RC_JN_RC_FIELD (REQ_COM_ID, REQ_COM_FIELD_ID) VALUES ('REQCOMP-NL-1', 'FIELD-1')
INSERT INTO KSSTMT_RC_JN_RC_FIELD (REQ_COM_ID, REQ_COM_FIELD_ID) VALUES ('REQCOMP-NL-1', 'FIELD-2')
INSERT INTO KSSTMT_RC_JN_RC_FIELD (REQ_COM_ID, REQ_COM_FIELD_ID) VALUES ('REQCOMP-NL-1', 'FIELD-3')
INSERT INTO KSSTMT_RC_JN_RC_FIELD (REQ_COM_ID, REQ_COM_FIELD_ID) VALUES ('REQCOMP-NL-2', 'FIELD-4')
INSERT INTO KSSTMT_RC_JN_RC_FIELD (REQ_COM_ID, REQ_COM_FIELD_ID) VALUES ('REQCOMP-NL-3', 'FIELD-5')
INSERT INTO KSSTMT_RC_JN_RC_FIELD (REQ_COM_ID, REQ_COM_FIELD_ID) VALUES ('REQCOMP-NL-3', 'FIELD-6')
INSERT INTO KSSTMT_RC_JN_RC_FIELD (REQ_COM_ID, REQ_COM_FIELD_ID) VALUES ('REQCOMP-NL-3', 'FIELD-7')
INSERT INTO KSSTMT_RC_JN_RC_FIELD (REQ_COM_ID, REQ_COM_FIELD_ID) VALUES ('REQCOMP-NL-4', 'FIELD-8')
INSERT INTO KSSTMT_RC_JN_RC_FIELD (REQ_COM_ID, REQ_COM_FIELD_ID) VALUES ('REQCOMP-NL-4', 'FIELD-9')
INSERT INTO KSSTMT_RC_JN_RC_FIELD (REQ_COM_ID, REQ_COM_FIELD_ID) VALUES ('REQCOMP-NL-4', 'FIELD-10')

// Rich text
INSERT INTO KS_RICH_TEXT_T (ID, FORMATTED, PLAIN) VALUES ('KSSTMT_STMT.DESC.1', '<p>Statement 1</p>', 'Statement 1')
INSERT INTO KS_RICH_TEXT_T (ID, FORMATTED, PLAIN) VALUES ('KSSTMT_STMT.DESC.2', '<p>Statement 2</p>', 'Statement 2')
INSERT INTO KS_RICH_TEXT_T (ID, FORMATTED, PLAIN) VALUES ('KSSTMT_STMT.DESC.3', '<p>Statement 3</p>', 'Statement 3')
INSERT INTO KS_RICH_TEXT_T (ID, FORMATTED, PLAIN) VALUES ('KSSTMT_STMT.DESC.4', '<p>Statement 4</p>', 'Statement 4')
INSERT INTO KS_RICH_TEXT_T (ID, FORMATTED, PLAIN) VALUES ('KSSTMT_STMT.DESC.5', '<p>Statement 5</p>', 'Statement 5')
INSERT INTO KS_RICH_TEXT_T (ID, FORMATTED, PLAIN) VALUES ('KSSTMT_STMT.DESC.6', '<p>Statement 101</p>', 'Statement 101')
INSERT INTO KS_RICH_TEXT_T (ID, FORMATTED, PLAIN) VALUES ('KSSTMT_STMT.DESC.7', '<p>Statement 102</p>', 'Statement 102')
INSERT INTO KS_RICH_TEXT_T (ID, FORMATTED, PLAIN) VALUES ('KSSTMT_STMT.DESC.8', '<p>Statement 103</p>', 'Statement 103')
INSERT INTO KS_RICH_TEXT_T (ID, FORMATTED, PLAIN) VALUES ('KSSTMT_STMT.DESC.9', '<p>Statement 104</p>', 'Statement 104')
INSERT INTO KS_RICH_TEXT_T (ID, FORMATTED, PLAIN) VALUES ('KSSTMT_STMT.DESC.10', '<p>Statement 105</p>', 'Statement 105')
INSERT INTO KS_RICH_TEXT_T (ID, FORMATTED, PLAIN) VALUES ('KSSTMT_STMT.DESC.11', '<p>Statement 106</p>', 'Statement 106')
INSERT INTO KS_RICH_TEXT_T (ID, FORMATTED, PLAIN) VALUES ('KSSTMT_STMT.DESC.12', '<p>Statement Tree View 1</p>', 'Statement Tree View 1')
INSERT INTO KS_RICH_TEXT_T (ID, FORMATTED, PLAIN) VALUES ('KSSTMT_STMT.DESC.13', '<p>Statement Tree View 2</p>', 'Statement Tree View 2')
INSERT INTO KS_RICH_TEXT_T (ID, FORMATTED, PLAIN) VALUES ('KSSTMT_STMT.DESC.14', '<p>Statement Tree View 3</p>', 'Statement Tree View 3')

// LU_STMT
INSERT INTO KSSTMT_STMT (ID, CREATEID, CREATETIME, UPDATEID, UPDATETIME, VERSIONIND, NAME, RT_DESCR_ID, ST, OPERATOR, PARENT_STMT_ID,STMT_TYPE_ID) VALUES ('STMT-1', 'CREATEID', {ts '2000-01-01 00:00:00.0'}, 'UPDATEID', {ts '2001-01-01 00:00:00.0'},1,'STMT 1','KSSTMT_STMT.DESC.1','ACTIVE','AND', null ,'kuali.luStatementType.createCourseAcademicReadiness')
INSERT INTO KSSTMT_STMT (ID, CREATEID, CREATETIME, UPDATEID, UPDATETIME, VERSIONIND, NAME, RT_DESCR_ID, ST, OPERATOR, PARENT_STMT_ID,STMT_TYPE_ID) VALUES ('STMT-2', 'CREATEID', {ts '2000-01-01 00:00:00.0'}, 'UPDATEID', {ts '2001-01-01 00:00:00.0'},1,'STMT 2','KSSTMT_STMT.DESC.2','ACTIVE','AND','STMT-1','kuali.luStatementType.prereqAcademicReadiness')
INSERT INTO KSSTMT_STMT (ID, CREATEID, CREATETIME, UPDATEID, UPDATETIME, VERSIONIND, NAME, RT_DESCR_ID, ST, OPERATOR, PARENT_STMT_ID,STMT_TYPE_ID) VALUES ('STMT-3', 'CREATEID', {ts '2000-01-01 00:00:00.0'}, 'UPDATEID', {ts '2001-01-01 00:00:00.0'},1,'STMT 3','KSSTMT_STMT.DESC.3','ACTIVE','AND',null,'kuali.luStatementType.prereqAcademicReadiness')
INSERT INTO KSSTMT_STMT (ID, CREATEID, CREATETIME, UPDATEID, UPDATETIME, VERSIONIND, NAME, RT_DESCR_ID, ST, OPERATOR, PARENT_STMT_ID,STMT_TYPE_ID) VALUES ('STMT-4', 'CREATEID', {ts '2000-01-01 00:00:00.0'}, 'UPDATEID', {ts '2001-01-01 00:00:00.0'},1,'STMT 4','KSSTMT_STMT.DESC.4','ACTIVE','AND',null,'kuali.luStatementType.prereqAcademicReadiness')
INSERT INTO KSSTMT_STMT (ID, CREATEID, CREATETIME, UPDATEID, UPDATETIME, VERSIONIND, NAME, RT_DESCR_ID, ST, OPERATOR, PARENT_STMT_ID,STMT_TYPE_ID) VALUES ('STMT-5', 'CREATEID', {ts '2000-01-01 00:00:00.0'}, 'UPDATEID', {ts '2001-01-01 00:00:00.0'},1,'STMT 5','KSSTMT_STMT.DESC.5','ACTIVE','OR',null,'kuali.luStatementType.prereqAcademicReadiness')

INSERT INTO KSSTMT_STMT (ID, CREATEID, CREATETIME, UPDATEID, UPDATETIME, VERSIONIND, NAME, RT_DESCR_ID, ST, OPERATOR, PARENT_STMT_ID,STMT_TYPE_ID) VALUES ('STMT-101', 'CREATEID', {ts '2000-01-01 00:00:00.0'}, 'UPDATEID', {ts '2001-01-01 00:00:00.0'},1,'STMT 101','KSSTMT_STMT.DESC.6','ACTIVE','AND',null,'kuali.luStatementType.prereqAcademicReadiness')
INSERT INTO KSSTMT_STMT (ID, CREATEID, CREATETIME, UPDATEID, UPDATETIME, VERSIONIND, NAME, RT_DESCR_ID, ST, OPERATOR, PARENT_STMT_ID,STMT_TYPE_ID) VALUES ('STMT-102', 'CREATEID', {ts '2000-01-01 00:00:00.0'}, 'UPDATEID', {ts '2001-01-01 00:00:00.0'},1,'STMT 102','KSSTMT_STMT.DESC.7','ACTIVE','OR','STMT-101','kuali.luStatementType.prereqAcademicReadiness')
INSERT INTO KSSTMT_STMT (ID, CREATEID, CREATETIME, UPDATEID, UPDATETIME, VERSIONIND, NAME, RT_DESCR_ID, ST, OPERATOR, PARENT_STMT_ID,STMT_TYPE_ID) VALUES ('STMT-103', 'CREATEID', {ts '2000-01-01 00:00:00.0'}, 'UPDATEID', {ts '2001-01-01 00:00:00.0'},1,'STMT 103','KSSTMT_STMT.DESC.8','ACTIVE','AND','STMT-101','kuali.luStatementType.prereqAcademicReadiness')
INSERT INTO KSSTMT_STMT (ID, CREATEID, CREATETIME, UPDATEID, UPDATETIME, VERSIONIND, NAME, RT_DESCR_ID, ST, OPERATOR, PARENT_STMT_ID,STMT_TYPE_ID) VALUES ('STMT-104', 'CREATEID', {ts '2000-01-01 00:00:00.0'}, 'UPDATEID', {ts '2001-01-01 00:00:00.0'},1,'STMT 104','KSSTMT_STMT.DESC.9','ACTIVE','AND','STMT-102','kuali.luStatementType.prereqAcademicReadiness')
INSERT INTO KSSTMT_STMT (ID, CREATEID, CREATETIME, UPDATEID, UPDATETIME, VERSIONIND, NAME, RT_DESCR_ID, ST, OPERATOR, PARENT_STMT_ID,STMT_TYPE_ID) VALUES ('STMT-105', 'CREATEID', {ts '2000-01-01 00:00:00.0'}, 'UPDATEID', {ts '2001-01-01 00:00:00.0'},1,'STMT 105','KSSTMT_STMT.DESC.10','ACTIVE','AND','STMT-102','kuali.luStatementType.prereqAcademicReadiness')
INSERT INTO KSSTMT_STMT (ID, CREATEID, CREATETIME, UPDATEID, UPDATETIME, VERSIONIND, NAME, RT_DESCR_ID, ST, OPERATOR, PARENT_STMT_ID,STMT_TYPE_ID) VALUES ('STMT-106', 'CREATEID', {ts '2000-01-01 00:00:00.0'}, 'UPDATEID', {ts '2001-01-01 00:00:00.0'},1,'STMT 106','KSSTMT_STMT.DESC.11','ACTIVE','OR','STMT-103','kuali.luStatementType.prereqAcademicReadiness')

INSERT INTO KSSTMT_STMT (ID, CREATEID, CREATETIME, UPDATEID, UPDATETIME, VERSIONIND, NAME, RT_DESCR_ID, ST, OPERATOR, PARENT_STMT_ID,STMT_TYPE_ID) VALUES ('STMT-TV-1', 'CREATEID', {ts '2000-01-01 00:00:00.0'}, 'UPDATEID', {ts '2001-01-01 00:00:00.0'},1,'STMT TV 1','KSSTMT_STMT.DESC.12','ACTIVE','OR',null,'kuali.luStatementType.prereqAcademicReadiness')
INSERT INTO KSSTMT_STMT (ID, CREATEID, CREATETIME, UPDATEID, UPDATETIME, VERSIONIND, NAME, RT_DESCR_ID, ST, OPERATOR, PARENT_STMT_ID,STMT_TYPE_ID) VALUES ('STMT-TV-2', 'CREATEID', {ts '2000-01-01 00:00:00.0'}, 'UPDATEID', {ts '2001-01-01 00:00:00.0'},1,'STMT TV 2','KSSTMT_STMT.DESC.13','ACTIVE','AND','STMT-TV-1','kuali.luStatementType.prereqAcademicReadiness')
INSERT INTO KSSTMT_STMT (ID, CREATEID, CREATETIME, UPDATEID, UPDATETIME, VERSIONIND, NAME, RT_DESCR_ID, ST, OPERATOR, PARENT_STMT_ID,STMT_TYPE_ID) VALUES ('STMT-TV-3', 'CREATEID', {ts '2000-01-01 00:00:00.0'}, 'UPDATEID', {ts '2001-01-01 00:00:00.0'},1,'STMT TV 3','KSSTMT_STMT.DESC.14','ACTIVE','AND','STMT-TV-1','kuali.luStatementType.prereqAcademicReadiness')

// REQ COM
INSERT INTO KSSTMT_REQ_COM (ID, CREATEID, CREATETIME, UPDATEID, UPDATETIME, VERSIONIND, RT_DESCR_ID, ST, EFF_DT, EXPIR_DT, REQ_COM_TYPE_ID) VALUES ('REQCOMP-1', 'CREATEID', {ts '2000-01-01 00:00:00.0'}, 'UPDATEID', {ts '2001-01-01 00:00:00.0'},1,'KSSTMT_REQ_COM.DESC.1','ACTIVE',{ts '2001-01-01 00:00:00.0'},{ts '2002-01-01 00:00:00.0'},'kuali.reqCompType.courseList.all')
INSERT INTO KSSTMT_REQ_COM (ID, CREATEID, CREATETIME, UPDATEID, UPDATETIME, VERSIONIND, RT_DESCR_ID, ST, EFF_DT, EXPIR_DT, REQ_COM_TYPE_ID) VALUES ('REQCOMP-2', 'CREATEID', {ts '2000-01-01 00:00:00.0'}, 'UPDATEID', {ts '2001-01-01 00:00:00.0'},1,'KSSTMT_REQ_COM.DESC.2','ACTIVE',{ts '2001-01-01 00:00:00.0'},{ts '2002-01-01 00:00:00.0'},'kuali.reqCompType.grdCondCourseList')
INSERT INTO KSSTMT_REQ_COM (ID, CREATEID, CREATETIME, UPDATEID, UPDATETIME, VERSIONIND, RT_DESCR_ID, ST, EFF_DT, EXPIR_DT, REQ_COM_TYPE_ID) VALUES ('REQCOMP-3', 'CREATEID', {ts '2000-01-01 00:00:00.0'}, 'UPDATEID', {ts '2001-01-01 00:00:00.0'},1,'KSSTMT_REQ_COM.DESC.3','ACTIVE',{ts '2001-01-01 00:00:00.0'},{ts '2002-01-01 00:00:00.0'},'kuali.reqCompType.gradecheck')

INSERT INTO KSSTMT_REQ_COM (ID, CREATEID, CREATETIME, UPDATEID, UPDATETIME, VERSIONIND, RT_DESCR_ID, ST, EFF_DT, EXPIR_DT, REQ_COM_TYPE_ID) VALUES ('REQCOMP-TV-1', 'CREATEID', {ts '2000-01-01 00:00:00.0'}, 'UPDATEID', {ts '2001-01-01 00:00:00.0'},1,'KSSTMT_REQ_COM.DESC.5','ACTIVE',{ts '2001-01-01 00:00:00.0'},{ts '2002-01-01 00:00:00.0'},'kuali.reqCompType.gradecheck')
INSERT INTO KSSTMT_REQ_COM (ID, CREATEID, CREATETIME, UPDATEID, UPDATETIME, VERSIONIND, RT_DESCR_ID, ST, EFF_DT, EXPIR_DT, REQ_COM_TYPE_ID) VALUES ('REQCOMP-TV-2', 'CREATEID', {ts '2000-01-01 00:00:00.0'}, 'UPDATEID', {ts '2001-01-01 00:00:00.0'},1,'KSSTMT_REQ_COM.DESC.6','ACTIVE',{ts '2001-01-01 00:00:00.0'},{ts '2002-01-01 00:00:00.0'},'kuali.reqCompType.gradecheck')
INSERT INTO KSSTMT_REQ_COM (ID, CREATEID, CREATETIME, UPDATEID, UPDATETIME, VERSIONIND, RT_DESCR_ID, ST, EFF_DT, EXPIR_DT, REQ_COM_TYPE_ID) VALUES ('REQCOMP-TV-3', 'CREATEID', {ts '2000-01-01 00:00:00.0'}, 'UPDATEID', {ts '2001-01-01 00:00:00.0'},1,'KSSTMT_REQ_COM.DESC.7','ACTIVE',{ts '2001-01-01 00:00:00.0'},{ts '2002-01-01 00:00:00.0'},'kuali.reqCompType.gradecheck')
INSERT INTO KSSTMT_REQ_COM (ID, CREATEID, CREATETIME, UPDATEID, UPDATETIME, VERSIONIND, RT_DESCR_ID, ST, EFF_DT, EXPIR_DT, REQ_COM_TYPE_ID) VALUES ('REQCOMP-TV-4', 'CREATEID', {ts '2000-01-01 00:00:00.0'}, 'UPDATEID', {ts '2001-01-01 00:00:00.0'},1,'KSSTMT_REQ_COM.DESC.8','ACTIVE',{ts '2001-01-01 00:00:00.0'},{ts '2002-01-01 00:00:00.0'},'kuali.reqCompType.gradecheck')

// CLU <-> LU STMT
//INSERT INTO KSSTMT_CLU_JN_STMT (CLU_ID, STMT_ID) VALUES ('CLU-NL-1','STMT-1')
//INSERT INTO KSSTMT_CLU_JN_STMT (CLU_ID, STMT_ID) VALUES ('CLU-NL-2','STMT-3')
//INSERT INTO KSSTMT_CLU_JN_STMT (CLU_ID, STMT_ID) VALUES ('CLU-NL-5','STMT-4')
//INSERT INTO KSSTMT_CLU_JN_STMT (CLU_ID, STMT_ID) VALUES ('CLU-NL-4','STMT-5')
//INSERT INTO KSSTMT_CLU_JN_STMT (CLU_ID, STMT_ID) VALUES ('CLU-NL-1','STMT-5')

//INSERT INTO KSSTMT_CLU_JN_STMT (CLU_ID, STMT_ID) VALUES ('CLU-NL-1','STMT-101')
//INSERT INTO KSSTMT_CLU_JN_STMT (CLU_ID, STMT_ID) VALUES ('CLU-NL-2','STMT-102')
//INSERT INTO KSSTMT_CLU_JN_STMT (CLU_ID, STMT_ID) VALUES ('CLU-NL-3','STMT-103')
//INSERT INTO KSSTMT_CLU_JN_STMT (CLU_ID, STMT_ID) VALUES ('CLU-NL-4','STMT-104')
//INSERT INTO KSSTMT_CLU_JN_STMT (CLU_ID, STMT_ID) VALUES ('CLU-NL-5','STMT-105')
//INSERT INTO KSSTMT_CLU_JN_STMT (CLU_ID, STMT_ID) VALUES ('CLU-NL-1','STMT-106')

// LU STMT <-> REQ COM
INSERT INTO KSSTMT_STMT_JN_REQ_COM (REQ_COM_ID, STMT_ID) VALUES ('REQCOMP-1','STMT-2')
INSERT INTO KSSTMT_STMT_JN_REQ_COM (REQ_COM_ID, STMT_ID) VALUES ('REQCOMP-2','STMT-2')
INSERT INTO KSSTMT_STMT_JN_REQ_COM (REQ_COM_ID, STMT_ID) VALUES ('REQCOMP-3','STMT-2')
INSERT INTO KSSTMT_STMT_JN_REQ_COM (REQ_COM_ID, STMT_ID) VALUES ('REQCOMP-NL-1','STMT-3')
INSERT INTO KSSTMT_STMT_JN_REQ_COM (REQ_COM_ID, STMT_ID) VALUES ('REQCOMP-NL-2','STMT-3')
INSERT INTO KSSTMT_STMT_JN_REQ_COM (REQ_COM_ID, STMT_ID) VALUES ('REQCOMP-NL-3','STMT-4')
INSERT INTO KSSTMT_STMT_JN_REQ_COM (REQ_COM_ID, STMT_ID) VALUES ('REQCOMP-NL-1','STMT-5')
INSERT INTO KSSTMT_STMT_JN_REQ_COM (REQ_COM_ID, STMT_ID) VALUES ('REQCOMP-NL-4','STMT-5')

INSERT INTO KSSTMT_STMT_JN_REQ_COM (REQ_COM_ID, STMT_ID) VALUES ('REQCOMP-NL-1','STMT-104')
INSERT INTO KSSTMT_STMT_JN_REQ_COM (REQ_COM_ID, STMT_ID) VALUES ('REQCOMP-NL-2','STMT-104')
INSERT INTO KSSTMT_STMT_JN_REQ_COM (REQ_COM_ID, STMT_ID) VALUES ('REQCOMP-NL-3','STMT-105')
INSERT INTO KSSTMT_STMT_JN_REQ_COM (REQ_COM_ID, STMT_ID) VALUES ('REQCOMP-NL-1','STMT-106')
INSERT INTO KSSTMT_STMT_JN_REQ_COM (REQ_COM_ID, STMT_ID) VALUES ('REQCOMP-NL-4','STMT-106')

INSERT INTO KSSTMT_STMT_JN_REQ_COM (REQ_COM_ID, STMT_ID) VALUES ('REQCOMP-TV-1','STMT-TV-2')
INSERT INTO KSSTMT_STMT_JN_REQ_COM (REQ_COM_ID, STMT_ID) VALUES ('REQCOMP-TV-2','STMT-TV-2')
INSERT INTO KSSTMT_STMT_JN_REQ_COM (REQ_COM_ID, STMT_ID) VALUES ('REQCOMP-TV-3','STMT-TV-3')
INSERT INTO KSSTMT_STMT_JN_REQ_COM (REQ_COM_ID, STMT_ID) VALUES ('REQCOMP-TV-4','STMT-TV-3')


// KSSTMT_NL_USAGE_TYPE
INSERT INTO KSSTMT_NL_USAGE_TYPE (TYPE_KEY, TYPE_DESC, NAME, EFF_DT, EXPIR_DT) VALUES ('KUALI.CATALOG', 'Kuali Catalog', 'Kuali Catalog', {ts '2000-01-01 00:00:00.0'}, {ts '2000-12-31 00:00:00.0'})
INSERT INTO KSSTMT_NL_USAGE_TYPE (TYPE_KEY, TYPE_DESC, NAME, EFF_DT, EXPIR_DT) VALUES ('KUALI.EXAMPLE', 'Kuali Rule Example', 'Rule Example', {ts '2010-01-01 01:01:01.0'}, {ts '2010-12-31 01:01:01.0'})
INSERT INTO KSSTMT_NL_USAGE_TYPE (TYPE_KEY, TYPE_DESC, NAME, EFF_DT, EXPIR_DT) VALUES ('KUALI.COURSE.CATALOG', 'Full Kuali Course Catalog', 'Kuali Course Catalog', {ts '2000-01-01 00:00:00.0'}, {ts '2000-12-31 00:00:00.0'})
INSERT INTO KSSTMT_NL_USAGE_TYPE (TYPE_KEY, TYPE_DESC, NAME, EFF_DT, EXPIR_DT) VALUES ('KUALI.REQCOMP.EXAMPLE', 'Kuali Requirement Component Rule Example', 'Requirement Component Example', {ts '2010-01-01 01:01:01.0'}, {ts '2010-12-31 01:01:01.0'})

// KSSTMT_OBJECT_TYPE
INSERT INTO KSSTMT_OBJECT_TYPE (TYPE_KEY, TYPE_DESC, NAME, EFF_DT, EXPIR_DT) VALUES ('clu', 'Kuali CLU', 'Kuali CLU', {ts '2000-01-01 00:00:00.0'}, {ts '2100-12-31 00:00:00.0'})

// KSSTMT_OBJECT_SUB_TYPE
INSERT INTO KSSTMT_OBJECT_SUB_TYPE (TYPE_KEY, TYPE_DESC, NAME, EFF_DT, EXPIR_DT) VALUES ('course', 'Kuali Course', 'Kuali Course', {ts '2000-01-01 00:00:00.0'}, {ts '2100-12-31 00:00:00.0'})
INSERT INTO KSSTMT_OBJECT_SUB_TYPE (TYPE_KEY, TYPE_DESC, NAME, EFF_DT, EXPIR_DT) VALUES ('program', 'Kuali Program', 'Kuali Program', {ts '2000-01-01 00:00:00.0'}, {ts '2100-12-31 00:00:00.0'})

// KSSTMT_OBJ_TYP_JN_OBJ_SUB_TYP
INSERT INTO KSSTMT_OBJ_TYP_JN_OBJ_SUB_TYP (OBJ_TYPE_ID, OBJ_SUB_TYPE_ID) VALUES ('clu', 'course')
INSERT INTO KSSTMT_OBJ_TYP_JN_OBJ_SUB_TYP (OBJ_TYPE_ID, OBJ_SUB_TYPE_ID) VALUES ('clu', 'program')

// KSSTMT_REF_STMT_REL_TYPE
INSERT INTO KSSTMT_REF_STMT_REL_TYPE (TYPE_KEY, TYPE_DESC, NAME, EFF_DT, EXPIR_DT) VALUES ('clu.prerequisites', 'CLU Prerequisites', 'CLU Prereq', {ts '2000-01-01 00:00:00.0'}, {ts '2100-12-31 00:00:00.0'})

// KSSTMT_RSTMT_RTYP_JN_OSUB_TYP <-> KSSTMT_OBJECT_SUB_TYPE
INSERT INTO KSSTMT_RSTMT_RTYP_JN_OSUB_TYP (REF_STMT_REL_TYPE_ID, OBJ_SUB_TYPE_ID) VALUES ('clu.prerequisites', 'course')

// KSSTMT_RSTMT_RTYP_JN_STMT_TYP <-> KSSTMT_STMT_TYPE
INSERT INTO KSSTMT_RSTMT_RTYP_JN_STMT_TYP (REF_STMT_REL_TYPE_ID, STMT_TYPE_ID) VALUES ('clu.prerequisites', 'kuali.luStatementType.prereqAcademicReadiness')

// KSSTMT_REF_STMT_REL
INSERT INTO KSSTMT_REF_STMT_REL (ID, EFF_DT, EXPIR_DT, REF_OBJ_TYPE_KEY, REF_OBJ_ID, REF_STMT_REL_TYPE_ID, STMT_ID, ST, CREATEID, CREATETIME, UPDATEID, UPDATETIME, VERSIONIND) VALUES ('ref-stmt-rel-1', {ts '2000-01-01 00:00:00.0'}, {ts '2100-12-31 00:00:00.0'}, 'clu', 'CLU-NL-1', 'clu.prerequisites', 'STMT-1', 'ACTIVE', 'CREATEID', {ts '2000-01-01 00:00:00.0'}, 'UPDATEID', {ts '2001-01-01 00:00:00.0'}, 1)
INSERT INTO KSSTMT_REF_STMT_REL (ID, EFF_DT, EXPIR_DT, REF_OBJ_TYPE_KEY, REF_OBJ_ID, REF_STMT_REL_TYPE_ID, STMT_ID, ST, CREATEID, CREATETIME, UPDATEID, UPDATETIME, VERSIONIND) VALUES ('ref-stmt-rel-5', {ts '2000-01-01 00:00:00.0'}, {ts '2100-12-31 00:00:00.0'}, 'clu', 'CLU-NL-1', 'clu.prerequisites', 'STMT-5', 'ACTIVE', 'CREATEID', {ts '2000-01-01 00:00:00.0'}, 'UPDATEID', {ts '2001-01-01 00:00:00.0'}, 1)
