insert into KSEN_LUI (ID, OBJ_ID, LUI_TYPE, LUI_STATE, NAME, DESCR_PLAIN, DESCR_FORMATTED, EFF_DT, EXPIR_DT, CLU_ID, ATP_ID, SCHEDULE_ID, MAX_SEATS, MIN_SEATS, REF_URL, VER_NBR, CREATETIME, CREATEID, UPDATETIME, UPDATEID) values ('971abf90-d76a-490f-aa30-1d7bfd5b1958', '0e27641b-be61-42a4-a481-321396717c22', 'kuali.lui.type.course.offering', 'kuali.lui.course.offering.state.draft', 'COM 440 CO', 'Survey of laws and regulations that affect the print and broadcast media. Includes material on First Amendment, libel, invasion of privacy, freedom of information, copyright, obscenity, advertising and broadcast regulation, and matters relating to press coverage of the judicial system. Offered: jointly with POL S 461.', 'Survey of laws and regulations that affect the print and broadcast media. Includes material on First Amendment, libel, invasion of privacy, freedom of information, copyright, obscenity, advertising and broadcast regulation, and matters relating to press coverage of the judicial system. Offered: jointly with POL S 461.', null, null, '93e861bf-66ec-4d0e-bb4d-fa1ccdc6d6a4', '20122', null, null, null, null, 0, TIMESTAMP '2012-08-22 16:24:42', '1', TIMESTAMP '2012-08-22 16:24:42', '1')
/
insert into KSEN_LUI (ID, OBJ_ID, LUI_TYPE, LUI_STATE, NAME, DESCR_PLAIN, DESCR_FORMATTED, EFF_DT, EXPIR_DT, CLU_ID, ATP_ID, SCHEDULE_ID, MAX_SEATS, MIN_SEATS, REF_URL, VER_NBR, CREATETIME, CREATEID, UPDATETIME, UPDATEID) values ('986a06ce-c053-45e3-88ae-0972a541669a', 'ef29fc67-2785-42c2-979d-056d75fc0ec9', 'kuali.lui.type.course.format.offering', 'kuali.lui.format.offering.state.planned', 'Quiz/Lecture', null, null, null, null, 'da18c43d-85f0-4043-95c8-2fa0a1611f3a', '20122', null, null, null, null, 0, TIMESTAMP '2012-08-22 16:24:42', '1', TIMESTAMP '2012-08-22 16:24:42', '1')
/
insert into KSEN_LUI (ID, OBJ_ID, LUI_TYPE, LUI_STATE, NAME, DESCR_PLAIN, DESCR_FORMATTED, EFF_DT, EXPIR_DT, CLU_ID, ATP_ID, SCHEDULE_ID, MAX_SEATS, MIN_SEATS, REF_URL, VER_NBR, CREATETIME, CREATEID, UPDATETIME, UPDATEID) values ('1097b1bc-9da6-43d3-bc8a-99cf2aa03953', 'dde734ef-99ac-4106-8178-90d763537aba', 'kuali.lui.type.course.format.offering', 'kuali.lui.format.offering.state.planned', 'Lecture', null, null, null, null, '46a666a3-eec0-455a-99cc-ae301542bfd0', '20122', null, null, null, null, 0, TIMESTAMP '2012-08-22 16:24:42', '1', TIMESTAMP '2012-08-22 16:24:42', '1')
/
insert into KSEN_LUI (ID, OBJ_ID, LUI_TYPE, LUI_STATE, NAME, DESCR_PLAIN, DESCR_FORMATTED, EFF_DT, EXPIR_DT, CLU_ID, ATP_ID, SCHEDULE_ID, MAX_SEATS, MIN_SEATS, REF_URL, VER_NBR, CREATETIME, CREATEID, UPDATETIME, UPDATEID) values ('73419915-dae1-46fc-8f29-9797a3360946', 'effd2291-4e9c-4ff4-92dd-a54824599cff', 'kuali.lui.type.activity.offering.quiz', 'kuali.lui.activity.offering.state.draft', 'NOCODE AO', null, null, null, null, '1079576d-af1a-4f8f-a519-c380c4180dde', '20122', null, null, null, null, 0, TIMESTAMP '2012-08-22 16:25:40', 'admin', TIMESTAMP '2012-08-22 16:25:40', 'admin')
/
insert into KSEN_LUI (ID, OBJ_ID, LUI_TYPE, LUI_STATE, NAME, DESCR_PLAIN, DESCR_FORMATTED, EFF_DT, EXPIR_DT, CLU_ID, ATP_ID, SCHEDULE_ID, MAX_SEATS, MIN_SEATS, REF_URL, VER_NBR, CREATETIME, CREATEID, UPDATETIME, UPDATEID) values ('7964fc14-5d84-4985-9cae-c928395b41ae', '566ea22f-0e68-49f3-a7e5-d9daef033695', 'kuali.lui.type.activity.offering.quiz', 'kuali.lui.activity.offering.state.draft', 'NOCODE AO', null, null, null, null, '1079576d-af1a-4f8f-a519-c380c4180dde', '20122', null, null, null, null, 0, TIMESTAMP '2012-08-22 16:25:40', 'admin', TIMESTAMP '2012-08-22 16:25:40', 'admin')
/
insert into KSEN_LUI (ID, OBJ_ID, LUI_TYPE, LUI_STATE, NAME, DESCR_PLAIN, DESCR_FORMATTED, EFF_DT, EXPIR_DT, CLU_ID, ATP_ID, SCHEDULE_ID, MAX_SEATS, MIN_SEATS, REF_URL, VER_NBR, CREATETIME, CREATEID, UPDATETIME, UPDATEID) values ('0d5a5f6a-9e9a-45aa-9677-a621ed5dd7ed', '6f9800c8-4451-4769-9437-011fe8529e68', 'kuali.lui.type.activity.offering.quiz', 'kuali.lui.activity.offering.state.draft', 'NOCODE AO', null, null, null, null, '1079576d-af1a-4f8f-a519-c380c4180dde', '20122', null, null, null, null, 0, TIMESTAMP '2012-08-22 16:25:41', 'admin', TIMESTAMP '2012-08-22 16:25:41', 'admin')
/
insert into KSEN_LUI (ID, OBJ_ID, LUI_TYPE, LUI_STATE, NAME, DESCR_PLAIN, DESCR_FORMATTED, EFF_DT, EXPIR_DT, CLU_ID, ATP_ID, SCHEDULE_ID, MAX_SEATS, MIN_SEATS, REF_URL, VER_NBR, CREATETIME, CREATEID, UPDATETIME, UPDATEID) values ('81ad8aef-444d-4422-94c4-9ffa65b8aa32', '2f22911f-529b-4992-9c71-e13caa1e46c4', 'kuali.lui.type.activity.offering.lecture', 'kuali.lui.activity.offering.state.draft', 'NOCODE AO', null, null, null, null, '16ab8d94-3393-407b-a13d-6c08670d2ed3', '20122', null, null, null, null, 0, TIMESTAMP '2012-08-22 16:25:53', 'admin', TIMESTAMP '2012-08-22 16:25:53', 'admin')
/
insert into KSEN_LUI (ID, OBJ_ID, LUI_TYPE, LUI_STATE, NAME, DESCR_PLAIN, DESCR_FORMATTED, EFF_DT, EXPIR_DT, CLU_ID, ATP_ID, SCHEDULE_ID, MAX_SEATS, MIN_SEATS, REF_URL, VER_NBR, CREATETIME, CREATEID, UPDATETIME, UPDATEID) values ('83211fa2-8917-4ae7-83bb-1ce2f1ac96e3', 'c99ee774-8896-4f8b-b7d6-1027b130ad85', 'kuali.lui.type.activity.offering.lecture', 'kuali.lui.activity.offering.state.draft', 'NOCODE AO', null, null, null, null, '16ab8d94-3393-407b-a13d-6c08670d2ed3', '20122', null, null, null, null, 0, TIMESTAMP '2012-08-22 16:25:53', 'admin', TIMESTAMP '2012-08-22 16:25:53', 'admin')
/
insert into KSEN_LUI (ID, OBJ_ID, LUI_TYPE, LUI_STATE, NAME, DESCR_PLAIN, DESCR_FORMATTED, EFF_DT, EXPIR_DT, CLU_ID, ATP_ID, SCHEDULE_ID, MAX_SEATS, MIN_SEATS, REF_URL, VER_NBR, CREATETIME, CREATEID, UPDATETIME, UPDATEID) values ('c5c985ab-d9a3-4d6f-82f9-c1f735041c00', 'd6e7a2ed-7e0c-4bf8-ac4e-c82d1261d6b8', 'kuali.lui.type.activity.offering.lecture', 'kuali.lui.activity.offering.state.draft', 'NOCODE AO', null, null, null, null, 'a115c426-ef1b-45a7-8213-50b2dd0449a5', '20122', null, null, null, null, 0, TIMESTAMP '2012-08-22 16:26:04', 'admin', TIMESTAMP '2012-08-22 16:26:04', 'admin')
/
insert into KSEN_LUI (ID, OBJ_ID, LUI_TYPE, LUI_STATE, NAME, DESCR_PLAIN, DESCR_FORMATTED, EFF_DT, EXPIR_DT, CLU_ID, ATP_ID, SCHEDULE_ID, MAX_SEATS, MIN_SEATS, REF_URL, VER_NBR, CREATETIME, CREATEID, UPDATETIME, UPDATEID) values ('61c657e9-ae70-49a1-840b-48b7e435abfb', '44543c95-a5db-40ce-9c7b-506284e026c7', 'kuali.lui.type.activity.offering.lecture', 'kuali.lui.activity.offering.state.draft', 'NOCODE AO', null, null, null, null, 'a115c426-ef1b-45a7-8213-50b2dd0449a5', '20122', null, null, null, null, 0, TIMESTAMP '2012-08-22 16:26:04', 'admin', TIMESTAMP '2012-08-22 16:26:04', 'admin')
/
insert into KSEN_LUI (ID, OBJ_ID, LUI_TYPE, LUI_STATE, NAME, DESCR_PLAIN, DESCR_FORMATTED, EFF_DT, EXPIR_DT, CLU_ID, ATP_ID, SCHEDULE_ID, MAX_SEATS, MIN_SEATS, REF_URL, VER_NBR, CREATETIME, CREATEID, UPDATETIME, UPDATEID) values ('ca0db4f3-bfa5-4a67-b358-7eb0da7a0fad', '328e33aa-4eb0-479d-9d90-3e140dd6980b', 'kuali.lui.type.activity.offering.lecture', 'kuali.lui.activity.offering.state.draft', 'NOCODE AO', null, null, null, null, 'a115c426-ef1b-45a7-8213-50b2dd0449a5', '20122', null, null, null, null, 0, TIMESTAMP '2012-08-22 16:26:04', 'admin', TIMESTAMP '2012-08-22 16:26:04', 'admin')
/


insert into KSEN_LUI_ATTR (ID, OBJ_ID, ATTR_KEY, ATTR_VALUE, OWNER_ID) values ('46faf2f5-8e98-4ed0-99e5-e4de5121109e', '7405cf2b-1b5c-4393-be88-e99efdc3370c', 'kuali.attribute.wait.list.indicator', 'null', '971abf90-d76a-490f-aa30-1d7bfd5b1958')
/
insert into KSEN_LUI_ATTR (ID, OBJ_ID, ATTR_KEY, ATTR_VALUE, OWNER_ID) values ('b25b76c0-2d77-4f0f-80a7-75e7c200402e', 'b2a559cf-d493-42e1-b22c-8d46ef2f5b91', 'kuali.attribute.wait.list.level.type.key', 'null', '971abf90-d76a-490f-aa30-1d7bfd5b1958')
/
insert into KSEN_LUI_ATTR (ID, OBJ_ID, ATTR_KEY, ATTR_VALUE, OWNER_ID) values ('e396b7b0-5300-4a6f-82f6-37c3671ab4c7', '6091585a-38c4-4844-86e0-0747d631aac8', 'kuali.attribute.funding.source', null, '971abf90-d76a-490f-aa30-1d7bfd5b1958')
/
insert into KSEN_LUI_ATTR (ID, OBJ_ID, ATTR_KEY, ATTR_VALUE, OWNER_ID) values ('6a3b5689-1f34-4fe7-b710-a89db90de311', '36f258b1-4fba-40e3-b2c0-81797101be60', 'kuali.attribute.final.exam.indicator', 'NONE', '971abf90-d76a-490f-aa30-1d7bfd5b1958')
/
insert into KSEN_LUI_ATTR (ID, OBJ_ID, ATTR_KEY, ATTR_VALUE, OWNER_ID) values ('8ce7203a-3946-421e-9089-eeff6a25d8dd', '11231389-6c5a-4038-989d-6186e3a32e75', 'kuali.attribute.wait.list.type.key', 'null', '971abf90-d76a-490f-aa30-1d7bfd5b1958')
/
insert into KSEN_LUI_ATTR (ID, OBJ_ID, ATTR_KEY, ATTR_VALUE, OWNER_ID) values ('4d791f0a-50cf-4c9d-bd3c-0e0e29aa5b5a', '06af6915-f16a-4bf9-bd8e-3334cf43ffe6', 'kuali.attribute.course.number.internal.suffix', 'A', '971abf90-d76a-490f-aa30-1d7bfd5b1958')
/
insert into KSEN_LUI_ATTR (ID, OBJ_ID, ATTR_KEY, ATTR_VALUE, OWNER_ID) values ('1ccc8cf4-a865-4273-b079-ad3122b22bc5', 'c2527049-740e-4381-b92b-c5072948c0dc', 'kuali.attribute.course.evaluation.indicator', 'null', '971abf90-d76a-490f-aa30-1d7bfd5b1958')
/
insert into KSEN_LUI_ATTR (ID, OBJ_ID, ATTR_KEY, ATTR_VALUE, OWNER_ID) values ('34a0f5ab-13b2-4268-a5ca-88b16ecb95d6', '7de20530-bc03-4b8c-b725-069be3de55a4', 'kuali.attribute.where.fees.attached.flag', 'null', '971abf90-d76a-490f-aa30-1d7bfd5b1958')
/
insert into KSEN_LUI_ATTR (ID, OBJ_ID, ATTR_KEY, ATTR_VALUE, OWNER_ID) values ('192b4597-36a0-433b-ac1a-4a837daee058', '288e0c8b-838e-4cfe-9dfc-82283ec7a26d', 'kuali.attribute.grade.roster.level.type.key', 'kuali.lui.type.course.offering', '986a06ce-c053-45e3-88ae-0972a541669a')
/
insert into KSEN_LUI_ATTR (ID, OBJ_ID, ATTR_KEY, ATTR_VALUE, OWNER_ID) values ('baf51dbb-2dbb-48dc-9574-f31951c5328a', 'f2dfea7f-d89a-4669-880d-1acbfc12c447', 'kuali.attribute.final.exam.level.type', 'kuali.lu.type.activity.Lecture', '986a06ce-c053-45e3-88ae-0972a541669a')
/
insert into KSEN_LUI_ATTR (ID, OBJ_ID, ATTR_KEY, ATTR_VALUE, OWNER_ID) values ('4e637786-6b63-495f-839a-ed80404dfd84', 'ad5a206f-09d9-44bb-b05a-642119d5deae', 'kuali.attribute.final.exam.level.type', 'kuali.lu.type.activity.Lecture', '1097b1bc-9da6-43d3-bc8a-99cf2aa03953')
/
insert into KSEN_LUI_ATTR (ID, OBJ_ID, ATTR_KEY, ATTR_VALUE, OWNER_ID) values ('109b3232-b492-4c9e-990c-f2f8604721ad', '73550fe1-b150-4c1f-b8e7-ede02dafa302', 'kuali.attribute.grade.roster.level.type.key', 'kuali.lui.type.course.offering', '1097b1bc-9da6-43d3-bc8a-99cf2aa03953')
/
insert into KSEN_LUI_ATTR (ID, OBJ_ID, ATTR_KEY, ATTR_VALUE, OWNER_ID) values ('934d80af-4752-4ea6-82ba-3f556f76c89a', '3185668c-da6d-4336-a831-8e0f7e2c97b0', 'kuali.attribute.max.enrollment.is.estimate', 'null', '73419915-dae1-46fc-8f29-9797a3360946')
/
insert into KSEN_LUI_ATTR (ID, OBJ_ID, ATTR_KEY, ATTR_VALUE, OWNER_ID) values ('40d93941-daea-41fb-8341-00b89b3aba25', 'a1317134-a176-4875-b909-d09d3730ea1d', 'kuali.attribute.course.evaluation.indicator', 'null', '73419915-dae1-46fc-8f29-9797a3360946')
/
insert into KSEN_LUI_ATTR (ID, OBJ_ID, ATTR_KEY, ATTR_VALUE, OWNER_ID) values ('829f3f2b-30c6-4b26-9fb7-f2383bd594ac', 'fb168876-3fdb-4a1b-a23e-7e4092f8f84f', 'kuali.attribute.course.evaluation.indicator', 'null', '7964fc14-5d84-4985-9cae-c928395b41ae')
/
insert into KSEN_LUI_ATTR (ID, OBJ_ID, ATTR_KEY, ATTR_VALUE, OWNER_ID) values ('a36ad570-fbb0-45e7-8d93-81e0392ce290', '5b59a34e-e80b-46bd-8477-5f1add897f20', 'kuali.attribute.max.enrollment.is.estimate', 'null', '7964fc14-5d84-4985-9cae-c928395b41ae')
/
insert into KSEN_LUI_ATTR (ID, OBJ_ID, ATTR_KEY, ATTR_VALUE, OWNER_ID) values ('60c89f45-be74-4e8a-b003-2a6871097841', '3c0ec768-3e29-459a-87ce-9a7f6b7805e6', 'kuali.attribute.max.enrollment.is.estimate', 'null', '0d5a5f6a-9e9a-45aa-9677-a621ed5dd7ed')
/
insert into KSEN_LUI_ATTR (ID, OBJ_ID, ATTR_KEY, ATTR_VALUE, OWNER_ID) values ('bf8205f8-690e-4cef-9fc5-45add00e095d', 'ef483d90-8f6d-4ba6-8797-c6dda03f816f', 'kuali.attribute.course.evaluation.indicator', 'null', '0d5a5f6a-9e9a-45aa-9677-a621ed5dd7ed')
/
insert into KSEN_LUI_ATTR (ID, OBJ_ID, ATTR_KEY, ATTR_VALUE, OWNER_ID) values ('5052c2f0-f40e-4740-b71e-6261314207cd', 'ab0eb268-2cf3-4526-9294-1b70da197929', 'kuali.attribute.course.evaluation.indicator', 'null', '81ad8aef-444d-4422-94c4-9ffa65b8aa32')
/
insert into KSEN_LUI_ATTR (ID, OBJ_ID, ATTR_KEY, ATTR_VALUE, OWNER_ID) values ('abaf6d9d-5803-41a9-9697-c8c358cb2f0d', '186a0ff5-6364-4260-bfd0-924bdf81e949', 'kuali.attribute.max.enrollment.is.estimate', 'null', '81ad8aef-444d-4422-94c4-9ffa65b8aa32')
/
insert into KSEN_LUI_ATTR (ID, OBJ_ID, ATTR_KEY, ATTR_VALUE, OWNER_ID) values ('8daf1b42-55ab-42c7-9bfe-5c676ff69dcf', '895246e0-9ee5-41d3-88ce-5057b2af7dea', 'kuali.attribute.max.enrollment.is.estimate', 'null', '83211fa2-8917-4ae7-83bb-1ce2f1ac96e3')
/
insert into KSEN_LUI_ATTR (ID, OBJ_ID, ATTR_KEY, ATTR_VALUE, OWNER_ID) values ('37297e80-48c3-41eb-8505-ad0ea6c59760', '7f4eaa1a-f8aa-4f80-a6a2-27f555da7179', 'kuali.attribute.course.evaluation.indicator', 'null', '83211fa2-8917-4ae7-83bb-1ce2f1ac96e3')
/
insert into KSEN_LUI_ATTR (ID, OBJ_ID, ATTR_KEY, ATTR_VALUE, OWNER_ID) values ('eb2274cf-ce76-4c48-ae05-90ea96d68a2e', 'eb9d66c5-cd78-48bf-b8af-867481286e08', 'kuali.attribute.course.evaluation.indicator', 'null', 'c5c985ab-d9a3-4d6f-82f9-c1f735041c00')
/
insert into KSEN_LUI_ATTR (ID, OBJ_ID, ATTR_KEY, ATTR_VALUE, OWNER_ID) values ('9edc5b3d-b976-488a-96e5-67734584cd5b', '1c924a3a-c215-41b7-b519-6cdacc70bcc6', 'kuali.attribute.max.enrollment.is.estimate', 'null', 'c5c985ab-d9a3-4d6f-82f9-c1f735041c00')
/
insert into KSEN_LUI_ATTR (ID, OBJ_ID, ATTR_KEY, ATTR_VALUE, OWNER_ID) values ('3d43804f-7825-4177-ae04-a5b82636a534', '4bdb4dd0-8644-414c-a225-705a00963228', 'kuali.attribute.max.enrollment.is.estimate', 'null', '61c657e9-ae70-49a1-840b-48b7e435abfb')
/
insert into KSEN_LUI_ATTR (ID, OBJ_ID, ATTR_KEY, ATTR_VALUE, OWNER_ID) values ('94d29102-0b34-43f2-9d2f-cc660ee96770', '6467a7cc-e7ca-4608-afba-2f10c7e06c2a', 'kuali.attribute.course.evaluation.indicator', 'null', '61c657e9-ae70-49a1-840b-48b7e435abfb')
/
insert into KSEN_LUI_ATTR (ID, OBJ_ID, ATTR_KEY, ATTR_VALUE, OWNER_ID) values ('e8d9a77f-b231-4e28-9b1d-ba1c06f993a8', 'b2d37050-a349-4354-ac53-ba7810079c1a', 'kuali.attribute.course.evaluation.indicator', 'null', 'ca0db4f3-bfa5-4a67-b358-7eb0da7a0fad')
/
insert into KSEN_LUI_ATTR (ID, OBJ_ID, ATTR_KEY, ATTR_VALUE, OWNER_ID) values ('6d52b1a3-75df-4c7f-af24-e6ee99d46f5c', 'a7d4f714-dd7e-4954-86b5-167d9e51719d', 'kuali.attribute.max.enrollment.is.estimate', 'null', 'ca0db4f3-bfa5-4a67-b358-7eb0da7a0fad')
/
insert into KSEN_LUI_IDENT (ID, OBJ_ID, LUI_ID_TYPE, LUI_ID_STATE, LUI_CD, SHRT_NAME, LNG_NAME, DIVISION, SUFX_CD, VARTN, VER_NBR, CREATETIME, CREATEID, UPDATETIME, UPDATEID, LUI_ID) values ('d7763325-e27c-4203-bbe9-c20c92c6c7fd', '217ac039-4f5a-4e64-877c-7a1bf9956052', 'kuali.lui.identifier.type.official', 'kuali.lui.identifier.state.active', 'COM 440', null, 'MASS MEDIA LAW', 'COM', null, null, 0, TIMESTAMP '2012-08-22 16:24:42', '1', TIMESTAMP '2012-08-22 16:24:42', '1', '971abf90-d76a-490f-aa30-1d7bfd5b1958')
/
insert into KSEN_LUI_IDENT (ID, OBJ_ID, LUI_ID_TYPE, LUI_ID_STATE, LUI_CD, SHRT_NAME, LNG_NAME, DIVISION, SUFX_CD, VARTN, VER_NBR, CREATETIME, CREATEID, UPDATETIME, UPDATEID, LUI_ID) values ('95113aee-b2ba-4c1c-bd38-aaf2d4cf117b', 'c32eb5c9-12f1-4e40-98e9-fae5c9c64b49', 'kuali.lui.identifier.type.official', 'kuali.lui.identifier.state.active', null, 'Quiz/Lecture', 'Quiz/Lecture', null, null, null, 0, TIMESTAMP '2012-08-22 16:24:42', '1', TIMESTAMP '2012-08-22 16:24:42', '1', '986a06ce-c053-45e3-88ae-0972a541669a')
/
insert into KSEN_LUI_IDENT (ID, OBJ_ID, LUI_ID_TYPE, LUI_ID_STATE, LUI_CD, SHRT_NAME, LNG_NAME, DIVISION, SUFX_CD, VARTN, VER_NBR, CREATETIME, CREATEID, UPDATETIME, UPDATEID, LUI_ID) values ('dfae9fa4-6672-4f5e-b88c-4d6bc3936119', '1d834abc-174c-444e-8800-a2434caf760d', 'kuali.lui.identifier.type.official', 'kuali.lui.identifier.state.active', null, 'Lecture', 'Lecture', null, null, null, 0, TIMESTAMP '2012-08-22 16:24:42', '1', TIMESTAMP '2012-08-22 16:24:42', '1', '1097b1bc-9da6-43d3-bc8a-99cf2aa03953')
/
insert into KSEN_LUI_IDENT (ID, OBJ_ID, LUI_ID_TYPE, LUI_ID_STATE, LUI_CD, SHRT_NAME, LNG_NAME, DIVISION, SUFX_CD, VARTN, VER_NBR, CREATETIME, CREATEID, UPDATETIME, UPDATEID, LUI_ID) values ('0fd730cd-2f9a-495e-b3dd-0e3d9c1ea0ce', '2ea3307b-f796-46e5-9abb-4e8dd8557b0d', 'kuali.lui.identifier.type.official', 'kuali.lui.identifier.state.active', 'A', null, null, null, null, null, 0, TIMESTAMP '2012-08-22 16:25:40', 'admin', TIMESTAMP '2012-08-22 16:25:40', 'admin', '73419915-dae1-46fc-8f29-9797a3360946')
/
insert into KSEN_LUI_IDENT (ID, OBJ_ID, LUI_ID_TYPE, LUI_ID_STATE, LUI_CD, SHRT_NAME, LNG_NAME, DIVISION, SUFX_CD, VARTN, VER_NBR, CREATETIME, CREATEID, UPDATETIME, UPDATEID, LUI_ID) values ('b8868d68-afa5-486b-aa94-4eea2b7fa14d', '0626da89-fcf7-429a-b509-3158e452ff03', 'kuali.lui.identifier.type.official', 'kuali.lui.identifier.state.active', 'B', null, null, null, null, null, 0, TIMESTAMP '2012-08-22 16:25:40', 'admin', TIMESTAMP '2012-08-22 16:25:40', 'admin', '7964fc14-5d84-4985-9cae-c928395b41ae')
/
insert into KSEN_LUI_IDENT (ID, OBJ_ID, LUI_ID_TYPE, LUI_ID_STATE, LUI_CD, SHRT_NAME, LNG_NAME, DIVISION, SUFX_CD, VARTN, VER_NBR, CREATETIME, CREATEID, UPDATETIME, UPDATEID, LUI_ID) values ('5c033418-65c9-4938-abdb-a17ba7e65063', '8dbe277e-5ec9-4bff-9324-30537b512175', 'kuali.lui.identifier.type.official', 'kuali.lui.identifier.state.active', 'C', null, null, null, null, null, 0, TIMESTAMP '2012-08-22 16:25:41', 'admin', TIMESTAMP '2012-08-22 16:25:41', 'admin', '0d5a5f6a-9e9a-45aa-9677-a621ed5dd7ed')
/
insert into KSEN_LUI_IDENT (ID, OBJ_ID, LUI_ID_TYPE, LUI_ID_STATE, LUI_CD, SHRT_NAME, LNG_NAME, DIVISION, SUFX_CD, VARTN, VER_NBR, CREATETIME, CREATEID, UPDATETIME, UPDATEID, LUI_ID) values ('e82cebe2-563f-4b02-b122-50f2fa6d7648', 'af0eec11-8488-4580-8f3b-bfb902fd3e88', 'kuali.lui.identifier.type.official', 'kuali.lui.identifier.state.active', 'D', null, null, null, null, null, 0, TIMESTAMP '2012-08-22 16:25:53', 'admin', TIMESTAMP '2012-08-22 16:25:53', 'admin', '81ad8aef-444d-4422-94c4-9ffa65b8aa32')
/
insert into KSEN_LUI_IDENT (ID, OBJ_ID, LUI_ID_TYPE, LUI_ID_STATE, LUI_CD, SHRT_NAME, LNG_NAME, DIVISION, SUFX_CD, VARTN, VER_NBR, CREATETIME, CREATEID, UPDATETIME, UPDATEID, LUI_ID) values ('b4ff69cc-0764-464d-a8ed-b6962ee77bae', '3cd428b0-d790-403b-a8bd-0830fe40c7a8', 'kuali.lui.identifier.type.official', 'kuali.lui.identifier.state.active', 'E', null, null, null, null, null, 0, TIMESTAMP '2012-08-22 16:25:53', 'admin', TIMESTAMP '2012-08-22 16:25:53', 'admin', '83211fa2-8917-4ae7-83bb-1ce2f1ac96e3')
/
insert into KSEN_LUI_IDENT (ID, OBJ_ID, LUI_ID_TYPE, LUI_ID_STATE, LUI_CD, SHRT_NAME, LNG_NAME, DIVISION, SUFX_CD, VARTN, VER_NBR, CREATETIME, CREATEID, UPDATETIME, UPDATEID, LUI_ID) values ('e450a834-79de-41a4-a161-5927dbec5158', 'ee91218b-65cd-4103-8e93-73173fbac2a0', 'kuali.lui.identifier.type.official', 'kuali.lui.identifier.state.active', 'F', null, null, null, null, null, 0, TIMESTAMP '2012-08-22 16:26:04', 'admin', TIMESTAMP '2012-08-22 16:26:04', 'admin', 'c5c985ab-d9a3-4d6f-82f9-c1f735041c00')
/
insert into KSEN_LUI_IDENT (ID, OBJ_ID, LUI_ID_TYPE, LUI_ID_STATE, LUI_CD, SHRT_NAME, LNG_NAME, DIVISION, SUFX_CD, VARTN, VER_NBR, CREATETIME, CREATEID, UPDATETIME, UPDATEID, LUI_ID) values ('a1c834b6-757b-4e75-ace7-8a69ace1e727', 'a8a9e324-1ac9-4330-96ab-a8c2ce20f4ef', 'kuali.lui.identifier.type.official', 'kuali.lui.identifier.state.active', 'G', null, null, null, null, null, 0, TIMESTAMP '2012-08-22 16:26:04', 'admin', TIMESTAMP '2012-08-22 16:26:04', 'admin', '61c657e9-ae70-49a1-840b-48b7e435abfb')
/
insert into KSEN_LUI_IDENT (ID, OBJ_ID, LUI_ID_TYPE, LUI_ID_STATE, LUI_CD, SHRT_NAME, LNG_NAME, DIVISION, SUFX_CD, VARTN, VER_NBR, CREATETIME, CREATEID, UPDATETIME, UPDATEID, LUI_ID) values ('d30dc3d9-d451-4142-b18f-559e8ce52ee2', '32eb677a-2071-4f77-baee-8a7fdf2b9e71', 'kuali.lui.identifier.type.official', 'kuali.lui.identifier.state.active', 'H', null, null, null, null, null, 0, TIMESTAMP '2012-08-22 16:26:04', 'admin', TIMESTAMP '2012-08-22 16:26:04', 'admin', 'ca0db4f3-bfa5-4a67-b358-7eb0da7a0fad')
/
insert into KSEN_LUI_LU_CD (ID, OBJ_ID, LUI_LUCD_TYPE, DESCR_PLAIN, DESCR_FORMATTED, VALUE, VER_NBR, CREATEID, CREATETIME, UPDATEID, UPDATETIME, LUI_ID) values ('7c7de098-692b-49bb-93fa-e906157ce196', '108c47fa-8b00-47be-bea8-8aeb8007970f', 'kuali.lu.code.honorsOffering', null, null, null, 0, '1', TIMESTAMP '2012-08-22 16:24:42', '1', TIMESTAMP '2012-08-22 16:24:42', '971abf90-d76a-490f-aa30-1d7bfd5b1958')
/
insert into KSEN_LUI_LU_CD (ID, OBJ_ID, LUI_LUCD_TYPE, DESCR_PLAIN, DESCR_FORMATTED, VALUE, VER_NBR, CREATEID, CREATETIME, UPDATEID, UPDATETIME, LUI_ID) values ('3aa6f17a-a63f-4f3b-914b-28f17e5042a5', '6db0f7e0-705b-45d4-8875-6f8655f2c223', 'kuali.lu.code.honorsOffering', null, null, 'null', 0, 'admin', TIMESTAMP '2012-08-22 16:25:40', 'admin', TIMESTAMP '2012-08-22 16:25:40', '73419915-dae1-46fc-8f29-9797a3360946')
/
insert into KSEN_LUI_LU_CD (ID, OBJ_ID, LUI_LUCD_TYPE, DESCR_PLAIN, DESCR_FORMATTED, VALUE, VER_NBR, CREATEID, CREATETIME, UPDATEID, UPDATETIME, LUI_ID) values ('e2fc532d-c2a5-4d7f-a1ce-e9a9f5f4e5d8', '5bb62b9b-d8a9-4025-b1ee-2cbcab714993', 'kuali.lu.code.honorsOffering', null, null, 'null', 0, 'admin', TIMESTAMP '2012-08-22 16:25:40', 'admin', TIMESTAMP '2012-08-22 16:25:40', '7964fc14-5d84-4985-9cae-c928395b41ae')
/
insert into KSEN_LUI_LU_CD (ID, OBJ_ID, LUI_LUCD_TYPE, DESCR_PLAIN, DESCR_FORMATTED, VALUE, VER_NBR, CREATEID, CREATETIME, UPDATEID, UPDATETIME, LUI_ID) values ('f5a6d555-5e30-4401-a13e-eb484031d17f', '62e9ffa6-25df-4fe5-a227-8f63dda8dc2f', 'kuali.lu.code.honorsOffering', null, null, 'null', 0, 'admin', TIMESTAMP '2012-08-22 16:25:41', 'admin', TIMESTAMP '2012-08-22 16:25:41', '0d5a5f6a-9e9a-45aa-9677-a621ed5dd7ed')
/
insert into KSEN_LUI_LU_CD (ID, OBJ_ID, LUI_LUCD_TYPE, DESCR_PLAIN, DESCR_FORMATTED, VALUE, VER_NBR, CREATEID, CREATETIME, UPDATEID, UPDATETIME, LUI_ID) values ('9a6bbe90-be10-402b-9794-0b66faecfc9a', 'c9220785-b502-4cac-9c42-131577e31d16', 'kuali.lu.code.honorsOffering', null, null, 'null', 0, 'admin', TIMESTAMP '2012-08-22 16:25:53', 'admin', TIMESTAMP '2012-08-22 16:25:53', '81ad8aef-444d-4422-94c4-9ffa65b8aa32')
/
insert into KSEN_LUI_LU_CD (ID, OBJ_ID, LUI_LUCD_TYPE, DESCR_PLAIN, DESCR_FORMATTED, VALUE, VER_NBR, CREATEID, CREATETIME, UPDATEID, UPDATETIME, LUI_ID) values ('eddecfb4-e5e2-4e8e-a49d-f925cdd5fce0', 'f9db3654-dbc0-43d0-83c0-5c25b57f6761', 'kuali.lu.code.honorsOffering', null, null, 'null', 0, 'admin', TIMESTAMP '2012-08-22 16:25:53', 'admin', TIMESTAMP '2012-08-22 16:25:53', '83211fa2-8917-4ae7-83bb-1ce2f1ac96e3')
/
insert into KSEN_LUI_LU_CD (ID, OBJ_ID, LUI_LUCD_TYPE, DESCR_PLAIN, DESCR_FORMATTED, VALUE, VER_NBR, CREATEID, CREATETIME, UPDATEID, UPDATETIME, LUI_ID) values ('0fbdb07f-5ff6-4436-8d96-f74d82f43f03', '8c509ef8-36b3-436b-99b3-fd5219d3b6b2', 'kuali.lu.code.honorsOffering', null, null, 'null', 0, 'admin', TIMESTAMP '2012-08-22 16:26:04', 'admin', TIMESTAMP '2012-08-22 16:26:04', 'c5c985ab-d9a3-4d6f-82f9-c1f735041c00')
/
insert into KSEN_LUI_LU_CD (ID, OBJ_ID, LUI_LUCD_TYPE, DESCR_PLAIN, DESCR_FORMATTED, VALUE, VER_NBR, CREATEID, CREATETIME, UPDATEID, UPDATETIME, LUI_ID) values ('aeb05ced-cf03-4228-a36e-faa02cd8aa14', '946d5654-cb46-4b8c-bcd8-49ced00beda2', 'kuali.lu.code.honorsOffering', null, null, 'null', 0, 'admin', TIMESTAMP '2012-08-22 16:26:04', 'admin', TIMESTAMP '2012-08-22 16:26:04', '61c657e9-ae70-49a1-840b-48b7e435abfb')
/
insert into KSEN_LUI_LU_CD (ID, OBJ_ID, LUI_LUCD_TYPE, DESCR_PLAIN, DESCR_FORMATTED, VALUE, VER_NBR, CREATEID, CREATETIME, UPDATEID, UPDATETIME, LUI_ID) values ('ac7ea302-9904-466d-afd3-c792b85a091a', 'f72a9e6a-14fa-46be-81a7-a95d18486d13', 'kuali.lu.code.honorsOffering', null, null, 'null', 0, 'admin', TIMESTAMP '2012-08-22 16:26:04', 'admin', TIMESTAMP '2012-08-22 16:26:04', 'ca0db4f3-bfa5-4a67-b358-7eb0da7a0fad')
/
insert into KSEN_LUI_RESULT_VAL_GRP (LUI_ID, RESULT_VAL_GRP_ID) values ('971abf90-d76a-490f-aa30-1d7bfd5b1958', 'kuali.creditType.credit.degree.5.0')
/
insert into KSEN_LUI_RESULT_VAL_GRP (LUI_ID, RESULT_VAL_GRP_ID) values ('971abf90-d76a-490f-aa30-1d7bfd5b1958', 'kuali.resultComponent.grade.letter')
/
insert into KSEN_LUILUI_RELTN (ID, OBJ_ID, LUILUI_RELTN_TYPE, LUILUI_RELTN_STATE, NAME, DESCR_PLAIN, DESCR_FORMATTED, LUI_ID, RELATED_LUI_ID, EFF_DT, EXPIR_DT, VER_NBR, CREATETIME, CREATEID, UPDATETIME, UPDATEID) values ('cc13500e-9824-4a02-9a8c-243a6a48e48b', '07d756e4-8c17-42cc-9ac9-71e0d72d7a3e', 'kuali.lui.lui.relation.type.deliveredvia.co2fo', 'kuali.lui.lui.relation.state.active', 'co-fo-relation', 'COM 440-CO-FO', 'COM 440-CO-FO', '971abf90-d76a-490f-aa30-1d7bfd5b1958', '986a06ce-c053-45e3-88ae-0972a541669a', TIMESTAMP '2012-08-22 16:24:42', null, 0, TIMESTAMP '2012-08-22 16:24:42', '1', TIMESTAMP '2012-08-22 16:24:42', '1')
/
insert into KSEN_LUILUI_RELTN (ID, OBJ_ID, LUILUI_RELTN_TYPE, LUILUI_RELTN_STATE, NAME, DESCR_PLAIN, DESCR_FORMATTED, LUI_ID, RELATED_LUI_ID, EFF_DT, EXPIR_DT, VER_NBR, CREATETIME, CREATEID, UPDATETIME, UPDATEID) values ('07b2cddc-1896-4327-9eab-77e211336d60', '4f98f969-199f-425f-92aa-b69555434fcf', 'kuali.lui.lui.relation.type.deliveredvia.co2fo', 'kuali.lui.lui.relation.state.active', 'co-fo-relation', 'COM 440-CO-FO', 'COM 440-CO-FO', '971abf90-d76a-490f-aa30-1d7bfd5b1958', '1097b1bc-9da6-43d3-bc8a-99cf2aa03953', TIMESTAMP '2012-08-22 16:24:42', null, 0, TIMESTAMP '2012-08-22 16:24:42', '1', TIMESTAMP '2012-08-22 16:24:42', '1')
/
insert into KSEN_LUILUI_RELTN (ID, OBJ_ID, LUILUI_RELTN_TYPE, LUILUI_RELTN_STATE, NAME, DESCR_PLAIN, DESCR_FORMATTED, LUI_ID, RELATED_LUI_ID, EFF_DT, EXPIR_DT, VER_NBR, CREATETIME, CREATEID, UPDATETIME, UPDATEID) values ('08c1afa6-f613-4d4c-8542-44618f49d19e', '95738f68-5b96-496d-8575-5c8352cbb050', 'kuali.lui.lui.relation.type.deliveredvia.fo2ao', 'kuali.lui.lui.relation.state.active', 'fo-ao-relation', 'NOCODE-FO-AO', 'NOCODE-FO-AO', '986a06ce-c053-45e3-88ae-0972a541669a', '73419915-dae1-46fc-8f29-9797a3360946', TIMESTAMP '2012-08-22 16:25:40', null, 0, TIMESTAMP '2012-08-22 16:25:40', 'admin', TIMESTAMP '2012-08-22 16:25:40', 'admin')
/
insert into KSEN_LUILUI_RELTN (ID, OBJ_ID, LUILUI_RELTN_TYPE, LUILUI_RELTN_STATE, NAME, DESCR_PLAIN, DESCR_FORMATTED, LUI_ID, RELATED_LUI_ID, EFF_DT, EXPIR_DT, VER_NBR, CREATETIME, CREATEID, UPDATETIME, UPDATEID) values ('42923624-ce5d-4f4b-98ee-58070c0c6e39', 'e644091a-e1cb-4393-9f2f-5bc73b80abde', 'kuali.lui.lui.relation.type.deliveredvia.fo2ao', 'kuali.lui.lui.relation.state.active', 'fo-ao-relation', 'NOCODE-FO-AO', 'NOCODE-FO-AO', '986a06ce-c053-45e3-88ae-0972a541669a', '7964fc14-5d84-4985-9cae-c928395b41ae', TIMESTAMP '2012-08-22 16:25:41', null, 0, TIMESTAMP '2012-08-22 16:25:40', 'admin', TIMESTAMP '2012-08-22 16:25:40', 'admin')
/
insert into KSEN_LUILUI_RELTN (ID, OBJ_ID, LUILUI_RELTN_TYPE, LUILUI_RELTN_STATE, NAME, DESCR_PLAIN, DESCR_FORMATTED, LUI_ID, RELATED_LUI_ID, EFF_DT, EXPIR_DT, VER_NBR, CREATETIME, CREATEID, UPDATETIME, UPDATEID) values ('a9572d3e-c521-402c-bf8b-85af844b0696', '42cbd55f-3078-4ad0-b168-9f40b345c516', 'kuali.lui.lui.relation.type.deliveredvia.fo2ao', 'kuali.lui.lui.relation.state.active', 'fo-ao-relation', 'NOCODE-FO-AO', 'NOCODE-FO-AO', '986a06ce-c053-45e3-88ae-0972a541669a', '0d5a5f6a-9e9a-45aa-9677-a621ed5dd7ed', TIMESTAMP '2012-08-22 16:25:41', null, 0, TIMESTAMP '2012-08-22 16:25:41', 'admin', TIMESTAMP '2012-08-22 16:25:41', 'admin')
/
insert into KSEN_LUILUI_RELTN (ID, OBJ_ID, LUILUI_RELTN_TYPE, LUILUI_RELTN_STATE, NAME, DESCR_PLAIN, DESCR_FORMATTED, LUI_ID, RELATED_LUI_ID, EFF_DT, EXPIR_DT, VER_NBR, CREATETIME, CREATEID, UPDATETIME, UPDATEID) values ('dd342d3e-e9cf-4bba-b8b9-68c4cb3b33a3', 'a028d52a-27ea-448a-9f21-0363c4f4c910', 'kuali.lui.lui.relation.type.deliveredvia.fo2ao', 'kuali.lui.lui.relation.state.active', 'fo-ao-relation', 'NOCODE-FO-AO', 'NOCODE-FO-AO', '986a06ce-c053-45e3-88ae-0972a541669a', '81ad8aef-444d-4422-94c4-9ffa65b8aa32', TIMESTAMP '2012-08-22 16:25:53', null, 0, TIMESTAMP '2012-08-22 16:25:53', 'admin', TIMESTAMP '2012-08-22 16:25:53', 'admin')
/
insert into KSEN_LUILUI_RELTN (ID, OBJ_ID, LUILUI_RELTN_TYPE, LUILUI_RELTN_STATE, NAME, DESCR_PLAIN, DESCR_FORMATTED, LUI_ID, RELATED_LUI_ID, EFF_DT, EXPIR_DT, VER_NBR, CREATETIME, CREATEID, UPDATETIME, UPDATEID) values ('790f1692-0dc0-4b27-89dc-68b0b735d6a2', '6aafd7c8-2bc9-4180-8432-8affbb953da1', 'kuali.lui.lui.relation.type.deliveredvia.fo2ao', 'kuali.lui.lui.relation.state.active', 'fo-ao-relation', 'NOCODE-FO-AO', 'NOCODE-FO-AO', '986a06ce-c053-45e3-88ae-0972a541669a', '83211fa2-8917-4ae7-83bb-1ce2f1ac96e3', TIMESTAMP '2012-08-22 16:25:53', null, 0, TIMESTAMP '2012-08-22 16:25:53', 'admin', TIMESTAMP '2012-08-22 16:25:53', 'admin')
/
insert into KSEN_LUILUI_RELTN (ID, OBJ_ID, LUILUI_RELTN_TYPE, LUILUI_RELTN_STATE, NAME, DESCR_PLAIN, DESCR_FORMATTED, LUI_ID, RELATED_LUI_ID, EFF_DT, EXPIR_DT, VER_NBR, CREATETIME, CREATEID, UPDATETIME, UPDATEID) values ('5c869ea3-9e8f-48f5-9d2d-bfdebd572f5a', '6727df98-22e0-485b-ab66-80d598539ef0', 'kuali.lui.lui.relation.type.deliveredvia.fo2ao', 'kuali.lui.lui.relation.state.active', 'fo-ao-relation', 'NOCODE-FO-AO', 'NOCODE-FO-AO', '1097b1bc-9da6-43d3-bc8a-99cf2aa03953', 'c5c985ab-d9a3-4d6f-82f9-c1f735041c00', TIMESTAMP '2012-08-22 16:26:04', null, 0, TIMESTAMP '2012-08-22 16:26:04', 'admin', TIMESTAMP '2012-08-22 16:26:04', 'admin')
/
insert into KSEN_LUILUI_RELTN (ID, OBJ_ID, LUILUI_RELTN_TYPE, LUILUI_RELTN_STATE, NAME, DESCR_PLAIN, DESCR_FORMATTED, LUI_ID, RELATED_LUI_ID, EFF_DT, EXPIR_DT, VER_NBR, CREATETIME, CREATEID, UPDATETIME, UPDATEID) values ('2d3cd5bd-42ce-4a9b-beab-619e94be3c93', '7629efec-432a-44a0-a398-757ebc7e40d7', 'kuali.lui.lui.relation.type.deliveredvia.fo2ao', 'kuali.lui.lui.relation.state.active', 'fo-ao-relation', 'NOCODE-FO-AO', 'NOCODE-FO-AO', '1097b1bc-9da6-43d3-bc8a-99cf2aa03953', '61c657e9-ae70-49a1-840b-48b7e435abfb', TIMESTAMP '2012-08-22 16:26:04', null, 0, TIMESTAMP '2012-08-22 16:26:04', 'admin', TIMESTAMP '2012-08-22 16:26:04', 'admin')
/
insert into KSEN_LUILUI_RELTN (ID, OBJ_ID, LUILUI_RELTN_TYPE, LUILUI_RELTN_STATE, NAME, DESCR_PLAIN, DESCR_FORMATTED, LUI_ID, RELATED_LUI_ID, EFF_DT, EXPIR_DT, VER_NBR, CREATETIME, CREATEID, UPDATETIME, UPDATEID) values ('9b0075fe-b838-4ea7-a647-38551145eab1', '155fb968-dded-4095-b877-9b4376044ae9', 'kuali.lui.lui.relation.type.deliveredvia.fo2ao', 'kuali.lui.lui.relation.state.active', 'fo-ao-relation', 'NOCODE-FO-AO', 'NOCODE-FO-AO', '1097b1bc-9da6-43d3-bc8a-99cf2aa03953', 'ca0db4f3-bfa5-4a67-b358-7eb0da7a0fad', TIMESTAMP '2012-08-22 16:26:04', null, 0, TIMESTAMP '2012-08-22 16:26:04', 'admin', TIMESTAMP '2012-08-22 16:26:04', 'admin')
/
insert into KSEN_LUI_UNITS_CONT_OWNER (LUI_ID, ORG_ID) values ('971abf90-d76a-490f-aa30-1d7bfd5b1958', '1000COM')
/
insert into KSEN_LUI_UNITS_DEPLOYMENT (ID, LUI_ID, ORG_ID) values ('2ad603a5-ea95-4984-876a-760695713368', '971abf90-d76a-490f-aa30-1d7bfd5b1958', '10001035')
/

