insert into KSLU_RSLT_OPT (ID, CREATEID, CREATETIME, UPDATEID, UPDATETIME, VER_NBR, EFF_DT, EXPIR_DT, RES_COMP_ID, ST, RT_DESCR_ID, RES_USAGE_ID, OBJ_ID) values ('6efbbf96-063c-4587-a44b-575dc74f9060', 'SYSTEM', TIMESTAMP '2012-05-10 02:43:55', 'SYSTEM', TIMESTAMP '2012-05-10 02:43:55', 11, null, null, 'kuali.resultComponent.grade.percentage', 'Active', null, null, '31b3b66f-b1bb-4fce-9baa-11b5aa6c40c0')
/
insert into KSLU_RSLT_OPT (ID, CREATEID, CREATETIME, UPDATEID, UPDATETIME, VER_NBR, EFF_DT, EXPIR_DT, RES_COMP_ID, ST, RT_DESCR_ID, RES_USAGE_ID, OBJ_ID) values ('31d6b027-1f27-453e-a696-ce4ecb233da7', 'SYSTEM', TIMESTAMP '2012-05-10 02:43:55', 'SYSTEM', TIMESTAMP '2012-05-10 02:43:55', 11, null, null, 'kuali.resultComponent.grade.percentage', 'Active', null, null, '0cd55ee9-1b2c-4f76-ad68-1d43ba15d58b')
/
insert into KSLU_RSLT_OPT (ID, CREATEID, CREATETIME, UPDATEID, UPDATETIME, VER_NBR, EFF_DT, EXPIR_DT, RES_COMP_ID, ST, RT_DESCR_ID, RES_USAGE_ID, OBJ_ID) values ('b2ffaa77-2701-4180-a36e-56f8837e837f', 'SYSTEM', TIMESTAMP '2012-05-10 02:43:55', 'SYSTEM', TIMESTAMP '2012-05-10 02:43:55', 11, null, null, 'kuali.resultComponent.grade.percentage', 'Active', null, null, '193c48a5-7d23-4158-be66-0b4d54583f2c')
/
insert into KSLU_RSLT_OPT (ID, CREATEID, CREATETIME, UPDATEID, UPDATETIME, VER_NBR, EFF_DT, EXPIR_DT, RES_COMP_ID, ST, RT_DESCR_ID, RES_USAGE_ID, OBJ_ID) values ('222ba373-5d01-4bdd-a93e-2c0364abac25', 'SYSTEM', TIMESTAMP '2012-05-10 02:43:55', 'SYSTEM', TIMESTAMP '2012-05-10 02:43:55', 11, null, null, 'kuali.resultComponent.grade.percentage', 'Active', null, null, '51e054fa-67a8-490f-baed-8c8160be566b')
/
insert into KSLU_RSLT_OPT (ID, CREATEID, CREATETIME, UPDATEID, UPDATETIME, VER_NBR, EFF_DT, EXPIR_DT, RES_COMP_ID, ST, RT_DESCR_ID, RES_USAGE_ID, OBJ_ID) values ('d808c15c-7e23-4488-963e-ec4549c932c1', 'SYSTEM', TIMESTAMP '2012-05-10 02:43:55', 'SYSTEM', TIMESTAMP '2012-05-10 02:43:55', 11, null, null, 'kuali.resultComponent.grade.percentage', 'Active', null, null, '35dbd2a2-c299-4d16-b0dc-df3a6f1a5c65')
/
insert into KSLU_RSLT_OPT (ID, CREATEID, CREATETIME, UPDATEID, UPDATETIME, VER_NBR, EFF_DT, EXPIR_DT, RES_COMP_ID, ST, RT_DESCR_ID, RES_USAGE_ID, OBJ_ID) values ('48a58919-1589-4dcf-b3c3-b7c143ba2249', 'SYSTEM', TIMESTAMP '2012-05-10 02:43:55', 'SYSTEM', TIMESTAMP '2012-05-10 02:43:55', 11, null, null, 'kuali.resultComponent.grade.percentage', 'Active', null, null, '8330f6a2-65bc-47b4-a4ff-cc02669e0ebd')
/
insert into KSLU_RSLT_OPT (ID, CREATEID, CREATETIME, UPDATEID, UPDATETIME, VER_NBR, EFF_DT, EXPIR_DT, RES_COMP_ID, ST, RT_DESCR_ID, RES_USAGE_ID, OBJ_ID) values ('82200352-c654-40fd-9cd3-28b754e6eaa4', 'SYSTEM', TIMESTAMP '2011-08-10 02:43:00', 'SYSTEM', TIMESTAMP '2012-05-10 02:43:55', 11, null, null, 'kuali.resultComponent.grade.percentage', 'Active', null, null, 'c06216ab-8bf6-4c15-b269-0ff9a8513b84')
/
insert into KSLU_RSLT_OPT (ID, CREATEID, CREATETIME, UPDATEID, UPDATETIME, VER_NBR, EFF_DT, EXPIR_DT, RES_COMP_ID, ST, RT_DESCR_ID, RES_USAGE_ID, OBJ_ID) values ('ffc2b576-734a-4108-9f0f-dead2f23b032', 'SYSTEM', TIMESTAMP '2012-05-10 02:43:55', 'SYSTEM', TIMESTAMP '2012-05-10 02:43:55', 11, null, null, 'kuali.resultComponent.grade.percentage', 'Active', null, null, '294c883d-f88d-4c48-87a8-14e124d9c8ea')
/
insert into KSLU_RSLT_OPT (ID, CREATEID, CREATETIME, UPDATEID, UPDATETIME, VER_NBR, EFF_DT, EXPIR_DT, RES_COMP_ID, ST, RT_DESCR_ID, RES_USAGE_ID, OBJ_ID) values ('d2730adb-5fbc-4289-b5fb-9f4e6a861308', 'SYSTEM', TIMESTAMP '2012-05-10 02:43:55', 'SYSTEM', TIMESTAMP '2012-05-10 02:43:55', 11, null, null, 'kuali.resultComponent.grade.percentage', 'Active', null, null, '0d138dac-df99-4ac5-87cc-5a1c7fdaeeab')
/
insert into KSLU_RSLT_OPT (ID, CREATEID, CREATETIME, UPDATEID, UPDATETIME, VER_NBR, EFF_DT, EXPIR_DT, RES_COMP_ID, ST, RT_DESCR_ID, RES_USAGE_ID, OBJ_ID) values ('ac83a16f-4b05-48ae-a6fc-d38cf98a51bc', 'SYSTEM', TIMESTAMP '2012-05-10 02:43:55', 'SYSTEM', TIMESTAMP '2012-05-10 02:43:55', 11, null, null, 'kuali.resultComponent.grade.percentage', 'Active', null, null, 'df0c2fe7-21e3-46a0-9471-df2c69d88313')
/
insert into KSLU_RSLT_OPT (ID, CREATEID, CREATETIME, UPDATEID, UPDATETIME, VER_NBR, EFF_DT, EXPIR_DT, RES_COMP_ID, ST, RT_DESCR_ID, RES_USAGE_ID, OBJ_ID) values ('17be4aca-210f-415b-95e4-5f942bf24555', 'SYSTEM', TIMESTAMP '2012-05-10 02:43:55', 'SYSTEM', TIMESTAMP '2012-05-10 02:43:55', 11, null, null, 'kuali.resultComponent.grade.percentage', 'Active', null, null, '3cba66ff-18cd-45a6-b788-506639b5f2c9')
/
insert into KSLU_RSLT_OPT (ID, CREATEID, CREATETIME, UPDATEID, UPDATETIME, VER_NBR, EFF_DT, EXPIR_DT, RES_COMP_ID, ST, RT_DESCR_ID, RES_USAGE_ID, OBJ_ID) values ('0e26abae-25f7-46fa-8f23-b05a261f7443', 'SYSTEM', TIMESTAMP '2012-05-10 02:43:55', 'SYSTEM', TIMESTAMP '2012-05-10 02:43:55', 11, null, null, 'kuali.resultComponent.grade.percentage', 'Active', null, null, 'c0bed65e-3881-4d55-a289-b1165230ad71')
/
insert into KSLU_RSLT_OPT (ID, CREATEID, CREATETIME, UPDATEID, UPDATETIME, VER_NBR, EFF_DT, EXPIR_DT, RES_COMP_ID, ST, RT_DESCR_ID, RES_USAGE_ID, OBJ_ID) values ('332bd654-bd9b-4e0c-b98d-695e590f3d39', 'SYSTEM', TIMESTAMP '2012-05-10 02:43:55', 'SYSTEM', TIMESTAMP '2012-05-10 02:43:55', 11, null, null, 'kuali.resultComponent.grade.percentage', 'Active', null, null, '7e046b05-5916-41a8-8581-70f1cab88483')
/
insert into KSLU_RSLT_OPT (ID, CREATEID, CREATETIME, UPDATEID, UPDATETIME, VER_NBR, EFF_DT, EXPIR_DT, RES_COMP_ID, ST, RT_DESCR_ID, RES_USAGE_ID, OBJ_ID) values ('fe26e7ea-2e20-4a0e-8331-5d762c811e92', 'SYSTEM', TIMESTAMP '2012-05-10 02:43:55', 'SYSTEM', TIMESTAMP '2012-05-10 02:43:55', 11, null, null, 'kuali.resultComponent.grade.percentage', 'Active', null, null, 'b008945a-bd9e-495b-9cb3-2dc2f6f401c7')
/
insert into KSLU_RSLT_OPT (ID, CREATEID, CREATETIME, UPDATEID, UPDATETIME, VER_NBR, EFF_DT, EXPIR_DT, RES_COMP_ID, ST, RT_DESCR_ID, RES_USAGE_ID, OBJ_ID) values ('075d9c53-e9a2-4d79-8c0b-45831fbf5491', 'SYSTEM', TIMESTAMP '2012-05-10 02:43:55', 'SYSTEM', TIMESTAMP '2012-05-10 02:43:55', 11, null, null, 'kuali.resultComponent.grade.percentage', 'Active', null, null, '4d21bb82-137c-4549-8d2d-c87f5d904583')
/


--Add missing grading options to the clu
insert into KSLU_CLURES_JN_RESOPT (CLU_RES_ID, RES_OPT_ID) values ('15c96d9c-0495-4ef1-a63a-655d677fe192', '6efbbf96-063c-4587-a44b-575dc74f9060')
/
insert into KSLU_CLURES_JN_RESOPT (CLU_RES_ID, RES_OPT_ID) values ('989a5581-cc01-4854-8512-5ef9145d3559', '31d6b027-1f27-453e-a696-ce4ecb233da7')
/
insert into KSLU_CLURES_JN_RESOPT (CLU_RES_ID, RES_OPT_ID) values ('bfa723ee-509e-495b-a9c5-bcf497e255cc', 'b2ffaa77-2701-4180-a36e-56f8837e837f')
/
insert into KSLU_CLURES_JN_RESOPT (CLU_RES_ID, RES_OPT_ID) values ('e711be9f-1757-4dfa-ae8e-83f9a48905aa', '222ba373-5d01-4bdd-a93e-2c0364abac25')
/
insert into KSLU_CLURES_JN_RESOPT (CLU_RES_ID, RES_OPT_ID) values ('092a6a9c-c398-405b-a346-5337c4fafddd', 'd808c15c-7e23-4488-963e-ec4549c932c1')
/
insert into KSLU_CLURES_JN_RESOPT (CLU_RES_ID, RES_OPT_ID) values ('907f7a37-ec05-4bcd-98bd-a54fc755af48', '48a58919-1589-4dcf-b3c3-b7c143ba2249')
/
insert into KSLU_CLURES_JN_RESOPT (CLU_RES_ID, RES_OPT_ID) values ('ddee2149-997c-4c8a-9003-eb657cbffea1', '82200352-c654-40fd-9cd3-28b754e6eaa4')
/
insert into KSLU_CLURES_JN_RESOPT (CLU_RES_ID, RES_OPT_ID) values ('6502f218-3a97-4ba1-b428-0925686ffc3a', 'ffc2b576-734a-4108-9f0f-dead2f23b032')
/
insert into KSLU_CLURES_JN_RESOPT (CLU_RES_ID, RES_OPT_ID) values ('7725c2d7-de63-4753-945c-1c22dbd2d7df', 'd2730adb-5fbc-4289-b5fb-9f4e6a861308')
/
insert into KSLU_CLURES_JN_RESOPT (CLU_RES_ID, RES_OPT_ID) values ('5700b980-7cf1-4a9a-a8fc-944cf7e7ca77', 'ac83a16f-4b05-48ae-a6fc-d38cf98a51bc')
/
insert into KSLU_CLURES_JN_RESOPT (CLU_RES_ID, RES_OPT_ID) values ('a8599fa3-685f-48ee-b423-f7eb48830a82', '17be4aca-210f-415b-95e4-5f942bf24555')
/
insert into KSLU_CLURES_JN_RESOPT (CLU_RES_ID, RES_OPT_ID) values ('28e8e6eb-78cb-449a-a8f6-05e71eba619f', '0e26abae-25f7-46fa-8f23-b05a261f7443')
/
insert into KSLU_CLURES_JN_RESOPT (CLU_RES_ID, RES_OPT_ID) values ('b3718561-7400-4391-9d50-81219c6a1edb', '332bd654-bd9b-4e0c-b98d-695e590f3d39')
/
insert into KSLU_CLURES_JN_RESOPT (CLU_RES_ID, RES_OPT_ID) values ('ef70ae54-9aea-4ce1-be52-79b832e43566', 'fe26e7ea-2e20-4a0e-8331-5d762c811e92')
/
insert into KSLU_CLURES_JN_RESOPT (CLU_RES_ID, RES_OPT_ID) values ('aab2d93a-1da3-4178-a4c2-bceadf59f163', '075d9c53-e9a2-4d79-8c0b-45831fbf5491')
/


--Add missing grading options to the LUI

insert into KSEN_LUI_RESULT_VAL_GRP (LUI_ID, RESULT_VAL_GRP_ID) values ('01163f3e-d0f7-40ec-a373-a364545bb00a', 'kuali.resultComponent.grade.percentage')
/
insert into KSEN_LUI_RESULT_VAL_GRP (LUI_ID, RESULT_VAL_GRP_ID) values ('847910dc-f64c-4d6e-a7a2-db5d8588fff7', 'kuali.resultComponent.grade.percentage')
/
insert into KSEN_LUI_RESULT_VAL_GRP (LUI_ID, RESULT_VAL_GRP_ID) values ('64ded3d7-6283-43b1-a459-47ea08418862', 'kuali.resultComponent.grade.percentage')
/
insert into KSEN_LUI_RESULT_VAL_GRP (LUI_ID, RESULT_VAL_GRP_ID) values ('1a402ea2-cf09-45bc-bf93-82b715bdf7d6', 'kuali.resultComponent.grade.percentage')
/
insert into KSEN_LUI_RESULT_VAL_GRP (LUI_ID, RESULT_VAL_GRP_ID) values ('85aa5fdb-22e4-4dc7-b8f7-8a97be724ad8', 'kuali.resultComponent.grade.percentage')
/
insert into KSEN_LUI_RESULT_VAL_GRP (LUI_ID, RESULT_VAL_GRP_ID) values ('400182ef-3b55-495e-bfeb-95d654118f8c', 'kuali.resultComponent.grade.percentage')
/
insert into KSEN_LUI_RESULT_VAL_GRP (LUI_ID, RESULT_VAL_GRP_ID) values ('175a8b45-296b-415e-85d5-1acfec04dedd', 'kuali.resultComponent.grade.percentage')
/
insert into KSEN_LUI_RESULT_VAL_GRP (LUI_ID, RESULT_VAL_GRP_ID) values ('faa696f3-784c-4006-bbf9-a42318b2c596', 'kuali.resultComponent.grade.percentage')
/
insert into KSEN_LUI_RESULT_VAL_GRP (LUI_ID, RESULT_VAL_GRP_ID) values ('ab5ac2be-6200-469a-80c1-579a1e7cf6b6', 'kuali.resultComponent.grade.percentage')
/
insert into KSEN_LUI_RESULT_VAL_GRP (LUI_ID, RESULT_VAL_GRP_ID) values ('9c0a1a13-0cb0-4f06-8c39-fb99365274ea', 'kuali.resultComponent.grade.percentage')
/
insert into KSEN_LUI_RESULT_VAL_GRP (LUI_ID, RESULT_VAL_GRP_ID) values ('6d6f727c-0268-40e1-9482-43cce4366c21', 'kuali.resultComponent.grade.percentage')
/
insert into KSEN_LUI_RESULT_VAL_GRP (LUI_ID, RESULT_VAL_GRP_ID) values ('45ff95bf-a1c5-4b35-87ce-db5a7eba5c9e', 'kuali.resultComponent.grade.percentage')
/
insert into KSEN_LUI_RESULT_VAL_GRP (LUI_ID, RESULT_VAL_GRP_ID) values ('a6aea564-04f5-4924-bb4a-300e8d27f7f1', 'kuali.resultComponent.grade.percentage')
/
insert into KSEN_LUI_RESULT_VAL_GRP (LUI_ID, RESULT_VAL_GRP_ID) values ('1980fe22-91c4-41a7-ab01-6ba936a83ca4', 'kuali.resultComponent.grade.percentage')
/
insert into KSEN_LUI_RESULT_VAL_GRP (LUI_ID, RESULT_VAL_GRP_ID) values ('f23296d6-27b3-4e1b-8de9-efb23a20dfe9', 'kuali.resultComponent.grade.percentage')
/
insert into KSEN_LUI_RESULT_VAL_GRP (LUI_ID, RESULT_VAL_GRP_ID) values ('93755708-c2c1-42ae-a9ba-25dd5d849673', 'kuali.resultComponent.grade.satisfactory')
/
