insert into KSEN_CO_AO_CLUSTER (ID, OBJ_ID, AO_CLUSTER_TYPE, AO_CLUSTER_STATE, NAME, DESCR_PLAIN, DESCR_FORMATTED, FORMAT_OFFERING_ID, PRIVATE_NAME, VER_NBR, CREATETIME, CREATEID, UPDATETIME, UPDATEID) values ('72168796-e1b2-4544-b327-2cb4f7552c62', 'b42afdbc-18e6-457e-a370-57b7bc9ee76f', 'kuali.activity.offering.cluster.type.activity.offering.cluster', 'kuali.activity.offering.cluster.state.active', 'CL BSCI181', null, null, '94b05459-56eb-4134-a9fb-aeac1fe1e5f8', 'CL BSCI181', 0, TIMESTAMP '2013-03-14 08:18:02', 'admin', TIMESTAMP '2013-03-14 08:18:02', 'admin')
/
insert into KSEN_CO_AO_CLUSTER (ID, OBJ_ID, AO_CLUSTER_TYPE, AO_CLUSTER_STATE, NAME, DESCR_PLAIN, DESCR_FORMATTED, FORMAT_OFFERING_ID, PRIVATE_NAME, VER_NBR, CREATETIME, CREATEID, UPDATETIME, UPDATEID) values ('270bfd33-6c50-4505-acaf-d3a8e81c0164', 'bceadda5-cb27-42ab-bec6-3efd26924701', 'kuali.activity.offering.cluster.type.activity.offering.cluster', 'kuali.activity.offering.cluster.state.active', 'CL BSCI340', null, null, 'd34179e8-a854-4ce8-be25-31ff1cecda93', 'CL BSCI340', 0, TIMESTAMP '2013-03-14 08:18:02', 'admin', TIMESTAMP '2013-03-14 08:18:02', 'admin')
/
insert into KSEN_CO_AO_CLUSTER (ID, OBJ_ID, AO_CLUSTER_TYPE, AO_CLUSTER_STATE, NAME, DESCR_PLAIN, DESCR_FORMATTED, FORMAT_OFFERING_ID, PRIVATE_NAME, VER_NBR, CREATETIME, CREATEID, UPDATETIME, UPDATEID) values ('68b5abfd-1fe2-4864-848f-7917f0bf21ac', '51679697-6f9e-43f2-8233-cbb01920a1b1', 'kuali.activity.offering.cluster.type.activity.offering.cluster', 'kuali.activity.offering.cluster.state.active', 'CL BSCI640', null, null, 'f3eb9fe8-d8ec-431e-8dd3-f7bbeca6aaff', 'CL BSCI640', 0, TIMESTAMP '2013-03-14 08:18:02', 'admin', TIMESTAMP '2013-03-14 08:18:02', 'admin')
/
insert into KSEN_CO_AO_CLUSTER (ID, OBJ_ID, AO_CLUSTER_TYPE, AO_CLUSTER_STATE, NAME, DESCR_PLAIN, DESCR_FORMATTED, FORMAT_OFFERING_ID, PRIVATE_NAME, VER_NBR, CREATETIME, CREATEID, UPDATETIME, UPDATEID) values ('bf3a7c3a-ade0-4c38-9254-bd6f6dfc89fe', '7c24630b-b52b-457e-9d36-121212a6fc80', 'kuali.activity.offering.cluster.type.activity.offering.cluster', 'kuali.activity.offering.cluster.state.active', 'CL CHEM181', null, null, 'ba5251e0-b113-4771-85c1-b6d107d0123b', 'CL CHEM181', 0, TIMESTAMP '2013-03-14 08:18:02', 'admin', TIMESTAMP '2013-03-14 08:18:02', 'admin')
/
insert into KSEN_CO_AO_CLUSTER (ID, OBJ_ID, AO_CLUSTER_TYPE, AO_CLUSTER_STATE, NAME, DESCR_PLAIN, DESCR_FORMATTED, FORMAT_OFFERING_ID, PRIVATE_NAME, VER_NBR, CREATETIME, CREATEID, UPDATETIME, UPDATEID) values ('4e38944c-b3c4-4e3d-9f72-0bac7870f2cc', '02035ff8-6d3c-4b77-b194-061a15bb178f', 'kuali.activity.offering.cluster.type.activity.offering.cluster', 'kuali.activity.offering.cluster.state.active', 'CL CHEM475', null, null, '47563b89-0e57-4d3c-b4d2-62b289622c40', 'CL CHEM475', 0, TIMESTAMP '2013-03-14 08:18:02', 'admin', TIMESTAMP '2013-03-14 08:18:02', 'admin')
/
insert into KSEN_CO_AO_CLUSTER (ID, OBJ_ID, AO_CLUSTER_TYPE, AO_CLUSTER_STATE, NAME, DESCR_PLAIN, DESCR_FORMATTED, FORMAT_OFFERING_ID, PRIVATE_NAME, VER_NBR, CREATETIME, CREATEID, UPDATETIME, UPDATEID) values ('4d4f5f9d-5aa8-49be-928a-189d62308f9e', '281be406-5d37-46c7-acfe-dce1b44a5458', 'kuali.activity.offering.cluster.type.activity.offering.cluster', 'kuali.activity.offering.cluster.state.active', 'CL ENGL316', null, null, 'a3fc1881-9d7b-4f68-baa4-eac5263ad070', 'CL ENGL316', 0, TIMESTAMP '2013-03-14 08:18:02', 'admin', TIMESTAMP '2013-03-14 08:18:02', 'admin')
/
insert into KSEN_CO_AO_CLUSTER (ID, OBJ_ID, AO_CLUSTER_TYPE, AO_CLUSTER_STATE, NAME, DESCR_PLAIN, DESCR_FORMATTED, FORMAT_OFFERING_ID, PRIVATE_NAME, VER_NBR, CREATETIME, CREATEID, UPDATETIME, UPDATEID) values ('b237c4eb-ff47-4f3a-b0a8-b502aaf5d042', '645fb7f6-8bc0-41fe-9087-c929a3c746d6', 'kuali.activity.offering.cluster.type.activity.offering.cluster', 'kuali.activity.offering.cluster.state.active', 'CL HIST300', null, null, '26f373d0-827c-4929-9621-6cfd491e75eb', 'CL HIST300', 0, TIMESTAMP '2013-03-14 08:18:02', 'admin', TIMESTAMP '2013-03-14 08:18:02', 'admin')
/
insert into KSEN_CO_AO_CLUSTER (ID, OBJ_ID, AO_CLUSTER_TYPE, AO_CLUSTER_STATE, NAME, DESCR_PLAIN, DESCR_FORMATTED, FORMAT_OFFERING_ID, PRIVATE_NAME, VER_NBR, CREATETIME, CREATEID, UPDATETIME, UPDATEID) values ('ce92ab82-47bc-472d-90bb-bfb85f47838a', '8e1f8208-6b18-4c4b-b5aa-afd664431603', 'kuali.activity.offering.cluster.type.activity.offering.cluster', 'kuali.activity.offering.cluster.state.active', 'CL HIST378', null, null, 'e71fc9e8-2acd-4bd4-b357-21a5d0eeb6ef', 'CL HIST378', 0, TIMESTAMP '2013-03-14 08:18:02', 'admin', TIMESTAMP '2013-03-14 08:18:02', 'admin')
/
insert into KSEN_CO_AO_CLUSTER (ID, OBJ_ID, AO_CLUSTER_TYPE, AO_CLUSTER_STATE, NAME, DESCR_PLAIN, DESCR_FORMATTED, FORMAT_OFFERING_ID, PRIVATE_NAME, VER_NBR, CREATETIME, CREATEID, UPDATETIME, UPDATEID) values ('a1a79cb2-a27b-4d30-b18f-fd704cebadfe', '41d1d440-6a82-45df-9f93-d0f96361c0c4', 'kuali.activity.offering.cluster.type.activity.offering.cluster', 'kuali.activity.offering.cluster.state.active', 'CL HIST661', null, null, 'b6de6802-a841-4c68-960d-084435d7b443', 'CL HIST661', 0, TIMESTAMP '2013-03-14 08:18:02', 'admin', TIMESTAMP '2013-03-14 08:18:02', 'admin')
/
insert into KSEN_CO_AO_CLUSTER (ID, OBJ_ID, AO_CLUSTER_TYPE, AO_CLUSTER_STATE, NAME, DESCR_PLAIN, DESCR_FORMATTED, FORMAT_OFFERING_ID, PRIVATE_NAME, VER_NBR, CREATETIME, CREATEID, UPDATETIME, UPDATEID) values ('eac3466e-2bad-4778-923b-c18b779b17fe', '4b99403e-5030-4491-af92-31321a05d978', 'kuali.activity.offering.cluster.type.activity.offering.cluster', 'kuali.activity.offering.cluster.state.active', 'CL PHYS181', null, null, 'fcd045e3-8993-4979-9ac9-dbc618718692', 'CL PHYS181', 0, TIMESTAMP '2013-03-14 08:18:02', 'admin', TIMESTAMP '2013-03-14 08:18:02', 'admin')
/
insert into KSEN_CO_AO_CLUSTER (ID, OBJ_ID, AO_CLUSTER_TYPE, AO_CLUSTER_STATE, NAME, DESCR_PLAIN, DESCR_FORMATTED, FORMAT_OFFERING_ID, PRIVATE_NAME, VER_NBR, CREATETIME, CREATEID, UPDATETIME, UPDATEID) values ('53917c9b-9de5-4f52-bbb4-ecac3aacddb8', 'fd886ec3-a62c-450c-895f-1d08480d4e8f', 'kuali.activity.offering.cluster.type.activity.offering.cluster', 'kuali.activity.offering.cluster.state.active', 'CL PHYS455', null, null, '41e5ac82-80ec-49aa-872e-31f5b13934fe', 'CL PHYS455', 0, TIMESTAMP '2013-03-14 08:18:02', 'admin', TIMESTAMP '2013-03-14 08:18:02', 'admin')
/

insert into KSEN_CO_AO_CLUSTER_SET (ID, OBJ_ID, AO_CLUSTER_ID, ACTIVITY_OFFERING_TYPE) values ('f933978e-ffea-44f0-bf9c-d065283bc3ab', 'b0944a26-5847-4911-b085-89adf92a5038', '270bfd33-6c50-4505-acaf-d3a8e81c0164', 'kuali.lui.type.activity.offering.lecture')
/
insert into KSEN_CO_AO_CLUSTER_SET (ID, OBJ_ID, AO_CLUSTER_ID, ACTIVITY_OFFERING_TYPE) values ('cb2738f8-0762-4ab6-9291-a93446c2b143', '272f0b80-bac4-4a33-901b-1da062d9a9f7', '270bfd33-6c50-4505-acaf-d3a8e81c0164', 'kuali.lui.type.activity.offering.lab')
/
insert into KSEN_CO_AO_CLUSTER_SET (ID, OBJ_ID, AO_CLUSTER_ID, ACTIVITY_OFFERING_TYPE) values ('7c4eda6e-1b37-4673-bce1-96add3a0b6ec', '168c1882-7902-4c75-9861-87572d44142c', '4d4f5f9d-5aa8-49be-928a-189d62308f9e', 'kuali.lui.type.activity.offering.lecture')
/
insert into KSEN_CO_AO_CLUSTER_SET (ID, OBJ_ID, AO_CLUSTER_ID, ACTIVITY_OFFERING_TYPE) values ('10392543-5960-4074-90a6-b7cd14c6e063', '65ade34a-f62a-432d-bf96-364fb74abb95', '4e38944c-b3c4-4e3d-9f72-0bac7870f2cc', 'kuali.lui.type.activity.offering.lab')
/
insert into KSEN_CO_AO_CLUSTER_SET (ID, OBJ_ID, AO_CLUSTER_ID, ACTIVITY_OFFERING_TYPE) values ('cfce670f-c74f-4da1-a26e-bf9f8d63dfc4', 'b16dcb38-0a78-45f5-804e-98b32abcd28b', '4e38944c-b3c4-4e3d-9f72-0bac7870f2cc', 'kuali.lui.type.activity.offering.lecture')
/
insert into KSEN_CO_AO_CLUSTER_SET (ID, OBJ_ID, AO_CLUSTER_ID, ACTIVITY_OFFERING_TYPE) values ('9824345a-eae8-4495-910f-3cf305b5cc60', '03ed0f9f-016b-4e74-85b1-c3c3e9b7ccff', '53917c9b-9de5-4f52-bbb4-ecac3aacddb8', 'kuali.lui.type.activity.offering.lab')
/
insert into KSEN_CO_AO_CLUSTER_SET (ID, OBJ_ID, AO_CLUSTER_ID, ACTIVITY_OFFERING_TYPE) values ('1fdb3d72-54c9-4f50-96f5-e77a7016c474', '13dece33-5fef-452f-880d-9c2a22d1a913', '53917c9b-9de5-4f52-bbb4-ecac3aacddb8', 'kuali.lui.type.activity.offering.lecture')
/
insert into KSEN_CO_AO_CLUSTER_SET (ID, OBJ_ID, AO_CLUSTER_ID, ACTIVITY_OFFERING_TYPE) values ('b5ff5ce9-d61f-46ae-9fd4-66a0f5f92c89', '80b4601b-5661-48f5-ac48-46f791f683ae', '68b5abfd-1fe2-4864-848f-7917f0bf21ac', 'kuali.lui.type.activity.offering.lab')
/
insert into KSEN_CO_AO_CLUSTER_SET (ID, OBJ_ID, AO_CLUSTER_ID, ACTIVITY_OFFERING_TYPE) values ('2d78e8ee-2b75-4fe0-bdc1-eb5123feeecc', 'e64d2917-e4e4-4e37-9fbe-47a38bd8fefd', '68b5abfd-1fe2-4864-848f-7917f0bf21ac', 'kuali.lui.type.activity.offering.lecture')
/
insert into KSEN_CO_AO_CLUSTER_SET (ID, OBJ_ID, AO_CLUSTER_ID, ACTIVITY_OFFERING_TYPE) values ('30f674d8-ee54-4977-b332-597bccd3e589', '1c4dfb37-d00f-46f7-8e0c-0f366596b865', '72168796-e1b2-4544-b327-2cb4f7552c62', 'kuali.lui.type.activity.offering.lecture')
/
insert into KSEN_CO_AO_CLUSTER_SET (ID, OBJ_ID, AO_CLUSTER_ID, ACTIVITY_OFFERING_TYPE) values ('766ba7b2-7386-4493-a64c-95303a054c40', '0d2e008e-1c3c-4aac-b893-06e0790df3a9', 'a1a79cb2-a27b-4d30-b18f-fd704cebadfe', 'kuali.lui.type.activity.offering.lecture')
/
insert into KSEN_CO_AO_CLUSTER_SET (ID, OBJ_ID, AO_CLUSTER_ID, ACTIVITY_OFFERING_TYPE) values ('027c946d-721d-4b48-9155-18e7d25499ac', '65d1cb84-7998-49f4-867c-e05e5201f283', 'b237c4eb-ff47-4f3a-b0a8-b502aaf5d042', 'kuali.lui.type.activity.offering.lecture')
/
insert into KSEN_CO_AO_CLUSTER_SET (ID, OBJ_ID, AO_CLUSTER_ID, ACTIVITY_OFFERING_TYPE) values ('b71a1e0b-e8f3-4284-8fe9-1eabcf030194', '5ce959a3-0388-4f4a-a7ee-e08297df5866', 'bf3a7c3a-ade0-4c38-9254-bd6f6dfc89fe', 'kuali.lui.type.activity.offering.lecture')
/
insert into KSEN_CO_AO_CLUSTER_SET (ID, OBJ_ID, AO_CLUSTER_ID, ACTIVITY_OFFERING_TYPE) values ('55b2b4b5-649e-4268-b234-0817baa78992', '55f89506-85d4-4788-9e0c-7c928b024b61', 'ce92ab82-47bc-472d-90bb-bfb85f47838a', 'kuali.lui.type.activity.offering.lecture')
/
insert into KSEN_CO_AO_CLUSTER_SET (ID, OBJ_ID, AO_CLUSTER_ID, ACTIVITY_OFFERING_TYPE) values ('f557d3e7-d76d-42b8-a791-390c467efdfe', '58521716-9c6e-41bd-ba8a-a3aa0188590c', 'eac3466e-2bad-4778-923b-c18b779b17fe', 'kuali.lui.type.activity.offering.lecture')
/

insert into KSEN_CO_AO_CLUSTER_SET_AO (AOC_SET_ID, ACTIVITY_OFFERING_ID) values ('027c946d-721d-4b48-9155-18e7d25499ac', '43b0f9f1-17de-4e5b-953b-dea21c4f4063')
/
insert into KSEN_CO_AO_CLUSTER_SET_AO (AOC_SET_ID, ACTIVITY_OFFERING_ID) values ('10392543-5960-4074-90a6-b7cd14c6e063', '2e24bfc9-b949-4d4c-9cf4-18e63acd312a')
/
insert into KSEN_CO_AO_CLUSTER_SET_AO (AOC_SET_ID, ACTIVITY_OFFERING_ID) values ('1fdb3d72-54c9-4f50-96f5-e77a7016c474', '986f7813-d8a3-461f-81c6-f91c581a4c45')
/
insert into KSEN_CO_AO_CLUSTER_SET_AO (AOC_SET_ID, ACTIVITY_OFFERING_ID) values ('2d78e8ee-2b75-4fe0-bdc1-eb5123feeecc', '98d65b55-e21e-427b-9d1b-b9bc56c52cfc')
/
insert into KSEN_CO_AO_CLUSTER_SET_AO (AOC_SET_ID, ACTIVITY_OFFERING_ID) values ('30f674d8-ee54-4977-b332-597bccd3e589', '0fdb10e1-e54d-4608-97fc-3e8780db37d3')
/
insert into KSEN_CO_AO_CLUSTER_SET_AO (AOC_SET_ID, ACTIVITY_OFFERING_ID) values ('55b2b4b5-649e-4268-b234-0817baa78992', 'e821bad2-9f24-4792-932b-5719eba2a30a')
/
insert into KSEN_CO_AO_CLUSTER_SET_AO (AOC_SET_ID, ACTIVITY_OFFERING_ID) values ('766ba7b2-7386-4493-a64c-95303a054c40', '69ff575a-6f1e-4630-89ea-44e9d0f2a8e6')
/
insert into KSEN_CO_AO_CLUSTER_SET_AO (AOC_SET_ID, ACTIVITY_OFFERING_ID) values ('7c4eda6e-1b37-4673-bce1-96add3a0b6ec', 'e75e56a8-861a-4a6f-8f7b-d2517e295507')
/
insert into KSEN_CO_AO_CLUSTER_SET_AO (AOC_SET_ID, ACTIVITY_OFFERING_ID) values ('9824345a-eae8-4495-910f-3cf305b5cc60', 'ef738bb8-9e94-40cb-b827-98d24f19f91a')
/
insert into KSEN_CO_AO_CLUSTER_SET_AO (AOC_SET_ID, ACTIVITY_OFFERING_ID) values ('b5ff5ce9-d61f-46ae-9fd4-66a0f5f92c89', 'a07a30fd-9f45-4b4b-bf68-534f14d18c0d')
/
insert into KSEN_CO_AO_CLUSTER_SET_AO (AOC_SET_ID, ACTIVITY_OFFERING_ID) values ('b71a1e0b-e8f3-4284-8fe9-1eabcf030194', 'ae3542ad-17db-4d13-98c9-136c8805c510')
/
insert into KSEN_CO_AO_CLUSTER_SET_AO (AOC_SET_ID, ACTIVITY_OFFERING_ID) values ('cb2738f8-0762-4ab6-9291-a93446c2b143', '53ac9379-e149-4912-9af7-21d2dce701c5')
/
insert into KSEN_CO_AO_CLUSTER_SET_AO (AOC_SET_ID, ACTIVITY_OFFERING_ID) values ('cfce670f-c74f-4da1-a26e-bf9f8d63dfc4', 'eb28dddb-140c-4f02-befe-1efad9d5356a')
/
insert into KSEN_CO_AO_CLUSTER_SET_AO (AOC_SET_ID, ACTIVITY_OFFERING_ID) values ('f557d3e7-d76d-42b8-a791-390c467efdfe', '5b67b466-1b4c-497b-ab2f-9438a5601b1a')
/
insert into KSEN_CO_AO_CLUSTER_SET_AO (AOC_SET_ID, ACTIVITY_OFFERING_ID) values ('f933978e-ffea-44f0-bf9c-d065283bc3ab', '803f52d5-d70c-4cda-83b6-aa6fe59cf316')
/
