delete from KSLR_RESULT_VALUE where id ='0-59%'
/
delete from KSLR_RESULT_VALUE where id ='60-69%'
/
delete from KSLR_RESULT_VALUE where id ='70-79%'
/
delete from KSLR_RESULT_VALUE where id ='80-84%'
/
delete from KSLR_RESULT_VALUE where id ='85-89%'
/
delete from KSLR_RESULT_VALUE where id ='90-94%'
/
delete from KSLR_RESULT_VALUE where id ='>95%'
/
delete from KSLR_RESULT_VALUE where id ='A'
/
delete from KSLR_RESULT_VALUE where id ='B'
/
delete from KSLR_RESULT_VALUE where id ='C'
/
delete from KSLR_RESULT_VALUE where id ='Completed'
/
delete from KSLR_RESULT_VALUE where id ='D'
/
delete from KSLR_RESULT_VALUE where id ='F'
/
delete from KSLR_RESULT_VALUE where id ='Fail'
/
delete from KSLR_RESULT_VALUE where id ='In-Progress'
/
delete from KSLR_RESULT_VALUE where id ='Not-Completed'
/
delete from KSLR_RESULT_VALUE where id ='Not-Satisfactory'
/
delete from KSLR_RESULT_VALUE where id ='Pass'
/
delete from KSLR_RESULT_VALUE where id ='Satisfactory'
/

insert into KSLR_RESCOMP (ID, CREATEID, CREATETIME, UPDATEID, UPDATETIME, VER_NBR, EFF_DT, EXPIR_DT, NAME, STATE, RT_DESCR_ID, TYPE, OBJ_ID) values ('kuali.creditType.credit.degree.1-2', null, TIMESTAMP '2010-12-10 17:21:16', null, TIMESTAMP '2010-12-10 17:21:16', 0, null, null, null, 'Active', null, 'kuali.resultComponentType.credit.degree.range', '012c5d36-d066-4734-a936-2f26aae5e3d2')
/
insert into KSLR_RESCOMP (ID, CREATEID, CREATETIME, UPDATEID, UPDATETIME, VER_NBR, EFF_DT, EXPIR_DT, NAME, STATE, RT_DESCR_ID, TYPE, OBJ_ID) values ('kuali.creditType.credit.degree.1-3', null, TIMESTAMP '2010-12-10 17:21:16', null, TIMESTAMP '2010-12-10 17:21:16', 0, null, null, null, 'Active', null, 'kuali.resultComponentType.credit.degree.range', '379d9c33-25b3-4c4f-8fb2-e2bf8d4b9270')
/
insert into KSLR_RESCOMP (ID, CREATEID, CREATETIME, UPDATEID, UPDATETIME, VER_NBR, EFF_DT, EXPIR_DT, NAME, STATE, RT_DESCR_ID, TYPE, OBJ_ID) values ('kuali.creditType.credit.degree.1-4', null, TIMESTAMP '2010-12-10 17:21:15', null, TIMESTAMP '2010-12-10 17:21:15', 0, null, null, null, 'Active', null, 'kuali.resultComponentType.credit.degree.range', '9a7af6fa-dcf6-4022-be9a-fef33262e42d')
/
insert into KSLR_RESCOMP (ID, CREATEID, CREATETIME, UPDATEID, UPDATETIME, VER_NBR, EFF_DT, EXPIR_DT, NAME, STATE, RT_DESCR_ID, TYPE, OBJ_ID) values ('kuali.creditType.credit.degree.1-6', null, TIMESTAMP '2010-12-10 17:21:21', null, TIMESTAMP '2010-12-10 17:21:21', 0, null, null, null, 'Active', null, 'kuali.resultComponentType.credit.degree.range', 'a95ab78d-22d7-4b81-bfb7-ccdf8d121609')
/
insert into KSLR_RESCOMP (ID, CREATEID, CREATETIME, UPDATEID, UPDATETIME, VER_NBR, EFF_DT, EXPIR_DT, NAME, STATE, RT_DESCR_ID, TYPE, OBJ_ID) values ('kuali.creditType.credit.degree.1.0', null, TIMESTAMP '2010-12-10 17:21:15', null, TIMESTAMP '2010-12-10 17:21:15', 0, null, null, null, 'Active', null, 'kuali.resultComponentType.credit.degree.fixed', '59837208-b2f6-4752-aa11-087054082017')
/
insert into KSLR_RESCOMP (ID, CREATEID, CREATETIME, UPDATEID, UPDATETIME, VER_NBR, EFF_DT, EXPIR_DT, NAME, STATE, RT_DESCR_ID, TYPE, OBJ_ID) values ('kuali.creditType.credit.degree.2.0', null, TIMESTAMP '2010-12-10 17:21:16', null, TIMESTAMP '2010-12-10 17:21:16', 0, null, null, null, 'Active', null, 'kuali.resultComponentType.credit.degree.fixed', 'e150c679-20f6-413d-b469-2e4346f28bf2')
/
insert into KSLR_RESCOMP (ID, CREATEID, CREATETIME, UPDATEID, UPDATETIME, VER_NBR, EFF_DT, EXPIR_DT, NAME, STATE, RT_DESCR_ID, TYPE, OBJ_ID) values ('kuali.creditType.credit.degree.3-6', null, TIMESTAMP '2010-12-10 17:21:22', null, TIMESTAMP '2010-12-10 17:21:22', 0, null, null, null, 'Active', null, 'kuali.resultComponentType.credit.degree.range', '3be74282-51b5-4c82-978c-a315d1f9408d')
/
insert into KSLR_RESCOMP (ID, CREATEID, CREATETIME, UPDATEID, UPDATETIME, VER_NBR, EFF_DT, EXPIR_DT, NAME, STATE, RT_DESCR_ID, TYPE, OBJ_ID) values ('kuali.creditType.credit.degree.3.0', null, TIMESTAMP '2010-12-10 17:21:11', null, TIMESTAMP '2010-12-10 17:21:11', 0, null, null, null, 'Active', null, 'kuali.resultComponentType.credit.degree.fixed', 'b617e44d-82f1-44fa-a979-3ab360ab9752')
/
insert into KSLR_RESCOMP (ID, CREATEID, CREATETIME, UPDATEID, UPDATETIME, VER_NBR, EFF_DT, EXPIR_DT, NAME, STATE, RT_DESCR_ID, TYPE, OBJ_ID) values ('kuali.creditType.credit.degree.4.0', null, TIMESTAMP '2010-12-10 17:21:14', null, TIMESTAMP '2010-12-10 17:21:14', 0, null, null, null, 'Active', null, 'kuali.resultComponentType.credit.degree.fixed', '5cdc231b-978d-4a39-a012-654e69b2ffbc')
/



INSERT INTO KSLR_RESCOMP_ATTR (ATTR_NAME,ATTR_VALUE,ID,OBJ_ID,OWNER,VER_NBR)
  VALUES ('minCreditValue','1','09699919-eba2-4e92-a630-6d20a64b657d','c6d2dbb3-20f1-4701-8208-71cc841a124f','kuali.creditType.credit.degree.1-2',0)
/
INSERT INTO KSLR_RESCOMP_ATTR (ATTR_NAME,ATTR_VALUE,ID,OBJ_ID,OWNER,VER_NBR)
  VALUES ('minCreditValue','1','0a2f3c36-b85a-443c-8258-feac75f8fbfd','37c3df6c-1c0f-425c-9f52-f03744cadd0e','kuali.creditType.credit.degree.1-4',0)
/
INSERT INTO KSLR_RESCOMP_ATTR (ATTR_NAME,ATTR_VALUE,ID,OBJ_ID,OWNER,VER_NBR)
  VALUES ('fixedCreditValue','2.0','149bbb5f-449c-44a3-b31a-1ac0598a8a60','5462e89d-bc8b-42b4-959d-91ca5f50626a','kuali.creditType.credit.degree.2.0',0)
/
INSERT INTO KSLR_RESCOMP_ATTR (ATTR_NAME,ATTR_VALUE,ID,OBJ_ID,OWNER,VER_NBR)
  VALUES ('maxCreditValue','4','15e33d46-dc3f-498e-b451-977377a14822','ae405b85-2e8e-4ded-9c0a-0b1e978733bc','kuali.creditType.credit.degree.1-4',0)
/
INSERT INTO KSLR_RESCOMP_ATTR (ATTR_NAME,ATTR_VALUE,ID,OBJ_ID,OWNER,VER_NBR)
  VALUES ('fixedCreditValue','3.0','2096a923-e926-4640-85a1-b6735573ef8c','4d5d2543-c35f-4803-8d55-c4dffce9e22b','kuali.creditType.credit.degree.3.0',0)
/
INSERT INTO KSLR_RESCOMP_ATTR (ATTR_NAME,ID,OBJ_ID,OWNER,VER_NBR)
  VALUES ('creditValueIncrement','358f18e1-5511-49f2-9495-e9fe5c815777','735f1caa-43a4-42c1-9597-bb4777450e80','kuali.creditType.credit.degree.3-6',0)
/
INSERT INTO KSLR_RESCOMP_ATTR (ATTR_NAME,ATTR_VALUE,ID,OBJ_ID,OWNER,VER_NBR)
  VALUES ('maxCreditValue','6','35f0ea6a-60a5-46ca-ad10-09700be51ad1','3b8097c0-ee9a-42ef-9ae8-09affdd5b3e9','kuali.creditType.credit.degree.1-6',0)
/
INSERT INTO KSLR_RESCOMP_ATTR (ATTR_NAME,ATTR_VALUE,ID,OBJ_ID,OWNER,VER_NBR)
  VALUES ('maxCreditValue','6','51540b05-3981-4c4e-aadd-da789585deca','20305e6f-1620-4339-9324-361b3906bd69','kuali.creditType.credit.degree.3-6',0)
/
INSERT INTO KSLR_RESCOMP_ATTR (ATTR_NAME,ATTR_VALUE,ID,OBJ_ID,OWNER,VER_NBR)
  VALUES ('fixedCreditValue','4.0','6362c159-4a9a-4fc0-8f14-f999187d1643','cdeba3b9-b692-41a1-914a-b35b09ca7015','kuali.creditType.credit.degree.4.0',0)
/
INSERT INTO KSLR_RESCOMP_ATTR (ATTR_NAME,ID,OBJ_ID,OWNER,VER_NBR)
  VALUES ('creditValueIncrement','706f4472-776a-46cd-8605-37ad6edd05fe','56354111-4b34-434d-97e5-951b0a5bcff4','kuali.creditType.credit.degree.1-3',0)
/
INSERT INTO KSLR_RESCOMP_ATTR (ATTR_NAME,ATTR_VALUE,ID,OBJ_ID,OWNER,VER_NBR)
  VALUES ('minCreditValue','1','73b04a28-5f90-4c34-bbda-0fbfaeaa3e0d','97420734-c382-4522-9b43-657d0d9b6108','kuali.creditType.credit.degree.1-6',0)
/
INSERT INTO KSLR_RESCOMP_ATTR (ATTR_NAME,ID,OBJ_ID,OWNER,VER_NBR)
  VALUES ('creditValueIncrement','87cacde8-0662-4c78-87d0-5cb862fefcff','0ead3b1e-cf52-48fb-928c-5a3a8ffc3ac2','kuali.creditType.credit.degree.1-4',0)
/
INSERT INTO KSLR_RESCOMP_ATTR (ATTR_NAME,ATTR_VALUE,ID,OBJ_ID,OWNER,VER_NBR)
  VALUES ('minCreditValue','1','98f1498f-d05f-40da-9152-6e89016a5d94','41821ba4-49dd-4af0-8d21-267b91f7f730','kuali.creditType.credit.degree.1-3',0)
/
INSERT INTO KSLR_RESCOMP_ATTR (ATTR_NAME,ATTR_VALUE,ID,OBJ_ID,OWNER,VER_NBR)
  VALUES ('maxCreditValue','3','b30710c2-ab15-4364-8741-dcdf556b6063','3d845fd2-fac7-4da7-bc7b-0106184b258f','kuali.creditType.credit.degree.1-3',0)
/
INSERT INTO KSLR_RESCOMP_ATTR (ATTR_NAME,ID,OBJ_ID,OWNER,VER_NBR)
  VALUES ('creditValueIncrement','b37fd113-1957-4c5a-a15a-76227188200a','f2b7ff36-bbc4-48d2-b756-d1cb25525b0b','kuali.creditType.credit.degree.1-6',0)
/
INSERT INTO KSLR_RESCOMP_ATTR (ATTR_NAME,ATTR_VALUE,ID,OBJ_ID,OWNER,VER_NBR)
  VALUES ('maxCreditValue','2','b9f43359-257c-43b7-9329-2ca5dc2c1869','9199e8b9-9b90-4660-b348-d31bffaa47df','kuali.creditType.credit.degree.1-2',0)
/
INSERT INTO KSLR_RESCOMP_ATTR (ATTR_NAME,ATTR_VALUE,ID,OBJ_ID,OWNER,VER_NBR)
  VALUES ('fixedCreditValue','1.0','bcb97eda-f766-4e3f-8292-53c595655482','784bbfdf-2a17-47e1-be14-940892b8e765','kuali.creditType.credit.degree.1.0',0)
/
INSERT INTO KSLR_RESCOMP_ATTR (ATTR_NAME,ID,OBJ_ID,OWNER,VER_NBR)
  VALUES ('creditValueIncrement','c62f4198-39df-414d-9de2-1ddb1b4be895','29762f11-7cc5-4a13-89b3-ba72f3290967','kuali.creditType.credit.degree.1-2',0)
/
INSERT INTO KSLR_RESCOMP_ATTR (ATTR_NAME,ATTR_VALUE,ID,OBJ_ID,OWNER,VER_NBR)
  VALUES ('minCreditValue','3','cc8fff4a-dbcd-4e6e-9b01-3dc98bcbd336','745c7748-d97e-4c4e-8d43-879976e38d41','kuali.creditType.credit.degree.3-6',0)
/
INSERT INTO KSLR_RESULT_VALUE (ID,RSLT_COMP_ID,VALUE,VER_NBR)
  VALUES ('0-59%','kuali.resultComponent.grade.percentage','0-59%',0)
/
INSERT INTO KSLR_RESULT_VALUE (ID,OBJ_ID,RSLT_COMP_ID,VALUE,VER_NBR)
  VALUES ('02589fcb-d2d2-4ed4-9870-3a078335cc1c','cd3dd940-4d1e-4819-956d-f5a84f570f12','kuali.creditType.credit.degree.3-6','3.0',0)
/
INSERT INTO KSLR_RESULT_VALUE (ID,OBJ_ID,RSLT_COMP_ID,VALUE,VER_NBR)
  VALUES ('0688bf03-8158-4c2f-b2ad-a4feb294005d','2afb9fb0-d585-47d7-b1d2-e5cb450dc1de','kuali.creditType.credit.degree.3-6','5.0',0)
/
INSERT INTO KSLR_RESULT_VALUE (ID,OBJ_ID,RSLT_COMP_ID,VALUE,VER_NBR)
  VALUES ('07ae215b-1f2f-4d5d-8a6f-6a8458864f42','b9730f3b-2713-4861-9e99-1a4945e4e635','kuali.creditType.credit.degree.1-6','4.0',0)
/
INSERT INTO KSLR_RESULT_VALUE (ID,OBJ_ID,RSLT_COMP_ID,VALUE,VER_NBR)
  VALUES ('07d6b477-83bc-4f88-880c-de9036da9cfd','5483fc13-d644-4179-bb60-578fc62347ae','kuali.creditType.credit.degree.1-2','2.0',0)
/
INSERT INTO KSLR_RESULT_VALUE (ID,OBJ_ID,RSLT_COMP_ID,VALUE,VER_NBR)
  VALUES ('09a2d0b8-656a-42be-968b-bf7f69d981b5','422feaa9-cae4-45c7-aa8c-2079da048ebe','kuali.creditType.credit.degree.1-4','4.0',0)
/
INSERT INTO KSLR_RESULT_VALUE (ID,OBJ_ID,RSLT_COMP_ID,VALUE,VER_NBR)
  VALUES ('1362a160-7163-4942-8b4c-403a2ba8b64d','272fb1b2-a4fa-4229-8ec3-a7e1aecd3af1','kuali.creditType.credit.degree.1-3','2.0',0)
/
INSERT INTO KSLR_RESULT_VALUE (ID,OBJ_ID,RSLT_COMP_ID,VALUE,VER_NBR)
  VALUES ('291ddb27-e4ce-4cfb-ad51-b9af37c2a0dd','bf313db4-0fc4-403a-8034-e447ff629837','kuali.creditType.credit.degree.1-6','1.0',0)
/
INSERT INTO KSLR_RESULT_VALUE (ID,OBJ_ID,RSLT_COMP_ID,VALUE,VER_NBR)
  VALUES ('38f11f99-3138-4763-a0a8-83b0cb8aabbd','bb611738-edb2-4efc-8d7f-d79d29513c75','kuali.creditType.credit.degree.1-6','5.0',0)
/
INSERT INTO KSLR_RESULT_VALUE (ID,OBJ_ID,RSLT_COMP_ID,VALUE,VER_NBR)
  VALUES ('3e2a7401-c657-42d5-85f2-2582145bf7db','ee84572b-9d9f-44e6-aac5-929d2df45cce','kuali.creditType.credit.degree.3-6','6.0',0)
/
INSERT INTO KSLR_RESULT_VALUE (ID,OBJ_ID,RSLT_COMP_ID,VALUE,VER_NBR)
  VALUES ('3f945ff3-6b0c-4bb1-8ee0-fb59c951a1dd','9bffb6c4-39d4-4d1d-b9e8-01a34e7ac236','kuali.creditType.credit.degree.1-4','1.0',0)
/
INSERT INTO KSLR_RESULT_VALUE (ID,OBJ_ID,RSLT_COMP_ID,VALUE,VER_NBR)
  VALUES ('4eeefb2a-52f7-4435-9fdd-df76aaa650f4','12e6904b-053c-42fd-ad60-53061ac361d5','kuali.creditType.credit.degree.3.0','3.0',0)
/
INSERT INTO KSLR_RESULT_VALUE (ID,OBJ_ID,RSLT_COMP_ID,VALUE,VER_NBR)
  VALUES ('55708c9e-e15b-4097-a0ae-6a01d33c47b8','080a9b7f-1bef-47f8-a7d9-dd0ea0ca6399','kuali.creditType.credit.degree.1-3','3.0',0)
/
INSERT INTO KSLR_RESULT_VALUE (ID,OBJ_ID,RSLT_COMP_ID,VALUE,VER_NBR)
  VALUES ('55aa2e63-7bed-440b-857a-df48ef93d4d4','05e4766e-6f96-4c2d-a833-b090f91ab24a','kuali.creditType.credit.degree.1-4','3.0',0)
/
INSERT INTO KSLR_RESULT_VALUE (ID,OBJ_ID,RSLT_COMP_ID,VALUE,VER_NBR)
  VALUES ('5c37ae38-a560-40ab-a5c3-bfe4b15fe2b2','842d9212-a483-4217-a128-25ff4d77ae2c','kuali.creditType.credit.degree.4.0','4.0',0)
/
INSERT INTO KSLR_RESULT_VALUE (ID,RSLT_COMP_ID,VALUE,VER_NBR)
  VALUES ('60-69%','kuali.resultComponent.grade.percentage','60-69%',0)
/
INSERT INTO KSLR_RESULT_VALUE (ID,RSLT_COMP_ID,VALUE,VER_NBR)
  VALUES ('70-79%','kuali.resultComponent.grade.percentage','70-79%',0)
/
INSERT INTO KSLR_RESULT_VALUE (ID,OBJ_ID,RSLT_COMP_ID,VALUE,VER_NBR)
  VALUES ('77737114-ff62-48e4-bdaa-70cc18821d71','1e12199e-0d5f-4d42-a87f-27fd1018fcc2','kuali.creditType.credit.degree.2.0','2.0',0)
/
INSERT INTO KSLR_RESULT_VALUE (ID,RSLT_COMP_ID,VALUE,VER_NBR)
  VALUES ('80-84%','kuali.resultComponent.grade.percentage','80-84%',0)
/
INSERT INTO KSLR_RESULT_VALUE (ID,RSLT_COMP_ID,VALUE,VER_NBR)
  VALUES ('85-89%','kuali.resultComponent.grade.percentage','85-89%',0)
/
INSERT INTO KSLR_RESULT_VALUE (ID,OBJ_ID,RSLT_COMP_ID,VALUE,VER_NBR)
  VALUES ('8d096ada-86e5-4c73-99d5-5fb5d67454fb','930efa6e-a2a0-4f63-a654-6211bfd0a47d','kuali.creditType.credit.degree.3-6','4.0',0)
/
INSERT INTO KSLR_RESULT_VALUE (ID,RSLT_COMP_ID,VALUE,VER_NBR)
  VALUES ('90-94%','kuali.resultComponent.grade.percentage','90-94%',0)
/
INSERT INTO KSLR_RESULT_VALUE (ID,RSLT_COMP_ID,VALUE,VER_NBR)
  VALUES ('>95%','kuali.resultComponent.grade.percentage','>95%',0)
/
INSERT INTO KSLR_RESULT_VALUE (ID,OBJ_ID,RSLT_COMP_ID,VALUE,VER_NBR)
  VALUES ('A','B6199C8BC7A14497BCBC0E4F65F6B6AD','kuali.resultComponent.grade.letter','A',0)
/
INSERT INTO KSLR_RESULT_VALUE (ID,OBJ_ID,RSLT_COMP_ID,VALUE,VER_NBR)
  VALUES ('B','5C2B89995F044084876CB4AC1DAFDB13','kuali.resultComponent.grade.letter','B',0)
/
INSERT INTO KSLR_RESULT_VALUE (ID,OBJ_ID,RSLT_COMP_ID,VALUE,VER_NBR)
  VALUES ('C','3BF8D8315893415DBCA5FB92D06BAEA5','kuali.resultComponent.grade.letter','C',0)
/
INSERT INTO KSLR_RESULT_VALUE (ID,RSLT_COMP_ID,VALUE,VER_NBR)
  VALUES ('Completed','kuali.resultComponent.grade.completedNotation','Completed',0)
/
INSERT INTO KSLR_RESULT_VALUE (ID,OBJ_ID,RSLT_COMP_ID,VALUE,VER_NBR)
  VALUES ('D','6EDD13B970AF48A481716B6D02385B39','kuali.resultComponent.grade.letter','D',0)
/
INSERT INTO KSLR_RESULT_VALUE (ID,OBJ_ID,RSLT_COMP_ID,VALUE,VER_NBR)
  VALUES ('F','08ADB0BD82154FAE81C09B6B6628380E','kuali.resultComponent.grade.letter','F',0)
/
INSERT INTO KSLR_RESULT_VALUE (ID,RSLT_COMP_ID,VALUE,VER_NBR)
  VALUES ('Fail','kuali.resultComponent.grade.passFail','Fail',0)
/
INSERT INTO KSLR_RESULT_VALUE (ID,RSLT_COMP_ID,VALUE,VER_NBR)
  VALUES ('In-Progress','kuali.resultComponent.grade.completedNotation','In-Progress',0)
/
INSERT INTO KSLR_RESULT_VALUE (ID,RSLT_COMP_ID,VALUE,VER_NBR)
  VALUES ('Not-Completed','kuali.resultComponent.grade.completedNotation','Not-Completed',0)
/
INSERT INTO KSLR_RESULT_VALUE (ID,RSLT_COMP_ID,VALUE,VER_NBR)
  VALUES ('Not-Satisfactory','kuali.resultComponent.grade.satisfactory','Not-Satisfactory',0)
/
INSERT INTO KSLR_RESULT_VALUE (ID,RSLT_COMP_ID,VALUE,VER_NBR)
  VALUES ('Pass','kuali.resultComponent.grade.passFail','Pass',0)
/
INSERT INTO KSLR_RESULT_VALUE (ID,RSLT_COMP_ID,VALUE,VER_NBR)
  VALUES ('Satisfactory','kuali.resultComponent.grade.satisfactory','Satisfactory',0)
/
INSERT INTO KSLR_RESULT_VALUE (ID,OBJ_ID,RSLT_COMP_ID,VALUE,VER_NBR)
  VALUES ('a63e0369-7106-4b46-9296-5bd21c287dbf','732a99fa-8d09-44fa-97a2-e6e48811145d','kuali.creditType.credit.degree.1-6','3.0',0)
/
INSERT INTO KSLR_RESULT_VALUE (ID,OBJ_ID,RSLT_COMP_ID,VALUE,VER_NBR)
  VALUES ('b5430883-c8d6-4ed6-9363-f2e0744ebbbd','fc32a402-727a-44fb-9508-11076c9fc610','kuali.creditType.credit.degree.1-4','2.0',0)
/
INSERT INTO KSLR_RESULT_VALUE (ID,OBJ_ID,RSLT_COMP_ID,VALUE,VER_NBR)
  VALUES ('b6b293a7-bd58-4d4d-a0d8-880eb83dd402','39a40698-e0f2-432a-bb3f-d4aa2f15f05b','kuali.creditType.credit.degree.1-2','1.0',0)
/
INSERT INTO KSLR_RESULT_VALUE (ID,OBJ_ID,RSLT_COMP_ID,VALUE,VER_NBR)
  VALUES ('c218ce96-0c70-48c8-8f0e-9699e3d6e806','e6022a93-1bc5-4e42-9c54-70054c743465','kuali.creditType.credit.degree.1-3','1.0',0)
/
INSERT INTO KSLR_RESULT_VALUE (ID,OBJ_ID,RSLT_COMP_ID,VALUE,VER_NBR)
  VALUES ('ced49eff-0d5a-4a0e-a63b-ac395f0323a7','6b4cc24d-9cd6-442a-a6b2-acd6572113e5','kuali.creditType.credit.degree.1.0','1.0',0)
/
INSERT INTO KSLR_RESULT_VALUE (ID,OBJ_ID,RSLT_COMP_ID,VALUE,VER_NBR)
  VALUES ('df57686c-5564-4c3c-ad0a-d4bc80b4fb32','d3de0398-e5e3-480d-ad49-324e00ad2a8d','kuali.creditType.credit.degree.1-6','6.0',0)
/
INSERT INTO KSLR_RESULT_VALUE (ID,OBJ_ID,RSLT_COMP_ID,VALUE,VER_NBR)
  VALUES ('ed355616-e5aa-4304-8b81-02a69e5d153b','64bf5886-2370-4ed3-9e31-cc5e1fa63869','kuali.creditType.credit.degree.1-6','2.0',0)
/
