INSERT INTO KSEN_LUI_SET(ID,OBJ_ID,LUI_SET_TYPE,LUI_SET_STATE,NAME,CREATEID,CREATETIME,VER_NBR)VALUES ('8a7363fe-6a8e-4e66-a296-e56bc1c37506','9f8275e2-ecd5-4dac-8cb3-ff1ff5da704d','kuali.luiset.type.colocated.offering.set','kuali.luiset.state.active','CHEM441(A)-CHEM641(A) kuali.atp.2012Fall','admin',TO_DATE( '20130109154249', 'YYYYMMDDHH24MISS' ),0)
/
INSERT INTO KSEN_LUI_SET(ID,OBJ_ID,LUI_SET_TYPE,LUI_SET_STATE,NAME,CREATEID,CREATETIME,VER_NBR)VALUES ('0d3a65e2-04fb-416b-a65d-8fa4f08c0021','cd0050b7-3e6a-42bb-a8be-2106bb546815','kuali.luiset.type.colocated.offering.set','kuali.luiset.state.active','CHEM441(A)-CHEM641(A) kuali.atp.2011Fall','admin',TO_DATE( '20130109154249', 'YYYYMMDDHH24MISS' ),0)
/
INSERT INTO KSEN_LUI_SET(ID,OBJ_ID,LUI_SET_TYPE,LUI_SET_STATE,NAME,CREATEID,CREATETIME,VER_NBR)VALUES ('54ed2880-a2ca-4331-aa19-933c9ee67039','9622280a-1338-4d2b-9023-bf1fe71dafe1','kuali.luiset.type.colocated.offering.set','kuali.luiset.state.active','PHYS739(A)-PHYS738(A) kuali.atp.2011Fall','admin',TO_DATE( '20130109154249', 'YYYYMMDDHH24MISS' ),0)
/
INSERT INTO KSEN_LUI_SET(ID,OBJ_ID,LUI_SET_TYPE,LUI_SET_STATE,NAME,CREATEID,CREATETIME,VER_NBR)VALUES ('91271fb3-5876-4221-a8b5-41bd19523df0','95b72ba0-a3b7-4566-a334-ef810253628d','kuali.luiset.type.colocated.offering.set','kuali.luiset.state.active','PHYS739(A)-PHYS738(A) kuali.atp.2011Spring','admin',TO_DATE( '20130109154249', 'YYYYMMDDHH24MISS' ),0)
/
INSERT INTO KSEN_LUI_SET(ID,OBJ_ID,LUI_SET_TYPE,LUI_SET_STATE,NAME,CREATEID,CREATETIME,VER_NBR)VALUES ('8cab2ce9-6f30-4424-a254-f81ecc7e06f4','3ea0d0f4-cc8c-406a-a114-f0699b45df8c','kuali.luiset.type.colocated.offering.set','kuali.luiset.state.active','PHYS739(A)-PHYS738(A) kuali.atp.2012Fall','admin',TO_DATE( '20130109154249', 'YYYYMMDDHH24MISS' ),0)
/
INSERT INTO KSEN_LUI_SET(ID,OBJ_ID,LUI_SET_TYPE,LUI_SET_STATE,NAME,CREATEID,CREATETIME,VER_NBR)VALUES ('20fdcaee-d384-4acb-880d-b58fa291b616','d1d4600a-752d-426e-a155-521aa68b14e7','kuali.luiset.type.colocated.offering.set','kuali.luiset.state.active','PHYS739(A)-PHYS738(A) kuali.atp.2012Spring','admin',TO_DATE( '20130109154249', 'YYYYMMDDHH24MISS' ),0)
/
INSERT INTO KSEN_LUI_SET(ID,OBJ_ID,LUI_SET_TYPE,LUI_SET_STATE,NAME,CREATEID,CREATETIME,VER_NBR)VALUES ('476b49b5-142a-45ef-aa55-593d33706509','504ed063-1926-43f3-a30e-5b50af96862f','kuali.luiset.type.colocated.offering.set','kuali.luiset.state.active','PHYS739(A)-PHYS738(A) kuali.atp.2013Spring','admin',TO_DATE( '20130109154249', 'YYYYMMDDHH24MISS' ),0)
/
INSERT INTO KSEN_LUI_SET(ID,OBJ_ID,LUI_SET_TYPE,LUI_SET_STATE,NAME,CREATEID,CREATETIME,VER_NBR)VALUES ('51d96465-ceff-4450-b676-3ccbc7ec0707','84b614bd-8321-4873-aa47-e747b92c05c7','kuali.luiset.type.colocated.offering.set','kuali.luiset.state.active','CHEM131(V)-CHEM131S(G) kuali.atp.2011Fall','admin',TO_DATE( '20130109154249', 'YYYYMMDDHH24MISS' ),0)
/
INSERT INTO KSEN_LUI_SET(ID,OBJ_ID,LUI_SET_TYPE,LUI_SET_STATE,NAME,CREATEID,CREATETIME,VER_NBR)VALUES ('cdb9f2c6-a9b0-432e-aaa7-d89a3fb41f14','2ef4f025-7c36-4e44-bffc-7785758d0643','kuali.luiset.type.colocated.offering.set','kuali.luiset.state.active','CHEM131(V)-CHEM131S(G) kuali.atp.2012Fall','admin',TO_DATE( '20130109154249', 'YYYYMMDDHH24MISS' ),0)
/
INSERT INTO KSEN_LUI_SET(ID,OBJ_ID,LUI_SET_TYPE,LUI_SET_STATE,NAME,CREATEID,CREATETIME,VER_NBR)VALUES ('9184c160-d932-4864-8b1c-1efc59e86e5f','c64e82c0-1fc6-4fd8-b424-9eaf56d29ab2','kuali.luiset.type.colocated.offering.set','kuali.luiset.state.active','CHEM131(O)-CHEM131S(E) kuali.atp.2011Fall','admin',TO_DATE( '20130109154249', 'YYYYMMDDHH24MISS' ),0)
/
INSERT INTO KSEN_LUI_SET(ID,OBJ_ID,LUI_SET_TYPE,LUI_SET_STATE,NAME,CREATEID,CREATETIME,VER_NBR)VALUES ('e0b3403f-bff2-4ba0-abce-97932c947891','8992fced-e557-4b3b-a881-7335badcb51c','kuali.luiset.type.colocated.offering.set','kuali.luiset.state.active','CHEM131(O)-CHEM131S(E) kuali.atp.2012Fall','admin',TO_DATE( '20130109154249', 'YYYYMMDDHH24MISS' ),0)
/
INSERT INTO KSEN_LUI_SET(ID,OBJ_ID,LUI_SET_TYPE,LUI_SET_STATE,NAME,CREATEID,CREATETIME,VER_NBR)VALUES ('719fd9ab-d6b0-48fb-98fe-1a070d93be0f','5cd1192f-5a0d-48be-b3aa-6b6b4d91bdc2','kuali.luiset.type.colocated.offering.set','kuali.luiset.state.active','CHEM131(H)-CHEM131S(C) kuali.atp.2011Fall','admin',TO_DATE( '20130109154249', 'YYYYMMDDHH24MISS' ),0)
/
INSERT INTO KSEN_LUI_SET(ID,OBJ_ID,LUI_SET_TYPE,LUI_SET_STATE,NAME,CREATEID,CREATETIME,VER_NBR)VALUES ('3745df87-6930-41e0-a4c6-5d20c768df25','e395616f-9d9c-4e77-beec-3221c694c1b5','kuali.luiset.type.colocated.offering.set','kuali.luiset.state.active','CHEM131(H)-CHEM131S(C) kuali.atp.2012Fall','admin',TO_DATE( '20130109154249', 'YYYYMMDDHH24MISS' ),0)
/
INSERT INTO KSEN_LUI_SET(ID,OBJ_ID,LUI_SET_TYPE,LUI_SET_STATE,NAME,CREATEID,CREATETIME,VER_NBR)VALUES ('81f30662-a62d-4fc9-b28b-21638cf94e8b','585526d9-007e-4238-bda2-6547270fa3d5','kuali.luiset.type.colocated.offering.set','kuali.luiset.state.active','CHEM131(A)-CHEM131S(A) kuali.atp.2011Fall','admin',TO_DATE( '20130109154249', 'YYYYMMDDHH24MISS' ),0)
/
INSERT INTO KSEN_LUI_SET(ID,OBJ_ID,LUI_SET_TYPE,LUI_SET_STATE,NAME,CREATEID,CREATETIME,VER_NBR)VALUES ('ced0bc35-5036-400d-95fe-51d9094ddc2d','193d4a4f-c554-4ac9-853e-3846636f003d','kuali.luiset.type.colocated.offering.set','kuali.luiset.state.active','CHEM131(A)-CHEM131S(A) kuali.atp.2012Fall','admin',TO_DATE( '20130109154249', 'YYYYMMDDHH24MISS' ),0)
/
INSERT INTO KSEN_LUI_SET(ID,OBJ_ID,LUI_SET_TYPE,LUI_SET_STATE,NAME,CREATEID,CREATETIME,VER_NBR)VALUES ('9d0c8514-1c90-4578-a8dc-dc8fefb3f347','cadc5d05-b5cc-4937-ba0b-76a173afb553','kuali.luiset.type.colocated.offering.set','kuali.luiset.state.active','PHYS273(A)-PHYS273H(A) kuali.atp.2011Fall','admin',TO_DATE( '20130109154249', 'YYYYMMDDHH24MISS' ),0)
/
INSERT INTO KSEN_LUI_SET(ID,OBJ_ID,LUI_SET_TYPE,LUI_SET_STATE,NAME,CREATEID,CREATETIME,VER_NBR)VALUES ('ab92e297-f6e6-4b52-82d6-91353879693c','ae85db87-f9a6-411a-838a-2935bdea2f53','kuali.luiset.type.colocated.offering.set','kuali.luiset.state.active','PHYS273(A)-PHYS273H(A) kuali.atp.2011Spring','admin',TO_DATE( '20130109154249', 'YYYYMMDDHH24MISS' ),0)
/
INSERT INTO KSEN_LUI_SET(ID,OBJ_ID,LUI_SET_TYPE,LUI_SET_STATE,NAME,CREATEID,CREATETIME,VER_NBR)VALUES ('ec5f5802-8673-468d-aa44-97e3a4bdc184','f76206ec-eddc-4006-b7fa-b9af3fae06b6','kuali.luiset.type.colocated.offering.set','kuali.luiset.state.active','PHYS273(A)-PHYS273H(A) kuali.atp.2012Fall','admin',TO_DATE( '20130109154249', 'YYYYMMDDHH24MISS' ),0)
/
INSERT INTO KSEN_LUI_SET(ID,OBJ_ID,LUI_SET_TYPE,LUI_SET_STATE,NAME,CREATEID,CREATETIME,VER_NBR)VALUES ('5f98e80c-6cb1-4892-b02c-17b2fac3b011','f8cec1c5-d67f-43e2-b7a1-e62c4685d8f5','kuali.luiset.type.colocated.offering.set','kuali.luiset.state.active','PHYS273(A)-PHYS273H(A) kuali.atp.2012Spring','admin',TO_DATE( '20130109154249', 'YYYYMMDDHH24MISS' ),0)
/
INSERT INTO KSEN_LUI_SET(ID,OBJ_ID,LUI_SET_TYPE,LUI_SET_STATE,NAME,CREATEID,CREATETIME,VER_NBR)VALUES ('08b5a8aa-e260-405e-b061-afee13dc1e73','0d8274df-8b70-4542-880b-d71a3c3093c0','kuali.luiset.type.colocated.offering.set','kuali.luiset.state.active','PHYS273(A)-PHYS273H(A) kuali.atp.2013Spring','admin',TO_DATE( '20130109154249', 'YYYYMMDDHH24MISS' ),0)
/
INSERT INTO KSEN_LUI_SET(ID,OBJ_ID,LUI_SET_TYPE,LUI_SET_STATE,NAME,CREATEID,CREATETIME,VER_NBR)VALUES ('35ce8dfe-2e31-40ff-b0a9-90a8da64225b','c5d0c013-e6db-437c-b0c0-4037adfc369d','kuali.luiset.type.colocated.offering.set','kuali.luiset.state.active','ENGL416(A)-HIST332(A) kuali.atp.2011Fall','admin',TO_DATE( '20130109154249', 'YYYYMMDDHH24MISS' ),0)
/
INSERT INTO KSEN_LUI_SET(ID,OBJ_ID,LUI_SET_TYPE,LUI_SET_STATE,NAME,CREATEID,CREATETIME,VER_NBR)VALUES ('b9d8653b-f88b-4f7d-a363-024bb445d0a0','405520f8-5548-41d3-9c68-cc7e59070a99','kuali.luiset.type.colocated.offering.set','kuali.luiset.state.active','ENGL416(A)-HIST332(A) kuali.atp.2011Spring','admin',TO_DATE( '20130109154249', 'YYYYMMDDHH24MISS' ),0)
/
INSERT INTO KSEN_LUI_SET(ID,OBJ_ID,LUI_SET_TYPE,LUI_SET_STATE,NAME,CREATEID,CREATETIME,VER_NBR)VALUES ('d0691cb2-e566-42d0-a283-22371de820e1','17840e7e-f1f7-4576-9883-5a7807f3a6dd','kuali.luiset.type.colocated.offering.set','kuali.luiset.state.active','ENGL416(A)-HIST332(A) kuali.atp.2012Fall','admin',TO_DATE( '20130109154249', 'YYYYMMDDHH24MISS' ),0)
/
INSERT INTO KSEN_LUI_SET(ID,OBJ_ID,LUI_SET_TYPE,LUI_SET_STATE,NAME,CREATEID,CREATETIME,VER_NBR)VALUES ('daf8a0a7-8ec6-4b26-aa39-24e7d2449c0f','fcdd9a14-d5e4-4fe1-9be3-0ba73b9c7b52','kuali.luiset.type.colocated.offering.set','kuali.luiset.state.active','HIST492(A)-WMST453(A) kuali.atp.2012Fall','admin',TO_DATE( '20130109154249', 'YYYYMMDDHH24MISS' ),0)
/
INSERT INTO KSEN_LUI_SET_LUI(LUI_ID,LUI_SET_ID)VALUES('d62b2f12-e5ef-4382-accd-c2d5287e9ce3','8a7363fe-6a8e-4e66-a296-e56bc1c37506')
/
INSERT INTO KSEN_LUI_SET_LUI(LUI_ID,LUI_SET_ID)VALUES('f41a777c-f84d-43d0-8171-56f615150cb5','8a7363fe-6a8e-4e66-a296-e56bc1c37506')
/
INSERT INTO KSEN_LUI_SET_LUI(LUI_ID,LUI_SET_ID)VALUES('af66744b-dcf0-4901-8534-b5e862ad0c5c','0d3a65e2-04fb-416b-a65d-8fa4f08c0021')
/
INSERT INTO KSEN_LUI_SET_LUI(LUI_ID,LUI_SET_ID)VALUES('f4dd93be-de5b-4adf-b08c-bfea74630dcc','0d3a65e2-04fb-416b-a65d-8fa4f08c0021')
/
INSERT INTO KSEN_LUI_SET_LUI(LUI_ID,LUI_SET_ID)VALUES('d62b2f12-e5ef-4382-accd-c2d5287e9ce3','54ed2880-a2ca-4331-aa19-933c9ee67039')
/
INSERT INTO KSEN_LUI_SET_LUI(LUI_ID,LUI_SET_ID)VALUES('f41a777c-f84d-43d0-8171-56f615150cb5','54ed2880-a2ca-4331-aa19-933c9ee67039')
/
INSERT INTO KSEN_LUI_SET_LUI(LUI_ID,LUI_SET_ID)VALUES('a4cdc5b8-5d78-4e67-8912-3ee9b67e12aa','91271fb3-5876-4221-a8b5-41bd19523df0')
/
INSERT INTO KSEN_LUI_SET_LUI(LUI_ID,LUI_SET_ID)VALUES('c3403f31-6789-4046-b9a6-c000a77f8cd0','91271fb3-5876-4221-a8b5-41bd19523df0')
/
INSERT INTO KSEN_LUI_SET_LUI(LUI_ID,LUI_SET_ID)VALUES('4a75e223-60fa-443a-9efc-6c2681c8b964','8cab2ce9-6f30-4424-a254-f81ecc7e06f4')
/
INSERT INTO KSEN_LUI_SET_LUI(LUI_ID,LUI_SET_ID)VALUES('98debfbd-e4bf-4dd5-8172-9f61ebefbbc8','8cab2ce9-6f30-4424-a254-f81ecc7e06f4')
/
INSERT INTO KSEN_LUI_SET_LUI(LUI_ID,LUI_SET_ID)VALUES('38e83c79-3b61-4343-914d-0a330ef20d6a','20fdcaee-d384-4acb-880d-b58fa291b616')
/
INSERT INTO KSEN_LUI_SET_LUI(LUI_ID,LUI_SET_ID)VALUES('cd1b490d-22e8-482d-9af0-21fd03eda448','20fdcaee-d384-4acb-880d-b58fa291b616')
/
INSERT INTO KSEN_LUI_SET_LUI(LUI_ID,LUI_SET_ID)VALUES('4666c067-7f16-4124-91bf-42f4fd6ea246','476b49b5-142a-45ef-aa55-593d33706509')
/
INSERT INTO KSEN_LUI_SET_LUI(LUI_ID,LUI_SET_ID)VALUES('1bd7db76-4e66-4a22-8c9d-eb1ba51fc7c5','476b49b5-142a-45ef-aa55-593d33706509')
/
INSERT INTO KSEN_LUI_SET_LUI(LUI_ID,LUI_SET_ID)VALUES('b5a54ffb-f41e-4124-9aeb-329c1eac702d','51d96465-ceff-4450-b676-3ccbc7ec0707')
/
INSERT INTO KSEN_LUI_SET_LUI(LUI_ID,LUI_SET_ID)VALUES('34225a18-eafe-48eb-a1ee-3d6c38634f4d','51d96465-ceff-4450-b676-3ccbc7ec0707')
/
INSERT INTO KSEN_LUI_SET_LUI(LUI_ID,LUI_SET_ID)VALUES('5857b2bd-a872-4409-a4ad-9ef6341d4ee3','cdb9f2c6-a9b0-432e-aaa7-d89a3fb41f14')
/
INSERT INTO KSEN_LUI_SET_LUI(LUI_ID,LUI_SET_ID)VALUES('b9af71a4-5aef-465e-b979-b3ccb9e5f6c2','cdb9f2c6-a9b0-432e-aaa7-d89a3fb41f14')
/
INSERT INTO KSEN_LUI_SET_LUI(LUI_ID,LUI_SET_ID)VALUES('5b7c5dab-4c1f-41fe-b39e-2e2ea637b49c','9184c160-d932-4864-8b1c-1efc59e86e5f')
/
INSERT INTO KSEN_LUI_SET_LUI(LUI_ID,LUI_SET_ID)VALUES('d3a84e55-f1fc-49b5-969c-00b139579ff4','9184c160-d932-4864-8b1c-1efc59e86e5f')
/
INSERT INTO KSEN_LUI_SET_LUI(LUI_ID,LUI_SET_ID)VALUES('a00dd7ea-5f42-4076-b17c-d60d6fc7b38a','e0b3403f-bff2-4ba0-abce-97932c947891')
/
INSERT INTO KSEN_LUI_SET_LUI(LUI_ID,LUI_SET_ID)VALUES('c309b916-f08b-42c0-a050-1c9d78c4de93','e0b3403f-bff2-4ba0-abce-97932c947891')
/
INSERT INTO KSEN_LUI_SET_LUI(LUI_ID,LUI_SET_ID)VALUES('d1278c50-1672-4b4e-b4e6-770524dfed73','719fd9ab-d6b0-48fb-98fe-1a070d93be0f')
/
INSERT INTO KSEN_LUI_SET_LUI(LUI_ID,LUI_SET_ID)VALUES('d32f5925-e880-45d3-b0f4-2802f493d300','719fd9ab-d6b0-48fb-98fe-1a070d93be0f')
/
INSERT INTO KSEN_LUI_SET_LUI(LUI_ID,LUI_SET_ID)VALUES('fa6daf84-3a37-40b6-a6eb-697b2841e362','3745df87-6930-41e0-a4c6-5d20c768df25')
/
INSERT INTO KSEN_LUI_SET_LUI(LUI_ID,LUI_SET_ID)VALUES('ff562566-f1aa-48f0-97ab-706c781373c1','3745df87-6930-41e0-a4c6-5d20c768df25')
/
INSERT INTO KSEN_LUI_SET_LUI(LUI_ID,LUI_SET_ID)VALUES('8aa2450b-62f7-480d-82a5-f645caeadddb','81f30662-a62d-4fc9-b28b-21638cf94e8b')
/
INSERT INTO KSEN_LUI_SET_LUI(LUI_ID,LUI_SET_ID)VALUES('cb99a23f-d8ba-4a8c-a172-287e3ef17645','81f30662-a62d-4fc9-b28b-21638cf94e8b')
/
INSERT INTO KSEN_LUI_SET_LUI(LUI_ID,LUI_SET_ID)VALUES('1dd9caa4-70a9-4b0a-9f68-87f1a20a9495','ced0bc35-5036-400d-95fe-51d9094ddc2d')
/
INSERT INTO KSEN_LUI_SET_LUI(LUI_ID,LUI_SET_ID)VALUES('b9c6ba0e-41a2-4490-8a50-4ef9805d6607','ced0bc35-5036-400d-95fe-51d9094ddc2d')
/
INSERT INTO KSEN_LUI_SET_LUI(LUI_ID,LUI_SET_ID)VALUES('cd5f0eea-0087-473b-abbb-50e5bdfa2658','9d0c8514-1c90-4578-a8dc-dc8fefb3f347')
/
INSERT INTO KSEN_LUI_SET_LUI(LUI_ID,LUI_SET_ID)VALUES('02803536-14d2-45f8-97c4-38ca451c75f5','9d0c8514-1c90-4578-a8dc-dc8fefb3f347')
/
INSERT INTO KSEN_LUI_SET_LUI(LUI_ID,LUI_SET_ID)VALUES('685c26a9-7945-4b6d-815d-3e1c8bd373e9','ab92e297-f6e6-4b52-82d6-91353879693c')
/
INSERT INTO KSEN_LUI_SET_LUI(LUI_ID,LUI_SET_ID)VALUES('16e33e96-9cf6-4885-b126-85874e69f673','ab92e297-f6e6-4b52-82d6-91353879693c')
/
INSERT INTO KSEN_LUI_SET_LUI(LUI_ID,LUI_SET_ID)VALUES('1ae74f03-9a26-4cdb-944b-00a03e4338e9','ec5f5802-8673-468d-aa44-97e3a4bdc184')
/
INSERT INTO KSEN_LUI_SET_LUI(LUI_ID,LUI_SET_ID)VALUES('736359a7-5b3e-4f9f-adef-23f942632878','ec5f5802-8673-468d-aa44-97e3a4bdc184')
/
INSERT INTO KSEN_LUI_SET_LUI(LUI_ID,LUI_SET_ID)VALUES('35458a61-9fad-4492-b9a3-c8ea28a8b9fe','5f98e80c-6cb1-4892-b02c-17b2fac3b011')
/
INSERT INTO KSEN_LUI_SET_LUI(LUI_ID,LUI_SET_ID)VALUES('25855f24-44d2-4c93-9b32-fe6f6fe631df','5f98e80c-6cb1-4892-b02c-17b2fac3b011')
/
INSERT INTO KSEN_LUI_SET_LUI(LUI_ID,LUI_SET_ID)VALUES('3d9ad5a1-a4a6-41ba-86f7-aa523fb8a9c1','08b5a8aa-e260-405e-b061-afee13dc1e73')
/
INSERT INTO KSEN_LUI_SET_LUI(LUI_ID,LUI_SET_ID)VALUES('dbcdc46d-f4cc-4966-9807-d3f35af7f046','08b5a8aa-e260-405e-b061-afee13dc1e73')
/
INSERT INTO KSEN_LUI_SET_LUI(LUI_ID,LUI_SET_ID)VALUES('80cd76e0-3fe9-43ee-b8a6-379cec2199f2','35ce8dfe-2e31-40ff-b0a9-90a8da64225b')
/
INSERT INTO KSEN_LUI_SET_LUI(LUI_ID,LUI_SET_ID)VALUES('85c9dc1a-d000-4f55-852d-c239e6f2f14e','35ce8dfe-2e31-40ff-b0a9-90a8da64225b')
/
INSERT INTO KSEN_LUI_SET_LUI(LUI_ID,LUI_SET_ID)VALUES('933c8716-2a36-4b47-9f75-6f2d6adab09d','b9d8653b-f88b-4f7d-a363-024bb445d0a0')
/
INSERT INTO KSEN_LUI_SET_LUI(LUI_ID,LUI_SET_ID)VALUES('7ebcc7c7-8f28-4b45-b20b-13156802a605','b9d8653b-f88b-4f7d-a363-024bb445d0a0')
/
INSERT INTO KSEN_LUI_SET_LUI(LUI_ID,LUI_SET_ID)VALUES('04d1ce22-a472-461c-91a1-270957d33da3','d0691cb2-e566-42d0-a283-22371de820e1')
/
INSERT INTO KSEN_LUI_SET_LUI(LUI_ID,LUI_SET_ID)VALUES('25ff62eb-00b7-445f-ad2b-aa3b336fc5c3','d0691cb2-e566-42d0-a283-22371de820e1')
/
INSERT INTO KSEN_LUI_SET_LUI(LUI_ID,LUI_SET_ID)VALUES('7e9c868c-c1ef-479f-bbaf-69682d320db1','daf8a0a7-8ec6-4b26-aa39-24e7d2449c0f')
/
INSERT INTO KSEN_LUI_SET_LUI(LUI_ID,LUI_SET_ID)VALUES('d5b09162-a777-4c6d-a2b2-7a70e34e5ae3','daf8a0a7-8ec6-4b26-aa39-24e7d2449c0f')
/
INSERT INTO KSEN_LUI_SET_ATTR (ATTR_KEY,ATTR_VALUE,ID,OBJ_ID,OWNER_ID)VALUES ('kuali.attribute.colocatedset.is.max.enrollment.shared','Y','b46084d6-9786-4f36-8932-e045d96db65c','f293a1d8-39d8-45c6-8fa1-917f9299a475','8a7363fe-6a8e-4e66-a296-e56bc1c37506')
/
INSERT INTO KSEN_LUI_SET_ATTR (ATTR_KEY,ATTR_VALUE,ID,OBJ_ID,OWNER_ID)VALUES ('kuali.attribute.colocatedset.max.enrollment','45','1a3ad68c-6f79-4c2d-b87a-10c09497edb7','c5459645-73c3-4bbd-833b-68d710f48d9c','8a7363fe-6a8e-4e66-a296-e56bc1c37506')
/
INSERT INTO KSEN_LUI_SET_ATTR (ATTR_KEY,ATTR_VALUE,ID,OBJ_ID,OWNER_ID)VALUES ('kuali.attribute.colocatedset.is.max.enrollment.shared','Y','c8b68bd6-c746-473b-87d1-014d08b17b92','333bf20b-2522-4d23-930b-e5c0f9e3d6d4','0d3a65e2-04fb-416b-a65d-8fa4f08c0021')
/
INSERT INTO KSEN_LUI_SET_ATTR (ATTR_KEY,ATTR_VALUE,ID,OBJ_ID,OWNER_ID)VALUES ('kuali.attribute.colocatedset.max.enrollment','45','a6da89b6-acee-4a4f-9ce3-a192cc0e5885','1ed1bbda-6b72-496c-8f1b-504c583c70af','0d3a65e2-04fb-416b-a65d-8fa4f08c0021')
/
INSERT INTO KSEN_LUI_SET_ATTR (ATTR_KEY,ATTR_VALUE,ID,OBJ_ID,OWNER_ID)VALUES ('kuali.attribute.colocatedset.is.max.enrollment.shared','Y','81a4c1e2-42dc-492d-a42f-76076830ae48','53493bde-110a-402d-a40c-9e3a2222c5ef','54ed2880-a2ca-4331-aa19-933c9ee67039')
/
INSERT INTO KSEN_LUI_SET_ATTR (ATTR_KEY,ATTR_VALUE,ID,OBJ_ID,OWNER_ID)VALUES ('kuali.attribute.colocatedset.max.enrollment','30','3748ff48-1ff4-4a6c-a9f0-545f11263689','9e9fbf57-e815-43d6-9603-204b1b5aefd4','54ed2880-a2ca-4331-aa19-933c9ee67039')
/
INSERT INTO KSEN_LUI_SET_ATTR (ATTR_KEY,ATTR_VALUE,ID,OBJ_ID,OWNER_ID)VALUES ('kuali.attribute.colocatedset.is.max.enrollment.shared','Y','064dd619-7405-4bba-b761-41ffad112668','b47d0b48-41c1-4839-ac8f-5c4c47e19fbf','91271fb3-5876-4221-a8b5-41bd19523df0')
/
INSERT INTO KSEN_LUI_SET_ATTR (ATTR_KEY,ATTR_VALUE,ID,OBJ_ID,OWNER_ID)VALUES ('kuali.attribute.colocatedset.max.enrollment','30','f52e90c2-286b-45ca-b5ed-1d473ca3eed3','3d2b2886-486c-442f-931f-5f4fae659fb6','91271fb3-5876-4221-a8b5-41bd19523df0')
/
INSERT INTO KSEN_LUI_SET_ATTR (ATTR_KEY,ATTR_VALUE,ID,OBJ_ID,OWNER_ID)VALUES ('kuali.attribute.colocatedset.is.max.enrollment.shared','Y','454adaec-8507-4c6b-a26e-b5da722b4639','bf52f818-ee23-43e9-a383-16ec4bd03df9','8cab2ce9-6f30-4424-a254-f81ecc7e06f4')
/
INSERT INTO KSEN_LUI_SET_ATTR (ATTR_KEY,ATTR_VALUE,ID,OBJ_ID,OWNER_ID)VALUES ('kuali.attribute.colocatedset.max.enrollment','30','fee3a0d6-5650-4b79-991d-3872316b3bc3','82361e6c-4cbf-43cb-b97b-458af8f6a96b','8cab2ce9-6f30-4424-a254-f81ecc7e06f4')
/
INSERT INTO KSEN_LUI_SET_ATTR (ATTR_KEY,ATTR_VALUE,ID,OBJ_ID,OWNER_ID)VALUES ('kuali.attribute.colocatedset.is.max.enrollment.shared','Y','082cc6ae-af80-4ce3-98fa-1fa488c2b4ba','dbf6dfec-0968-41c9-abe3-c951ae78cef8','20fdcaee-d384-4acb-880d-b58fa291b616')
/
INSERT INTO KSEN_LUI_SET_ATTR (ATTR_KEY,ATTR_VALUE,ID,OBJ_ID,OWNER_ID)VALUES ('kuali.attribute.colocatedset.max.enrollment','30','371cab61-d770-4984-8631-bf99c2db75f7','61f50400-142b-4684-a00e-e8d9504d4016','20fdcaee-d384-4acb-880d-b58fa291b616')
/
INSERT INTO KSEN_LUI_SET_ATTR (ATTR_KEY,ATTR_VALUE,ID,OBJ_ID,OWNER_ID)VALUES ('kuali.attribute.colocatedset.is.max.enrollment.shared','Y','27dd92b9-4b87-454e-8943-6d7498c6b5f7','dd4bb89d-57b9-4a49-95e0-82c2a112b5d6','476b49b5-142a-45ef-aa55-593d33706509')
/
INSERT INTO KSEN_LUI_SET_ATTR (ATTR_KEY,ATTR_VALUE,ID,OBJ_ID,OWNER_ID)VALUES ('kuali.attribute.colocatedset.max.enrollment','30','c061d7a7-1d37-4a9a-9942-0dd4caf9ca0f','49e5e94c-46f5-4ce6-9ead-658e63087c32','476b49b5-142a-45ef-aa55-593d33706509')
/
INSERT INTO KSEN_LUI_SET_ATTR (ATTR_KEY,ATTR_VALUE,ID,OBJ_ID,OWNER_ID)VALUES ('kuali.attribute.colocatedset.is.max.enrollment.shared','N','a563a723-d4d9-429a-9f34-471a9d3a787c','21c4affb-f2d7-446e-8a19-1351e8420977','51d96465-ceff-4450-b676-3ccbc7ec0707')
/
INSERT INTO KSEN_LUI_SET_ATTR (ATTR_KEY,ATTR_VALUE,ID,OBJ_ID,OWNER_ID)VALUES ('kuali.attribute.colocatedset.max.enrollment','205','59828923-217d-4e3f-9cdd-90df1589ce3a','f753845d-3292-4cc9-a6e4-d214acfefecc','51d96465-ceff-4450-b676-3ccbc7ec0707')
/
INSERT INTO KSEN_LUI_SET_ATTR (ATTR_KEY,ATTR_VALUE,ID,OBJ_ID,OWNER_ID)VALUES ('kuali.attribute.colocatedset.is.max.enrollment.shared','N','b75903a8-2a6a-4b12-a8be-7f2e25efa642','8645ef3f-ef88-43a9-aa31-a26b29449178','cdb9f2c6-a9b0-432e-aaa7-d89a3fb41f14')
/
INSERT INTO KSEN_LUI_SET_ATTR (ATTR_KEY,ATTR_VALUE,ID,OBJ_ID,OWNER_ID)VALUES ('kuali.attribute.colocatedset.max.enrollment','205','c7d8a294-0063-4628-be78-100590cf898f','85353d13-f5a3-4603-a730-3722cc3d7dfd','cdb9f2c6-a9b0-432e-aaa7-d89a3fb41f14')
/
INSERT INTO KSEN_LUI_SET_ATTR (ATTR_KEY,ATTR_VALUE,ID,OBJ_ID,OWNER_ID)VALUES ('kuali.attribute.colocatedset.is.max.enrollment.shared','N','0a2e662c-1867-4ea9-a7b4-e1b8f0baa419','ea507728-350c-41ff-86c1-3f201343b1b1','9184c160-d932-4864-8b1c-1efc59e86e5f')
/
INSERT INTO KSEN_LUI_SET_ATTR (ATTR_KEY,ATTR_VALUE,ID,OBJ_ID,OWNER_ID)VALUES ('kuali.attribute.colocatedset.max.enrollment','204','9447fe57-d050-4684-b246-fb134964271c','cc28a2ac-7ae7-4252-bc7e-9479a0ab0195','9184c160-d932-4864-8b1c-1efc59e86e5f')
/
INSERT INTO KSEN_LUI_SET_ATTR (ATTR_KEY,ATTR_VALUE,ID,OBJ_ID,OWNER_ID)VALUES ('kuali.attribute.colocatedset.is.max.enrollment.shared','N','a1b61148-3146-491d-80da-13acc2c54416','234b92bd-4699-4fed-954d-b5a4daab0963','e0b3403f-bff2-4ba0-abce-97932c947891')
/
INSERT INTO KSEN_LUI_SET_ATTR (ATTR_KEY,ATTR_VALUE,ID,OBJ_ID,OWNER_ID)VALUES ('kuali.attribute.colocatedset.max.enrollment','204','7cfb7b68-e77c-4a92-a92f-6f99c1c7c05e','636187cb-a743-4f1e-9cb4-4f569f1c2895','e0b3403f-bff2-4ba0-abce-97932c947891')
/
INSERT INTO KSEN_LUI_SET_ATTR (ATTR_KEY,ATTR_VALUE,ID,OBJ_ID,OWNER_ID)VALUES ('kuali.attribute.colocatedset.is.max.enrollment.shared','N','3123bbc2-e9dd-4c7c-bdf6-a49d8116750c','8317a264-e9f1-460b-9778-425f00ecb6e1','719fd9ab-d6b0-48fb-98fe-1a070d93be0f')
/
INSERT INTO KSEN_LUI_SET_ATTR (ATTR_KEY,ATTR_VALUE,ID,OBJ_ID,OWNER_ID)VALUES ('kuali.attribute.colocatedset.max.enrollment','205','31e76cd3-d261-4dfc-b440-0ea707518131','baba9a02-f1c8-4d02-8778-55796a43a2bc','719fd9ab-d6b0-48fb-98fe-1a070d93be0f')
/
INSERT INTO KSEN_LUI_SET_ATTR (ATTR_KEY,ATTR_VALUE,ID,OBJ_ID,OWNER_ID)VALUES ('kuali.attribute.colocatedset.is.max.enrollment.shared','N','1b8fb5a9-9ee4-4e97-940b-1716f990f70c','aeedcf64-f25a-4e9a-a4fa-fbf55254ee1c','3745df87-6930-41e0-a4c6-5d20c768df25')
/
INSERT INTO KSEN_LUI_SET_ATTR (ATTR_KEY,ATTR_VALUE,ID,OBJ_ID,OWNER_ID)VALUES ('kuali.attribute.colocatedset.max.enrollment','205','8377fa66-121a-440d-8b3d-280d49baae48','e989ac8d-1646-4281-a4dc-12de5e7106b4','3745df87-6930-41e0-a4c6-5d20c768df25')
/
INSERT INTO KSEN_LUI_SET_ATTR (ATTR_KEY,ATTR_VALUE,ID,OBJ_ID,OWNER_ID)VALUES ('kuali.attribute.colocatedset.is.max.enrollment.shared','N','56ea32d2-e831-4a01-966e-9be9bf082e63','a08c7503-c29e-4d53-8f4d-7f83dd7cf16a','81f30662-a62d-4fc9-b28b-21638cf94e8b')
/
INSERT INTO KSEN_LUI_SET_ATTR (ATTR_KEY,ATTR_VALUE,ID,OBJ_ID,OWNER_ID)VALUES ('kuali.attribute.colocatedset.max.enrollment','205','ca7e7568-8deb-46ca-8e86-d1710e9908e3','0e7525f0-1fec-4264-9b67-eca262dffb36','81f30662-a62d-4fc9-b28b-21638cf94e8b')
/
INSERT INTO KSEN_LUI_SET_ATTR (ATTR_KEY,ATTR_VALUE,ID,OBJ_ID,OWNER_ID)VALUES ('kuali.attribute.colocatedset.is.max.enrollment.shared','N','e1496f36-d2ce-46a9-9228-194da6723c96','642662f7-7ed5-47dd-826f-262fbc1e4348','ced0bc35-5036-400d-95fe-51d9094ddc2d')
/
INSERT INTO KSEN_LUI_SET_ATTR (ATTR_KEY,ATTR_VALUE,ID,OBJ_ID,OWNER_ID)VALUES ('kuali.attribute.colocatedset.max.enrollment','205','744bce81-dcf4-4e4b-81c7-c6efd06da451','48beabca-d006-458c-bc5c-30a9d0e67931','ced0bc35-5036-400d-95fe-51d9094ddc2d')
/
INSERT INTO KSEN_LUI_SET_ATTR (ATTR_KEY,ATTR_VALUE,ID,OBJ_ID,OWNER_ID)VALUES ('kuali.attribute.colocatedset.is.max.enrollment.shared','Y','a1e632fa-b048-48ba-9aa5-f2c67ef31652','25dbbec8-c02e-4aa0-b09d-51c86d90ed0e','9d0c8514-1c90-4578-a8dc-dc8fefb3f347')
/
INSERT INTO KSEN_LUI_SET_ATTR (ATTR_KEY,ATTR_VALUE,ID,OBJ_ID,OWNER_ID)VALUES ('kuali.attribute.colocatedset.max.enrollment','55','68420001-624d-43e4-accd-0f02b8e23652','97bf406f-402b-4c5e-9298-869f990f24f7','9d0c8514-1c90-4578-a8dc-dc8fefb3f347')
/
INSERT INTO KSEN_LUI_SET_ATTR (ATTR_KEY,ATTR_VALUE,ID,OBJ_ID,OWNER_ID)VALUES ('kuali.attribute.colocatedset.is.max.enrollment.shared','Y','3e0659e8-28d9-4787-9dba-eb59576f7a5b','68d202e4-6398-442a-9797-59244e5dc55a','ab92e297-f6e6-4b52-82d6-91353879693c')
/
INSERT INTO KSEN_LUI_SET_ATTR (ATTR_KEY,ATTR_VALUE,ID,OBJ_ID,OWNER_ID)VALUES ('kuali.attribute.colocatedset.max.enrollment','55','38a6dffa-a2d4-4e44-b757-4733474830cd','77496ef3-aa9c-42ec-b6d7-7778e9c1c098','ab92e297-f6e6-4b52-82d6-91353879693c')
/
INSERT INTO KSEN_LUI_SET_ATTR (ATTR_KEY,ATTR_VALUE,ID,OBJ_ID,OWNER_ID)VALUES ('kuali.attribute.colocatedset.is.max.enrollment.shared','Y','780c31c5-8179-4292-81ce-5720eef1fe5e','a28955d6-e963-4b01-a24e-2e1188eff87d','ec5f5802-8673-468d-aa44-97e3a4bdc184')
/
INSERT INTO KSEN_LUI_SET_ATTR (ATTR_KEY,ATTR_VALUE,ID,OBJ_ID,OWNER_ID)VALUES ('kuali.attribute.colocatedset.max.enrollment','55','b23fd83c-d895-4971-b6aa-699453e8b969','9096df3d-6550-4a48-82a7-84ebf98b5c30','ec5f5802-8673-468d-aa44-97e3a4bdc184')
/
INSERT INTO KSEN_LUI_SET_ATTR (ATTR_KEY,ATTR_VALUE,ID,OBJ_ID,OWNER_ID)VALUES ('kuali.attribute.colocatedset.is.max.enrollment.shared','Y','a1c620ea-92a1-4c08-95a4-8a03568fd20b','876954d6-f63a-4fb8-baa8-84ef1a0ae714','5f98e80c-6cb1-4892-b02c-17b2fac3b011')
/
INSERT INTO KSEN_LUI_SET_ATTR (ATTR_KEY,ATTR_VALUE,ID,OBJ_ID,OWNER_ID)VALUES ('kuali.attribute.colocatedset.max.enrollment','55','6d2c40ee-64c3-4213-b3fc-90c59b8b7289','eafaac97-8f74-44d9-aec6-d2833c0f5ad7','5f98e80c-6cb1-4892-b02c-17b2fac3b011')
/
INSERT INTO KSEN_LUI_SET_ATTR (ATTR_KEY,ATTR_VALUE,ID,OBJ_ID,OWNER_ID)VALUES ('kuali.attribute.colocatedset.is.max.enrollment.shared','Y','9280d8ec-9fb8-4392-a596-5eb33b12bb03','1b949bf4-a5ce-4269-8b89-a28aa9d173b4','08b5a8aa-e260-405e-b061-afee13dc1e73')
/
INSERT INTO KSEN_LUI_SET_ATTR (ATTR_KEY,ATTR_VALUE,ID,OBJ_ID,OWNER_ID)VALUES ('kuali.attribute.colocatedset.max.enrollment','55','cad8b94d-f78e-4d89-a563-7159e2aa6961','0796374b-deef-4174-98cd-ac5117f25eed','08b5a8aa-e260-405e-b061-afee13dc1e73')
/
INSERT INTO KSEN_LUI_SET_ATTR (ATTR_KEY,ATTR_VALUE,ID,OBJ_ID,OWNER_ID)VALUES ('kuali.attribute.colocatedset.is.max.enrollment.shared','Y','9493cc03-2b23-4286-9b64-10de6b5ec17e','c2363fba-4d5a-4f1b-ad7a-9107bee9db98','35ce8dfe-2e31-40ff-b0a9-90a8da64225b')
/
INSERT INTO KSEN_LUI_SET_ATTR (ATTR_KEY,ATTR_VALUE,ID,OBJ_ID,OWNER_ID)VALUES ('kuali.attribute.colocatedset.max.enrollment','25','b45c67de-a5da-43c7-8d18-f214cf7e04f0','6fda0a26-27e3-4a43-8d6f-0dea5c84195a','35ce8dfe-2e31-40ff-b0a9-90a8da64225b')
/
INSERT INTO KSEN_LUI_SET_ATTR (ATTR_KEY,ATTR_VALUE,ID,OBJ_ID,OWNER_ID)VALUES ('kuali.attribute.colocatedset.is.max.enrollment.shared','Y','5c62b28e-a513-4858-a23e-fd2bde9a7e3b','0514c134-6f1d-4ca1-99c2-86a492b47fd9','b9d8653b-f88b-4f7d-a363-024bb445d0a0')
/
INSERT INTO KSEN_LUI_SET_ATTR (ATTR_KEY,ATTR_VALUE,ID,OBJ_ID,OWNER_ID)VALUES ('kuali.attribute.colocatedset.max.enrollment','25','5d9520b1-2771-41a5-880d-40572f9378a5','152d2dcf-3630-4170-8404-e07dca92cde9','b9d8653b-f88b-4f7d-a363-024bb445d0a0')
/
INSERT INTO KSEN_LUI_SET_ATTR (ATTR_KEY,ATTR_VALUE,ID,OBJ_ID,OWNER_ID)VALUES ('kuali.attribute.colocatedset.is.max.enrollment.shared','Y','733d9fd9-a831-4643-a617-26f7c9b66f4a','3dc212c1-7967-4306-b7e4-7fb2af7b9611','d0691cb2-e566-42d0-a283-22371de820e1')
/
INSERT INTO KSEN_LUI_SET_ATTR (ATTR_KEY,ATTR_VALUE,ID,OBJ_ID,OWNER_ID)VALUES ('kuali.attribute.colocatedset.max.enrollment','25','bfc1ae69-58db-4b33-8d7b-69f24aeedbff','eff179c5-56a7-4f19-9df1-1c5d48de6ffb','d0691cb2-e566-42d0-a283-22371de820e1')
/
INSERT INTO KSEN_LUI_SET_ATTR (ATTR_KEY,ATTR_VALUE,ID,OBJ_ID,OWNER_ID)VALUES ('kuali.attribute.colocatedset.is.max.enrollment.shared','Y','fee6761c-c9aa-46cd-b13e-118be000856d','a0d0b668-77a8-455e-a2ee-3a359750e8a1','daf8a0a7-8ec6-4b26-aa39-24e7d2449c0f')
/
INSERT INTO KSEN_LUI_SET_ATTR (ATTR_KEY,ATTR_VALUE,ID,OBJ_ID,OWNER_ID)VALUES ('kuali.attribute.colocatedset.max.enrollment','15','fee09626-5c74-42dd-8de9-aded7e1817e7','aed1176e-1a27-4ba3-a1eb-e376448a846f','daf8a0a7-8ec6-4b26-aa39-24e7d2449c0f')
/
