--
insert into KSST_RICH_TEXT_T (ID, FORMATTED, PLAIN, OBJ_ID, VER_NBR) values ('68f5bd77-4948-47c9-970b-2f76029e4652', null, null, '9a4d50b8-cf88-47ca-bc12-cd635da589da', 0)
/
insert into KSST_RICH_TEXT_T (ID, FORMATTED, PLAIN, OBJ_ID, VER_NBR) values ('f6a4c7d6-57fc-46f9-b46a-25dc08441572', null, null, '6ef133d8-1cc2-4a84-97b1-75ca5df18057', 0)
/
insert into KSST_RICH_TEXT_T (ID, FORMATTED, PLAIN, OBJ_ID, VER_NBR) values ('f7f5ed64-4cbf-4da7-8ac9-c27e22553313', null, null, 'ddb06670-1f0b-44ba-969f-9ad8e464fe58', 0)
/
insert into KSST_RICH_TEXT_T (ID, FORMATTED, PLAIN, OBJ_ID, VER_NBR) values ('a625dad5-f3bc-4645-b546-2c0a85e64be7', null, null, '3d0f06dd-15dc-49fc-bcd9-b708e4fe8b92', 0)
/
insert into KSST_RICH_TEXT_T (ID, FORMATTED, PLAIN, OBJ_ID, VER_NBR) values ('174ab86a-851d-4e4b-bb7c-32921f9e0ed5', null, null, 'e2acd04a-b1a8-426f-ae06-5aa9f9ae62da', 0)
/
insert into KSST_RICH_TEXT_T (ID, FORMATTED, PLAIN, OBJ_ID, VER_NBR) values ('454ffa59-3de0-4831-9949-11a1e9d76dd5', null, null, '2a934eab-668e-4f55-b804-c64d433d0eb4', 0)
/
insert into KSST_RICH_TEXT_T (ID, FORMATTED, PLAIN, OBJ_ID, VER_NBR) values ('ff49ea51-2edc-4c52-bf44-2c404149cf0f', null, null, 'f14ca251-b73f-4919-b63a-76411c6770a8', 0)
/
insert into KSST_RICH_TEXT_T (ID, FORMATTED, PLAIN, OBJ_ID, VER_NBR) values ('34cd25d0-6864-40b3-b1bd-d4667bd3fdba', null, null, '03f4b81a-0396-48e1-826c-e09d25b1f2af', 0)
/
insert into KSST_RICH_TEXT_T (ID, FORMATTED, PLAIN, OBJ_ID, VER_NBR) values ('f4970695-88fa-4023-a4da-b85029f07f0c', null, null, 'b55ebe9a-5f45-4f8c-b06c-307a9bf6b960', 0)
/
insert into KSST_RICH_TEXT_T (ID, FORMATTED, PLAIN, OBJ_ID, VER_NBR) values ('5171ef4f-66d9-42f4-a551-ae66715b6c63', null, null, '0096b968-f81f-424a-814e-fd90ecf4a11e', 0)
/
insert into KSST_RICH_TEXT_T (ID, FORMATTED, PLAIN, OBJ_ID, VER_NBR) values ('9149bb81-cda6-4800-b52a-2e7d76b8a94b', null, null, '01d06dfc-0aaa-457a-a1a4-f5de21f95834', 0)
/
insert into KSST_RICH_TEXT_T (ID, FORMATTED, PLAIN, OBJ_ID, VER_NBR) values ('d3a7d64b-d796-45ae-a610-327899d22c8c', null, null, 'd9e23327-06fc-4e40-98c0-258f086c9482', 0)
/
insert into KSST_RICH_TEXT_T (ID, FORMATTED, PLAIN, OBJ_ID, VER_NBR) values ('7df89324-42c7-4763-b905-0f536d684eee', null, null, '9b900de0-2402-4107-b27d-1ea2ce2b4dc7', 0)
/
insert into KSST_RICH_TEXT_T (ID, FORMATTED, PLAIN, OBJ_ID, VER_NBR) values ('c946861a-e0dc-4dc8-9afb-ffeb4dfbf367', null, null, 'c9535a6c-88f6-48ff-b361-a1b734f472b6', 0)
/
insert into KSST_RICH_TEXT_T (ID, FORMATTED, PLAIN, OBJ_ID, VER_NBR) values ('ac4e66ce-5da7-45af-95f2-eeac502c2957', null, null, '80e0f74a-f955-4926-a7c0-2bf47dfe7b8b', 0)
/
insert into KSST_RICH_TEXT_T (ID, FORMATTED, PLAIN, OBJ_ID, VER_NBR) values ('e388fca9-3604-43ed-b192-41630e3313ee', null, null, '590bbeed-351d-47e1-aeda-0ea620d8424f', 0)
/
insert into KSST_RICH_TEXT_T (ID, FORMATTED, PLAIN, OBJ_ID, VER_NBR) values ('c9061b10-bd41-4df2-9532-b3240377b4de', null, null, '71853171-87f9-4964-b8ef-25760f2e16c3', 0)
/
insert into KSST_RICH_TEXT_T (ID, FORMATTED, PLAIN, OBJ_ID, VER_NBR) values ('f2460138-2501-43a4-9763-a0bc6db177cb', null, null, 'c4b7b419-47eb-43b2-aba3-64b823c85bf0', 0)
/
insert into KSST_RICH_TEXT_T (ID, FORMATTED, PLAIN, OBJ_ID, VER_NBR) values ('21d455bf-4845-42cc-915e-ce5abfcd9767', null, null, 'f3362a6a-df14-487e-a410-78c5a64c4885', 0)
/
insert into KSST_RICH_TEXT_T (ID, FORMATTED, PLAIN, OBJ_ID, VER_NBR) values ('75bfd275-0f51-4a1c-851f-feb1eb7d9c2e', null, null, '0d226d7a-4672-4e22-97bc-081aa2b2e7d7', 0)
/


--
insert into KSST_STMT (ID, CREATEID, CREATETIME, UPDATEID, UPDATETIME, VER_NBR, NAME, OPERATOR, ST, RT_DESCR_ID, STMT_TYPE_ID, OBJ_ID) values ('0046913f-a3d3-4280-afe4-6cfc2d909892', 'admin', to_date('2011-04-20', 'yyyy-mm-dd'), 'admin', to_date('2011-04-20', 'yyyy-mm-dd'), 4, null, 'AND', 'Active', 'f4970695-88fa-4023-a4da-b85029f07f0c', 'kuali.statement.type.course.academicReadiness.antireq', '706dbe87-29f9-45b9-b061-07eae67d7e68')
/
insert into KSST_STMT (ID, CREATEID, CREATETIME, UPDATEID, UPDATETIME, VER_NBR, NAME, OPERATOR, ST, RT_DESCR_ID, STMT_TYPE_ID, OBJ_ID) values ('1c46c811-3234-48e0-a35a-8a79ad34076b', 'admin', to_date('2011-04-20', 'yyyy-mm-dd'), 'admin', to_date('2011-04-20', 'yyyy-mm-dd'), 4, null, 'AND', 'Active', 'c9061b10-bd41-4df2-9532-b3240377b4de', 'kuali.statement.type.course.academicReadiness.studentEligibilityPrereq', 'c74ef46c-894b-4d1b-a859-9352de6b769a')
/
insert into KSST_STMT (ID, CREATEID, CREATETIME, UPDATEID, UPDATETIME, VER_NBR, NAME, OPERATOR, ST, RT_DESCR_ID, STMT_TYPE_ID, OBJ_ID) values ('3bca92da-8ead-4779-8089-0447b337b0e7', 'admin', to_date('2011-04-20', 'yyyy-mm-dd'), 'admin', to_date('2011-04-20', 'yyyy-mm-dd'), 4, null, 'AND', 'Active', '7df89324-42c7-4763-b905-0f536d684eee', 'kuali.statement.type.course.academicReadiness.antireq', '299cbf6a-685e-4c0c-9b83-79adfec26d20')
/
insert into KSST_STMT (ID, CREATEID, CREATETIME, UPDATEID, UPDATETIME, VER_NBR, NAME, OPERATOR, ST, RT_DESCR_ID, STMT_TYPE_ID, OBJ_ID) values ('5010fb83-97e6-423e-834e-bd7d1293e43d', 'admin', to_date('2011-04-20', 'yyyy-mm-dd'), 'admin', to_date('2011-04-20', 'yyyy-mm-dd'), 4, null, 'AND', 'Active', 'f7f5ed64-4cbf-4da7-8ac9-c27e22553313', 'kuali.statement.type.course.credit.restriction', '82dda6a9-96ec-444e-b10f-c9b7de7d3cb2')
/
insert into KSST_STMT (ID, CREATEID, CREATETIME, UPDATEID, UPDATETIME, VER_NBR, NAME, OPERATOR, ST, RT_DESCR_ID, STMT_TYPE_ID, OBJ_ID) values ('5472d9fe-0bbb-4070-84e2-190014d73495', 'admin', to_date('2011-04-20', 'yyyy-mm-dd'), 'admin', to_date('2011-04-20', 'yyyy-mm-dd'), 4, null, 'AND', 'Active', '174ab86a-851d-4e4b-bb7c-32921f9e0ed5', 'kuali.statement.type.course.credit.restriction', '5b2110e7-7968-4842-a287-9e4617b087d4')
/
insert into KSST_STMT (ID, CREATEID, CREATETIME, UPDATEID, UPDATETIME, VER_NBR, NAME, OPERATOR, ST, RT_DESCR_ID, STMT_TYPE_ID, OBJ_ID) values ('90500693-ca86-4543-8b26-0bd42449d900', 'admin', to_date('2011-04-20', 'yyyy-mm-dd'), 'admin', to_date('2011-04-20', 'yyyy-mm-dd'), 4, null, 'AND', 'Active', 'ac4e66ce-5da7-45af-95f2-eeac502c2957', 'kuali.statement.type.course.academicReadiness.antireq', '2819e8e3-b9bc-47ad-9dc5-a918f3f5b3c3')
/
insert into KSST_STMT (ID, CREATEID, CREATETIME, UPDATEID, UPDATETIME, VER_NBR, NAME, OPERATOR, ST, RT_DESCR_ID, STMT_TYPE_ID, OBJ_ID) values ('9062f9ec-aab0-4955-b4b7-0f029ba3e0e5', 'admin', to_date('2011-04-20', 'yyyy-mm-dd'), 'admin', to_date('2011-04-20', 'yyyy-mm-dd'), 4, null, 'AND', 'Active', 'ff49ea51-2edc-4c52-bf44-2c404149cf0f', 'kuali.statement.type.course.credit.restriction', '28806242-06c2-4e12-865e-4e14bac834a0')
/
insert into KSST_STMT (ID, CREATEID, CREATETIME, UPDATEID, UPDATETIME, VER_NBR, NAME, OPERATOR, ST, RT_DESCR_ID, STMT_TYPE_ID, OBJ_ID) values ('a250038b-9fa3-4945-9ac3-b2fb8ba535f5', 'admin', to_date('2011-04-20', 'yyyy-mm-dd'), 'admin', to_date('2011-04-20', 'yyyy-mm-dd'), 4, null, 'AND', 'Active', '68f5bd77-4948-47c9-970b-2f76029e4652', 'kuali.statement.type.course.recommendedPreparation', '1052bce7-a1cd-4515-ae5c-c00db0a2ee60')
/
insert into KSST_STMT (ID, CREATEID, CREATETIME, UPDATEID, UPDATETIME, VER_NBR, NAME, OPERATOR, ST, RT_DESCR_ID, STMT_TYPE_ID, OBJ_ID) values ('bc96e55f-24f8-4e89-8915-3e6cb3578cf4', 'admin', to_date('2011-04-20', 'yyyy-mm-dd'), 'admin', to_date('2011-04-20', 'yyyy-mm-dd'), 4, null, 'AND', 'Active', '21d455bf-4845-42cc-915e-ce5abfcd9767', 'kuali.statement.type.course.academicReadiness.coreq', '831e28ec-149e-498a-bcc6-b9347f7b0910')
/
insert into KSST_STMT (ID, CREATEID, CREATETIME, UPDATEID, UPDATETIME, VER_NBR, NAME, OPERATOR, ST, RT_DESCR_ID, STMT_TYPE_ID, OBJ_ID) values ('e234d801-af40-415a-97d4-df684d117f85', 'admin', to_date('2011-04-20', 'yyyy-mm-dd'), 'admin', to_date('2011-04-20', 'yyyy-mm-dd'), 4, null, 'AND', 'Active', '9149bb81-cda6-4800-b52a-2e7d76b8a94b', 'kuali.statement.type.course.academicReadiness.antireq', '8c8a95e0-3530-49b7-a98f-0c7d88fc9221')
/

--
insert into KSST_REQ_COM (ID, CREATEID, CREATETIME, UPDATEID, UPDATETIME, VER_NBR, EFF_DT, EXPIR_DT, ST, RT_DESCR_ID, REQ_COM_TYPE_ID, OBJ_ID) values ('0ce79efc-005d-4f15-9b8d-0c33ec61f1ac', 'admin', to_date('2011-04-20', 'yyyy-mm-dd'), 'admin', to_date('2011-04-20', 'yyyy-mm-dd'), 4, null, null, 'Active', 'f2460138-2501-43a4-9763-a0bc6db177cb', 'kuali.reqComponent.type.course.courseset.completed.nof', '8e145217-3500-4955-9863-876a71f6d152')
/
insert into KSST_REQ_COM (ID, CREATEID, CREATETIME, UPDATEID, UPDATETIME, VER_NBR, EFF_DT, EXPIR_DT, ST, RT_DESCR_ID, REQ_COM_TYPE_ID, OBJ_ID) values ('11160014-a94c-49f1-af9c-79a26360aa8f', 'admin', to_date('2011-04-20', 'yyyy-mm-dd'), 'admin', to_date('2011-04-20', 'yyyy-mm-dd'), 4, null, null, 'Active', 'e388fca9-3604-43ed-b192-41630e3313ee', 'kuali.reqComponent.type.course.courseset.completed.none', 'efa8e3bc-2c9b-45eb-b484-31215c5683ec')
/
insert into KSST_REQ_COM (ID, CREATEID, CREATETIME, UPDATEID, UPDATETIME, VER_NBR, EFF_DT, EXPIR_DT, ST, RT_DESCR_ID, REQ_COM_TYPE_ID, OBJ_ID) values ('2fd9c79b-b11e-4c3a-86e5-281d90ee2ab4', 'admin', to_date('2011-04-20', 'yyyy-mm-dd'), 'admin', to_date('2011-04-20', 'yyyy-mm-dd'), 4, null, null, 'Active', '75bfd275-0f51-4a1c-851f-feb1eb7d9c2e', 'kuali.reqComponent.type.course.courseset.enrolled.nof', '5aa7269a-d855-4d52-a3fa-539f054deaa7')
/
insert into KSST_REQ_COM (ID, CREATEID, CREATETIME, UPDATEID, UPDATETIME, VER_NBR, EFF_DT, EXPIR_DT, ST, RT_DESCR_ID, REQ_COM_TYPE_ID, OBJ_ID) values ('54f0e19d-9737-4915-ba94-296fa21d0554', 'admin', to_date('2011-04-20', 'yyyy-mm-dd'), 'admin', to_date('2011-04-20', 'yyyy-mm-dd'), 4, null, null, 'Active', 'a625dad5-f3bc-4645-b546-2c0a85e64be7', 'kuali.reqComponent.type.course.courseset.completed.none', 'ca0c2a03-65c1-4c02-b812-cb524fbba12c')
/
insert into KSST_REQ_COM (ID, CREATEID, CREATETIME, UPDATEID, UPDATETIME, VER_NBR, EFF_DT, EXPIR_DT, ST, RT_DESCR_ID, REQ_COM_TYPE_ID, OBJ_ID) values ('58dd4bf3-c55a-45e2-876b-953147900f2e', 'admin', to_date('2011-04-20', 'yyyy-mm-dd'), 'admin', to_date('2011-04-20', 'yyyy-mm-dd'), 4, null, null, 'Active', 'f6a4c7d6-57fc-46f9-b46a-25dc08441572', 'kuali.reqComponent.type.course.completed', 'a5f4d272-952d-4909-902b-8c9ccc7deb77')
/
insert into KSST_REQ_COM (ID, CREATEID, CREATETIME, UPDATEID, UPDATETIME, VER_NBR, EFF_DT, EXPIR_DT, ST, RT_DESCR_ID, REQ_COM_TYPE_ID, OBJ_ID) values ('8390b1b7-8e55-47a1-9450-5d9ae5afabd5', 'admin', to_date('2011-04-20', 'yyyy-mm-dd'), 'admin', to_date('2011-04-20', 'yyyy-mm-dd'), 4, null, null, 'Active', '34cd25d0-6864-40b3-b1bd-d4667bd3fdba', 'kuali.reqComponent.type.course.courseset.completed.none', 'ab69b565-06cb-4ab4-bb32-431ec888d578')
/
insert into KSST_REQ_COM (ID, CREATEID, CREATETIME, UPDATEID, UPDATETIME, VER_NBR, EFF_DT, EXPIR_DT, ST, RT_DESCR_ID, REQ_COM_TYPE_ID, OBJ_ID) values ('871f98c1-21b6-4721-8a36-f708bbd2f557', 'admin', to_date('2011-04-20', 'yyyy-mm-dd'), 'admin', to_date('2011-04-20', 'yyyy-mm-dd'), 4, null, null, 'Active', '5171ef4f-66d9-42f4-a551-ae66715b6c63', 'kuali.reqComponent.type.course.courseset.completed.none', '93445314-d756-49fc-a66b-fe0a65050d5a')
/
insert into KSST_REQ_COM (ID, CREATEID, CREATETIME, UPDATEID, UPDATETIME, VER_NBR, EFF_DT, EXPIR_DT, ST, RT_DESCR_ID, REQ_COM_TYPE_ID, OBJ_ID) values ('ac1350de-637e-4b7b-893d-18e696a5493b', 'admin', to_date('2011-04-20', 'yyyy-mm-dd'), 'admin', to_date('2011-04-20', 'yyyy-mm-dd'), 4, null, null, 'Active', 'd3a7d64b-d796-45ae-a610-327899d22c8c', 'kuali.reqComponent.type.course.courseset.completed.none', 'ebfe0b23-c945-4ce3-9cd1-4ff12cb78788')
/
insert into KSST_REQ_COM (ID, CREATEID, CREATETIME, UPDATEID, UPDATETIME, VER_NBR, EFF_DT, EXPIR_DT, ST, RT_DESCR_ID, REQ_COM_TYPE_ID, OBJ_ID) values ('c4e8a80a-0bba-4836-a62b-11dc08e3716d', 'admin', to_date('2011-04-20', 'yyyy-mm-dd'), 'admin', to_date('2011-04-20', 'yyyy-mm-dd'), 4, null, null, 'Active', '454ffa59-3de0-4831-9949-11a1e9d76dd5', 'kuali.reqComponent.type.course.courseset.completed.none', 'bb9ad5c8-e599-49a9-8e3d-8900cd453d33')
/
insert into KSST_REQ_COM (ID, CREATEID, CREATETIME, UPDATEID, UPDATETIME, VER_NBR, EFF_DT, EXPIR_DT, ST, RT_DESCR_ID, REQ_COM_TYPE_ID, OBJ_ID) values ('ead1b12b-f2d2-451a-a7dc-165431a7dbd8', 'admin', to_date('2011-04-20', 'yyyy-mm-dd'), 'admin', to_date('2011-04-20', 'yyyy-mm-dd'), 4, null, null, 'Active', 'c946861a-e0dc-4dc8-9afb-ffeb4dfbf367', 'kuali.reqComponent.type.course.courseset.completed.none', '340ce61a-3349-400b-bb13-63944a62b480')
/

--
insert into KSST_REF_STMT_REL (ID, CREATEID, CREATETIME, UPDATEID, UPDATETIME, VER_NBR, EFF_DT, EXPIR_DT, REF_OBJ_ID, REF_OBJ_TYPE_KEY, ST, REF_STMT_REL_TYPE_ID, STMT_ID, OBJ_ID) values ('0c5f0a99-bb9b-4ca2-9524-96e2bf783dcc', 'admin', to_date('2011-04-20', 'yyyy-mm-dd'), 'admin', to_date('2011-04-20', 'yyyy-mm-dd'), 0, null, null, 'REFERENCECOURSEMATH113', 'kuali.lu.type.CreditCourse', 'Active', 'kuali.referenceType.CLU', '3bca92da-8ead-4779-8089-0447b337b0e7', '078d8dcc-eae5-4175-8451-100e94ccf413')
/
insert into KSST_REF_STMT_REL (ID, CREATEID, CREATETIME, UPDATEID, UPDATETIME, VER_NBR, EFF_DT, EXPIR_DT, REF_OBJ_ID, REF_OBJ_TYPE_KEY, ST, REF_STMT_REL_TYPE_ID, STMT_ID, OBJ_ID) values ('1b8e9711-9d8a-4198-8c23-a0ab2804b248', 'admin', to_date('2011-04-20', 'yyyy-mm-dd'), 'admin', to_date('2011-04-20', 'yyyy-mm-dd'), 0, null, null, 'REFERENCECOURSEMATH140', 'kuali.lu.type.CreditCourse', 'Active', 'kuali.referenceType.CLU', '5472d9fe-0bbb-4070-84e2-190014d73495', '9781b969-2dc9-4341-a1e1-90e353af0b1c')
/
insert into KSST_REF_STMT_REL (ID, CREATEID, CREATETIME, UPDATEID, UPDATETIME, VER_NBR, EFF_DT, EXPIR_DT, REF_OBJ_ID, REF_OBJ_TYPE_KEY, ST, REF_STMT_REL_TYPE_ID, STMT_ID, OBJ_ID) values ('5fe401fb-609e-4fbf-a358-bfe01e87b76f', 'admin', to_date('2011-04-20', 'yyyy-mm-dd'), 'admin', to_date('2011-04-20', 'yyyy-mm-dd'), 0, null, null, 'REFERENCECOURSEMATH220', 'kuali.lu.type.CreditCourse', 'Active', 'kuali.referenceType.CLU', '9062f9ec-aab0-4955-b4b7-0f029ba3e0e5', '064cfc49-0c50-4f38-9220-2f2625c1d5e8')
/
insert into KSST_REF_STMT_REL (ID, CREATEID, CREATETIME, UPDATEID, UPDATETIME, VER_NBR, EFF_DT, EXPIR_DT, REF_OBJ_ID, REF_OBJ_TYPE_KEY, ST, REF_STMT_REL_TYPE_ID, STMT_ID, OBJ_ID) values ('779ce664-190e-4c0b-b68a-1cbeba3e18d7', 'admin', to_date('2011-04-20', 'yyyy-mm-dd'), 'admin', to_date('2011-04-20', 'yyyy-mm-dd'), 0, null, null, 'REFERENCECOURSEMATH115', 'kuali.lu.type.CreditCourse', 'Active', 'kuali.referenceType.CLU', '90500693-ca86-4543-8b26-0bd42449d900', '2ac1362e-d682-4ce8-9a33-fb8addc47a7c')
/
insert into KSST_REF_STMT_REL (ID, CREATEID, CREATETIME, UPDATEID, UPDATETIME, VER_NBR, EFF_DT, EXPIR_DT, REF_OBJ_ID, REF_OBJ_TYPE_KEY, ST, REF_STMT_REL_TYPE_ID, STMT_ID, OBJ_ID) values ('8057355e-324d-4931-8da9-95b667f45db5', 'admin', to_date('2011-04-20', 'yyyy-mm-dd'), 'admin', to_date('2011-04-20', 'yyyy-mm-dd'), 0, null, null, 'REFERENCECOURSEMATH110', 'kuali.lu.type.CreditCourse', 'Active', 'kuali.referenceType.CLU', '0046913f-a3d3-4280-afe4-6cfc2d909892', 'f357f9fa-f583-482e-aeab-0562455201aa')
/
insert into KSST_REF_STMT_REL (ID, CREATEID, CREATETIME, UPDATEID, UPDATETIME, VER_NBR, EFF_DT, EXPIR_DT, REF_OBJ_ID, REF_OBJ_TYPE_KEY, ST, REF_STMT_REL_TYPE_ID, STMT_ID, OBJ_ID) values ('9533f999-7aa6-40d2-8356-d3c979b44fc5', 'admin', to_date('2011-04-20', 'yyyy-mm-dd'), 'admin', to_date('2011-04-20', 'yyyy-mm-dd'), 0, null, null, '7740bb42-fd33-48cf-bbb0-854c4f8d673c', 'kuali.lu.type.CreditCourse', 'Active', 'kuali.referenceType.CLU', 'bc96e55f-24f8-4e89-8915-3e6cb3578cf4', 'f43ef1dd-a064-484d-8f3f-9926531cf36e')
/
insert into KSST_REF_STMT_REL (ID, CREATEID, CREATETIME, UPDATEID, UPDATETIME, VER_NBR, EFF_DT, EXPIR_DT, REF_OBJ_ID, REF_OBJ_TYPE_KEY, ST, REF_STMT_REL_TYPE_ID, STMT_ID, OBJ_ID) values ('acf1e72b-56ff-4d70-ab77-0db2df3a3c53', 'admin', to_date('2011-04-20', 'yyyy-mm-dd'), 'admin', to_date('2011-04-20', 'yyyy-mm-dd'), 0, null, null, 'REFERENCECOURSEMATH130', 'kuali.lu.type.CreditCourse', 'Active', 'kuali.referenceType.CLU', '5010fb83-97e6-423e-834e-bd7d1293e43d', '4e252f2b-dc57-4eab-b996-979573fb58fe')
/
insert into KSST_REF_STMT_REL (ID, CREATEID, CREATETIME, UPDATEID, UPDATETIME, VER_NBR, EFF_DT, EXPIR_DT, REF_OBJ_ID, REF_OBJ_TYPE_KEY, ST, REF_STMT_REL_TYPE_ID, STMT_ID, OBJ_ID) values ('b85eb0fb-ea9b-4e4e-aafe-e431c540a64f', 'admin', to_date('2011-04-20', 'yyyy-mm-dd'), 'admin', to_date('2011-04-20', 'yyyy-mm-dd'), 0, null, null, 'REFERENCECOURSEMATH112', 'kuali.lu.type.CreditCourse', 'Active', 'kuali.referenceType.CLU', 'e234d801-af40-415a-97d4-df684d117f85', 'f90733a6-6a63-47b1-b475-fc3dbaf7882d')
/
insert into KSST_REF_STMT_REL (ID, CREATEID, CREATETIME, UPDATEID, UPDATETIME, VER_NBR, EFF_DT, EXPIR_DT, REF_OBJ_ID, REF_OBJ_TYPE_KEY, ST, REF_STMT_REL_TYPE_ID, STMT_ID, OBJ_ID) values ('c98c8a1e-4cde-45fd-b5a2-ece326aca8e8', 'admin', to_date('2011-04-20', 'yyyy-mm-dd'), 'admin', to_date('2011-04-20', 'yyyy-mm-dd'), 0, null, null, 'aefb4696-2dae-4b9e-b494-99db7bfe71d9', 'kuali.lu.type.CreditCourse', 'Active', 'kuali.referenceType.CLU', 'a250038b-9fa3-4945-9ac3-b2fb8ba535f5', 'cbd4c3ef-0f67-417a-afe6-00952c65b924')
/

--
insert into KSST_REQ_COM_FIELD (ID, REQ_COM_FIELD_TYPE, VALUE, OBJ_ID, VER_NBR) values ('167ccec9-13f1-4876-9e75-0b86eb3d3b5f', 'kuali.reqComponent.field.type.course.cluSet.id', '00ad0bf1-6891-4408-8700-d0c10759d47a', 'f32b764e-f31c-451c-9b69-af902da7ccbe', 0)
/
insert into KSST_REQ_COM_FIELD (ID, REQ_COM_FIELD_TYPE, VALUE, OBJ_ID, VER_NBR) values ('30b007e7-d7cc-4e73-aaff-1cbc1404f0a8', 'kuali.reqComponent.field.type.value.positive.integer', '1', 'fcfbc8c2-5db1-472e-9f65-32dd34f9b7bd', 0)
/
insert into KSST_REQ_COM_FIELD (ID, REQ_COM_FIELD_TYPE, VALUE, OBJ_ID, VER_NBR) values ('3d476905-34a8-44c3-b828-bfca9b738e1d', 'kuali.reqComponent.field.type.course.cluSet.id', '750ae9d6-f65a-4af1-b101-a79f81338c45', 'abccd089-8d38-45cf-a2cd-bc1ad837c7bf', 0)
/
insert into KSST_REQ_COM_FIELD (ID, REQ_COM_FIELD_TYPE, VALUE, OBJ_ID, VER_NBR) values ('6f07ef5c-a186-4bd3-8843-fb2dae9812ad', 'kuali.reqComponent.field.type.course.cluSet.id', '6037ecc6-3746-4aee-9c0b-a198d6f0684d', 'fad03773-56bc-42e8-98a0-9d2a82f3a258', 0)
/
insert into KSST_REQ_COM_FIELD (ID, REQ_COM_FIELD_TYPE, VALUE, OBJ_ID, VER_NBR) values ('72b75bd3-02d0-4cab-96e3-caa7c4eb28b9', 'kuali.reqComponent.field.type.course.cluSet.id', '12ff806e-938c-4f2a-977b-cb2dabea78f7', '81262de9-0230-478d-8147-25c305a6fdfc', 0)
/
insert into KSST_REQ_COM_FIELD (ID, REQ_COM_FIELD_TYPE, VALUE, OBJ_ID, VER_NBR) values ('89475ed3-3127-45f1-a285-22f58f654eed', 'kuali.reqComponent.field.type.course.cluSet.id', '08cae8cc-86af-41b5-a332-5e3b9d3cf19d', 'd7c3e214-d445-4058-a0fd-b300e7d4b9e5', 0)
/
insert into KSST_REQ_COM_FIELD (ID, REQ_COM_FIELD_TYPE, VALUE, OBJ_ID, VER_NBR) values ('aa4320ce-91b5-4275-bf86-f6ad5e79166b', 'kuali.reqComponent.field.type.course.cluSet.id', '6a7bfd53-54df-4c0c-ba89-f81d539d5cda', '9bebcb91-00dd-4b89-96b0-41337b75bf8b', 0)
/
insert into KSST_REQ_COM_FIELD (ID, REQ_COM_FIELD_TYPE, VALUE, OBJ_ID, VER_NBR) values ('d1e6a1a0-37a5-4f06-b690-985af6377e37', 'kuali.reqComponent.field.type.course.cluSet.id', '1ea8dd3b-669c-4ab6-948d-dfb511f89815', 'a9fc01e9-2434-4fc3-a15f-7ff057f7329a', 0)
/
insert into KSST_REQ_COM_FIELD (ID, REQ_COM_FIELD_TYPE, VALUE, OBJ_ID, VER_NBR) values ('e40ab432-0419-4222-8a10-96015754081c', 'kuali.reqComponent.field.type.course.clu.id', 'c4c52302-e533-4cb1-9cbd-1cd8bea58cf0', '2066bc1b-63bf-484e-9bd5-c1240e1e1de2', 0)
/
insert into KSST_REQ_COM_FIELD (ID, REQ_COM_FIELD_TYPE, VALUE, OBJ_ID, VER_NBR) values ('ec95f748-d2d3-48c9-a4d1-b85a59435b24', 'kuali.reqComponent.field.type.course.cluSet.id', 'bb33b0a4-289e-4589-b63e-e08186781c36', '724ef374-2324-4a16-b888-c604c9157a3a', 0)
/
insert into KSST_REQ_COM_FIELD (ID, REQ_COM_FIELD_TYPE, VALUE, OBJ_ID, VER_NBR) values ('ef3c3f58-e5f4-4af7-92de-11fefc14af72', 'kuali.reqComponent.field.type.value.positive.integer', '1', '9883d4a0-16ca-47f1-8399-15e3f9a4e9a0', 0)
/
insert into KSST_REQ_COM_FIELD (ID, REQ_COM_FIELD_TYPE, VALUE, OBJ_ID, VER_NBR) values ('fcb93f49-2b32-4a63-acbc-64b5fa50b1dc', 'kuali.reqComponent.field.type.course.cluSet.id', 'c6d4d85b-7a71-4fee-826a-52e497a1b201', '54286d6d-2e82-49bd-98a7-f90232a01af6', 0)
/


--
insert into KSST_RC_JN_RC_FIELD (REQ_COM_ID, REQ_COM_FIELD_ID) values ('54f0e19d-9737-4915-ba94-296fa21d0554', '72b75bd3-02d0-4cab-96e3-caa7c4eb28b9')
/
insert into KSST_RC_JN_RC_FIELD (REQ_COM_ID, REQ_COM_FIELD_ID) values ('c4e8a80a-0bba-4836-a62b-11dc08e3716d', 'ec95f748-d2d3-48c9-a4d1-b85a59435b24')
/
insert into KSST_RC_JN_RC_FIELD (REQ_COM_ID, REQ_COM_FIELD_ID) values ('8390b1b7-8e55-47a1-9450-5d9ae5afabd5', 'aa4320ce-91b5-4275-bf86-f6ad5e79166b')
/
insert into KSST_RC_JN_RC_FIELD (REQ_COM_ID, REQ_COM_FIELD_ID) values ('871f98c1-21b6-4721-8a36-f708bbd2f557', '3d476905-34a8-44c3-b828-bfca9b738e1d')
/
insert into KSST_RC_JN_RC_FIELD (REQ_COM_ID, REQ_COM_FIELD_ID) values ('ac1350de-637e-4b7b-893d-18e696a5493b', '6f07ef5c-a186-4bd3-8843-fb2dae9812ad')
/
insert into KSST_RC_JN_RC_FIELD (REQ_COM_ID, REQ_COM_FIELD_ID) values ('ead1b12b-f2d2-451a-a7dc-165431a7dbd8', '167ccec9-13f1-4876-9e75-0b86eb3d3b5f')
/
insert into KSST_RC_JN_RC_FIELD (REQ_COM_ID, REQ_COM_FIELD_ID) values ('11160014-a94c-49f1-af9c-79a26360aa8f', '89475ed3-3127-45f1-a285-22f58f654eed')
/
insert into KSST_RC_JN_RC_FIELD (REQ_COM_ID, REQ_COM_FIELD_ID) values ('58dd4bf3-c55a-45e2-876b-953147900f2e', 'e40ab432-0419-4222-8a10-96015754081c')
/
insert into KSST_RC_JN_RC_FIELD (REQ_COM_ID, REQ_COM_FIELD_ID) values ('0ce79efc-005d-4f15-9b8d-0c33ec61f1ac', '30b007e7-d7cc-4e73-aaff-1cbc1404f0a8')
/
insert into KSST_RC_JN_RC_FIELD (REQ_COM_ID, REQ_COM_FIELD_ID) values ('0ce79efc-005d-4f15-9b8d-0c33ec61f1ac', 'fcb93f49-2b32-4a63-acbc-64b5fa50b1dc')
/
insert into KSST_RC_JN_RC_FIELD (REQ_COM_ID, REQ_COM_FIELD_ID) values ('2fd9c79b-b11e-4c3a-86e5-281d90ee2ab4', 'ef3c3f58-e5f4-4af7-92de-11fefc14af72')
/
insert into KSST_RC_JN_RC_FIELD (REQ_COM_ID, REQ_COM_FIELD_ID) values ('2fd9c79b-b11e-4c3a-86e5-281d90ee2ab4', 'd1e6a1a0-37a5-4f06-b690-985af6377e37')
/

--
insert into KSST_STMT_JN_REQ_COM (STMT_ID, REQ_COM_ID) values ('5472d9fe-0bbb-4070-84e2-190014d73495', 'c4e8a80a-0bba-4836-a62b-11dc08e3716d')
/
insert into KSST_STMT_JN_REQ_COM (STMT_ID, REQ_COM_ID) values ('5010fb83-97e6-423e-834e-bd7d1293e43d', '54f0e19d-9737-4915-ba94-296fa21d0554')
/
insert into KSST_STMT_JN_REQ_COM (STMT_ID, REQ_COM_ID) values ('9062f9ec-aab0-4955-b4b7-0f029ba3e0e5', '8390b1b7-8e55-47a1-9450-5d9ae5afabd5')
/
insert into KSST_STMT_JN_REQ_COM (STMT_ID, REQ_COM_ID) values ('0046913f-a3d3-4280-afe4-6cfc2d909892', '871f98c1-21b6-4721-8a36-f708bbd2f557')
/
insert into KSST_STMT_JN_REQ_COM (STMT_ID, REQ_COM_ID) values ('e234d801-af40-415a-97d4-df684d117f85', 'ac1350de-637e-4b7b-893d-18e696a5493b')
/
insert into KSST_STMT_JN_REQ_COM (STMT_ID, REQ_COM_ID) values ('3bca92da-8ead-4779-8089-0447b337b0e7', 'ead1b12b-f2d2-451a-a7dc-165431a7dbd8')
/
insert into KSST_STMT_JN_REQ_COM (STMT_ID, REQ_COM_ID) values ('a250038b-9fa3-4945-9ac3-b2fb8ba535f5', '58dd4bf3-c55a-45e2-876b-953147900f2e')
/
insert into KSST_STMT_JN_REQ_COM (STMT_ID, REQ_COM_ID) values ('90500693-ca86-4543-8b26-0bd42449d900', '11160014-a94c-49f1-af9c-79a26360aa8f')
/
insert into KSST_STMT_JN_REQ_COM (STMT_ID, REQ_COM_ID) values ('1c46c811-3234-48e0-a35a-8a79ad34076b', '0ce79efc-005d-4f15-9b8d-0c33ec61f1ac')
/
insert into KSST_STMT_JN_REQ_COM (STMT_ID, REQ_COM_ID) values ('bc96e55f-24f8-4e89-8915-3e6cb3578cf4', '2fd9c79b-b11e-4c3a-86e5-281d90ee2ab4')
/

--
insert into KSLU_CLU_SET (ID, CREATEID, CREATETIME, UPDATEID, UPDATETIME, VER_NBR, ADMIN_ORG_ID, EFF_DT, EXPIR_DT, REFERENCEABLE, REUSABLE, NAME, ST, TYPE, RT_DESCR_ID, MEM_QUERY_ID, OBJ_ID) values ('00ad0bf1-6891-4408-8700-d0c10759d47a', 'admin', to_date('2011-04-20', 'yyyy-mm-dd'), 'admin', to_date('2011-04-20', 'yyyy-mm-dd'), 0, null, to_date('2200-01-01', 'yyyy-mm-dd'), null, 0, 0, 'AdHock', 'active', 'kuali.cluSet.type.Course', null, null, 'efa546b2-1f14-4c0c-aa42-fe4a85b97d67')
/
insert into KSLU_CLU_SET (ID, CREATEID, CREATETIME, UPDATEID, UPDATETIME, VER_NBR, ADMIN_ORG_ID, EFF_DT, EXPIR_DT, REFERENCEABLE, REUSABLE, NAME, ST, TYPE, RT_DESCR_ID, MEM_QUERY_ID, OBJ_ID) values ('08cae8cc-86af-41b5-a332-5e3b9d3cf19d', 'admin', to_date('2011-04-20', 'yyyy-mm-dd'), 'admin', to_date('2011-04-20', 'yyyy-mm-dd'), 0, null, to_date('2200-01-01', 'yyyy-mm-dd'), null, 0, 0, 'AdHock', 'active', 'kuali.cluSet.type.Course', null, null, 'b04ab41e-bd42-41f0-8197-724c831614e5')
/
insert into KSLU_CLU_SET (ID, CREATEID, CREATETIME, UPDATEID, UPDATETIME, VER_NBR, ADMIN_ORG_ID, EFF_DT, EXPIR_DT, REFERENCEABLE, REUSABLE, NAME, ST, TYPE, RT_DESCR_ID, MEM_QUERY_ID, OBJ_ID) values ('12ff806e-938c-4f2a-977b-cb2dabea78f7', 'admin', to_date('2011-04-20', 'yyyy-mm-dd'), 'admin', to_date('2011-04-20', 'yyyy-mm-dd'), 0, null, to_date('2200-01-01', 'yyyy-mm-dd'), null, 0, 0, 'AdHock', 'active', 'kuali.cluSet.type.Course', null, null, '71a95a16-b5c0-47ee-a1e7-f5d926e2a47d')
/
insert into KSLU_CLU_SET (ID, CREATEID, CREATETIME, UPDATEID, UPDATETIME, VER_NBR, ADMIN_ORG_ID, EFF_DT, EXPIR_DT, REFERENCEABLE, REUSABLE, NAME, ST, TYPE, RT_DESCR_ID, MEM_QUERY_ID, OBJ_ID) values ('1ea8dd3b-669c-4ab6-948d-dfb511f89815', 'admin', to_date('2011-04-20', 'yyyy-mm-dd'), 'admin', to_date('2011-04-20', 'yyyy-mm-dd'), 0, null, to_date('2200-01-01', 'yyyy-mm-dd'), null, 0, 0, 'AdHock', 'active', 'kuali.cluSet.type.Course', null, null, 'c14f8e08-80ca-44b7-b258-b6adfaa6d738')
/
insert into KSLU_CLU_SET (ID, CREATEID, CREATETIME, UPDATEID, UPDATETIME, VER_NBR, ADMIN_ORG_ID, EFF_DT, EXPIR_DT, REFERENCEABLE, REUSABLE, NAME, ST, TYPE, RT_DESCR_ID, MEM_QUERY_ID, OBJ_ID) values ('6037ecc6-3746-4aee-9c0b-a198d6f0684d', 'admin', to_date('2011-04-20', 'yyyy-mm-dd'), 'admin', to_date('2011-04-20', 'yyyy-mm-dd'), 0, null, to_date('2200-01-01', 'yyyy-mm-dd'), null, 0, 0, 'AdHock', 'active', 'kuali.cluSet.type.Course', null, null, '50451597-52cc-4ae7-a66c-3628c233e16f')
/
insert into KSLU_CLU_SET (ID, CREATEID, CREATETIME, UPDATEID, UPDATETIME, VER_NBR, ADMIN_ORG_ID, EFF_DT, EXPIR_DT, REFERENCEABLE, REUSABLE, NAME, ST, TYPE, RT_DESCR_ID, MEM_QUERY_ID, OBJ_ID) values ('6a7bfd53-54df-4c0c-ba89-f81d539d5cda', 'admin', to_date('2011-04-20', 'yyyy-mm-dd'), 'admin', to_date('2011-04-20', 'yyyy-mm-dd'), 0, null, to_date('2200-01-01', 'yyyy-mm-dd'), null, 0, 0, 'AdHock', 'active', 'kuali.cluSet.type.Course', null, null, '7e19492c-aeb9-4155-a407-8dead612f686')
/
insert into KSLU_CLU_SET (ID, CREATEID, CREATETIME, UPDATEID, UPDATETIME, VER_NBR, ADMIN_ORG_ID, EFF_DT, EXPIR_DT, REFERENCEABLE, REUSABLE, NAME, ST, TYPE, RT_DESCR_ID, MEM_QUERY_ID, OBJ_ID) values ('750ae9d6-f65a-4af1-b101-a79f81338c45', 'admin', to_date('2011-04-20', 'yyyy-mm-dd'), 'admin', to_date('2011-04-20', 'yyyy-mm-dd'), 0, null, to_date('2200-01-01', 'yyyy-mm-dd'), null, 0, 0, 'AdHock', 'active', 'kuali.cluSet.type.Course', null, null, '2d5a5f52-6268-42d8-bd72-05e9e2c39c90')
/
insert into KSLU_CLU_SET (ID, CREATEID, CREATETIME, UPDATEID, UPDATETIME, VER_NBR, ADMIN_ORG_ID, EFF_DT, EXPIR_DT, REFERENCEABLE, REUSABLE, NAME, ST, TYPE, RT_DESCR_ID, MEM_QUERY_ID, OBJ_ID) values ('bb33b0a4-289e-4589-b63e-e08186781c36', 'admin', to_date('2011-04-20', 'yyyy-mm-dd'), 'admin', to_date('2011-04-20', 'yyyy-mm-dd'), 0, null, to_date('2200-01-01', 'yyyy-mm-dd'), null, 0, 0, 'AdHock', 'active', 'kuali.cluSet.type.Course', null, null, 'b1d91293-dc60-4576-9fdc-33890ecdac82')
/
insert into KSLU_CLU_SET (ID, CREATEID, CREATETIME, UPDATEID, UPDATETIME, VER_NBR, ADMIN_ORG_ID, EFF_DT, EXPIR_DT, REFERENCEABLE, REUSABLE, NAME, ST, TYPE, RT_DESCR_ID, MEM_QUERY_ID, OBJ_ID) values ('c6d4d85b-7a71-4fee-826a-52e497a1b201', 'admin', to_date('2011-04-20', 'yyyy-mm-dd'), 'admin', to_date('2011-04-20', 'yyyy-mm-dd'), 0, null, to_date('2200-01-01', 'yyyy-mm-dd'), null, 0, 0, 'AdHock', 'active', 'kuali.cluSet.type.Course', null, null, '77a7505d-ccb8-4e19-8c94-e5fd269c061f')
/


--
insert into KSLU_CLU_SET_JN_CLU (CLU_SET_ID, CLU_VER_IND_ID, ID, VER_NBR, OBJ_ID) values ('12ff806e-938c-4f2a-977b-cb2dabea78f7', '9e9e291d-6d27-404a-a0d4-de4d31186766', '9e1cba24-bb35-48e7-affb-2fae6e2ae81a', 0, '32beca4f-149e-4130-9c2a-2412dc865343')
/
insert into KSLU_CLU_SET_JN_CLU (CLU_SET_ID, CLU_VER_IND_ID, ID, VER_NBR, OBJ_ID) values ('12ff806e-938c-4f2a-977b-cb2dabea78f7', 'f409a651-fe7f-4aef-931d-851f88359183', '26d07611-64c5-480c-bf05-fc54ecd3a0b7', 0, 'ac85a2da-5a02-4c35-870f-906ade954afc')
/
insert into KSLU_CLU_SET_JN_CLU (CLU_SET_ID, CLU_VER_IND_ID, ID, VER_NBR, OBJ_ID) values ('bb33b0a4-289e-4589-b63e-e08186781c36', '96afbebc-e541-430e-a654-0b27b2f64a00', 'f2f97fae-d762-4343-b3b8-b4d405dc4beb', 0, '73bd2409-0c80-4927-879d-097621c07ee6')
/
insert into KSLU_CLU_SET_JN_CLU (CLU_SET_ID, CLU_VER_IND_ID, ID, VER_NBR, OBJ_ID) values ('bb33b0a4-289e-4589-b63e-e08186781c36', 'f409a651-fe7f-4aef-931d-851f88359183', 'bbe1cf38-997f-4dda-a71a-ccc5024be511', 0, '6b251fc8-3ee2-4838-bd82-7cc678bad850')
/
insert into KSLU_CLU_SET_JN_CLU (CLU_SET_ID, CLU_VER_IND_ID, ID, VER_NBR, OBJ_ID) values ('6a7bfd53-54df-4c0c-ba89-f81d539d5cda', '96afbebc-e541-430e-a654-0b27b2f64a00', '7947e5f1-06fc-4912-ad0e-b03874cc1cfb', 0, 'f2a8dab3-be97-41d2-a126-bcdfa420a571')
/
insert into KSLU_CLU_SET_JN_CLU (CLU_SET_ID, CLU_VER_IND_ID, ID, VER_NBR, OBJ_ID) values ('6a7bfd53-54df-4c0c-ba89-f81d539d5cda', '9e9e291d-6d27-404a-a0d4-de4d31186766', '90b6ccdd-e6ad-41b2-938c-431878de5c0f', 0, '13fefa79-b80f-4efd-9353-f8fe912b46d4')
/
insert into KSLU_CLU_SET_JN_CLU (CLU_SET_ID, CLU_VER_IND_ID, ID, VER_NBR, OBJ_ID) values ('750ae9d6-f65a-4af1-b101-a79f81338c45', '9e9e291d-6d27-404a-a0d4-de4d31186766', '6977f27d-6058-420d-abf8-2092c5d4012b', 0, 'ea637730-5b79-47f1-b970-dc8d8eb5e996')
/
insert into KSLU_CLU_SET_JN_CLU (CLU_SET_ID, CLU_VER_IND_ID, ID, VER_NBR, OBJ_ID) values ('750ae9d6-f65a-4af1-b101-a79f81338c45', 'f409a651-fe7f-4aef-931d-851f88359183', 'e209d2b0-27e7-46d0-a092-6a1a237c6fcb', 0, '57e88962-b0bd-406c-8918-5c9dfdaa6912')
/
insert into KSLU_CLU_SET_JN_CLU (CLU_SET_ID, CLU_VER_IND_ID, ID, VER_NBR, OBJ_ID) values ('6037ecc6-3746-4aee-9c0b-a198d6f0684d', '9e9e291d-6d27-404a-a0d4-de4d31186766', '27dee21e-522b-46d8-8ca9-ca9ba7c5e90f', 0, '91c5271f-205d-4dc1-b12a-bae2f951e862')
/
insert into KSLU_CLU_SET_JN_CLU (CLU_SET_ID, CLU_VER_IND_ID, ID, VER_NBR, OBJ_ID) values ('6037ecc6-3746-4aee-9c0b-a198d6f0684d', 'f409a651-fe7f-4aef-931d-851f88359183', 'aa45c778-06f3-4d5b-809a-9e93b12827ae', 0, 'bb0fb207-bc0d-4da3-8c30-6b378a7679d8')
/
insert into KSLU_CLU_SET_JN_CLU (CLU_SET_ID, CLU_VER_IND_ID, ID, VER_NBR, OBJ_ID) values ('00ad0bf1-6891-4408-8700-d0c10759d47a', '9e9e291d-6d27-404a-a0d4-de4d31186766', 'a6beb918-7ea0-4d62-a380-0dec4e72db7a', 0, '3381fc79-4cfe-4f05-af6a-4cccf7626dca')
/
insert into KSLU_CLU_SET_JN_CLU (CLU_SET_ID, CLU_VER_IND_ID, ID, VER_NBR, OBJ_ID) values ('00ad0bf1-6891-4408-8700-d0c10759d47a', 'f409a651-fe7f-4aef-931d-851f88359183', 'ffea2f2e-cfb5-420f-bb6a-e51dd64583cb', 0, '6cd7b8a6-6d08-4038-8526-05321ed6f0ab')
/
insert into KSLU_CLU_SET_JN_CLU (CLU_SET_ID, CLU_VER_IND_ID, ID, VER_NBR, OBJ_ID) values ('08cae8cc-86af-41b5-a332-5e3b9d3cf19d', '9e9e291d-6d27-404a-a0d4-de4d31186766', '5e793916-8b0e-4822-b72f-4b6b4c80a2d4', 0, '04d23f75-eb7c-400b-ae6f-abb73c4bbd4a')
/
insert into KSLU_CLU_SET_JN_CLU (CLU_SET_ID, CLU_VER_IND_ID, ID, VER_NBR, OBJ_ID) values ('c6d4d85b-7a71-4fee-826a-52e497a1b201', '7c5e08f2-5ab6-409a-9d35-fba0184e5a13', 'beceebbd-6df7-40c5-85ce-79a4f5eac583', 0, '2f9ba021-1437-4ec9-a8d5-07c161fe1364')
/
insert into KSLU_CLU_SET_JN_CLU (CLU_SET_ID, CLU_VER_IND_ID, ID, VER_NBR, OBJ_ID) values ('c6d4d85b-7a71-4fee-826a-52e497a1b201', 'b7c0ffab-aa1f-4335-8ad1-b581d3b95740', '235fa2a5-01ab-4159-ae17-68f8c49d4c3a', 0, 'b58291fc-59e5-4625-961b-64069dbc4197')
/
insert into KSLU_CLU_SET_JN_CLU (CLU_SET_ID, CLU_VER_IND_ID, ID, VER_NBR, OBJ_ID) values ('1ea8dd3b-669c-4ab6-948d-dfb511f89815', '96afbebc-e541-430e-a654-0b27b2f64a00', '2ad00761-0cbf-4407-b1d4-d0e3ebbb30ee', 0, '6d7cdaf9-5a75-47bf-9331-4ac20c4d6fa5')
/
insert into KSLU_CLU_SET_JN_CLU (CLU_SET_ID, CLU_VER_IND_ID, ID, VER_NBR, OBJ_ID) values ('1ea8dd3b-669c-4ab6-948d-dfb511f89815', '9e9e291d-6d27-404a-a0d4-de4d31186766', 'd9d33709-c565-4cc6-a0d1-7cd2806e4fd3', 0, '86cd4d65-42d9-4418-8ebb-06bcd03b0017')
/
insert into KSLU_CLU_SET_JN_CLU (CLU_SET_ID, CLU_VER_IND_ID, ID, VER_NBR, OBJ_ID) values ('1ea8dd3b-669c-4ab6-948d-dfb511f89815', 'f409a651-fe7f-4aef-931d-851f88359183', 'ae35d5d7-9324-48bf-a569-ad0c3081b933', 0, '60ef98c1-4082-4f70-b2ba-60ce524fee8d')
/

--
insert into KSLU_CLU_IDENT (ID, CD, DIV, LVL, LNG_NAME, ORG_ID, SHRT_NAME, ST, SUFX_CD, TYPE, VARTN, OBJ_ID, VER_NBR) values ('14ea3c44-eebd-433c-950d-e5e28b4086a2', 'HIST313', 'HIST', null, null, null, null, 'Active', '313', 'kuali.lu.type.CreditCourse.identifier.crosslisting', null, '39d81a90-eb79-4e87-9850-3075e076ddfa', 4)
/
insert into KSLU_CLU_IDENT (ID, CD, DIV, LVL, LNG_NAME, ORG_ID, SHRT_NAME, ST, SUFX_CD, TYPE, VARTN, OBJ_ID, VER_NBR) values ('a8dff7a1-6773-46d6-9e0d-393111067efd', 'AASP122', 'AASP', null, null, null, null, 'Active', '122', 'kuali.lu.type.CreditCourse.identifier.crosslisting', null, '45fe58cf-7e39-4c19-be2e-ff500798f279', 5)
/
insert into KSLU_CLU_IDENT (ID, CD, DIV, LVL, LNG_NAME, ORG_ID, SHRT_NAME, ST, SUFX_CD, TYPE, VARTN, OBJ_ID, VER_NBR) values ('a8dff7a1-6773-46d6-9e0d-393111067efc', 'AASP234', 'AASP', null, null, null, null, 'Active', '234', 'kuali.lu.type.CreditCourse.identifier.crosslisting', null, '45fe58cf-7e39-4c19-be2e-ff500798f27a', 5)
/

--
insert into KSLU_CLU_JN_CLU_IDENT (CLU_ID, ALT_CLU_ID) values ('REFERENCECOURSEAASP313', '14ea3c44-eebd-433c-950d-e5e28b4086a2')
/
insert into KSLU_CLU_JN_CLU_IDENT (CLU_ID, ALT_CLU_ID) values ('REFERENCECOURSEHIST122', 'a8dff7a1-6773-46d6-9e0d-393111067efd')
/
insert into KSLU_CLU_JN_CLU_IDENT (CLU_ID, ALT_CLU_ID) values ('REFERENCECOURSEENGL234', 'a8dff7a1-6773-46d6-9e0d-393111067efc')
/

