insert into KSOR_ORG_TYPE (TYPE_KEY, TYPE_DESC, EFF_DT, EXPIR_DT, NAME) values ('kuali.org.AccreditingBody', 'An Organization that accredits a school or program', {ts '2010-07-01 00:00:00.0'}, null, 'Accrediting Body');
insert into KSOR_ORG_TYPE (TYPE_KEY, TYPE_DESC, EFF_DT, EXPIR_DT, NAME) values ('kuali.org.AdhocCommittee', 'An Adhoc Committee', {ts '2000-01-01 00:00:00.0'}, {ts '2000-12-31 00:00:00.0'}, 'Adhoc Committee');
insert into KSOR_ORG_TYPE (TYPE_KEY, TYPE_DESC, EFF_DT, EXPIR_DT, NAME) values ('kuali.org.AdvisoryGroup', 'An Advisory Group', {ts '2000-01-01 00:00:00.0'}, {ts '2000-12-31 00:00:00.0'}, 'Advisory Group');
insert into KSOR_ORG_TYPE (TYPE_KEY, TYPE_DESC, EFF_DT, EXPIR_DT, NAME) values ('kuali.org.Association', 'An Association', {ts '2000-01-01 00:00:00.0'}, {ts '2000-12-31 00:00:00.0'}, 'Association');
insert into KSOR_ORG_TYPE (TYPE_KEY, TYPE_DESC, EFF_DT, EXPIR_DT, NAME) values ('kuali.org.Board', 'A Board of Directors', {ts '2000-01-01 00:00:00.0'}, {ts '2000-12-31 00:00:00.0'}, 'Board');
insert into KSOR_ORG_TYPE (TYPE_KEY, TYPE_DESC, EFF_DT, EXPIR_DT, NAME) values ('kuali.org.COC', 'A committee that approves curriculum', {ts '2000-01-01 00:00:00.0'}, {ts '2000-12-31 00:00:00.0'}, 'COC');
insert into KSOR_ORG_TYPE (TYPE_KEY, TYPE_DESC, EFF_DT, EXPIR_DT, NAME) values ('kuali.org.Center', 'A Center', {ts '2000-01-01 00:00:00.0'}, {ts '2000-12-31 00:00:00.0'}, 'Center');
insert into KSOR_ORG_TYPE (TYPE_KEY, TYPE_DESC, EFF_DT, EXPIR_DT, NAME) values ('kuali.org.College', 'A College', {ts '2000-01-01 00:00:00.0'}, {ts '2000-12-31 00:00:00.0'}, 'College');
insert into KSOR_ORG_TYPE (TYPE_KEY, TYPE_DESC, EFF_DT, EXPIR_DT, NAME) values ('kuali.org.Committee', 'A Committee', {ts '2000-01-01 00:00:00.0'}, {ts '2000-12-31 00:00:00.0'}, 'Committee');
insert into KSOR_ORG_TYPE (TYPE_KEY, TYPE_DESC, EFF_DT, EXPIR_DT, NAME) values ('kuali.org.CorporateEntity', 'A legal corporate entity', {ts '2000-01-01 00:00:00.0'}, {ts '2000-12-31 00:00:00.0'}, 'Corporate Entity');
insert into KSOR_ORG_TYPE (TYPE_KEY, TYPE_DESC, EFF_DT, EXPIR_DT, NAME) values ('kuali.org.Department', 'A Department', {ts '2000-01-01 00:00:00.0'}, {ts '2000-12-31 00:00:00.0'}, 'Department');
insert into KSOR_ORG_TYPE (TYPE_KEY, TYPE_DESC, EFF_DT, EXPIR_DT, NAME) values ('kuali.org.Division', 'A Division', {ts '2000-01-01 00:00:00.0'}, {ts '2000-12-31 00:00:00.0'}, 'Division');
insert into KSOR_ORG_TYPE (TYPE_KEY, TYPE_DESC, EFF_DT, EXPIR_DT, NAME) values ('kuali.org.Office', 'An Office', {ts '2000-01-01 00:00:00.0'}, {ts '2000-12-31 00:00:00.0'}, 'Office');
insert into KSOR_ORG_TYPE (TYPE_KEY, TYPE_DESC, EFF_DT, EXPIR_DT, NAME) values ('kuali.org.Program', 'A Program', {ts '2000-01-01 00:00:00.0'}, {ts '2000-12-31 00:00:00.0'}, 'Program');
insert into KSOR_ORG_TYPE (TYPE_KEY, TYPE_DESC, EFF_DT, EXPIR_DT, NAME) values ('kuali.org.School', 'A School', {ts '2000-01-01 00:00:00.0'}, {ts '2000-12-31 00:00:00.0'}, 'School');
insert into KSOR_ORG_TYPE (TYPE_KEY, TYPE_DESC, EFF_DT, EXPIR_DT, NAME) values ('kuali.org.Section', 'A Section', {ts '2000-01-01 00:00:00.0'}, {ts '2000-12-31 00:00:00.0'}, 'Section');
insert into KSOR_ORG_TYPE (TYPE_KEY, TYPE_DESC, EFF_DT, EXPIR_DT, NAME) values ('kuali.org.Senate', 'A Deliberative body', {ts '2000-01-01 00:00:00.0'}, {ts '2000-12-31 00:00:00.0'}, 'Senate');
insert into KSOR_ORG_TYPE (TYPE_KEY, TYPE_DESC, EFF_DT, EXPIR_DT, NAME) values ('kuali.org.WorkGroup', 'A group organized for a particular purpose', {ts '2000-01-01 00:00:00.0'}, {ts '2000-12-31 00:00:00.0'}, 'Work Group');

insert into KSOR_ORG_PERS_RELTN_TYPE (TYPE_KEY, TYPE_DESC, EFF_DT, EXPIR_DT, NAME) values ('kuali.org.PersonRelation.AdminAssistant', 'Administrative Assistant', {ts '2000-01-01 00:00:00.0'}, null, 'Administrative Assistant');
insert into KSOR_ORG_PERS_RELTN_TYPE (TYPE_KEY, TYPE_DESC, EFF_DT, EXPIR_DT, NAME) values ('kuali.org.PersonRelation.AdminMember', 'Administrative Member', {ts '2000-01-01 00:00:00.0'}, null, 'Administrative Member');
insert into KSOR_ORG_PERS_RELTN_TYPE (TYPE_KEY, TYPE_DESC, EFF_DT, EXPIR_DT, NAME) values ('kuali.org.PersonRelation.AdministrativeOfficer', 'Administrative Officer', {ts '2000-01-01 00:00:00.0'}, null, 'Administrative Officer');
insert into KSOR_ORG_PERS_RELTN_TYPE (TYPE_KEY, TYPE_DESC, EFF_DT, EXPIR_DT, NAME) values ('kuali.org.PersonRelation.AssocDean', 'Associate Dean', {ts '2000-01-01 00:00:00.0'}, null, 'Associate Dean');
insert into KSOR_ORG_PERS_RELTN_TYPE (TYPE_KEY, TYPE_DESC, EFF_DT, EXPIR_DT, NAME) values ('kuali.org.PersonRelation.AssocProvost', 'Associate Provost', {ts '2000-01-01 00:00:00.0'}, null, 'Associate Provost');
insert into KSOR_ORG_PERS_RELTN_TYPE (TYPE_KEY, TYPE_DESC, EFF_DT, EXPIR_DT, NAME) values ('kuali.org.PersonRelation.AssocRegistrar', 'Associate Registrar', {ts '2000-01-01 00:00:00.0'}, null, 'Associate Registrar');
insert into KSOR_ORG_PERS_RELTN_TYPE (TYPE_KEY, TYPE_DESC, EFF_DT, EXPIR_DT, NAME) values ('kuali.org.PersonRelation.Chair', 'Chair', {ts '2000-01-01 00:00:00.0'}, null, 'Chair');
insert into KSOR_ORG_PERS_RELTN_TYPE (TYPE_KEY, TYPE_DESC, EFF_DT, EXPIR_DT, NAME) values ('kuali.org.PersonRelation.Chancellor', 'Chancellor', {ts '2000-01-01 00:00:00.0'}, null, 'Chancellor');
insert into KSOR_ORG_PERS_RELTN_TYPE (TYPE_KEY, TYPE_DESC, EFF_DT, EXPIR_DT, NAME) values ('kuali.org.PersonRelation.Co-Chair', 'Co-Chair', {ts '2000-01-01 00:00:00.0'}, null, 'Co-Chair');
insert into KSOR_ORG_PERS_RELTN_TYPE (TYPE_KEY, TYPE_DESC, EFF_DT, EXPIR_DT, NAME) values ('kuali.org.PersonRelation.Coordinator', 'Coordinator', {ts '2000-01-01 00:00:00.0'}, null, 'Coordinator');
insert into KSOR_ORG_PERS_RELTN_TYPE (TYPE_KEY, TYPE_DESC, EFF_DT, EXPIR_DT, NAME) values ('kuali.org.PersonRelation.Dean', 'Dean', {ts '2000-01-01 00:00:00.0'}, null, 'Dean');
insert into KSOR_ORG_PERS_RELTN_TYPE (TYPE_KEY, TYPE_DESC, EFF_DT, EXPIR_DT, NAME) values ('kuali.org.PersonRelation.Director', 'Director', {ts '2000-01-01 00:00:00.0'}, null, 'Director');
insert into KSOR_ORG_PERS_RELTN_TYPE (TYPE_KEY, TYPE_DESC, EFF_DT, EXPIR_DT, NAME) values ('kuali.org.PersonRelation.EVPP', 'Executive VP and Provost', {ts '2000-01-01 00:00:00.0'}, null, 'Executive Vice President and Provost');
insert into KSOR_ORG_PERS_RELTN_TYPE (TYPE_KEY, TYPE_DESC, EFF_DT, EXPIR_DT, NAME) values ('kuali.org.PersonRelation.Ex-Officio', 'Ex-Officio Member', {ts '2000-01-01 00:00:00.0'}, null, 'Ex-Officio Member');
insert into KSOR_ORG_PERS_RELTN_TYPE (TYPE_KEY, TYPE_DESC, EFF_DT, EXPIR_DT, NAME) values ('kuali.org.PersonRelation.ExecutiveOfficer', 'Executive Officer', {ts '2000-01-01 00:00:00.0'}, null, 'Executive Officer');
insert into KSOR_ORG_PERS_RELTN_TYPE (TYPE_KEY, TYPE_DESC, EFF_DT, EXPIR_DT, NAME) values ('kuali.org.PersonRelation.Head', 'Head', {ts '2000-01-01 00:00:00.0'}, null, 'Head');
insert into KSOR_ORG_PERS_RELTN_TYPE (TYPE_KEY, TYPE_DESC, EFF_DT, EXPIR_DT, NAME) values ('kuali.org.PersonRelation.Member', 'Member', {ts '2000-01-01 00:00:00.0'}, null, 'Member');
insert into KSOR_ORG_PERS_RELTN_TYPE (TYPE_KEY, TYPE_DESC, EFF_DT, EXPIR_DT, NAME) values ('kuali.org.PersonRelation.Officer', 'Officer', {ts '2000-01-01 00:00:00.0'}, null, 'Officer');
insert into KSOR_ORG_PERS_RELTN_TYPE (TYPE_KEY, TYPE_DESC, EFF_DT, EXPIR_DT, NAME) values ('kuali.org.PersonRelation.President', 'President', {ts '2000-01-01 00:00:00.0'}, null, 'President');
insert into KSOR_ORG_PERS_RELTN_TYPE (TYPE_KEY, TYPE_DESC, EFF_DT, EXPIR_DT, NAME) values ('kuali.org.PersonRelation.Professor', 'Professor', {ts '2000-01-01 00:00:00.0'}, null, 'Professor');
insert into KSOR_ORG_PERS_RELTN_TYPE (TYPE_KEY, TYPE_DESC, EFF_DT, EXPIR_DT, NAME) values ('kuali.org.PersonRelation.Registrar', 'Registrar', {ts '2000-01-01 00:00:00.0'}, null, 'Registrar');
insert into KSOR_ORG_PERS_RELTN_TYPE (TYPE_KEY, TYPE_DESC, EFF_DT, EXPIR_DT, NAME) values ('kuali.org.PersonRelation.Rep', 'Representative of a constituency', {ts '2000-01-01 00:00:00.0'}, null, 'Representative');
insert into KSOR_ORG_PERS_RELTN_TYPE (TYPE_KEY, TYPE_DESC, EFF_DT, EXPIR_DT, NAME) values ('kuali.org.PersonRelation.Secretary', 'Secretary', {ts '2000-01-01 00:00:00.0'}, null, 'Secretary');
insert into KSOR_ORG_PERS_RELTN_TYPE (TYPE_KEY, TYPE_DESC, EFF_DT, EXPIR_DT, NAME) values ('kuali.org.PersonRelation.Treasurer', 'Treasurer', {ts '2000-01-01 00:00:00.0'}, null, 'Treasurer');
insert into KSOR_ORG_PERS_RELTN_TYPE (TYPE_KEY, TYPE_DESC, EFF_DT, EXPIR_DT, NAME) values ('kuali.org.PersonRelation.ViceChancellor', 'Vice Chancellor', {ts '2000-01-01 00:00:00.0'}, null, 'Vice Chancellor');
insert into KSOR_ORG_PERS_RELTN_TYPE (TYPE_KEY, TYPE_DESC, EFF_DT, EXPIR_DT, NAME) values ('kuali.org.PersonRelation.VicePresident', 'Vice President', {ts '2000-01-01 00:00:00.0'}, null, 'Vice President');

insert into KSOR_ORG_TYPE_JN_ORG_PERRL_TYP (ORG_TYPE_ID, ORG_PERS_RELTN_TYPE_ID) values ('kuali.org.Department', 'kuali.org.PersonRelation.Professor');
insert into KSOR_ORG_TYPE_JN_ORG_PERRL_TYP (ORG_TYPE_ID, ORG_PERS_RELTN_TYPE_ID) values ('kuali.org.School', 'kuali.org.PersonRelation.Head');
insert into KSOR_ORG_TYPE_JN_ORG_PERRL_TYP (ORG_TYPE_ID, ORG_PERS_RELTN_TYPE_ID) values ('kuali.org.School', 'kuali.org.PersonRelation.Professor');

insert into KSOR_ORG (ID, CREATEID, CREATETIME, UPDATEID, UPDATETIME, VERSIONIND, EFF_DT, EXPIR_DT, LNG_DESCR, LNG_NAME, SHRT_DESCR, SHRT_NAME, ST, TYPE) values ('143', 'TESTUSER', {ts '2009-01-22 00:00:00.0'}, 'TESTUSER', {ts '2009-01-22 00:00:00.0'}, 1, {ts '2000-01-01 00:00:00.0'}, null, null, 'College of Arts and Hum Curriculum Committee', null, 'Arts&HumCOC', 'Active', 'kuali.org.COC');
insert into KSOR_ORG (ID, CREATEID, CREATETIME, UPDATEID, UPDATETIME, VERSIONIND, EFF_DT, EXPIR_DT, LNG_DESCR, LNG_NAME, SHRT_DESCR, SHRT_NAME, ST, TYPE) values ('144', 'TESTUSER', {ts '2009-01-22 00:00:00.0'}, 'TESTUSER', {ts '2009-01-22 00:00:00.0'}, 1, {ts '2000-01-01 00:00:00.0'}, null, null, 'College of Behavioral and Social Sciences Curriculum Committee', null, 'BSOSCOC', 'Active', 'kuali.org.COC');
insert into KSOR_ORG (ID, CREATEID, CREATETIME, UPDATEID, UPDATETIME, VERSIONIND, EFF_DT, EXPIR_DT, LNG_DESCR, LNG_NAME, SHRT_DESCR, SHRT_NAME, ST, TYPE) values ('145', 'TESTUSER', {ts '2009-01-22 00:00:00.0'}, 'TESTUSER', {ts '2009-01-22 00:00:00.0'}, 1, {ts '2000-01-01 00:00:00.0'}, null, null, 'College of Life and Chemical Sciences Curriculum Committee', null, 'Life&ChemSciencesCOC', 'Active', 'kuali.org.COC');
insert into KSOR_ORG (ID, CREATEID, CREATETIME, UPDATEID, UPDATETIME, VERSIONIND, EFF_DT, EXPIR_DT, LNG_DESCR, LNG_NAME, SHRT_DESCR, SHRT_NAME, ST, TYPE) values ('146', 'TESTUSER', {ts '2009-01-22 00:00:00.0'}, 'TESTUSER', {ts '2009-01-22 00:00:00.0'}, 1, {ts '2000-01-01 00:00:00.0'}, null, null, 'College of Engineering Curriculum Committee', null, 'EngineeringCOC', 'Active', 'kuali.org.COC');
insert into KSOR_ORG (ID, CREATEID, CREATETIME, UPDATEID, UPDATETIME, VERSIONIND, EFF_DT, EXPIR_DT, LNG_DESCR, LNG_NAME, SHRT_DESCR, SHRT_NAME, ST, TYPE) values ('147', 'TESTUSER', {ts '2009-01-22 00:00:00.0'}, 'TESTUSER', {ts '2009-01-22 00:00:00.0'}, 1, {ts '2000-01-01 00:00:00.0'}, null, null, 'English Dept Curriculum Committee', null, 'EnglishCOC', 'Active', 'kuali.org.COC');
insert into KSOR_ORG (ID, CREATEID, CREATETIME, UPDATEID, UPDATETIME, VERSIONIND, EFF_DT, EXPIR_DT, LNG_DESCR, LNG_NAME, SHRT_DESCR, SHRT_NAME, ST, TYPE) values ('148', 'TESTUSER', {ts '2009-01-22 00:00:00.0'}, 'TESTUSER', {ts '2009-01-22 00:00:00.0'}, 1, {ts '2000-01-01 00:00:00.0'}, null, null, 'Fine Arts Dept Curriculum Committee', null, 'FineArtsCOC', 'Active', 'kuali.org.COC');
insert into KSOR_ORG (ID, CREATEID, CREATETIME, UPDATEID, UPDATETIME, VERSIONIND, EFF_DT, EXPIR_DT, LNG_DESCR, LNG_NAME, SHRT_DESCR, SHRT_NAME, ST, TYPE) values ('149', 'TESTUSER', {ts '2009-01-22 00:00:00.0'}, 'TESTUSER', {ts '2009-01-22 00:00:00.0'}, 1, {ts '2000-01-01 00:00:00.0'}, null, null, 'French Dept Curriculum Committee', null, 'FrenchCOC', 'Active', 'kuali.org.COC');
insert into KSOR_ORG (ID, CREATEID, CREATETIME, UPDATEID, UPDATETIME, VERSIONIND, EFF_DT, EXPIR_DT, LNG_DESCR, LNG_NAME, SHRT_DESCR, SHRT_NAME, ST, TYPE) values ('15', 'TESTUSER', {ts '2009-01-22 00:00:00.0'}, 'TESTUSER', {ts '2009-01-22 00:00:00.0'}, 1, {ts '2000-01-01 00:00:00.0'}, null, null, 'Academic Affairs (EVPP)', null, 'Academics', 'Active', 'kuali.org.Division');
insert into KSOR_ORG (ID, CREATEID, CREATETIME, UPDATEID, UPDATETIME, VERSIONIND, EFF_DT, EXPIR_DT, LNG_DESCR, LNG_NAME, SHRT_DESCR, SHRT_NAME, ST, TYPE) values ('150', 'TESTUSER', {ts '2009-01-22 00:00:00.0'}, 'TESTUSER', {ts '2009-01-22 00:00:00.0'}, 1, {ts '2000-01-01 00:00:00.0'}, null, null, 'Geography Dept Curriculum Committee', null, 'GeographyCOC', 'Active', 'kuali.org.COC');
insert into KSOR_ORG (ID, CREATEID, CREATETIME, UPDATEID, UPDATETIME, VERSIONIND, EFF_DT, EXPIR_DT, LNG_DESCR, LNG_NAME, SHRT_DESCR, SHRT_NAME, ST, TYPE) values ('151', 'TESTUSER', {ts '2009-01-22 00:00:00.0'}, 'TESTUSER', {ts '2009-01-22 00:00:00.0'}, 1, {ts '2000-01-01 00:00:00.0'}, null, null, 'Linguistics Dept Curriculum Committee', null, 'LinguisticsCOC', 'Active', 'kuali.org.COC');
insert into KSOR_ORG (ID, CREATEID, CREATETIME, UPDATEID, UPDATETIME, VERSIONIND, EFF_DT, EXPIR_DT, LNG_DESCR, LNG_NAME, SHRT_DESCR, SHRT_NAME, ST, TYPE) values ('152', 'TESTUSER', {ts '2009-01-22 00:00:00.0'}, 'TESTUSER', {ts '2009-01-22 00:00:00.0'}, 1, {ts '2000-01-01 00:00:00.0'}, null, null, 'Music Dept Curriculum Committee', null, 'MusicCOC', 'Active', 'kuali.org.COC');
insert into KSOR_ORG (ID, CREATEID, CREATETIME, UPDATEID, UPDATETIME, VERSIONIND, EFF_DT, EXPIR_DT, LNG_DESCR, LNG_NAME, SHRT_DESCR, SHRT_NAME, ST, TYPE) values ('153', 'TESTUSER', {ts '2009-01-22 00:00:00.0'}, 'TESTUSER', {ts '2009-01-22 00:00:00.0'}, 1, {ts '2000-01-01 00:00:00.0'}, null, null, 'History Dept Curriculum Committee', null, 'HistoryCOC', 'Active', 'kuali.org.COC');
insert into KSOR_ORG (ID, CREATEID, CREATETIME, UPDATEID, UPDATETIME, VERSIONIND, EFF_DT, EXPIR_DT, LNG_DESCR, LNG_NAME, SHRT_DESCR, SHRT_NAME, ST, TYPE) values ('154', 'TESTUSER', {ts '2009-01-22 00:00:00.0'}, 'TESTUSER', {ts '2009-01-22 00:00:00.0'}, 1, {ts '2000-01-01 00:00:00.0'}, null, null, 'Political Science Dept Curriculum Committee', null, 'PolySciCOC', 'Active', 'kuali.org.COC');
insert into KSOR_ORG (ID, CREATEID, CREATETIME, UPDATEID, UPDATETIME, VERSIONIND, EFF_DT, EXPIR_DT, LNG_DESCR, LNG_NAME, SHRT_DESCR, SHRT_NAME, ST, TYPE) values ('155', 'TESTUSER', {ts '2009-01-22 00:00:00.0'}, 'TESTUSER', {ts '2009-01-22 00:00:00.0'}, 1, {ts '2000-01-01 00:00:00.0'}, null, null, 'Psychology Dept Curriculum Committee', null, 'PsychologyCOC', 'Active', 'kuali.org.COC');
insert into KSOR_ORG (ID, CREATEID, CREATETIME, UPDATEID, UPDATETIME, VERSIONIND, EFF_DT, EXPIR_DT, LNG_DESCR, LNG_NAME, SHRT_DESCR, SHRT_NAME, ST, TYPE) values ('156', 'TESTUSER', {ts '2009-01-22 00:00:00.0'}, 'TESTUSER', {ts '2009-01-22 00:00:00.0'}, 1, {ts '2000-01-01 00:00:00.0'}, null, null, 'Sociology Dept Curriculum Committee', null, 'SociologyCOC', 'Active', 'kuali.org.COC');
insert into KSOR_ORG (ID, CREATEID, CREATETIME, UPDATEID, UPDATETIME, VERSIONIND, EFF_DT, EXPIR_DT, LNG_DESCR, LNG_NAME, SHRT_DESCR, SHRT_NAME, ST, TYPE) values ('157', 'TESTUSER', {ts '2009-01-22 00:00:00.0'}, 'TESTUSER', {ts '2009-01-22 00:00:00.0'}, 1, {ts '2000-01-01 00:00:00.0'}, null, null, 'Interdisciplinary BSOS COC', null, 'InterdiscBSOSCOC', 'Active', 'kuali.org.COC');
insert into KSOR_ORG (ID, CREATEID, CREATETIME, UPDATEID, UPDATETIME, VERSIONIND, EFF_DT, EXPIR_DT, LNG_DESCR, LNG_NAME, SHRT_DESCR, SHRT_NAME, ST, TYPE) values ('158', 'TESTUSER', {ts '2009-01-22 00:00:00.0'}, 'TESTUSER', {ts '2009-01-22 00:00:00.0'}, 1, {ts '2000-01-01 00:00:00.0'}, null, null, 'Chemical Engineering Dept Curriculum Committee', null, 'ChemicalCOC', 'Active', 'kuali.org.COC');
insert into KSOR_ORG (ID, CREATEID, CREATETIME, UPDATEID, UPDATETIME, VERSIONIND, EFF_DT, EXPIR_DT, LNG_DESCR, LNG_NAME, SHRT_DESCR, SHRT_NAME, ST, TYPE) values ('159', 'TESTUSER', {ts '2009-01-22 00:00:00.0'}, 'TESTUSER', {ts '2009-01-22 00:00:00.0'}, 1, {ts '2000-01-01 00:00:00.0'}, null, null, 'Civil Engineering Dept Curriculum Committee', null, 'CivilCOC', 'Active', 'kuali.org.COC');
insert into KSOR_ORG (ID, CREATEID, CREATETIME, UPDATEID, UPDATETIME, VERSIONIND, EFF_DT, EXPIR_DT, LNG_DESCR, LNG_NAME, SHRT_DESCR, SHRT_NAME, ST, TYPE) values ('16', 'TESTUSER', {ts '2009-01-22 00:00:00.0'}, 'TESTUSER', {ts '2009-01-22 00:00:00.0'}, 1, {ts '2000-01-01 00:00:00.0'}, null, null, 'Administration and Finance', null, 'Administration', 'Active', 'kuali.org.Division');
insert into KSOR_ORG (ID, CREATEID, CREATETIME, UPDATEID, UPDATETIME, VERSIONIND, EFF_DT, EXPIR_DT, LNG_DESCR, LNG_NAME, SHRT_DESCR, SHRT_NAME, ST, TYPE) values ('160', 'TESTUSER', {ts '2009-01-22 00:00:00.0'}, 'TESTUSER', {ts '2009-01-22 00:00:00.0'}, 1, {ts '2000-01-01 00:00:00.0'}, null, null, 'Mechanical Engineering Dept Curriculum Committee', null, 'MechanicalCOC', 'Active', 'kuali.org.COC');
insert into KSOR_ORG (ID, CREATEID, CREATETIME, UPDATEID, UPDATETIME, VERSIONIND, EFF_DT, EXPIR_DT, LNG_DESCR, LNG_NAME, SHRT_DESCR, SHRT_NAME, ST, TYPE) values ('161', 'TESTUSER', {ts '2009-01-22 00:00:00.0'}, 'TESTUSER', {ts '2009-01-22 00:00:00.0'}, 1, {ts '2000-01-01 00:00:00.0'}, null, null, 'Computer Science Dept Curriculum Committee', null, 'CompSciCOC', 'Active', 'kuali.org.COC');
insert into KSOR_ORG (ID, CREATEID, CREATETIME, UPDATEID, UPDATETIME, VERSIONIND, EFF_DT, EXPIR_DT, LNG_DESCR, LNG_NAME, SHRT_DESCR, SHRT_NAME, ST, TYPE) values ('162', 'TESTUSER', {ts '2009-01-22 00:00:00.0'}, 'TESTUSER', {ts '2009-01-22 00:00:00.0'}, 1, {ts '2000-01-01 00:00:00.0'}, null, null, 'Biology Dept Curriculum Committee', null, 'BiologyCOC', 'Active', 'kuali.org.COC');
insert into KSOR_ORG (ID, CREATEID, CREATETIME, UPDATEID, UPDATETIME, VERSIONIND, EFF_DT, EXPIR_DT, LNG_DESCR, LNG_NAME, SHRT_DESCR, SHRT_NAME, ST, TYPE) values ('163', 'TESTUSER', {ts '2009-01-22 00:00:00.0'}, 'TESTUSER', {ts '2009-01-22 00:00:00.0'}, 1, {ts '2000-01-01 00:00:00.0'}, null, null, 'Biochemistry Dept Curriculum Committee', null, 'BiochemistryCOC', 'Active', 'kuali.org.COC');
insert into KSOR_ORG (ID, CREATEID, CREATETIME, UPDATEID, UPDATETIME, VERSIONIND, EFF_DT, EXPIR_DT, LNG_DESCR, LNG_NAME, SHRT_DESCR, SHRT_NAME, ST, TYPE) values ('164', 'TESTUSER', {ts '2009-01-22 00:00:00.0'}, 'TESTUSER', {ts '2009-01-22 00:00:00.0'}, 1, {ts '2000-01-01 00:00:00.0'}, null, null, 'Botany Dept Curriculum Committee', null, 'BotanyCOC', 'Active', 'kuali.org.COC');
insert into KSOR_ORG (ID, CREATEID, CREATETIME, UPDATEID, UPDATETIME, VERSIONIND, EFF_DT, EXPIR_DT, LNG_DESCR, LNG_NAME, SHRT_DESCR, SHRT_NAME, ST, TYPE) values ('165', 'TESTUSER', {ts '2009-01-22 00:00:00.0'}, 'TESTUSER', {ts '2009-01-22 00:00:00.0'}, 1, {ts '2000-01-01 00:00:00.0'}, null, null, 'Chemistry Dept Curriculum Committee', null, 'ChemistryCOC', 'Active', 'kuali.org.COC');
insert into KSOR_ORG (ID, CREATEID, CREATETIME, UPDATEID, UPDATETIME, VERSIONIND, EFF_DT, EXPIR_DT, LNG_DESCR, LNG_NAME, SHRT_DESCR, SHRT_NAME, ST, TYPE) values ('166', 'TESTUSER', {ts '2009-01-22 00:00:00.0'}, 'TESTUSER', {ts '2009-01-22 00:00:00.0'}, 1, {ts '2000-01-01 00:00:00.0'}, null, null, 'Geology Dept Curriculum Committee', null, 'GeologyCOC', 'Active', 'kuali.org.COC');
insert into KSOR_ORG (ID, CREATEID, CREATETIME, UPDATEID, UPDATETIME, VERSIONIND, EFF_DT, EXPIR_DT, LNG_DESCR, LNG_NAME, SHRT_DESCR, SHRT_NAME, ST, TYPE) values ('167', 'TESTUSER', {ts '2009-01-22 00:00:00.0'}, 'TESTUSER', {ts '2009-01-22 00:00:00.0'}, 1, {ts '2000-01-01 00:00:00.0'}, null, null, 'Gender Studies Curriculum Committee', null, 'GenderStudiesCOC', 'Active', 'kuali.org.COC');
insert into KSOR_ORG (ID, CREATEID, CREATETIME, UPDATEID, UPDATETIME, VERSIONIND, EFF_DT, EXPIR_DT, LNG_DESCR, LNG_NAME, SHRT_DESCR, SHRT_NAME, ST, TYPE) values ('168', 'TESTUSER', {ts '2009-01-22 00:00:00.0'}, 'TESTUSER', {ts '2009-01-22 00:00:00.0'}, 1, {ts '2000-01-01 00:00:00.0'}, null, 'This committee was chartered by the Head of the Geology Department to review and possibly revamp the geology Department''s curriculum', 'Business School Curriculum Committee', 'Committee charted by Geology Dept. head to evaluate dept. curriculum', 'BusinessSchoolCOC', 'Active', 'kuali.org.COC');
insert into KSOR_ORG (ID, CREATEID, CREATETIME, UPDATEID, UPDATETIME, VERSIONIND, EFF_DT, EXPIR_DT, LNG_DESCR, LNG_NAME, SHRT_DESCR, SHRT_NAME, ST, TYPE) values ('169', 'TESTUSER', {ts '2009-01-22 00:00:00.0'}, 'TESTUSER', {ts '2009-01-22 00:00:00.0'}, 1, {ts '2000-01-01 00:00:00.0'}, null, 'This committee was chartered by the Head of the Geology Department to review and possibly revamp the geology Department''s curriculum', 'Education School Curriculum Committee', 'Committee charted by Geology Dept. head to evaluate dept. curriculum', 'EducationSchoolCOC', 'Active', 'kuali.org.COC');
insert into KSOR_ORG (ID, CREATEID, CREATETIME, UPDATEID, UPDATETIME, VERSIONIND, EFF_DT, EXPIR_DT, LNG_DESCR, LNG_NAME, SHRT_DESCR, SHRT_NAME, ST, TYPE) values ('16a70c2b-7ebb-4555-b574-a290ef19f02c', null, {ts '2010-09-17 12:13:59.0'}, null, {ts '2010-09-17 12:13:59.0'}, 0, {ts '2010-07-01 00:00:00.0'}, null, null, 'The National Association of School Psychologists', null, 'NASP', 'Active', 'kuali.org.AccreditingBody');
insert into KSOR_ORG (ID, CREATEID, CREATETIME, UPDATEID, UPDATETIME, VERSIONIND, EFF_DT, EXPIR_DT, LNG_DESCR, LNG_NAME, SHRT_DESCR, SHRT_NAME, ST, TYPE) values ('17', 'TESTUSER', {ts '2009-01-22 00:00:00.0'}, 'TESTUSER', {ts '2009-01-22 00:00:00.0'}, 1, {ts '2000-01-01 00:00:00.0'}, null, null, 'Student Affairs', null, 'Students', 'Active', 'kuali.org.Division');
insert into KSOR_ORG (ID, CREATEID, CREATETIME, UPDATEID, UPDATETIME, VERSIONIND, EFF_DT, EXPIR_DT, LNG_DESCR, LNG_NAME, SHRT_DESCR, SHRT_NAME, ST, TYPE) values ('170', 'TESTUSER', {ts '2009-01-22 00:00:00.0'}, 'TESTUSER', {ts '2009-01-22 00:00:00.0'}, 1, {ts '2000-01-01 00:00:00.0'}, null, 'This committee was chartered by the Head of the Geology Department to review and possibly revamp the geology Department''s curriculum', 'Medical School Curriculum Committee', 'Committee charted by Geology Dept. head to evaluate dept. curriculum', 'MedicalSchoolCOC', 'Active', 'kuali.org.COC');
insert into KSOR_ORG (ID, CREATEID, CREATETIME, UPDATEID, UPDATETIME, VERSIONIND, EFF_DT, EXPIR_DT, LNG_DESCR, LNG_NAME, SHRT_DESCR, SHRT_NAME, ST, TYPE) values ('171', 'TESTUSER', {ts '2009-01-22 00:00:00.0'}, 'TESTUSER', {ts '2009-01-22 00:00:00.0'}, 1, {ts '2000-01-01 00:00:00.0'}, null, 'This committee was chartered by the Head of the Geology Department to review and possibly revamp the geology Department''s curriculum', 'Ad hoc Committee for Geology Curriculum Innovation', 'Committee charted by Geology Dept. head to evaluate dept. curriculum', 'GeologyCIC', 'Active', 'kuali.org.AdhocCommittee');
insert into KSOR_ORG (ID, CREATEID, CREATETIME, UPDATEID, UPDATETIME, VERSIONIND, EFF_DT, EXPIR_DT, LNG_DESCR, LNG_NAME, SHRT_DESCR, SHRT_NAME, ST, TYPE) values ('172', 'TESTUSER', {ts '2009-01-22 00:00:00.0'}, 'TESTUSER', {ts '2009-01-22 00:00:00.0'}, 1, {ts '2000-01-01 00:00:00.0'}, null, 'Biological Science Division Coc', 'Biological Science Division Coc', null, 'BiologicalScienceDivisionCoc', 'Active', 'kuali.org.COC');
insert into KSOR_ORG (ID, CREATEID, CREATETIME, UPDATEID, UPDATETIME, VERSIONIND, EFF_DT, EXPIR_DT, LNG_DESCR, LNG_NAME, SHRT_DESCR, SHRT_NAME, ST, TYPE) values ('173', 'TESTUSER', {ts '2009-01-22 00:00:00.0'}, 'TESTUSER', {ts '2009-01-22 00:00:00.0'}, 1, {ts '2000-01-01 00:00:00.0'}, null, 'Chemical Science Division Coc', 'Chemical Science Division Coc', null, 'ChemicalScienceDivisionCoc', 'Active', 'kuali.org.COC');
insert into KSOR_ORG (ID, CREATEID, CREATETIME, UPDATEID, UPDATETIME, VERSIONIND, EFF_DT, EXPIR_DT, LNG_DESCR, LNG_NAME, SHRT_DESCR, SHRT_NAME, ST, TYPE) values ('174', 'TESTUSER', {ts '2009-01-22 00:00:00.0'}, 'TESTUSER', {ts '2009-01-22 00:00:00.0'}, 1, {ts '2000-01-01 00:00:00.0'}, null, 'Behavioral Science Division Coc', 'Behavioral Science Division Coc', null, 'BehavioralScienceDivisionCoc', 'Active', 'kuali.org.COC');
insert into KSOR_ORG (ID, CREATEID, CREATETIME, UPDATEID, UPDATETIME, VERSIONIND, EFF_DT, EXPIR_DT, LNG_DESCR, LNG_NAME, SHRT_DESCR, SHRT_NAME, ST, TYPE) values ('175', 'TESTUSER', {ts '2009-01-22 00:00:00.0'}, 'TESTUSER', {ts '2009-01-22 00:00:00.0'}, 1, {ts '2000-01-01 00:00:00.0'}, null, 'Social Science Division Coc', 'Social Science Division Coc', null, 'SocialScienceDivisionCoc', 'Active', 'kuali.org.COC');
insert into KSOR_ORG (ID, CREATEID, CREATETIME, UPDATEID, UPDATETIME, VERSIONIND, EFF_DT, EXPIR_DT, LNG_DESCR, LNG_NAME, SHRT_DESCR, SHRT_NAME, ST, TYPE) values ('176', 'TESTUSER', {ts '2009-01-22 00:00:00.0'}, 'TESTUSER', {ts '2009-01-22 00:00:00.0'}, 1, {ts '2000-01-01 00:00:00.0'}, null, 'Publication Office', 'Publication Office', null, 'PublicationOffice', 'Active', 'kuali.org.Office');
insert into KSOR_ORG (ID, CREATEID, CREATETIME, UPDATEID, UPDATETIME, VERSIONIND, EFF_DT, EXPIR_DT, LNG_DESCR, LNG_NAME, SHRT_DESCR, SHRT_NAME, ST, TYPE) values ('177', 'TESTUSER', {ts '2009-01-22 00:00:00.0'}, 'TESTUSER', {ts '2009-01-22 00:00:00.0'}, 1, {ts '2000-01-01 00:00:00.0'}, null, 'Undergraduate Program Coc', 'Undergraduate Program Coc', null, 'UndergraduateProgramCoc', 'Active', 'kuali.org.COC');
insert into KSOR_ORG (ID, CREATEID, CREATETIME, UPDATEID, UPDATETIME, VERSIONIND, EFF_DT, EXPIR_DT, LNG_DESCR, LNG_NAME, SHRT_DESCR, SHRT_NAME, ST, TYPE) values ('178', 'TESTUSER', {ts '2009-01-22 00:00:00.0'}, 'TESTUSER', {ts '2009-01-22 00:00:00.0'}, 1, {ts '2000-01-01 00:00:00.0'}, null, 'Biological Science Division', 'Biological Science Division', null, 'BiologicalScienceDivision', 'Active', 'kuali.org.Division');
insert into KSOR_ORG (ID, CREATEID, CREATETIME, UPDATEID, UPDATETIME, VERSIONIND, EFF_DT, EXPIR_DT, LNG_DESCR, LNG_NAME, SHRT_DESCR, SHRT_NAME, ST, TYPE) values ('179', 'TESTUSER', {ts '2009-01-22 00:00:00.0'}, 'TESTUSER', {ts '2009-01-22 00:00:00.0'}, 1, {ts '2000-01-01 00:00:00.0'}, null, 'Chemical Science Division', 'Chemical Science Division', null, 'ChemicalScienceDivision', 'Active', 'kuali.org.Division');
insert into KSOR_ORG (ID, CREATEID, CREATETIME, UPDATEID, UPDATETIME, VERSIONIND, EFF_DT, EXPIR_DT, LNG_DESCR, LNG_NAME, SHRT_DESCR, SHRT_NAME, ST, TYPE) values ('18', 'TESTUSER', {ts '2009-01-22 00:00:00.0'}, 'TESTUSER', {ts '2009-01-22 00:00:00.0'}, 1, {ts '2000-01-01 00:00:00.0'}, null, null, 'Research and Economic Development', null, 'Research', 'Active', 'kuali.org.Division');
insert into KSOR_ORG (ID, CREATEID, CREATETIME, UPDATEID, UPDATETIME, VERSIONIND, EFF_DT, EXPIR_DT, LNG_DESCR, LNG_NAME, SHRT_DESCR, SHRT_NAME, ST, TYPE) values ('180', 'TESTUSER', {ts '2009-01-22 00:00:00.0'}, 'TESTUSER', {ts '2009-01-22 00:00:00.0'}, 1, {ts '2000-01-01 00:00:00.0'}, null, 'Behavioral Science Division', 'Behavioral Science Division', null, 'BehavioralScienceDivision', 'Active', 'kuali.org.Division');
insert into KSOR_ORG (ID, CREATEID, CREATETIME, UPDATEID, UPDATETIME, VERSIONIND, EFF_DT, EXPIR_DT, LNG_DESCR, LNG_NAME, SHRT_DESCR, SHRT_NAME, ST, TYPE) values ('181', 'TESTUSER', {ts '2009-01-22 00:00:00.0'}, 'TESTUSER', {ts '2009-01-22 00:00:00.0'}, 1, {ts '2000-01-01 00:00:00.0'}, null, 'Social Science Division', 'Social Science Division', null, 'SocialScienceDivision', 'Active', 'kuali.org.Division');
insert into KSOR_ORG (ID, CREATEID, CREATETIME, UPDATEID, UPDATETIME, VERSIONIND, EFF_DT, EXPIR_DT, LNG_DESCR, LNG_NAME, SHRT_DESCR, SHRT_NAME, ST, TYPE) values ('19', 'TESTUSER', {ts '2009-01-22 00:00:00.0'}, 'TESTUSER', {ts '2009-01-22 00:00:00.0'}, 1, {ts '2000-01-01 00:00:00.0'}, null, null, 'Office of the Executive Vice President and Provost', null, 'EVPPOffice', 'Active', 'kuali.org.Office');
insert into KSOR_ORG (ID, CREATEID, CREATETIME, UPDATEID, UPDATETIME, VERSIONIND, EFF_DT, EXPIR_DT, LNG_DESCR, LNG_NAME, SHRT_DESCR, SHRT_NAME, ST, TYPE) values ('1a7c3043-2219-4414-a106-6c6ce2d3bfc7', null, {ts '2010-09-17 12:13:57.0'}, null, {ts '2010-09-17 12:13:57.0'}, 0, {ts '2010-07-01 00:00:00.0'}, null, null, 'The American Library Association', null, 'ALA', 'Active', 'kuali.org.AccreditingBody');
insert into KSOR_ORG (ID, CREATEID, CREATETIME, UPDATEID, UPDATETIME, VERSIONIND, EFF_DT, EXPIR_DT, LNG_DESCR, LNG_NAME, SHRT_DESCR, SHRT_NAME, ST, TYPE) values ('1bc53d64-0f9d-41c8-b5ca-4f82e774a450', null, {ts '2010-09-17 12:13:56.0'}, null, {ts '2010-09-17 12:13:56.0'}, 0, {ts '2010-07-01 00:00:00.0'}, null, null, 'The American Assembly of Collegiate Schools of Business', null, 'AACSB', 'Active', 'kuali.org.AccreditingBody');
insert into KSOR_ORG (ID, CREATEID, CREATETIME, UPDATEID, UPDATETIME, VERSIONIND, EFF_DT, EXPIR_DT, LNG_DESCR, LNG_NAME, SHRT_DESCR, SHRT_NAME, ST, TYPE) values ('1d6050c2-c879-4a1b-8c58-e4492950a9cb', null, {ts '2010-09-17 12:14:00.0'}, null, {ts '2010-09-17 12:14:00.0'}, 0, {ts '2010-07-01 00:00:00.0'}, null, null, 'The National Council of Teachers of Mathematics', null, 'NCTM', 'Active', 'kuali.org.AccreditingBody');
insert into KSOR_ORG (ID, CREATEID, CREATETIME, UPDATEID, UPDATETIME, VERSIONIND, EFF_DT, EXPIR_DT, LNG_DESCR, LNG_NAME, SHRT_DESCR, SHRT_NAME, ST, TYPE) values ('1e8cd111-bc37-491f-ba4a-5c2ce610a91b', null, {ts '2010-09-17 12:13:58.0'}, null, {ts '2010-09-17 12:13:58.0'}, 0, {ts '2010-07-01 00:00:00.0'}, null, null, 'The Council on Education for Public Health', null, 'CEPH', 'Active', 'kuali.org.AccreditingBody');
insert into KSOR_ORG (ID, CREATEID, CREATETIME, UPDATEID, UPDATETIME, VERSIONIND, EFF_DT, EXPIR_DT, LNG_DESCR, LNG_NAME, SHRT_DESCR, SHRT_NAME, ST, TYPE) values ('2', 'TESTUSER', {ts '2009-01-22 00:00:00.0'}, 'TESTUSER', {ts '2009-01-22 00:00:00.0'}, 1, {ts '2000-01-01 00:00:00.0'}, null, 'A (put a number here) member Board of Regents, including one full-time student governs the Kuali University System.   The Regents oversee the system''s academic, administrative, and financial operations; formulate policy; and appoint the Kuali Chancellor ', 'Board of Regents', null, 'BORG', 'Active', 'kuali.org.Board');
insert into KSOR_ORG (ID, CREATEID, CREATETIME, UPDATEID, UPDATETIME, VERSIONIND, EFF_DT, EXPIR_DT, LNG_DESCR, LNG_NAME, SHRT_DESCR, SHRT_NAME, ST, TYPE) values ('20', 'TESTUSER', {ts '2009-01-22 00:00:00.0'}, 'TESTUSER', {ts '2009-01-22 00:00:00.0'}, 1, {ts '2000-01-01 00:00:00.0'}, null, null, 'Office of the VP for Business Administration and Finance', null, 'VPAdminOffice', 'Active', 'kuali.org.Office');
insert into KSOR_ORG (ID, CREATEID, CREATETIME, UPDATEID, UPDATETIME, VERSIONIND, EFF_DT, EXPIR_DT, LNG_DESCR, LNG_NAME, SHRT_DESCR, SHRT_NAME, ST, TYPE) values ('21', 'TESTUSER', {ts '2009-01-22 00:00:00.0'}, 'TESTUSER', {ts '2009-01-22 00:00:00.0'}, 1, {ts '2000-01-01 00:00:00.0'}, null, null, 'Office of the VP for Student Affairs', null, 'VPStudentsOffice', 'Active', 'kuali.org.Office');
insert into KSOR_ORG (ID, CREATEID, CREATETIME, UPDATEID, UPDATETIME, VERSIONIND, EFF_DT, EXPIR_DT, LNG_DESCR, LNG_NAME, SHRT_DESCR, SHRT_NAME, ST, TYPE) values ('22', 'TESTUSER', {ts '2009-01-22 00:00:00.0'}, 'TESTUSER', {ts '2009-01-22 00:00:00.0'}, 1, {ts '2000-01-01 00:00:00.0'}, null, null, 'Office of the VP for Research and Economic Development', null, 'VPResearchOffice', 'Active', 'kuali.org.Office');
insert into KSOR_ORG (ID, CREATEID, CREATETIME, UPDATEID, UPDATETIME, VERSIONIND, EFF_DT, EXPIR_DT, LNG_DESCR, LNG_NAME, SHRT_DESCR, SHRT_NAME, ST, TYPE) values ('23', 'TESTUSER', {ts '2009-01-22 00:00:00.0'}, 'TESTUSER', {ts '2009-01-22 00:00:00.0'}, 1, {ts '2000-01-01 00:00:00.0'}, null, null, 'Information Technology', null, 'IT', 'Active', 'kuali.org.Department');
insert into KSOR_ORG (ID, CREATEID, CREATETIME, UPDATEID, UPDATETIME, VERSIONIND, EFF_DT, EXPIR_DT, LNG_DESCR, LNG_NAME, SHRT_DESCR, SHRT_NAME, ST, TYPE) values ('237a8c53-a3a0-45d0-a29d-09a697f59a86', null, {ts '2010-09-17 12:13:58.0'}, null, {ts '2010-09-17 12:13:58.0'}, 0, {ts '2010-07-01 00:00:00.0'}, null, null, 'The Council for Accreditation of Counseling and Related Educational Programs', null, 'CACREP', 'Active', 'kuali.org.AccreditingBody');
insert into KSOR_ORG (ID, CREATEID, CREATETIME, UPDATEID, UPDATETIME, VERSIONIND, EFF_DT, EXPIR_DT, LNG_DESCR, LNG_NAME, SHRT_DESCR, SHRT_NAME, ST, TYPE) values ('24', 'TESTUSER', {ts '2009-01-22 00:00:00.0'}, 'TESTUSER', {ts '2009-01-22 00:00:00.0'}, 1, {ts '2000-01-01 00:00:00.0'}, null, null, 'The Undergraduate Program', null, 'UndergraduateProgram', 'Active', 'kuali.org.Program');
insert into KSOR_ORG (ID, CREATEID, CREATETIME, UPDATEID, UPDATETIME, VERSIONIND, EFF_DT, EXPIR_DT, LNG_DESCR, LNG_NAME, SHRT_DESCR, SHRT_NAME, ST, TYPE) values ('248a7e5e-45f9-4bda-8b88-e7bd2135775d', null, {ts '2010-09-17 12:14:00.0'}, null, {ts '2010-09-17 12:14:00.0'}, 0, {ts '2010-07-01 00:00:00.0'}, null, null, 'The National Council for Accreditation of Teacher Education', null, 'NCATE', 'Active', 'kuali.org.AccreditingBody');
insert into KSOR_ORG (ID, CREATEID, CREATETIME, UPDATEID, UPDATETIME, VERSIONIND, EFF_DT, EXPIR_DT, LNG_DESCR, LNG_NAME, SHRT_DESCR, SHRT_NAME, ST, TYPE) values ('25', 'TESTUSER', {ts '2009-01-22 00:00:00.0'}, 'TESTUSER', {ts '2009-01-22 00:00:00.0'}, 1, {ts '2000-01-01 00:00:00.0'}, null, null, 'Office of the Dean of Students', null, 'DeanStudentsOffice', 'Active', 'kuali.org.Office');
insert into KSOR_ORG (ID, CREATEID, CREATETIME, UPDATEID, UPDATETIME, VERSIONIND, EFF_DT, EXPIR_DT, LNG_DESCR, LNG_NAME, SHRT_DESCR, SHRT_NAME, ST, TYPE) values ('26', 'TESTUSER', {ts '2009-01-22 00:00:00.0'}, 'TESTUSER', {ts '2009-01-22 00:00:00.0'}, 1, {ts '2000-01-01 00:00:00.0'}, null, null, 'The College of Graduate and Professional Studies', null, 'GraduateSchool', 'Active', 'kuali.org.Program');
insert into KSOR_ORG (ID, CREATEID, CREATETIME, UPDATEID, UPDATETIME, VERSIONIND, EFF_DT, EXPIR_DT, LNG_DESCR, LNG_NAME, SHRT_DESCR, SHRT_NAME, ST, TYPE) values ('268980fe-dbfe-400a-b6ef-e149ca1bf794', null, {ts '2010-09-17 12:13:59.0'}, null, {ts '2010-09-17 12:13:59.0'}, 0, {ts '2010-07-01 00:00:00.0'}, null, null, 'The National Association of Schools of Music', null, 'NASM', 'Active', 'kuali.org.AccreditingBody');
insert into KSOR_ORG (ID, CREATEID, CREATETIME, UPDATEID, UPDATETIME, VERSIONIND, EFF_DT, EXPIR_DT, LNG_DESCR, LNG_NAME, SHRT_DESCR, SHRT_NAME, ST, TYPE) values ('27', 'TESTUSER', {ts '2009-01-22 00:00:00.0'}, 'TESTUSER', {ts '2009-01-22 00:00:00.0'}, 1, {ts '2000-01-01 00:00:00.0'}, null, null, 'The Graduate School Office', null, 'GraduateOffice', 'Active', 'kuali.org.Office');
insert into KSOR_ORG (ID, CREATEID, CREATETIME, UPDATEID, UPDATETIME, VERSIONIND, EFF_DT, EXPIR_DT, LNG_DESCR, LNG_NAME, SHRT_DESCR, SHRT_NAME, ST, TYPE) values ('28', 'TESTUSER', {ts '2009-01-22 00:00:00.0'}, 'TESTUSER', {ts '2009-01-22 00:00:00.0'}, 1, {ts '2000-01-01 00:00:00.0'}, null, null, 'The College of Arts and Humanities', null, 'CollegeArtsHum', 'Active', 'kuali.org.College');
insert into KSOR_ORG (ID, CREATEID, CREATETIME, UPDATEID, UPDATETIME, VERSIONIND, EFF_DT, EXPIR_DT, LNG_DESCR, LNG_NAME, SHRT_DESCR, SHRT_NAME, ST, TYPE) values ('29', 'TESTUSER', {ts '2009-01-22 00:00:00.0'}, 'TESTUSER', {ts '2009-01-22 00:00:00.0'}, 1, {ts '2000-01-01 00:00:00.0'}, null, null, 'The College of Behavioral and Social Science', null, 'CollegeBSOS', 'Active', 'kuali.org.College');
insert into KSOR_ORG (ID, CREATEID, CREATETIME, UPDATEID, UPDATETIME, VERSIONIND, EFF_DT, EXPIR_DT, LNG_DESCR, LNG_NAME, SHRT_DESCR, SHRT_NAME, ST, TYPE) values ('3', 'TESTUSER', {ts '2009-01-22 00:00:00.0'}, 'TESTUSER', {ts '2009-01-22 00:00:00.0'}, 1, {ts '2000-01-01 00:00:00.0'}, null, null, 'Chancellor''s Office', null, 'ChancellorsOffice', 'Active', 'kuali.org.Office');
insert into KSOR_ORG (ID, CREATEID, CREATETIME, UPDATEID, UPDATETIME, VERSIONIND, EFF_DT, EXPIR_DT, LNG_DESCR, LNG_NAME, SHRT_DESCR, SHRT_NAME, ST, TYPE) values ('30', 'TESTUSER', {ts '2009-01-22 00:00:00.0'}, 'TESTUSER', {ts '2009-01-22 00:00:00.0'}, 1, {ts '2000-01-01 00:00:00.0'}, null, null, 'The College of Life and Chemical Sciences ', null, 'CollegeLCS', 'Active', 'kuali.org.College');
insert into KSOR_ORG (ID, CREATEID, CREATETIME, UPDATEID, UPDATETIME, VERSIONIND, EFF_DT, EXPIR_DT, LNG_DESCR, LNG_NAME, SHRT_DESCR, SHRT_NAME, ST, TYPE) values ('31', 'TESTUSER', {ts '2009-01-22 00:00:00.0'}, 'TESTUSER', {ts '2009-01-22 00:00:00.0'}, 1, {ts '2000-01-01 00:00:00.0'}, null, null, 'The College of Engineering', null, 'CollegeEng', 'Active', 'kuali.org.College');
insert into KSOR_ORG (ID, CREATEID, CREATETIME, UPDATEID, UPDATETIME, VERSIONIND, EFF_DT, EXPIR_DT, LNG_DESCR, LNG_NAME, SHRT_DESCR, SHRT_NAME, ST, TYPE) values ('32', 'TESTUSER', {ts '2009-01-22 00:00:00.0'}, 'TESTUSER', {ts '2009-01-22 00:00:00.0'}, 1, {ts '2000-01-01 00:00:00.0'}, null, null, 'The Kuali School of Business', null, 'BusinessSchool', 'Active', 'kuali.org.School');
insert into KSOR_ORG (ID, CREATEID, CREATETIME, UPDATEID, UPDATETIME, VERSIONIND, EFF_DT, EXPIR_DT, LNG_DESCR, LNG_NAME, SHRT_DESCR, SHRT_NAME, ST, TYPE) values ('33', 'TESTUSER', {ts '2009-01-22 00:00:00.0'}, 'TESTUSER', {ts '2009-01-22 00:00:00.0'}, 1, {ts '2000-01-01 00:00:00.0'}, null, null, 'The College of Education', null, 'CollegeEducation', 'Active', 'kuali.org.College');
insert into KSOR_ORG (ID, CREATEID, CREATETIME, UPDATEID, UPDATETIME, VERSIONIND, EFF_DT, EXPIR_DT, LNG_DESCR, LNG_NAME, SHRT_DESCR, SHRT_NAME, ST, TYPE) values ('33fda982-5663-4a55-9fb7-1f15a3546f24', null, {ts '2010-09-17 12:14:00.0'}, null, {ts '2010-09-17 12:14:00.0'}, 0, {ts '2010-07-01 00:00:00.0'}, null, null, 'The Royal Institute of British Architects', null, 'RIBA', 'Active', 'kuali.org.AccreditingBody');
insert into KSOR_ORG (ID, CREATEID, CREATETIME, UPDATEID, UPDATETIME, VERSIONIND, EFF_DT, EXPIR_DT, LNG_DESCR, LNG_NAME, SHRT_DESCR, SHRT_NAME, ST, TYPE) values ('34', 'TESTUSER', {ts '2009-01-22 00:00:00.0'}, 'TESTUSER', {ts '2009-01-22 00:00:00.0'}, 1, {ts '2000-01-01 00:00:00.0'}, null, null, 'The Kuali Medical School', null, 'MedicalSchool', 'Active', 'kuali.org.School');
insert into KSOR_ORG (ID, CREATEID, CREATETIME, UPDATEID, UPDATETIME, VERSIONIND, EFF_DT, EXPIR_DT, LNG_DESCR, LNG_NAME, SHRT_DESCR, SHRT_NAME, ST, TYPE) values ('35', 'TESTUSER', {ts '2009-01-22 00:00:00.0'}, 'TESTUSER', {ts '2009-01-22 00:00:00.0'}, 1, {ts '2000-01-01 00:00:00.0'}, null, null, 'Office of the Dean of the College of Arts and Humanities', null, 'OfficeOfDeanArtsHum', 'Active', 'kuali.org.Office');
insert into KSOR_ORG (ID, CREATEID, CREATETIME, UPDATEID, UPDATETIME, VERSIONIND, EFF_DT, EXPIR_DT, LNG_DESCR, LNG_NAME, SHRT_DESCR, SHRT_NAME, ST, TYPE) values ('36', 'TESTUSER', {ts '2009-01-22 00:00:00.0'}, 'TESTUSER', {ts '2009-01-22 00:00:00.0'}, 1, {ts '2000-01-01 00:00:00.0'}, null, null, 'Office of the Dean of the College of Behavioral and Social Science (BSOS)', null, 'OfficeOfDeanBSOS', 'Active', 'kuali.org.Office');
insert into KSOR_ORG (ID, CREATEID, CREATETIME, UPDATEID, UPDATETIME, VERSIONIND, EFF_DT, EXPIR_DT, LNG_DESCR, LNG_NAME, SHRT_DESCR, SHRT_NAME, ST, TYPE) values ('37', 'TESTUSER', {ts '2009-01-22 00:00:00.0'}, 'TESTUSER', {ts '2009-01-22 00:00:00.0'}, 1, {ts '2000-01-01 00:00:00.0'}, null, null, 'Office of the Dean of the College of Engineering', null, 'OfficeOfDeanEng', 'Active', 'kuali.org.Office');
insert into KSOR_ORG (ID, CREATEID, CREATETIME, UPDATEID, UPDATETIME, VERSIONIND, EFF_DT, EXPIR_DT, LNG_DESCR, LNG_NAME, SHRT_DESCR, SHRT_NAME, ST, TYPE) values ('38', 'TESTUSER', {ts '2009-01-22 00:00:00.0'}, 'TESTUSER', {ts '2009-01-22 00:00:00.0'}, 1, {ts '2000-01-01 00:00:00.0'}, null, null, 'Office of the Dean of the College of Life and Chemical Sciences ', null, 'OfficeOfDeanLCS', 'Active', 'kuali.org.Office');
insert into KSOR_ORG (ID, CREATEID, CREATETIME, UPDATEID, UPDATETIME, VERSIONIND, EFF_DT, EXPIR_DT, LNG_DESCR, LNG_NAME, SHRT_DESCR, SHRT_NAME, ST, TYPE) values ('39', 'TESTUSER', {ts '2009-01-22 00:00:00.0'}, 'TESTUSER', {ts '2009-01-22 00:00:00.0'}, 1, {ts '2000-01-01 00:00:00.0'}, null, null, 'Extended Studies Program', null, 'ExtendedStudies', 'Active', 'kuali.org.Program');
insert into KSOR_ORG (ID, CREATEID, CREATETIME, UPDATEID, UPDATETIME, VERSIONIND, EFF_DT, EXPIR_DT, LNG_DESCR, LNG_NAME, SHRT_DESCR, SHRT_NAME, ST, TYPE) values ('4', 'TESTUSER', {ts '2009-01-22 00:00:00.0'}, 'TESTUSER', {ts '2009-01-22 00:00:00.0'}, 1, {ts '2000-01-01 00:00:00.0'}, null, null, 'Kuali University', null, 'KU', 'Active', 'kuali.org.CorporateEntity');
insert into KSOR_ORG (ID, CREATEID, CREATETIME, UPDATEID, UPDATETIME, VERSIONIND, EFF_DT, EXPIR_DT, LNG_DESCR, LNG_NAME, SHRT_DESCR, SHRT_NAME, ST, TYPE) values ('40', 'TESTUSER', {ts '2009-01-22 00:00:00.0'}, 'TESTUSER', {ts '2009-01-22 00:00:00.0'}, 1, {ts '2000-01-01 00:00:00.0'}, null, null, 'College of Distance Education', null, 'DistanceEducation', 'Active', 'kuali.org.College');
insert into KSOR_ORG (ID, CREATEID, CREATETIME, UPDATEID, UPDATETIME, VERSIONIND, EFF_DT, EXPIR_DT, LNG_DESCR, LNG_NAME, SHRT_DESCR, SHRT_NAME, ST, TYPE) values ('41', 'TESTUSER', {ts '2009-01-22 00:00:00.0'}, 'TESTUSER', {ts '2009-01-22 00:00:00.0'}, 1, {ts '2000-01-01 00:00:00.0'}, null, null, 'Learning Communities Programs', null, 'LearningCommunities', 'Active', 'kuali.org.Program');
insert into KSOR_ORG (ID, CREATEID, CREATETIME, UPDATEID, UPDATETIME, VERSIONIND, EFF_DT, EXPIR_DT, LNG_DESCR, LNG_NAME, SHRT_DESCR, SHRT_NAME, ST, TYPE) values ('42', 'TESTUSER', {ts '2009-01-22 00:00:00.0'}, 'TESTUSER', {ts '2009-01-22 00:00:00.0'}, 1, {ts '2000-01-01 00:00:00.0'}, null, null, 'Undergraduate Research Program', null, 'URP', 'Active', 'kuali.org.Program');
insert into KSOR_ORG (ID, CREATEID, CREATETIME, UPDATEID, UPDATETIME, VERSIONIND, EFF_DT, EXPIR_DT, LNG_DESCR, LNG_NAME, SHRT_DESCR, SHRT_NAME, ST, TYPE) values ('43', 'TESTUSER', {ts '2009-01-22 00:00:00.0'}, 'TESTUSER', {ts '2009-01-22 00:00:00.0'}, 1, {ts '2000-01-01 00:00:00.0'}, null, null, 'Freshman Experiential Learning Group', null, 'FELG', 'Active', 'kuali.org.Program');
insert into KSOR_ORG (ID, CREATEID, CREATETIME, UPDATEID, UPDATETIME, VERSIONIND, EFF_DT, EXPIR_DT, LNG_DESCR, LNG_NAME, SHRT_DESCR, SHRT_NAME, ST, TYPE) values ('44', 'TESTUSER', {ts '2009-01-22 00:00:00.0'}, 'TESTUSER', {ts '2009-01-22 00:00:00.0'}, 1, {ts '2000-01-01 00:00:00.0'}, null, null, 'Seminar Based Advising', null, 'SeminarAdvising', 'Active', 'kuali.org.Program');
insert into KSOR_ORG (ID, CREATEID, CREATETIME, UPDATEID, UPDATETIME, VERSIONIND, EFF_DT, EXPIR_DT, LNG_DESCR, LNG_NAME, SHRT_DESCR, SHRT_NAME, ST, TYPE) values ('440682d5-1ad8-4023-a30f-a0d7f54cb400', null, {ts '2010-09-17 12:13:57.0'}, null, {ts '2010-09-17 12:13:57.0'}, 0, {ts '2010-07-01 00:00:00.0'}, null, null, 'The American Psychological Association', null, 'APA', 'Active', 'kuali.org.AccreditingBody');
insert into KSOR_ORG (ID, CREATEID, CREATETIME, UPDATEID, UPDATETIME, VERSIONIND, EFF_DT, EXPIR_DT, LNG_DESCR, LNG_NAME, SHRT_DESCR, SHRT_NAME, ST, TYPE) values ('45', 'TESTUSER', {ts '2009-01-22 00:00:00.0'}, 'TESTUSER', {ts '2009-01-22 00:00:00.0'}, 1, {ts '2000-01-01 00:00:00.0'}, null, null, 'Residence Based Advising', null, 'ResidenceAdvising', 'Active', 'kuali.org.Program');
insert into KSOR_ORG (ID, CREATEID, CREATETIME, UPDATEID, UPDATETIME, VERSIONIND, EFF_DT, EXPIR_DT, LNG_DESCR, LNG_NAME, SHRT_DESCR, SHRT_NAME, ST, TYPE) values ('46', 'TESTUSER', {ts '2009-01-22 00:00:00.0'}, 'TESTUSER', {ts '2009-01-22 00:00:00.0'}, 1, {ts '2000-01-01 00:00:00.0'}, null, null, 'Cross-Registration Program', null, 'CrossRegistration', 'Active', 'kuali.org.Program');
insert into KSOR_ORG (ID, CREATEID, CREATETIME, UPDATEID, UPDATETIME, VERSIONIND, EFF_DT, EXPIR_DT, LNG_DESCR, LNG_NAME, SHRT_DESCR, SHRT_NAME, ST, TYPE) values ('47', 'TESTUSER', {ts '2009-01-22 00:00:00.0'}, 'TESTUSER', {ts '2009-01-22 00:00:00.0'}, 1, {ts '2000-01-01 00:00:00.0'}, null, null, 'Study Abroad Center', null, 'StudyAbroad', 'Active', 'kuali.org.Center');
insert into KSOR_ORG (ID, CREATEID, CREATETIME, UPDATEID, UPDATETIME, VERSIONIND, EFF_DT, EXPIR_DT, LNG_DESCR, LNG_NAME, SHRT_DESCR, SHRT_NAME, ST, TYPE) values ('48', 'TESTUSER', {ts '2009-01-22 00:00:00.0'}, 'TESTUSER', {ts '2009-01-22 00:00:00.0'}, 1, {ts '2000-01-01 00:00:00.0'}, null, null, 'Honors Program', null, 'HonorsProgram', 'Active', 'kuali.org.Program');
insert into KSOR_ORG (ID, CREATEID, CREATETIME, UPDATEID, UPDATETIME, VERSIONIND, EFF_DT, EXPIR_DT, LNG_DESCR, LNG_NAME, SHRT_DESCR, SHRT_NAME, ST, TYPE) values ('49', 'TESTUSER', {ts '2009-01-22 00:00:00.0'}, 'TESTUSER', {ts '2009-01-22 00:00:00.0'}, 1, {ts '2000-01-01 00:00:00.0'}, null, null, 'Gender Studies Program', null, 'GenderStudies', 'Active', 'kuali.org.Program');
insert into KSOR_ORG (ID, CREATEID, CREATETIME, UPDATEID, UPDATETIME, VERSIONIND, EFF_DT, EXPIR_DT, LNG_DESCR, LNG_NAME, SHRT_DESCR, SHRT_NAME, ST, TYPE) values ('4921c765-9614-45f1-883f-e9442fc0ce8c', null, {ts '2010-09-17 12:14:00.0'}, null, {ts '2010-09-17 12:14:00.0'}, 0, {ts '2010-07-01 00:00:00.0'}, null, null, 'The National Association of Schools of Public Affairs and Administration', null, 'NASPAA', 'Active', 'kuali.org.AccreditingBody');
insert into KSOR_ORG (ID, CREATEID, CREATETIME, UPDATEID, UPDATETIME, VERSIONIND, EFF_DT, EXPIR_DT, LNG_DESCR, LNG_NAME, SHRT_DESCR, SHRT_NAME, ST, TYPE) values ('5', 'TESTUSER', {ts '2009-01-22 00:00:00.0'}, 'TESTUSER', {ts '2009-01-22 00:00:00.0'}, 1, {ts '2000-01-01 00:00:00.0'}, null, null, 'Board of Trustees', null, 'Trustees', 'Active', 'kuali.org.Board');
insert into KSOR_ORG (ID, CREATEID, CREATETIME, UPDATEID, UPDATETIME, VERSIONIND, EFF_DT, EXPIR_DT, LNG_DESCR, LNG_NAME, SHRT_DESCR, SHRT_NAME, ST, TYPE) values ('50', 'TESTUSER', {ts '2009-01-22 00:00:00.0'}, 'TESTUSER', {ts '2009-01-22 00:00:00.0'}, 1, {ts '2000-01-01 00:00:00.0'}, null, null, 'English Dept', null, 'English', 'Active', 'kuali.org.Department');
insert into KSOR_ORG (ID, CREATEID, CREATETIME, UPDATEID, UPDATETIME, VERSIONIND, EFF_DT, EXPIR_DT, LNG_DESCR, LNG_NAME, SHRT_DESCR, SHRT_NAME, ST, TYPE) values ('51', 'TESTUSER', {ts '2009-01-22 00:00:00.0'}, 'TESTUSER', {ts '2009-01-22 00:00:00.0'}, 1, {ts '2000-01-01 00:00:00.0'}, null, null, 'Fine Arts Dept', null, 'FineArts', 'Active', 'kuali.org.Department');
insert into KSOR_ORG (ID, CREATEID, CREATETIME, UPDATEID, UPDATETIME, VERSIONIND, EFF_DT, EXPIR_DT, LNG_DESCR, LNG_NAME, SHRT_DESCR, SHRT_NAME, ST, TYPE) values ('52', 'TESTUSER', {ts '2009-01-22 00:00:00.0'}, 'TESTUSER', {ts '2009-01-22 00:00:00.0'}, 1, {ts '2000-01-01 00:00:00.0'}, null, null, 'French Dept', null, 'French', 'Active', 'kuali.org.Department');
insert into KSOR_ORG (ID, CREATEID, CREATETIME, UPDATEID, UPDATETIME, VERSIONIND, EFF_DT, EXPIR_DT, LNG_DESCR, LNG_NAME, SHRT_DESCR, SHRT_NAME, ST, TYPE) values ('53', 'TESTUSER', {ts '2009-01-22 00:00:00.0'}, 'TESTUSER', {ts '2009-01-22 00:00:00.0'}, 1, {ts '2000-01-01 00:00:00.0'}, null, null, 'Geography Dept', null, 'Geography', 'Active', 'kuali.org.Department');
insert into KSOR_ORG (ID, CREATEID, CREATETIME, UPDATEID, UPDATETIME, VERSIONIND, EFF_DT, EXPIR_DT, LNG_DESCR, LNG_NAME, SHRT_DESCR, SHRT_NAME, ST, TYPE) values ('54', 'TESTUSER', {ts '2009-01-22 00:00:00.0'}, 'TESTUSER', {ts '2009-01-22 00:00:00.0'}, 1, {ts '2000-01-01 00:00:00.0'}, null, null, 'Linguistics Dept', null, 'Linguistics', 'Active', 'kuali.org.Department');
insert into KSOR_ORG (ID, CREATEID, CREATETIME, UPDATEID, UPDATETIME, VERSIONIND, EFF_DT, EXPIR_DT, LNG_DESCR, LNG_NAME, SHRT_DESCR, SHRT_NAME, ST, TYPE) values ('55', 'TESTUSER', {ts '2009-01-22 00:00:00.0'}, 'TESTUSER', {ts '2009-01-22 00:00:00.0'}, 1, {ts '2000-01-01 00:00:00.0'}, null, null, 'Music Dept', null, 'Music', 'Active', 'kuali.org.Department');
insert into KSOR_ORG (ID, CREATEID, CREATETIME, UPDATEID, UPDATETIME, VERSIONIND, EFF_DT, EXPIR_DT, LNG_DESCR, LNG_NAME, SHRT_DESCR, SHRT_NAME, ST, TYPE) values ('56', 'TESTUSER', {ts '2009-01-22 00:00:00.0'}, 'TESTUSER', {ts '2009-01-22 00:00:00.0'}, 1, {ts '2000-01-01 00:00:00.0'}, null, null, 'History Dept', null, 'History', 'Active', 'kuali.org.Department');
insert into KSOR_ORG (ID, CREATEID, CREATETIME, UPDATEID, UPDATETIME, VERSIONIND, EFF_DT, EXPIR_DT, LNG_DESCR, LNG_NAME, SHRT_DESCR, SHRT_NAME, ST, TYPE) values ('57', 'TESTUSER', {ts '2009-01-22 00:00:00.0'}, 'TESTUSER', {ts '2009-01-22 00:00:00.0'}, 1, {ts '2000-01-01 00:00:00.0'}, null, null, 'Political Science Dept', null, 'PolySci', 'Active', 'kuali.org.Department');
insert into KSOR_ORG (ID, CREATEID, CREATETIME, UPDATEID, UPDATETIME, VERSIONIND, EFF_DT, EXPIR_DT, LNG_DESCR, LNG_NAME, SHRT_DESCR, SHRT_NAME, ST, TYPE) values ('58', 'TESTUSER', {ts '2009-01-22 00:00:00.0'}, 'TESTUSER', {ts '2009-01-22 00:00:00.0'}, 1, {ts '2000-01-01 00:00:00.0'}, null, null, 'Psychology Dept', null, 'Psychology', 'Active', 'kuali.org.Department');
insert into KSOR_ORG (ID, CREATEID, CREATETIME, UPDATEID, UPDATETIME, VERSIONIND, EFF_DT, EXPIR_DT, LNG_DESCR, LNG_NAME, SHRT_DESCR, SHRT_NAME, ST, TYPE) values ('59', 'TESTUSER', {ts '2009-01-22 00:00:00.0'}, 'TESTUSER', {ts '2009-01-22 00:00:00.0'}, 1, {ts '2000-01-01 00:00:00.0'}, null, null, 'Sociology Dept', null, 'Sociology', 'Active', 'kuali.org.Department');
insert into KSOR_ORG (ID, CREATEID, CREATETIME, UPDATEID, UPDATETIME, VERSIONIND, EFF_DT, EXPIR_DT, LNG_DESCR, LNG_NAME, SHRT_DESCR, SHRT_NAME, ST, TYPE) values ('6', 'TESTUSER', {ts '2009-01-22 00:00:00.0'}, 'TESTUSER', {ts '2009-01-22 00:00:00.0'}, 1, {ts '2000-01-01 00:00:00.0'}, null, null, 'Office of the President', null, 'PresidentsOffice', 'Active', 'kuali.org.Office');
insert into KSOR_ORG (ID, CREATEID, CREATETIME, UPDATEID, UPDATETIME, VERSIONIND, EFF_DT, EXPIR_DT, LNG_DESCR, LNG_NAME, SHRT_DESCR, SHRT_NAME, ST, TYPE) values ('60', 'TESTUSER', {ts '2009-01-22 00:00:00.0'}, 'TESTUSER', {ts '2009-01-22 00:00:00.0'}, 1, {ts '2000-01-01 00:00:00.0'}, null, null, 'Interdisciplinary Studies in Social Science Program', null, 'InterdiscBSOS', 'Active', 'kuali.org.Office');
insert into KSOR_ORG (ID, CREATEID, CREATETIME, UPDATEID, UPDATETIME, VERSIONIND, EFF_DT, EXPIR_DT, LNG_DESCR, LNG_NAME, SHRT_DESCR, SHRT_NAME, ST, TYPE) values ('61', 'TESTUSER', {ts '2009-01-22 00:00:00.0'}, 'TESTUSER', {ts '2009-01-22 00:00:00.0'}, 1, {ts '2000-01-01 00:00:00.0'}, null, null, 'Chemical Engineering Dept', null, 'Chemical', 'Active', 'kuali.org.Department');
insert into KSOR_ORG (ID, CREATEID, CREATETIME, UPDATEID, UPDATETIME, VERSIONIND, EFF_DT, EXPIR_DT, LNG_DESCR, LNG_NAME, SHRT_DESCR, SHRT_NAME, ST, TYPE) values ('62', 'TESTUSER', {ts '2009-01-22 00:00:00.0'}, 'TESTUSER', {ts '2009-01-22 00:00:00.0'}, 1, {ts '2000-01-01 00:00:00.0'}, null, null, 'Civil Engineering Dept', null, 'Civil', 'Active', 'kuali.org.Department');
insert into KSOR_ORG (ID, CREATEID, CREATETIME, UPDATEID, UPDATETIME, VERSIONIND, EFF_DT, EXPIR_DT, LNG_DESCR, LNG_NAME, SHRT_DESCR, SHRT_NAME, ST, TYPE) values ('63', 'TESTUSER', {ts '2009-01-22 00:00:00.0'}, 'TESTUSER', {ts '2009-01-22 00:00:00.0'}, 1, {ts '2000-01-01 00:00:00.0'}, null, null, 'Mechanical Engineering Dept', null, 'Mechanical', 'Active', 'kuali.org.Department');
insert into KSOR_ORG (ID, CREATEID, CREATETIME, UPDATEID, UPDATETIME, VERSIONIND, EFF_DT, EXPIR_DT, LNG_DESCR, LNG_NAME, SHRT_DESCR, SHRT_NAME, ST, TYPE) values ('64', 'TESTUSER', {ts '2009-01-22 00:00:00.0'}, 'TESTUSER', {ts '2009-01-22 00:00:00.0'}, 1, {ts '2000-01-01 00:00:00.0'}, null, null, 'Computer Science Dept', null, 'CompSci', 'Active', 'kuali.org.Department');
insert into KSOR_ORG (ID, CREATEID, CREATETIME, UPDATEID, UPDATETIME, VERSIONIND, EFF_DT, EXPIR_DT, LNG_DESCR, LNG_NAME, SHRT_DESCR, SHRT_NAME, ST, TYPE) values ('65', 'TESTUSER', {ts '2009-01-22 00:00:00.0'}, 'TESTUSER', {ts '2009-01-22 00:00:00.0'}, 1, {ts '2000-01-01 00:00:00.0'}, null, null, 'Biology Dept', null, 'Biology', 'Active', 'kuali.org.Department');
insert into KSOR_ORG (ID, CREATEID, CREATETIME, UPDATEID, UPDATETIME, VERSIONIND, EFF_DT, EXPIR_DT, LNG_DESCR, LNG_NAME, SHRT_DESCR, SHRT_NAME, ST, TYPE) values ('66', 'TESTUSER', {ts '2009-01-22 00:00:00.0'}, 'TESTUSER', {ts '2009-01-22 00:00:00.0'}, 1, {ts '2000-01-01 00:00:00.0'}, null, null, 'Biochemistry Dept', null, 'Biochemistry', 'Active', 'kuali.org.Department');
insert into KSOR_ORG (ID, CREATEID, CREATETIME, UPDATEID, UPDATETIME, VERSIONIND, EFF_DT, EXPIR_DT, LNG_DESCR, LNG_NAME, SHRT_DESCR, SHRT_NAME, ST, TYPE) values ('67', 'TESTUSER', {ts '2009-01-22 00:00:00.0'}, 'TESTUSER', {ts '2009-01-22 00:00:00.0'}, 1, {ts '2000-01-01 00:00:00.0'}, null, null, 'Botany Dept', null, 'Botany', 'Active', 'kuali.org.Department');
insert into KSOR_ORG (ID, CREATEID, CREATETIME, UPDATEID, UPDATETIME, VERSIONIND, EFF_DT, EXPIR_DT, LNG_DESCR, LNG_NAME, SHRT_DESCR, SHRT_NAME, ST, TYPE) values ('68', 'TESTUSER', {ts '2009-01-22 00:00:00.0'}, 'TESTUSER', {ts '2009-01-22 00:00:00.0'}, 1, {ts '2000-01-01 00:00:00.0'}, null, null, 'Chemistry Dept', null, 'Chemistry', 'Active', 'kuali.org.Department');
insert into KSOR_ORG (ID, CREATEID, CREATETIME, UPDATEID, UPDATETIME, VERSIONIND, EFF_DT, EXPIR_DT, LNG_DESCR, LNG_NAME, SHRT_DESCR, SHRT_NAME, ST, TYPE) values ('68016d69-2ac0-498a-b735-09bdd353bcdc', null, {ts '2010-09-17 12:13:58.0'}, null, {ts '2010-09-17 12:13:58.0'}, 0, {ts '2010-07-01 00:00:00.0'}, null, null, 'The Landscape Architecture Accreditation Board', null, 'ASLA-LAAB', 'Active', 'kuali.org.AccreditingBody');
insert into KSOR_ORG (ID, CREATEID, CREATETIME, UPDATEID, UPDATETIME, VERSIONIND, EFF_DT, EXPIR_DT, LNG_DESCR, LNG_NAME, SHRT_DESCR, SHRT_NAME, ST, TYPE) values ('69', 'TESTUSER', {ts '2009-01-22 00:00:00.0'}, 'TESTUSER', {ts '2009-01-22 00:00:00.0'}, 1, {ts '2000-01-01 00:00:00.0'}, null, null, 'Geology Dept', null, 'Geology', 'Active', 'kuali.org.Department');
insert into KSOR_ORG (ID, CREATEID, CREATETIME, UPDATEID, UPDATETIME, VERSIONIND, EFF_DT, EXPIR_DT, LNG_DESCR, LNG_NAME, SHRT_DESCR, SHRT_NAME, ST, TYPE) values ('6d9d8e2b-dd3e-4d00-90b9-9ee2b13ee7ad', null, {ts '2010-09-17 12:13:57.0'}, null, {ts '2010-09-17 12:13:57.0'}, 0, {ts '2010-07-01 00:00:00.0'}, null, null, 'The Commission on Accreditation for Dietetics Education', null, 'ADA-CAD', 'Active', 'kuali.org.AccreditingBody');
insert into KSOR_ORG (ID, CREATEID, CREATETIME, UPDATEID, UPDATETIME, VERSIONIND, EFF_DT, EXPIR_DT, LNG_DESCR, LNG_NAME, SHRT_DESCR, SHRT_NAME, ST, TYPE) values ('7', 'TESTUSER', {ts '2009-01-22 00:00:00.0'}, 'TESTUSER', {ts '2009-01-22 00:00:00.0'}, 1, {ts '2000-01-01 00:00:00.0'}, null, null, 'President''s Cabinet for College-Wide Planning', null, 'PresidentsCabinet', 'Active', 'kuali.org.AdvisoryGroup');
insert into KSOR_ORG (ID, CREATEID, CREATETIME, UPDATEID, UPDATETIME, VERSIONIND, EFF_DT, EXPIR_DT, LNG_DESCR, LNG_NAME, SHRT_DESCR, SHRT_NAME, ST, TYPE) values ('70', 'TESTUSER', {ts '2009-01-22 00:00:00.0'}, 'TESTUSER', {ts '2009-01-22 00:00:00.0'}, 1, {ts '2000-01-01 00:00:00.0'}, null, null, 'Accounting Section', null, 'Accounting', 'Active', 'kuali.org.Section');
insert into KSOR_ORG (ID, CREATEID, CREATETIME, UPDATEID, UPDATETIME, VERSIONIND, EFF_DT, EXPIR_DT, LNG_DESCR, LNG_NAME, SHRT_DESCR, SHRT_NAME, ST, TYPE) values ('71', 'TESTUSER', {ts '2009-01-22 00:00:00.0'}, 'TESTUSER', {ts '2009-01-22 00:00:00.0'}, 1, {ts '2000-01-01 00:00:00.0'}, null, null, 'Finance Section', null, 'Finance', 'Active', 'kuali.org.Section');
insert into KSOR_ORG (ID, CREATEID, CREATETIME, UPDATEID, UPDATETIME, VERSIONIND, EFF_DT, EXPIR_DT, LNG_DESCR, LNG_NAME, SHRT_DESCR, SHRT_NAME, ST, TYPE) values ('72', 'TESTUSER', {ts '2009-01-22 00:00:00.0'}, 'TESTUSER', {ts '2009-01-22 00:00:00.0'}, 1, {ts '2000-01-01 00:00:00.0'}, null, null, 'International Business Section', null, 'InternationalBusiness', 'Active', 'kuali.org.Section');
insert into KSOR_ORG (ID, CREATEID, CREATETIME, UPDATEID, UPDATETIME, VERSIONIND, EFF_DT, EXPIR_DT, LNG_DESCR, LNG_NAME, SHRT_DESCR, SHRT_NAME, ST, TYPE) values ('73', 'TESTUSER', {ts '2009-01-22 00:00:00.0'}, 'TESTUSER', {ts '2009-01-22 00:00:00.0'}, 1, {ts '2000-01-01 00:00:00.0'}, null, null, 'Marketing Section', null, 'Marketing ', 'Active', 'kuali.org.Section');
insert into KSOR_ORG (ID, CREATEID, CREATETIME, UPDATEID, UPDATETIME, VERSIONIND, EFF_DT, EXPIR_DT, LNG_DESCR, LNG_NAME, SHRT_DESCR, SHRT_NAME, ST, TYPE) values ('74', 'TESTUSER', {ts '2009-01-22 00:00:00.0'}, 'TESTUSER', {ts '2009-01-22 00:00:00.0'}, 1, {ts '2000-01-01 00:00:00.0'}, null, null, 'Section w/in the Provost Office that deals with all the academic programs', null, 'AcademicPrograms', 'Active', 'kuali.org.Section');
insert into KSOR_ORG (ID, CREATEID, CREATETIME, UPDATEID, UPDATETIME, VERSIONIND, EFF_DT, EXPIR_DT, LNG_DESCR, LNG_NAME, SHRT_DESCR, SHRT_NAME, ST, TYPE) values ('742152a4-4096-45d1-adbe-d7c5932df4d1', null, {ts '2010-09-17 12:13:59.0'}, null, {ts '2010-09-17 12:13:59.0'}, 0, {ts '2010-07-01 00:00:00.0'}, null, null, 'The National Association of Schools for Art and Design', null, 'NASAD', 'Active', 'kuali.org.AccreditingBody');
insert into KSOR_ORG (ID, CREATEID, CREATETIME, UPDATEID, UPDATETIME, VERSIONIND, EFF_DT, EXPIR_DT, LNG_DESCR, LNG_NAME, SHRT_DESCR, SHRT_NAME, ST, TYPE) values ('75', 'TESTUSER', {ts '2009-01-22 00:00:00.0'}, 'TESTUSER', {ts '2009-01-22 00:00:00.0'}, 1, {ts '2000-01-01 00:00:00.0'}, null, null, 'Section w/in the Provost Office that deals with assessing the quality of the programs', null, 'OutcomesAssessment', 'Active', 'kuali.org.Section');
insert into KSOR_ORG (ID, CREATEID, CREATETIME, UPDATEID, UPDATETIME, VERSIONIND, EFF_DT, EXPIR_DT, LNG_DESCR, LNG_NAME, SHRT_DESCR, SHRT_NAME, ST, TYPE) values ('76', 'TESTUSER', {ts '2009-01-22 00:00:00.0'}, 'TESTUSER', {ts '2009-01-22 00:00:00.0'}, 1, {ts '2000-01-01 00:00:00.0'}, null, null, 'Section w/in the Provost Office that deals with academic services', null, 'AcademicServices', 'Active', 'kuali.org.Section');
insert into KSOR_ORG (ID, CREATEID, CREATETIME, UPDATEID, UPDATETIME, VERSIONIND, EFF_DT, EXPIR_DT, LNG_DESCR, LNG_NAME, SHRT_DESCR, SHRT_NAME, ST, TYPE) values ('77', 'TESTUSER', {ts '2009-01-22 00:00:00.0'}, 'TESTUSER', {ts '2009-01-22 00:00:00.0'}, 1, {ts '2000-01-01 00:00:00.0'}, null, null, 'Division of Academic Affairs', null, 'DivisionAcademicAffaris', 'Active', 'kuali.org.Section');
insert into KSOR_ORG (ID, CREATEID, CREATETIME, UPDATEID, UPDATETIME, VERSIONIND, EFF_DT, EXPIR_DT, LNG_DESCR, LNG_NAME, SHRT_DESCR, SHRT_NAME, ST, TYPE) values ('78', 'TESTUSER', {ts '2009-01-22 00:00:00.0'}, 'TESTUSER', {ts '2009-01-22 00:00:00.0'}, 1, {ts '2000-01-01 00:00:00.0'}, null, null, 'Housing', null, 'Housing', 'Active', 'kuali.org.Office');
insert into KSOR_ORG (ID, CREATEID, CREATETIME, UPDATEID, UPDATETIME, VERSIONIND, EFF_DT, EXPIR_DT, LNG_DESCR, LNG_NAME, SHRT_DESCR, SHRT_NAME, ST, TYPE) values ('79', 'TESTUSER', {ts '2009-01-22 00:00:00.0'}, 'TESTUSER', {ts '2009-01-22 00:00:00.0'}, 1, {ts '2000-01-01 00:00:00.0'}, null, null, 'Dining', null, 'Dining', 'Active', 'kuali.org.Office');
insert into KSOR_ORG (ID, CREATEID, CREATETIME, UPDATEID, UPDATETIME, VERSIONIND, EFF_DT, EXPIR_DT, LNG_DESCR, LNG_NAME, SHRT_DESCR, SHRT_NAME, ST, TYPE) values ('79e0e1e4-0ec7-4f34-97c1-24b38967fc64', null, {ts '2010-09-17 12:13:57.0'}, null, {ts '2010-09-17 12:13:57.0'}, 0, {ts '2010-07-01 00:00:00.0'}, null, null, 'The American Association for Marriage and Family Therapy', null, 'AAMFT', 'Active', 'kuali.org.AccreditingBody');
insert into KSOR_ORG (ID, CREATEID, CREATETIME, UPDATEID, UPDATETIME, VERSIONIND, EFF_DT, EXPIR_DT, LNG_DESCR, LNG_NAME, SHRT_DESCR, SHRT_NAME, ST, TYPE) values ('8', 'TESTUSER', {ts '2009-01-22 00:00:00.0'}, 'TESTUSER', {ts '2009-01-22 00:00:00.0'}, 1, {ts '2000-01-01 00:00:00.0'}, null, null, 'President''s Council for College-Wide Planning', null, 'PresidentsCouncil', 'Active', 'kuali.org.AdvisoryGroup');
insert into KSOR_ORG (ID, CREATEID, CREATETIME, UPDATEID, UPDATETIME, VERSIONIND, EFF_DT, EXPIR_DT, LNG_DESCR, LNG_NAME, SHRT_DESCR, SHRT_NAME, ST, TYPE) values ('80', 'TESTUSER', {ts '2009-01-22 00:00:00.0'}, 'TESTUSER', {ts '2009-01-22 00:00:00.0'}, 1, {ts '2000-01-01 00:00:00.0'}, null, null, 'Transportation', null, 'Transportation', 'Active', 'kuali.org.Office');
insert into KSOR_ORG (ID, CREATEID, CREATETIME, UPDATEID, UPDATETIME, VERSIONIND, EFF_DT, EXPIR_DT, LNG_DESCR, LNG_NAME, SHRT_DESCR, SHRT_NAME, ST, TYPE) values ('81', 'TESTUSER', {ts '2009-01-22 00:00:00.0'}, 'TESTUSER', {ts '2009-01-22 00:00:00.0'}, 1, {ts '2000-01-01 00:00:00.0'}, null, null, 'Student Activities', null, 'StudentActivities', 'Active', 'kuali.org.Office');
insert into KSOR_ORG (ID, CREATEID, CREATETIME, UPDATEID, UPDATETIME, VERSIONIND, EFF_DT, EXPIR_DT, LNG_DESCR, LNG_NAME, SHRT_DESCR, SHRT_NAME, ST, TYPE) values ('82', 'TESTUSER', {ts '2009-01-22 00:00:00.0'}, 'TESTUSER', {ts '2009-01-22 00:00:00.0'}, 1, {ts '2000-01-01 00:00:00.0'}, null, null, 'Community Involvement', null, 'Community', 'Active', 'kuali.org.Office');
insert into KSOR_ORG (ID, CREATEID, CREATETIME, UPDATEID, UPDATETIME, VERSIONIND, EFF_DT, EXPIR_DT, LNG_DESCR, LNG_NAME, SHRT_DESCR, SHRT_NAME, ST, TYPE) values ('83', 'TESTUSER', {ts '2009-01-22 00:00:00.0'}, 'TESTUSER', {ts '2009-01-22 00:00:00.0'}, 1, {ts '2000-01-01 00:00:00.0'}, null, null, 'Recreation', null, 'Recreation', 'Active', 'kuali.org.Office');
insert into KSOR_ORG (ID, CREATEID, CREATETIME, UPDATEID, UPDATETIME, VERSIONIND, EFF_DT, EXPIR_DT, LNG_DESCR, LNG_NAME, SHRT_DESCR, SHRT_NAME, ST, TYPE) values ('83db9071-6b07-475c-b7ea-3b787108bbbb', null, {ts '2010-09-17 12:13:58.0'}, null, {ts '2010-09-17 12:13:58.0'}, 0, {ts '2010-07-01 00:00:00.0'}, null, null, 'The American Veterinary Medical Association Council on Accreditation', null, 'AVMA-CA', 'Active', 'kuali.org.AccreditingBody');
insert into KSOR_ORG (ID, CREATEID, CREATETIME, UPDATEID, UPDATETIME, VERSIONIND, EFF_DT, EXPIR_DT, LNG_DESCR, LNG_NAME, SHRT_DESCR, SHRT_NAME, ST, TYPE) values ('84', 'TESTUSER', {ts '2009-01-22 00:00:00.0'}, 'TESTUSER', {ts '2009-01-22 00:00:00.0'}, 1, {ts '2000-01-01 00:00:00.0'}, null, null, 'Health', null, 'Health', 'Active', 'kuali.org.Office');
insert into KSOR_ORG (ID, CREATEID, CREATETIME, UPDATEID, UPDATETIME, VERSIONIND, EFF_DT, EXPIR_DT, LNG_DESCR, LNG_NAME, SHRT_DESCR, SHRT_NAME, ST, TYPE) values ('85', 'TESTUSER', {ts '2009-01-22 00:00:00.0'}, 'TESTUSER', {ts '2009-01-22 00:00:00.0'}, 1, {ts '2000-01-01 00:00:00.0'}, null, null, 'Wellness', null, 'Wellness', 'Active', 'kuali.org.Office');
insert into KSOR_ORG (ID, CREATEID, CREATETIME, UPDATEID, UPDATETIME, VERSIONIND, EFF_DT, EXPIR_DT, LNG_DESCR, LNG_NAME, SHRT_DESCR, SHRT_NAME, ST, TYPE) values ('86', 'TESTUSER', {ts '2009-01-22 00:00:00.0'}, 'TESTUSER', {ts '2009-01-22 00:00:00.0'}, 1, {ts '2000-01-01 00:00:00.0'}, null, null, 'Spirituality', null, 'Spirituality', 'Active', 'kuali.org.Office');
insert into KSOR_ORG (ID, CREATEID, CREATETIME, UPDATEID, UPDATETIME, VERSIONIND, EFF_DT, EXPIR_DT, LNG_DESCR, LNG_NAME, SHRT_DESCR, SHRT_NAME, ST, TYPE) values ('87', 'TESTUSER', {ts '2009-01-22 00:00:00.0'}, 'TESTUSER', {ts '2009-01-22 00:00:00.0'}, 1, {ts '2000-01-01 00:00:00.0'}, null, null, 'Career and Social Development', null, 'Career', 'Active', 'kuali.org.Office');
insert into KSOR_ORG (ID, CREATEID, CREATETIME, UPDATEID, UPDATETIME, VERSIONIND, EFF_DT, EXPIR_DT, LNG_DESCR, LNG_NAME, SHRT_DESCR, SHRT_NAME, ST, TYPE) values ('88', 'TESTUSER', {ts '2009-01-22 00:00:00.0'}, 'TESTUSER', {ts '2009-01-22 00:00:00.0'}, 1, {ts '2000-01-01 00:00:00.0'}, null, null, 'Drug & Alcohol Awareness', null, 'DrugAlcohol', 'Active', 'kuali.org.Program');
insert into KSOR_ORG (ID, CREATEID, CREATETIME, UPDATEID, UPDATETIME, VERSIONIND, EFF_DT, EXPIR_DT, LNG_DESCR, LNG_NAME, SHRT_DESCR, SHRT_NAME, ST, TYPE) values ('89', 'TESTUSER', {ts '2009-01-22 00:00:00.0'}, 'TESTUSER', {ts '2009-01-22 00:00:00.0'}, 1, {ts '2000-01-01 00:00:00.0'}, null, null, 'Greek Affairs', null, 'GreekProgram', 'Active', 'kuali.org.Program');
insert into KSOR_ORG (ID, CREATEID, CREATETIME, UPDATEID, UPDATETIME, VERSIONIND, EFF_DT, EXPIR_DT, LNG_DESCR, LNG_NAME, SHRT_DESCR, SHRT_NAME, ST, TYPE) values ('8d3d7c48-5845-4b4d-b98a-03274c43165a', null, {ts '2010-09-17 12:13:57.0'}, null, {ts '2010-09-17 12:13:57.0'}, 0, {ts '2010-07-01 00:00:00.0'}, null, null, 'The American Alliance for Health, Physical Education, Recreation & Dance', null, 'AAPERD', 'Active', 'kuali.org.AccreditingBody');
insert into KSOR_ORG (ID, CREATEID, CREATETIME, UPDATEID, UPDATETIME, VERSIONIND, EFF_DT, EXPIR_DT, LNG_DESCR, LNG_NAME, SHRT_DESCR, SHRT_NAME, ST, TYPE) values ('9', 'TESTUSER', {ts '2009-01-22 00:00:00.0'}, 'TESTUSER', {ts '2009-01-22 00:00:00.0'}, 1, {ts '2000-01-01 00:00:00.0'}, null, null, 'Internal Audit', null, 'Audit', 'Active', 'kuali.org.Office');
insert into KSOR_ORG (ID, CREATEID, CREATETIME, UPDATEID, UPDATETIME, VERSIONIND, EFF_DT, EXPIR_DT, LNG_DESCR, LNG_NAME, SHRT_DESCR, SHRT_NAME, ST, TYPE) values ('90', 'TESTUSER', {ts '2009-01-22 00:00:00.0'}, 'TESTUSER', {ts '2009-01-22 00:00:00.0'}, 1, {ts '2000-01-01 00:00:00.0'}, null, null, 'Multicultural and Diversity', null, 'DiversityProgram', 'Active', 'kuali.org.Program');
insert into KSOR_ORG (ID, CREATEID, CREATETIME, UPDATEID, UPDATETIME, VERSIONIND, EFF_DT, EXPIR_DT, LNG_DESCR, LNG_NAME, SHRT_DESCR, SHRT_NAME, ST, TYPE) values ('91', 'TESTUSER', {ts '2009-01-22 00:00:00.0'}, 'TESTUSER', {ts '2009-01-22 00:00:00.0'}, 1, {ts '2000-01-01 00:00:00.0'}, null, null, 'New Student Life Programs', null, 'NewStudentLifeProgram', 'Active', 'kuali.org.Program');
insert into KSOR_ORG (ID, CREATEID, CREATETIME, UPDATEID, UPDATETIME, VERSIONIND, EFF_DT, EXPIR_DT, LNG_DESCR, LNG_NAME, SHRT_DESCR, SHRT_NAME, ST, TYPE) values ('92', 'TESTUSER', {ts '2009-01-22 00:00:00.0'}, 'TESTUSER', {ts '2009-01-22 00:00:00.0'}, 1, {ts '2000-01-01 00:00:00.0'}, null, null, 'Off-Campus Life', null, 'OffCampusLifeProgram', 'Active', 'kuali.org.Program');
insert into KSOR_ORG (ID, CREATEID, CREATETIME, UPDATEID, UPDATETIME, VERSIONIND, EFF_DT, EXPIR_DT, LNG_DESCR, LNG_NAME, SHRT_DESCR, SHRT_NAME, ST, TYPE) values ('93', 'TESTUSER', {ts '2009-01-22 00:00:00.0'}, 'TESTUSER', {ts '2009-01-22 00:00:00.0'}, 1, {ts '2000-01-01 00:00:00.0'}, null, null, 'Peer Counseling Services', null, 'PeerCounselingServices', 'Active', 'kuali.org.Program');
insert into KSOR_ORG (ID, CREATEID, CREATETIME, UPDATEID, UPDATETIME, VERSIONIND, EFF_DT, EXPIR_DT, LNG_DESCR, LNG_NAME, SHRT_DESCR, SHRT_NAME, ST, TYPE) values ('94', 'TESTUSER', {ts '2009-01-22 00:00:00.0'}, 'TESTUSER', {ts '2009-01-22 00:00:00.0'}, 1, {ts '2000-01-01 00:00:00.0'}, null, null, 'Student Conduct & Judicial Affairs', null, 'StudentConductJudicial', 'Active', 'kuali.org.Program');
insert into KSOR_ORG (ID, CREATEID, CREATETIME, UPDATEID, UPDATETIME, VERSIONIND, EFF_DT, EXPIR_DT, LNG_DESCR, LNG_NAME, SHRT_DESCR, SHRT_NAME, ST, TYPE) values ('95', 'TESTUSER', {ts '2009-01-22 00:00:00.0'}, 'TESTUSER', {ts '2009-01-22 00:00:00.0'}, 1, {ts '2000-01-01 00:00:00.0'}, null, null, 'Student Disability Services', null, 'StudentDisabilityServices', 'Active', 'kuali.org.Program');
insert into KSOR_ORG (ID, CREATEID, CREATETIME, UPDATEID, UPDATETIME, VERSIONIND, EFF_DT, EXPIR_DT, LNG_DESCR, LNG_NAME, SHRT_DESCR, SHRT_NAME, ST, TYPE) values ('96', 'TESTUSER', {ts '2009-01-22 00:00:00.0'}, 'TESTUSER', {ts '2009-01-22 00:00:00.0'}, 1, {ts '2000-01-01 00:00:00.0'}, null, null, 'Student Legal Services', null, 'StudentLegalServices', 'Active', 'kuali.org.Program');
insert into KSOR_ORG (ID, CREATEID, CREATETIME, UPDATEID, UPDATETIME, VERSIONIND, EFF_DT, EXPIR_DT, LNG_DESCR, LNG_NAME, SHRT_DESCR, SHRT_NAME, ST, TYPE) values ('97', 'TESTUSER', {ts '2009-01-22 00:00:00.0'}, 'TESTUSER', {ts '2009-01-22 00:00:00.0'}, 1, {ts '2000-01-01 00:00:00.0'}, null, null, 'Student Organizations', null, 'StudentOrganizations', 'Active', 'kuali.org.Program');
insert into KSOR_ORG (ID, CREATEID, CREATETIME, UPDATEID, UPDATETIME, VERSIONIND, EFF_DT, EXPIR_DT, LNG_DESCR, LNG_NAME, SHRT_DESCR, SHRT_NAME, ST, TYPE) values ('98', 'TESTUSER', {ts '2009-01-22 00:00:00.0'}, 'TESTUSER', {ts '2009-01-22 00:00:00.0'}, 1, {ts '2000-01-01 00:00:00.0'}, null, null, 'Admissions and Enrollment Planning', null, 'Admissions', 'Active', 'kuali.org.Department');
insert into KSOR_ORG (ID, CREATEID, CREATETIME, UPDATEID, UPDATETIME, VERSIONIND, EFF_DT, EXPIR_DT, LNG_DESCR, LNG_NAME, SHRT_DESCR, SHRT_NAME, ST, TYPE) values ('99', 'TESTUSER', {ts '2009-01-22 00:00:00.0'}, 'TESTUSER', {ts '2009-01-22 00:00:00.0'}, 1, {ts '2000-01-01 00:00:00.0'}, null, null, 'Financial Aid Office (Scholarships and Student Aid)', null, 'FinancialAid', 'Active', 'kuali.org.Department');
insert into KSOR_ORG (ID, CREATEID, CREATETIME, UPDATEID, UPDATETIME, VERSIONIND, EFF_DT, EXPIR_DT, LNG_DESCR, LNG_NAME, SHRT_DESCR, SHRT_NAME, ST, TYPE) values ('a460f47e-c878-42e5-8f3c-119ecfab0b04', null, {ts '2010-09-17 12:14:00.0'}, null, {ts '2010-09-17 12:14:00.0'}, 0, {ts '2010-07-01 00:00:00.0'}, null, null, 'Teachers of English to Speakers of Other Languages, Inc.', null, 'TESOL', 'Active', 'kuali.org.AccreditingBody');
insert into KSOR_ORG (ID, CREATEID, CREATETIME, UPDATEID, UPDATETIME, VERSIONIND, EFF_DT, EXPIR_DT, LNG_DESCR, LNG_NAME, SHRT_DESCR, SHRT_NAME, ST, TYPE) values ('b5729f4d-d8b2-4c2f-bebf-8390e89ab52d', null, {ts '2010-09-17 12:14:00.0'}, null, {ts '2010-09-17 12:14:00.0'}, 0, {ts '2010-07-01 00:00:00.0'}, null, null, 'The National Association for Sport and Physical Education', null, 'NASPE', 'Active', 'kuali.org.AccreditingBody');
insert into KSOR_ORG (ID, CREATEID, CREATETIME, UPDATEID, UPDATETIME, VERSIONIND, EFF_DT, EXPIR_DT, LNG_DESCR, LNG_NAME, SHRT_DESCR, SHRT_NAME, ST, TYPE) values ('b95833a6-ba57-44e7-b93c-344cf4f55e5b', null, {ts '2010-09-17 12:13:59.0'}, null, {ts '2010-09-17 12:13:59.0'}, 0, {ts '2010-07-01 00:00:00.0'}, null, null, 'The National Association for Education of Young Children', null, 'NAEYC', 'Active', 'kuali.org.AccreditingBody');
insert into KSOR_ORG (ID, CREATEID, CREATETIME, UPDATEID, UPDATETIME, VERSIONIND, EFF_DT, EXPIR_DT, LNG_DESCR, LNG_NAME, SHRT_DESCR, SHRT_NAME, ST, TYPE) values ('c3ae45d5-344c-474f-8699-82ef34773eb4', null, {ts '2010-09-17 12:13:57.0'}, null, {ts '2010-09-17 12:13:57.0'}, 0, {ts '2010-07-01 00:00:00.0'}, null, null, 'The American Council on Teaching of Foreign Language', null, 'ACTFL', 'Active', 'kuali.org.AccreditingBody');
insert into KSOR_ORG (ID, CREATEID, CREATETIME, UPDATEID, UPDATETIME, VERSIONIND, EFF_DT, EXPIR_DT, LNG_DESCR, LNG_NAME, SHRT_DESCR, SHRT_NAME, ST, TYPE) values ('c9db653c-ce44-418f-9f68-f47177c533fa', null, {ts '2010-09-17 12:13:59.0'}, null, {ts '2010-09-17 12:13:59.0'}, 0, {ts '2010-07-01 00:00:00.0'}, null, null, 'The National Council for Accreditation of Teacher Education', null, 'MSDE', 'Active', 'kuali.org.AccreditingBody');
insert into KSOR_ORG (ID, CREATEID, CREATETIME, UPDATEID, UPDATETIME, VERSIONIND, EFF_DT, EXPIR_DT, LNG_DESCR, LNG_NAME, SHRT_DESCR, SHRT_NAME, ST, TYPE) values ('077ef01e-510f-4932-976a-06666de45562', null, {ts '2010-09-17 12:14:00.0'}, null, {ts '2010-09-17 12:14:00.0'}, 0, {ts '2010-07-01 00:00:00.0'}, null, null, 'The National Council of Teachers of English', null, 'NCTE', 'Active', 'kuali.org.AccreditingBody');
insert into KSOR_ORG (ID, CREATEID, CREATETIME, UPDATEID, UPDATETIME, VERSIONIND, EFF_DT, EXPIR_DT, LNG_DESCR, LNG_NAME, SHRT_DESCR, SHRT_NAME, ST, TYPE) values ('084c11ce-a379-4935-a977-34a6f5292b1f', null, {ts '2010-09-17 12:13:58.0'}, null, {ts '2010-09-17 12:13:58.0'}, 0, {ts '2010-07-01 00:00:00.0'}, null, null, 'The Society of American Foresters', null, 'SAF', 'Active', 'kuali.org.AccreditingBody');
insert into KSOR_ORG (ID, CREATEID, CREATETIME, UPDATEID, UPDATETIME, VERSIONIND, EFF_DT, EXPIR_DT, LNG_DESCR, LNG_NAME, SHRT_DESCR, SHRT_NAME, ST, TYPE) values ('0c34aecc-1549-4cfe-8dda-7d9c7ec364cc', null, {ts '2010-09-17 12:13:57.0'}, null, {ts '2010-09-17 12:13:57.0'}, 0, {ts '2010-07-01 00:00:00.0'}, null, null, 'The American-Speech-Language-Hearing Association', null, 'ASHA', 'Active', 'kuali.org.AccreditingBody');
insert into KSOR_ORG (ID, CREATEID, CREATETIME, UPDATEID, UPDATETIME, VERSIONIND, EFF_DT, EXPIR_DT, LNG_DESCR, LNG_NAME, SHRT_DESCR, SHRT_NAME, ST, TYPE) values ('0d58b7fa-e91c-4517-b04e-6b926ad65d70', null, {ts '2010-09-17 12:13:59.0'}, null, {ts '2010-09-17 12:13:59.0'}, 0, {ts '2010-07-01 00:00:00.0'}, null, null, 'The National Architectural Accrediting Board', null, 'NAAB', 'Active', 'kuali.org.AccreditingBody');
insert into KSOR_ORG (ID, CREATEID, CREATETIME, UPDATEID, UPDATETIME, VERSIONIND, EFF_DT, EXPIR_DT, LNG_DESCR, LNG_NAME, SHRT_DESCR, SHRT_NAME, ST, TYPE) values ('1', 'TESTUSER', {ts '2009-01-22 00:00:00.0'}, 'TESTUSER', {ts '2009-01-22 00:00:00.0'}, 1, {ts '2000-01-01 00:00:00.0'}, null, null, 'Kuali University System', null, 'KUSystem', 'Active', 'kuali.org.CorporateEntity');
insert into KSOR_ORG (ID, CREATEID, CREATETIME, UPDATEID, UPDATETIME, VERSIONIND, EFF_DT, EXPIR_DT, LNG_DESCR, LNG_NAME, SHRT_DESCR, SHRT_NAME, ST, TYPE) values ('10', 'TESTUSER', {ts '2009-01-22 00:00:00.0'}, 'TESTUSER', {ts '2009-01-22 00:00:00.0'}, 1, {ts '2000-01-01 00:00:00.0'}, null, null, 'Legal Counsel', null, 'Legal', 'Active', 'kuali.org.Office');
insert into KSOR_ORG (ID, CREATEID, CREATETIME, UPDATEID, UPDATETIME, VERSIONIND, EFF_DT, EXPIR_DT, LNG_DESCR, LNG_NAME, SHRT_DESCR, SHRT_NAME, ST, TYPE) values ('100', 'TESTUSER', {ts '2009-01-22 00:00:00.0'}, 'TESTUSER', {ts '2009-01-22 00:00:00.0'}, 1, {ts '2000-01-01 00:00:00.0'}, null, null, 'Undergraduate Admissions', null, 'Admissions', 'Active', 'kuali.org.Department');
insert into KSOR_ORG (ID, CREATEID, CREATETIME, UPDATEID, UPDATETIME, VERSIONIND, EFF_DT, EXPIR_DT, LNG_DESCR, LNG_NAME, SHRT_DESCR, SHRT_NAME, ST, TYPE) values ('101', 'TESTUSER', {ts '2009-01-22 00:00:00.0'}, 'TESTUSER', {ts '2009-01-22 00:00:00.0'}, 1, {ts '2000-01-01 00:00:00.0'}, null, 'The charge of the Enrollment Management Council is to give special attention to three areas:  Increasing the effectiveness of recruitment, marketing and financial aid programs directed at new freshmen.   Improving success in recruiting transfer students', 'Enrollment Management Council', null, 'EMC', 'Active', 'kuali.org.Committee');
insert into KSOR_ORG (ID, CREATEID, CREATETIME, UPDATEID, UPDATETIME, VERSIONIND, EFF_DT, EXPIR_DT, LNG_DESCR, LNG_NAME, SHRT_DESCR, SHRT_NAME, ST, TYPE) values ('102', 'TESTUSER', {ts '2009-01-22 00:00:00.0'}, 'TESTUSER', {ts '2009-01-22 00:00:00.0'}, 1, {ts '2000-01-01 00:00:00.0'}, null, null, 'Records and Registration (Registrar''s Office)', null, 'Registrar', 'Active', 'kuali.org.Department');
insert into KSOR_ORG (ID, CREATEID, CREATETIME, UPDATEID, UPDATETIME, VERSIONIND, EFF_DT, EXPIR_DT, LNG_DESCR, LNG_NAME, SHRT_DESCR, SHRT_NAME, ST, TYPE) values ('103', 'TESTUSER', {ts '2009-01-22 00:00:00.0'}, 'TESTUSER', {ts '2009-01-22 00:00:00.0'}, 1, {ts '2000-01-01 00:00:00.0'}, null, null, 'Curriculum Section of the Registrar''s Office', null, 'CurriculumSection', 'Active', 'kuali.org.Section');
insert into KSOR_ORG (ID, CREATEID, CREATETIME, UPDATEID, UPDATETIME, VERSIONIND, EFF_DT, EXPIR_DT, LNG_DESCR, LNG_NAME, SHRT_DESCR, SHRT_NAME, ST, TYPE) values ('104', 'TESTUSER', {ts '2009-01-22 00:00:00.0'}, 'TESTUSER', {ts '2009-01-22 00:00:00.0'}, 1, {ts '2000-01-01 00:00:00.0'}, null, null, 'Institutional Research', null, 'InstitutionalResearch', 'Active', 'kuali.org.Office');
insert into KSOR_ORG (ID, CREATEID, CREATETIME, UPDATEID, UPDATETIME, VERSIONIND, EFF_DT, EXPIR_DT, LNG_DESCR, LNG_NAME, SHRT_DESCR, SHRT_NAME, ST, TYPE) values ('105', 'TESTUSER', {ts '2009-01-22 00:00:00.0'}, 'TESTUSER', {ts '2009-01-22 00:00:00.0'}, 1, {ts '2000-01-01 00:00:00.0'}, null, null, 'Advising and Orientation Office', null, 'Advising', 'Active', 'kuali.org.Department');
insert into KSOR_ORG (ID, CREATEID, CREATETIME, UPDATEID, UPDATETIME, VERSIONIND, EFF_DT, EXPIR_DT, LNG_DESCR, LNG_NAME, SHRT_DESCR, SHRT_NAME, ST, TYPE) values ('106', 'TESTUSER', {ts '2009-01-22 00:00:00.0'}, 'TESTUSER', {ts '2009-01-22 00:00:00.0'}, 1, {ts '2000-01-01 00:00:00.0'}, null, null, 'Career Services Department', null, 'CareerServices', 'Active', 'kuali.org.Department');
insert into KSOR_ORG (ID, CREATEID, CREATETIME, UPDATEID, UPDATETIME, VERSIONIND, EFF_DT, EXPIR_DT, LNG_DESCR, LNG_NAME, SHRT_DESCR, SHRT_NAME, ST, TYPE) values ('107', 'TESTUSER', {ts '2009-01-22 00:00:00.0'}, 'TESTUSER', {ts '2009-01-22 00:00:00.0'}, 1, {ts '2000-01-01 00:00:00.0'}, null, null, 'Student Accounts', null, 'StudentAccounts', 'Active', 'kuali.org.Department');
insert into KSOR_ORG (ID, CREATEID, CREATETIME, UPDATEID, UPDATETIME, VERSIONIND, EFF_DT, EXPIR_DT, LNG_DESCR, LNG_NAME, SHRT_DESCR, SHRT_NAME, ST, TYPE) values ('108', 'TESTUSER', {ts '2009-01-22 00:00:00.0'}, 'TESTUSER', {ts '2009-01-22 00:00:00.0'}, 1, {ts '2000-01-01 00:00:00.0'}, null, 'This committee coordinates the advising programs of the various colleges and advises the Vice President for Academic Affairs on issues of interest or concern to advisors.', 'Academic Advising Committee', null, 'AdvisingCommittee', 'Active', 'kuali.org.Committee');
insert into KSOR_ORG (ID, CREATEID, CREATETIME, UPDATEID, UPDATETIME, VERSIONIND, EFF_DT, EXPIR_DT, LNG_DESCR, LNG_NAME, SHRT_DESCR, SHRT_NAME, ST, TYPE) values ('109', 'TESTUSER', {ts '2009-01-22 00:00:00.0'}, 'TESTUSER', {ts '2009-01-22 00:00:00.0'}, 1, {ts '2000-01-01 00:00:00.0'}, null, 'This Committee considers policies and procedures related to academic standards, Admissions, and advising for both prospective and enrolled undergraduate students.  Jurisdiction includes Admissions Appeals.  ', 'Academic Standards and Admissions Committee', null, 'AdmissionsCommittee', 'Active', 'kuali.org.Committee');
insert into KSOR_ORG (ID, CREATEID, CREATETIME, UPDATEID, UPDATETIME, VERSIONIND, EFF_DT, EXPIR_DT, LNG_DESCR, LNG_NAME, SHRT_DESCR, SHRT_NAME, ST, TYPE) values ('11', 'TESTUSER', {ts '2009-01-22 00:00:00.0'}, 'TESTUSER', {ts '2009-01-22 00:00:00.0'}, 1, {ts '2000-01-01 00:00:00.0'}, null, null, 'The Foundation', null, 'Foundation', 'Active', 'kuali.org.Office');
insert into KSOR_ORG (ID, CREATEID, CREATETIME, UPDATEID, UPDATETIME, VERSIONIND, EFF_DT, EXPIR_DT, LNG_DESCR, LNG_NAME, SHRT_DESCR, SHRT_NAME, ST, TYPE) values ('110', 'TESTUSER', {ts '2009-01-22 00:00:00.0'}, 'TESTUSER', {ts '2009-01-22 00:00:00.0'}, 1, {ts '2000-01-01 00:00:00.0'}, null, 'Invites nominations for honorary degrees based on a candidate''s record of scholarship, research, and/or creative activity and recommends names directly to the Faculty Senate Executive Board for the awarding of honorary degrees.', 'Committee on Honorary Degrees ', null, 'HonoraryDegreesCommittee', 'Active', 'kuali.org.Committee');
insert into KSOR_ORG (ID, CREATEID, CREATETIME, UPDATEID, UPDATETIME, VERSIONIND, EFF_DT, EXPIR_DT, LNG_DESCR, LNG_NAME, SHRT_DESCR, SHRT_NAME, ST, TYPE) values ('111', 'TESTUSER', {ts '2009-01-22 00:00:00.0'}, 'TESTUSER', {ts '2009-01-22 00:00:00.0'}, 1, {ts '2000-01-01 00:00:00.0'}, null, 'The purpose of the Council is to enhance programmatic and institutional articulation between Kuali University and institutions and programs that are significant or potentially significant sources of transfer students.', 'Administrative Support Programs Advisory Committee', null, 'ASPAC', 'Active', 'kuali.org.Committee');
insert into KSOR_ORG (ID, CREATEID, CREATETIME, UPDATEID, UPDATETIME, VERSIONIND, EFF_DT, EXPIR_DT, LNG_DESCR, LNG_NAME, SHRT_DESCR, SHRT_NAME, ST, TYPE) values ('112', 'TESTUSER', {ts '2009-01-22 00:00:00.0'}, 'TESTUSER', {ts '2009-01-22 00:00:00.0'}, 1, {ts '2000-01-01 00:00:00.0'}, null, 'The purpose of the Council is to enhance programmatic and institutional articulation between Kuali University and institutions and programs that are significant or potentially significant sources of transfer students.', 'Articulation Coordination Council', null, 'ArticulationCouncil', 'Active', 'kuali.org.Committee');
insert into KSOR_ORG (ID, CREATEID, CREATETIME, UPDATEID, UPDATETIME, VERSIONIND, EFF_DT, EXPIR_DT, LNG_DESCR, LNG_NAME, SHRT_DESCR, SHRT_NAME, ST, TYPE) values ('113', 'TESTUSER', {ts '2009-01-22 00:00:00.0'}, 'TESTUSER', {ts '2009-01-22 00:00:00.0'}, 1, {ts '2000-01-01 00:00:00.0'}, null, 'Allocation of new revenues, final policy for faculty and professional staff compensation increases and, when necessary, assignment of budget reduction targets are made centrally by the universitys Budget Cabinet. The Budget Cabinet is strictly advisory t', 'University Budget Advisory Committee (BAC)', null, 'BAC', 'Active', 'kuali.org.Committee');
insert into KSOR_ORG (ID, CREATEID, CREATETIME, UPDATEID, UPDATETIME, VERSIONIND, EFF_DT, EXPIR_DT, LNG_DESCR, LNG_NAME, SHRT_DESCR, SHRT_NAME, ST, TYPE) values ('114', 'TESTUSER', {ts '2009-01-22 00:00:00.0'}, 'TESTUSER', {ts '2009-01-22 00:00:00.0'}, 1, {ts '2000-01-01 00:00:00.0'}, null, 'See Budget Cabinet', 'Budget Cabinet', null, 'BudgetCabinet', 'Active', 'kuali.org.AdvisoryGroup');
insert into KSOR_ORG (ID, CREATEID, CREATETIME, UPDATEID, UPDATETIME, VERSIONIND, EFF_DT, EXPIR_DT, LNG_DESCR, LNG_NAME, SHRT_DESCR, SHRT_NAME, ST, TYPE) values ('115', 'TESTUSER', {ts '2009-01-22 00:00:00.0'}, 'TESTUSER', {ts '2009-01-22 00:00:00.0'}, 1, {ts '2000-01-01 00:00:00.0'}, null, 'See Budget Cabinet', 'Presidents Advisory Committee on Budget Priorities and Planning', null, 'BudgetPrioritiesCommittee', 'Active', 'kuali.org.AdvisoryGroup');
insert into KSOR_ORG (ID, CREATEID, CREATETIME, UPDATEID, UPDATETIME, VERSIONIND, EFF_DT, EXPIR_DT, LNG_DESCR, LNG_NAME, SHRT_DESCR, SHRT_NAME, ST, TYPE) values ('116', 'TESTUSER', {ts '2009-01-22 00:00:00.0'}, 'TESTUSER', {ts '2009-01-22 00:00:00.0'}, 1, {ts '2000-01-01 00:00:00.0'}, null, 'Capital project information is submitted via a vice president to the Capital Projects Advisory Committee (CPAC) for review of all capital improvements greater than $250,000. The Committee is advisory to the President, and the President''s approval is requi', 'Business and Finance Advisory Committee', null, 'FinanceAdvisoryCommittee', 'Active', 'kuali.org.AdvisoryGroup');
insert into KSOR_ORG (ID, CREATEID, CREATETIME, UPDATEID, UPDATETIME, VERSIONIND, EFF_DT, EXPIR_DT, LNG_DESCR, LNG_NAME, SHRT_DESCR, SHRT_NAME, ST, TYPE) values ('117', 'TESTUSER', {ts '2009-01-22 00:00:00.0'}, 'TESTUSER', {ts '2009-01-22 00:00:00.0'}, 1, {ts '2000-01-01 00:00:00.0'}, null, 'The Career Services Council reviews and sets policies as they relate to legal, ethical, and professional practice related to the recruitment, hiring, and selection of students and alumni in experiential learning and full-time employment. The Council facil', 'Capital Projects Advisory Committee (CPAC)', null, 'CPAC', 'Active', 'kuali.org.AdvisoryGroup');
insert into KSOR_ORG (ID, CREATEID, CREATETIME, UPDATEID, UPDATETIME, VERSIONIND, EFF_DT, EXPIR_DT, LNG_DESCR, LNG_NAME, SHRT_DESCR, SHRT_NAME, ST, TYPE) values ('118', 'TESTUSER', {ts '2009-01-22 00:00:00.0'}, 'TESTUSER', {ts '2009-01-22 00:00:00.0'}, 1, {ts '2000-01-01 00:00:00.0'}, null, 'The Council of Deans has members from each college. It is the principal source in higher education of collective views on all matters relating to education and research. It aims to respond dynamically to the changes and trends in higher education.   The C', 'Career Services Council', null, 'CareerServicesCouncil', 'Active', 'kuali.org.Committee');
insert into KSOR_ORG (ID, CREATEID, CREATETIME, UPDATEID, UPDATETIME, VERSIONIND, EFF_DT, EXPIR_DT, LNG_DESCR, LNG_NAME, SHRT_DESCR, SHRT_NAME, ST, TYPE) values ('119', 'TESTUSER', {ts '2009-01-22 00:00:00.0'}, 'TESTUSER', {ts '2009-01-22 00:00:00.0'}, 1, {ts '2000-01-01 00:00:00.0'}, null, 'The Department Chairs Council [cabinet] shall discuss and establish positions on matters of University concern with particular implications for academic departments and programs of the University. The Council shall provide for communication between the De', 'Council of Deans', null, 'TheDeans', 'Active', 'kuali.org.Committee');
insert into KSOR_ORG (ID, CREATEID, CREATETIME, UPDATEID, UPDATETIME, VERSIONIND, EFF_DT, EXPIR_DT, LNG_DESCR, LNG_NAME, SHRT_DESCR, SHRT_NAME, ST, TYPE) values ('12', 'TESTUSER', {ts '2009-01-22 00:00:00.0'}, 'TESTUSER', {ts '2009-01-22 00:00:00.0'}, 1, {ts '2000-01-01 00:00:00.0'}, null, null, 'Intercollegiate Athletics', null, 'Athletics', 'Active', 'kuali.org.Department');
insert into KSOR_ORG (ID, CREATEID, CREATETIME, UPDATEID, UPDATETIME, VERSIONIND, EFF_DT, EXPIR_DT, LNG_DESCR, LNG_NAME, SHRT_DESCR, SHRT_NAME, ST, TYPE) values ('120', 'TESTUSER', {ts '2009-01-22 00:00:00.0'}, 'TESTUSER', {ts '2009-01-22 00:00:00.0'}, 1, {ts '2000-01-01 00:00:00.0'}, null, 'The Department Chairs Council [cabinet] shall discuss and establish positions on matters of University concern with particular implications for academic departments and programs of the University. The Council shall provide for communication between the De', 'Department Chairs Cabinet', null, 'TheDeptChairs', 'Active', 'kuali.org.Committee');
insert into KSOR_ORG (ID, CREATEID, CREATETIME, UPDATEID, UPDATETIME, VERSIONIND, EFF_DT, EXPIR_DT, LNG_DESCR, LNG_NAME, SHRT_DESCR, SHRT_NAME, ST, TYPE) values ('121', 'TESTUSER', {ts '2009-01-22 00:00:00.0'}, 'TESTUSER', {ts '2009-01-22 00:00:00.0'}, 1, {ts '2000-01-01 00:00:00.0'}, null, null, 'Faculty Senate Executive Board', null, 'SenateExcecutiveBoard', 'Active', 'kuali.org.Committee');
insert into KSOR_ORG (ID, CREATEID, CREATETIME, UPDATEID, UPDATETIME, VERSIONIND, EFF_DT, EXPIR_DT, LNG_DESCR, LNG_NAME, SHRT_DESCR, SHRT_NAME, ST, TYPE) values ('12197874-0e2f-44b6-93cd-b793442e0b58', null, {ts '2010-09-17 12:14:00.0'}, null, {ts '2010-09-17 12:14:00.0'}, 0, {ts '2010-07-01 00:00:00.0'}, null, null, 'The Planning Accreditation Board', null, 'PAB', 'Active', 'kuali.org.AccreditingBody');
insert into KSOR_ORG (ID, CREATEID, CREATETIME, UPDATEID, UPDATETIME, VERSIONIND, EFF_DT, EXPIR_DT, LNG_DESCR, LNG_NAME, SHRT_DESCR, SHRT_NAME, ST, TYPE) values ('122', 'TESTUSER', {ts '2009-01-22 00:00:00.0'}, 'TESTUSER', {ts '2009-01-22 00:00:00.0'}, 1, {ts '2000-01-01 00:00:00.0'}, null, 'The Institutional Review Board (IRB) is a federally mandated committee responsible for review of all research involving human participants for compliance with the federal regulations.   The IRB is sponsored by the Offices of Research Assurances and the Vi', 'Information Technology Services Advisory Committee (ITSAC)', null, 'ITSAC', 'Active', 'kuali.org.Committee');
insert into KSOR_ORG (ID, CREATEID, CREATETIME, UPDATEID, UPDATETIME, VERSIONIND, EFF_DT, EXPIR_DT, LNG_DESCR, LNG_NAME, SHRT_DESCR, SHRT_NAME, ST, TYPE) values ('123', 'TESTUSER', {ts '2009-01-22 00:00:00.0'}, 'TESTUSER', {ts '2009-01-22 00:00:00.0'}, 1, {ts '2000-01-01 00:00:00.0'}, null, 'The Institutional Review Board (IRB) is a federally mandated committee responsible for review of all research involving human participants for compliance with the federal regulations.   The IRB is sponsored by the Offices of Research Assurances and the Vi', 'Institutional Review Board (IRB)', null, 'IRB', 'Active', 'kuali.org.Committee');
insert into KSOR_ORG (ID, CREATEID, CREATETIME, UPDATEID, UPDATETIME, VERSIONIND, EFF_DT, EXPIR_DT, LNG_DESCR, LNG_NAME, SHRT_DESCR, SHRT_NAME, ST, TYPE) values ('124', 'TESTUSER', {ts '2009-01-22 00:00:00.0'}, 'TESTUSER', {ts '2009-01-22 00:00:00.0'}, 1, {ts '2000-01-01 00:00:00.0'}, null, null, 'Offices of Research Assurances', null, 'ResearchAssurances', 'Active', 'kuali.org.Office');
insert into KSOR_ORG (ID, CREATEID, CREATETIME, UPDATEID, UPDATETIME, VERSIONIND, EFF_DT, EXPIR_DT, LNG_DESCR, LNG_NAME, SHRT_DESCR, SHRT_NAME, ST, TYPE) values ('125', 'TESTUSER', {ts '2009-01-22 00:00:00.0'}, 'TESTUSER', {ts '2009-01-22 00:00:00.0'}, 1, {ts '2000-01-01 00:00:00.0'}, null, 'The mission of the Council on International Programs (CIP) is to promote, improve, and expand the internationalization/ globalization of the University.   The Councils goals are to further internationalization in the following areas:  Strengthen undergr', 'Investment Committee', null, 'InvestmentCommittee', 'Active', 'kuali.org.Committee');
insert into KSOR_ORG (ID, CREATEID, CREATETIME, UPDATEID, UPDATETIME, VERSIONIND, EFF_DT, EXPIR_DT, LNG_DESCR, LNG_NAME, SHRT_DESCR, SHRT_NAME, ST, TYPE) values ('126', 'TESTUSER', {ts '2009-01-22 00:00:00.0'}, 'TESTUSER', {ts '2009-01-22 00:00:00.0'}, 1, {ts '2000-01-01 00:00:00.0'}, null, 'Sponsored by both the Vice President for Student Affairs and the Provost, the Learning Community Advisory Committee exists to  Advise the Co-Directors of Learning Communities and the Associate Provost for Academic Programs and the Associate Vice Presiden', 'Council on International Programs', null, 'CIP', 'Active', 'kuali.org.Committee');
insert into KSOR_ORG (ID, CREATEID, CREATETIME, UPDATEID, UPDATETIME, VERSIONIND, EFF_DT, EXPIR_DT, LNG_DESCR, LNG_NAME, SHRT_DESCR, SHRT_NAME, ST, TYPE) values ('127', 'TESTUSER', {ts '2009-01-22 00:00:00.0'}, 'TESTUSER', {ts '2009-01-22 00:00:00.0'}, 1, {ts '2000-01-01 00:00:00.0'}, null, 'The University Orientation Committee, composed of University faculty and staff, is responsible for student orientation programs. The undergraduate colleges of the university, in cooperation with the Office of New Student Programs, have responsibility for ', 'Learning Community Advisory Committee', null, 'LCAC', 'Active', 'kuali.org.Committee');
insert into KSOR_ORG (ID, CREATEID, CREATETIME, UPDATEID, UPDATETIME, VERSIONIND, EFF_DT, EXPIR_DT, LNG_DESCR, LNG_NAME, SHRT_DESCR, SHRT_NAME, ST, TYPE) values ('128', 'TESTUSER', {ts '2009-01-22 00:00:00.0'}, 'TESTUSER', {ts '2009-01-22 00:00:00.0'}, 1, {ts '2000-01-01 00:00:00.0'}, null, 'The University Orientation Committee, composed of University faculty and staff, is responsible for student orientation programs. The undergraduate colleges of the university, in cooperation with the Office of New Student Programs, have responsibility for ', 'University Orientation Committee', null, 'OrientationCommittee', 'Active', 'kuali.org.Committee');
insert into KSOR_ORG (ID, CREATEID, CREATETIME, UPDATEID, UPDATETIME, VERSIONIND, EFF_DT, EXPIR_DT, LNG_DESCR, LNG_NAME, SHRT_DESCR, SHRT_NAME, ST, TYPE) values ('129', 'TESTUSER', {ts '2009-01-22 00:00:00.0'}, 'TESTUSER', {ts '2009-01-22 00:00:00.0'}, 1, {ts '2000-01-01 00:00:00.0'}, null, null, 'Office of New Student Programs', null, 'NewStudentPrograms', 'Active', 'kuali.org.Office');
insert into KSOR_ORG (ID, CREATEID, CREATETIME, UPDATEID, UPDATETIME, VERSIONIND, EFF_DT, EXPIR_DT, LNG_DESCR, LNG_NAME, SHRT_DESCR, SHRT_NAME, ST, TYPE) values ('13', 'TESTUSER', {ts '2009-01-22 00:00:00.0'}, 'TESTUSER', {ts '2009-01-22 00:00:00.0'}, 1, {ts '2000-01-01 00:00:00.0'}, null, null, 'Alumni Relations', null, 'AlumniRelations', 'Active', 'kuali.org.Office');
insert into KSOR_ORG (ID, CREATEID, CREATETIME, UPDATEID, UPDATETIME, VERSIONIND, EFF_DT, EXPIR_DT, LNG_DESCR, LNG_NAME, SHRT_DESCR, SHRT_NAME, ST, TYPE) values ('130', 'TESTUSER', {ts '2009-01-22 00:00:00.0'}, 'TESTUSER', {ts '2009-01-22 00:00:00.0'}, 1, {ts '2000-01-01 00:00:00.0'}, null, 'The Special Student Fee and Tuition Committee (SSFTC) is a statutory committee of five students and five university employees that considers proposed student activity changes and makes recommendations to the President concerning special student fee change', 'Residency Review Committee', null, 'ResidencyCommittee', 'Active', 'kuali.org.Committee');
insert into KSOR_ORG (ID, CREATEID, CREATETIME, UPDATEID, UPDATETIME, VERSIONIND, EFF_DT, EXPIR_DT, LNG_DESCR, LNG_NAME, SHRT_DESCR, SHRT_NAME, ST, TYPE) values ('13046975-f3e4-44ab-877e-6a171635906f', null, {ts '2010-09-17 12:13:58.0'}, null, {ts '2010-09-17 12:13:58.0'}, 0, {ts '2010-07-01 00:00:00.0'}, null, null, 'The Council for Exceptional Children', null, 'CED', 'Active', 'kuali.org.AccreditingBody');
insert into KSOR_ORG (ID, CREATEID, CREATETIME, UPDATEID, UPDATETIME, VERSIONIND, EFF_DT, EXPIR_DT, LNG_DESCR, LNG_NAME, SHRT_DESCR, SHRT_NAME, ST, TYPE) values ('131', 'TESTUSER', {ts '2009-01-22 00:00:00.0'}, 'TESTUSER', {ts '2009-01-22 00:00:00.0'}, 1, {ts '2000-01-01 00:00:00.0'}, null, 'The University Student Government Association is the foremost student organization at Kuali University. Along with providing comprehensive representation of the views and opinions of the student body, the SGA attempts to coordinate the efforts of the mult', 'Special Student Fee and Tuition Committee', null, 'SSFTC', 'Active', 'kuali.org.Committee');
insert into KSOR_ORG (ID, CREATEID, CREATETIME, UPDATEID, UPDATETIME, VERSIONIND, EFF_DT, EXPIR_DT, LNG_DESCR, LNG_NAME, SHRT_DESCR, SHRT_NAME, ST, TYPE) values ('132', 'TESTUSER', {ts '2009-01-22 00:00:00.0'}, 'TESTUSER', {ts '2009-01-22 00:00:00.0'}, 1, {ts '2000-01-01 00:00:00.0'}, null, 'The Graduate and Professional Student Association represents the graduate and professional students'' perspective on campus issues and serves as a liaison between graduate/professional students and the university administration. Each department is permitte', 'Student Government Association ', null, 'SGA', 'Active', 'kuali.org.Committee');
insert into KSOR_ORG (ID, CREATEID, CREATETIME, UPDATEID, UPDATETIME, VERSIONIND, EFF_DT, EXPIR_DT, LNG_DESCR, LNG_NAME, SHRT_DESCR, SHRT_NAME, ST, TYPE) values ('133', 'TESTUSER', {ts '2009-01-22 00:00:00.0'}, 'TESTUSER', {ts '2009-01-22 00:00:00.0'}, 1, {ts '2000-01-01 00:00:00.0'}, null, 'The Senate has legislative responsibility for general academic and educational policy. It also serves to facilitate communication among faculty, students, and administration. Finally, it cooperates with the administration in conflict resolution. The Senat', 'The Graduate and Professional Student Association', null, 'GPSA', 'Active', 'kuali.org.Committee');
insert into KSOR_ORG (ID, CREATEID, CREATETIME, UPDATEID, UPDATETIME, VERSIONIND, EFF_DT, EXPIR_DT, LNG_DESCR, LNG_NAME, SHRT_DESCR, SHRT_NAME, ST, TYPE) values ('13374c81-60f3-4062-a6d5-7b1899713e11', null, {ts '2010-09-17 12:13:57.0'}, null, {ts '2010-09-17 12:13:57.0'}, 0, {ts '2010-07-01 00:00:00.0'}, null, null, 'The Accreditation Board of Engineering and Technology', null, 'ABET', 'Active', 'kuali.org.AccreditingBody');
insert into KSOR_ORG (ID, CREATEID, CREATETIME, UPDATEID, UPDATETIME, VERSIONIND, EFF_DT, EXPIR_DT, LNG_DESCR, LNG_NAME, SHRT_DESCR, SHRT_NAME, ST, TYPE) values ('134', 'TESTUSER', {ts '2009-01-22 00:00:00.0'}, 'TESTUSER', {ts '2009-01-22 00:00:00.0'}, 1, {ts '2000-01-01 00:00:00.0'}, null, 'The Academic Affairs Council coordinates the creation and consideration of policy in the area of academic affairs, including but not limited to instructional policies, honors programs, and the academic calendar.    They also coordinate the policy proposal', 'University Senate', null, 'Senate', 'Active', 'kuali.org.Senate');
insert into KSOR_ORG (ID, CREATEID, CREATETIME, UPDATEID, UPDATETIME, VERSIONIND, EFF_DT, EXPIR_DT, LNG_DESCR, LNG_NAME, SHRT_DESCR, SHRT_NAME, ST, TYPE) values ('135', 'TESTUSER', {ts '2009-01-22 00:00:00.0'}, 'TESTUSER', {ts '2009-01-22 00:00:00.0'}, 1, {ts '2000-01-01 00:00:00.0'}, null, 'The Academic Affairs Council coordinates the creation and consideration of policy in the area of academic affairs, including but not limited to instructional policies, honors programs, and the academic calendar.    They also coordinate the policy proposal', 'Academic Affairs Council', null, 'AAC', 'Active', 'kuali.org.Committee');
insert into KSOR_ORG (ID, CREATEID, CREATETIME, UPDATEID, UPDATETIME, VERSIONIND, EFF_DT, EXPIR_DT, LNG_DESCR, LNG_NAME, SHRT_DESCR, SHRT_NAME, ST, TYPE) values ('136', 'TESTUSER', {ts '2009-01-22 00:00:00.0'}, 'TESTUSER', {ts '2009-01-22 00:00:00.0'}, 1, {ts '2000-01-01 00:00:00.0'}, null, null, 'Faculty Development and Administrative Relations Council', null, 'FDARC', 'Active', 'kuali.org.Committee');
insert into KSOR_ORG (ID, CREATEID, CREATETIME, UPDATEID, UPDATETIME, VERSIONIND, EFF_DT, EXPIR_DT, LNG_DESCR, LNG_NAME, SHRT_DESCR, SHRT_NAME, ST, TYPE) values ('137', 'TESTUSER', {ts '2009-01-22 00:00:00.0'}, 'TESTUSER', {ts '2009-01-22 00:00:00.0'}, 1, {ts '2000-01-01 00:00:00.0'}, null, null, 'Resource Policies and Allocations Council', null, 'RPAC', 'Active', 'kuali.org.Committee');
insert into KSOR_ORG (ID, CREATEID, CREATETIME, UPDATEID, UPDATETIME, VERSIONIND, EFF_DT, EXPIR_DT, LNG_DESCR, LNG_NAME, SHRT_DESCR, SHRT_NAME, ST, TYPE) values ('138', 'TESTUSER', {ts '2009-01-22 00:00:00.0'}, 'TESTUSER', {ts '2009-01-22 00:00:00.0'}, 1, {ts '2000-01-01 00:00:00.0'}, null, 'The Judiciary and Appeals Committee (JAC) hears cases in which a serious violation of the Conduct Code may result in suspension or expulsion from the University.     JAC may also hear cases of minor nature.', 'Judiciary and Appeals Committee (JAC)', null, 'JAC', 'Active', 'kuali.org.Committee');
insert into KSOR_ORG (ID, CREATEID, CREATETIME, UPDATEID, UPDATETIME, VERSIONIND, EFF_DT, EXPIR_DT, LNG_DESCR, LNG_NAME, SHRT_DESCR, SHRT_NAME, ST, TYPE) values ('139', 'TESTUSER', {ts '2009-01-22 00:00:00.0'}, 'TESTUSER', {ts '2009-01-22 00:00:00.0'}, 1, {ts '2000-01-01 00:00:00.0'}, null, 'The JAC hears cases in boards of five persons each, at least two of whom are students.   The JAC makes its recommendation to the Dean of Students.', 'Judiciary Board assembled to hear a particular case', null, 'JAC-BoardFor?', 'Active', 'kuali.org.Committee');
insert into KSOR_ORG (ID, CREATEID, CREATETIME, UPDATEID, UPDATETIME, VERSIONIND, EFF_DT, EXPIR_DT, LNG_DESCR, LNG_NAME, SHRT_DESCR, SHRT_NAME, ST, TYPE) values ('14', 'TESTUSER', {ts '2009-01-22 00:00:00.0'}, 'TESTUSER', {ts '2009-01-22 00:00:00.0'}, 1, {ts '2000-01-01 00:00:00.0'}, null, null, 'Alumni Association', null, 'AlumniAssociation', 'Active', 'kuali.org.Association');
insert into KSOR_ORG (ID, CREATEID, CREATETIME, UPDATEID, UPDATETIME, VERSIONIND, EFF_DT, EXPIR_DT, LNG_DESCR, LNG_NAME, SHRT_DESCR, SHRT_NAME, ST, TYPE) values ('140', 'TESTUSER', {ts '2009-01-22 00:00:00.0'}, 'TESTUSER', {ts '2009-01-22 00:00:00.0'}, 1, {ts '2000-01-01 00:00:00.0'}, null, 'Recommends and develops policies and procedures for university-wide curricular standards, reviews catalog offerings and degree requirements, and initiates discussions on future curricular matters. The committee reviews college proposals and makes recommen', 'Faculty Governance Council', null, 'FacultyGovernance', 'Active', 'kuali.org.Committee');
insert into KSOR_ORG (ID, CREATEID, CREATETIME, UPDATEID, UPDATETIME, VERSIONIND, EFF_DT, EXPIR_DT, LNG_DESCR, LNG_NAME, SHRT_DESCR, SHRT_NAME, ST, TYPE) values ('141', 'TESTUSER', {ts '2009-01-22 00:00:00.0'}, 'TESTUSER', {ts '2009-01-22 00:00:00.0'}, 1, {ts '2000-01-01 00:00:00.0'}, null, 'Recommends and develops policies and procedures for university-wide curricular standards, reviews catalog offerings and degree requirements, and initiates discussions on future curricular matters. The committee reviews college proposals and makes recommen', 'Senate Subcommittee on Curricula', null, 'COC', 'Active', 'kuali.org.COC');
insert into KSOR_ORG (ID, CREATEID, CREATETIME, UPDATEID, UPDATETIME, VERSIONIND, EFF_DT, EXPIR_DT, LNG_DESCR, LNG_NAME, SHRT_DESCR, SHRT_NAME, ST, TYPE) values ('142', 'TESTUSER', {ts '2009-01-22 00:00:00.0'}, 'TESTUSER', {ts '2009-01-22 00:00:00.0'}, 1, {ts '2000-01-01 00:00:00.0'}, null, null, 'Departmental Representatives to the COC', null, 'DeptCOCReps', 'Active', 'kuali.org.WorkGroup');
insert into KSOR_ORG (ID, CREATEID, CREATETIME, UPDATEID, UPDATETIME, VERSIONIND, EFF_DT, EXPIR_DT, LNG_DESCR, LNG_NAME, SHRT_DESCR, SHRT_NAME, ST, TYPE) values ('d2d0d73e-fc79-45d8-8e68-dad241cb6755', null, {ts '2010-09-17 12:14:00.0'}, null, {ts '2010-09-17 12:14:00.0'}, 0, {ts '2010-07-01 00:00:00.0'}, null, null, 'The National Science Teachers Association', null, 'NSTA', 'Active', 'kuali.org.AccreditingBody');
insert into KSOR_ORG (ID, CREATEID, CREATETIME, UPDATEID, UPDATETIME, VERSIONIND, EFF_DT, EXPIR_DT, LNG_DESCR, LNG_NAME, SHRT_DESCR, SHRT_NAME, ST, TYPE) values ('d89cd34c-5458-4b1c-8b44-e200c820d1f4', null, {ts '2010-09-17 12:13:57.0'}, null, {ts '2010-09-17 12:13:57.0'}, 0, {ts '2010-07-01 00:00:00.0'}, null, null, 'The Accrediting Council on Education in Journalism and Mass Communications', null, 'ACEJMC', 'Active', 'kuali.org.AccreditingBody');
insert into KSOR_ORG (ID, CREATEID, CREATETIME, UPDATEID, UPDATETIME, VERSIONIND, EFF_DT, EXPIR_DT, LNG_DESCR, LNG_NAME, SHRT_DESCR, SHRT_NAME, ST, TYPE) values ('df2e360b-8d8b-4aeb-8614-daf0d53e1f62', null, {ts '2010-09-17 12:13:58.0'}, null, {ts '2010-09-17 12:13:58.0'}, 0, {ts '2010-07-01 00:00:00.0'}, null, null, 'The American Society for Landscape Architecture', null, 'ASLA', 'Active', 'kuali.org.AccreditingBody');
insert into KSOR_ORG (ID, CREATEID, CREATETIME, UPDATEID, UPDATETIME, VERSIONIND, EFF_DT, EXPIR_DT, LNG_DESCR, LNG_NAME, SHRT_DESCR, SHRT_NAME, ST, TYPE) values ('e04510db-f484-44e4-ae99-85c8060f038a', null, {ts '2010-09-17 12:13:58.0'}, null, {ts '2010-09-17 12:13:58.0'}, 0, {ts '2010-07-01 00:00:00.0'}, null, null, 'The Educational Leadership Constituent Council', null, 'ELCC', 'Active', 'kuali.org.AccreditingBody');
insert into KSOR_ORG (ID, CREATEID, CREATETIME, UPDATEID, UPDATETIME, VERSIONIND, EFF_DT, EXPIR_DT, LNG_DESCR, LNG_NAME, SHRT_DESCR, SHRT_NAME, ST, TYPE) values ('e27ce044-cbe5-4246-a0c9-f38821ecceaa', null, {ts '2010-09-17 12:14:00.0'}, null, {ts '2010-09-17 12:14:00.0'}, 0, {ts '2010-07-01 00:00:00.0'}, null, null, 'The National Council for the Social Studies', null, 'NCSS', 'Active', 'kuali.org.AccreditingBody');
insert into KSOR_ORG (ID, CREATEID, CREATETIME, UPDATEID, UPDATETIME, VERSIONIND, EFF_DT, EXPIR_DT, LNG_DESCR, LNG_NAME, SHRT_DESCR, SHRT_NAME, ST, TYPE) values ('e4259587-cfc0-4921-a8fc-2202875a244f', null, {ts '2010-09-17 12:13:58.0'}, null, {ts '2010-09-17 12:13:58.0'}, 0, {ts '2010-07-01 00:00:00.0'}, null, null, 'The Council on Academic Accreditation', null, 'CAA', 'Active', 'kuali.org.AccreditingBody');
insert into KSOR_ORG (ID, CREATEID, CREATETIME, UPDATEID, UPDATETIME, VERSIONIND, EFF_DT, EXPIR_DT, LNG_DESCR, LNG_NAME, SHRT_DESCR, SHRT_NAME, ST, TYPE) values ('e92da521-7e97-4a20-bb54-874b6cce6807', null, {ts '2010-09-17 12:13:57.0'}, null, {ts '2010-09-17 12:13:57.0'}, 0, {ts '2010-07-01 00:00:00.0'}, null, null, 'The American Dietetic Association', null, 'ADA', 'Active', 'kuali.org.AccreditingBody');
insert into KSOR_ORG (ID, CREATEID, CREATETIME, UPDATEID, UPDATETIME, VERSIONIND, EFF_DT, EXPIR_DT, LNG_DESCR, LNG_NAME, SHRT_DESCR, SHRT_NAME, ST, TYPE) values ('ed371165-7e8b-4598-ada4-3c1c1be92602', null, {ts '2010-09-17 12:13:58.0'}, null, {ts '2010-09-17 12:13:58.0'}, 0, {ts '2010-07-01 00:00:00.0'}, null, null, 'The Council on Rehabilitation Education', null, 'CORE', 'Active', 'kuali.org.AccreditingBody');
insert into KSOR_ORG (ID, CREATEID, CREATETIME, UPDATEID, UPDATETIME, VERSIONIND, EFF_DT, EXPIR_DT, LNG_DESCR, LNG_NAME, SHRT_DESCR, SHRT_NAME, ST, TYPE) values ('f50f1290-6aea-4b7f-89ac-0ea4bf8ce5e9', null, {ts '2010-09-17 12:13:57.0'}, null, {ts '2010-09-17 12:13:57.0'}, 0, {ts '2010-07-01 00:00:00.0'}, null, null, 'The Association for Childhood Education International', null, 'ACEI', 'Active', 'kuali.org.AccreditingBody');
insert into KSOR_ORG (ID, CREATEID, CREATETIME, UPDATEID, UPDATETIME, VERSIONIND, EFF_DT, EXPIR_DT, LNG_DESCR, LNG_NAME, SHRT_DESCR, SHRT_NAME, ST, TYPE) values ('f8ca1525-8d58-4975-be25-ab512f8292f8', null, {ts '2010-09-17 12:13:59.0'}, null, {ts '2010-09-17 12:13:59.0'}, 0, {ts '2010-07-01 00:00:00.0'}, null, null, 'The International Reading Association', null, 'IRA', 'Active', 'kuali.org.AccreditingBody');
insert into KSOR_ORG (ID, CREATEID, CREATETIME, UPDATEID, UPDATETIME, VERSIONIND, EFF_DT, EXPIR_DT, LNG_DESCR, LNG_NAME, SHRT_DESCR, SHRT_NAME, ST, TYPE) values ('f94d7266-5d88-4d7a-a776-b0ec7cbbe041', null, {ts '2010-09-17 12:13:59.0'}, null, {ts '2010-09-17 12:13:59.0'}, 0, {ts '2010-07-01 00:00:00.0'}, null, null, 'The Institute of Food Technologists', null, 'IFT', 'Active', 'kuali.org.AccreditingBody');

insert into KSOR_ORG_POS_RESTR (ID, CREATEID, CREATETIME, UPDATEID, UPDATETIME, VERSIONIND, DESCR, MAX_NUM_RELTN, MIN_NUM_RELTN, ATP_DUR_TYP_KEY, TM_QUANTITY, TTL, ORG, PERS_RELTN_TYPE) values ('35', 'TESTUSER', {ts '2000-01-01 00:00:00.0'}, 'TESTUSER', {ts '2000-01-01 00:00:00.0'}, 1, null, '100', 1, '1', 1, 'Chair of the Mechanical Engineering Dept', '63', 'kuali.org.PersonRelation.Chair');
insert into KSOR_ORG_POS_RESTR (ID, CREATEID, CREATETIME, UPDATEID, UPDATETIME, VERSIONIND, DESCR, MAX_NUM_RELTN, MIN_NUM_RELTN, ATP_DUR_TYP_KEY, TM_QUANTITY, TTL, ORG, PERS_RELTN_TYPE) values ('36', 'TESTUSER', {ts '2000-01-01 00:00:00.0'}, 'TESTUSER', {ts '2000-01-01 00:00:00.0'}, 1, null, '100', 1, '1', 1, 'Chair of the Computer Science Dept', '64', 'kuali.org.PersonRelation.Chair');
insert into KSOR_ORG_POS_RESTR (ID, CREATEID, CREATETIME, UPDATEID, UPDATETIME, VERSIONIND, DESCR, MAX_NUM_RELTN, MIN_NUM_RELTN, ATP_DUR_TYP_KEY, TM_QUANTITY, TTL, ORG, PERS_RELTN_TYPE) values ('37', 'TESTUSER', {ts '2000-01-01 00:00:00.0'}, 'TESTUSER', {ts '2000-01-01 00:00:00.0'}, 1, null, '100', 1, '1', 1, 'Dean of the Science College', '30', 'kuali.org.PersonRelation.Dean');
insert into KSOR_ORG_POS_RESTR (ID, CREATEID, CREATETIME, UPDATEID, UPDATETIME, VERSIONIND, DESCR, MAX_NUM_RELTN, MIN_NUM_RELTN, ATP_DUR_TYP_KEY, TM_QUANTITY, TTL, ORG, PERS_RELTN_TYPE) values ('38', 'TESTUSER', {ts '2000-01-01 00:00:00.0'}, 'TESTUSER', {ts '2000-01-01 00:00:00.0'}, 1, null, '100', 1, '1', 1, 'Chair of the Biology Dept', '65', 'kuali.org.PersonRelation.Chair');
insert into KSOR_ORG_POS_RESTR (ID, CREATEID, CREATETIME, UPDATEID, UPDATETIME, VERSIONIND, DESCR, MAX_NUM_RELTN, MIN_NUM_RELTN, ATP_DUR_TYP_KEY, TM_QUANTITY, TTL, ORG, PERS_RELTN_TYPE) values ('39', 'TESTUSER', {ts '2000-01-01 00:00:00.0'}, 'TESTUSER', {ts '2000-01-01 00:00:00.0'}, 1, null, '100', 1, '1', 1, 'Chair of the Biochemistry Dept', '66', 'kuali.org.PersonRelation.Chair');
insert into KSOR_ORG_POS_RESTR (ID, CREATEID, CREATETIME, UPDATEID, UPDATETIME, VERSIONIND, DESCR, MAX_NUM_RELTN, MIN_NUM_RELTN, ATP_DUR_TYP_KEY, TM_QUANTITY, TTL, ORG, PERS_RELTN_TYPE) values ('4', 'TESTUSER', {ts '2000-01-01 00:00:00.0'}, 'TESTUSER', {ts '2000-01-01 00:00:00.0'}, 1, null, '100', 1, '1', 1, 'Chief Academic Officer and Executive Vice Chancellor', '3', 'kuali.org.PersonRelation.ViceChancellor');
insert into KSOR_ORG_POS_RESTR (ID, CREATEID, CREATETIME, UPDATEID, UPDATETIME, VERSIONIND, DESCR, MAX_NUM_RELTN, MIN_NUM_RELTN, ATP_DUR_TYP_KEY, TM_QUANTITY, TTL, ORG, PERS_RELTN_TYPE) values ('40', 'TESTUSER', {ts '2000-01-01 00:00:00.0'}, 'TESTUSER', {ts '2000-01-01 00:00:00.0'}, 1, null, '100', 1, '1', 1, 'Chair of the Botany Dept', '67', 'kuali.org.PersonRelation.Chair');
insert into KSOR_ORG_POS_RESTR (ID, CREATEID, CREATETIME, UPDATEID, UPDATETIME, VERSIONIND, DESCR, MAX_NUM_RELTN, MIN_NUM_RELTN, ATP_DUR_TYP_KEY, TM_QUANTITY, TTL, ORG, PERS_RELTN_TYPE) values ('41', 'TESTUSER', {ts '2000-01-01 00:00:00.0'}, 'TESTUSER', {ts '2000-01-01 00:00:00.0'}, 1, null, '100', 1, '1', 1, 'Chair of the Chemistry Dept', '68', 'kuali.org.PersonRelation.Chair');
insert into KSOR_ORG_POS_RESTR (ID, CREATEID, CREATETIME, UPDATEID, UPDATETIME, VERSIONIND, DESCR, MAX_NUM_RELTN, MIN_NUM_RELTN, ATP_DUR_TYP_KEY, TM_QUANTITY, TTL, ORG, PERS_RELTN_TYPE) values ('42', 'TESTUSER', {ts '2000-01-01 00:00:00.0'}, 'TESTUSER', {ts '2000-01-01 00:00:00.0'}, 1, null, '100', 1, '1', 1, 'Chair of the Geology Dept', '69', 'kuali.org.PersonRelation.Chair');
insert into KSOR_ORG_POS_RESTR (ID, CREATEID, CREATETIME, UPDATEID, UPDATETIME, VERSIONIND, DESCR, MAX_NUM_RELTN, MIN_NUM_RELTN, ATP_DUR_TYP_KEY, TM_QUANTITY, TTL, ORG, PERS_RELTN_TYPE) values ('43', 'TESTUSER', {ts '2000-01-01 00:00:00.0'}, 'TESTUSER', {ts '2000-01-01 00:00:00.0'}, 1, null, '100', 1, '1', 1, 'Dean of the Business School', '32', 'kuali.org.PersonRelation.Dean');
insert into KSOR_ORG_POS_RESTR (ID, CREATEID, CREATETIME, UPDATEID, UPDATETIME, VERSIONIND, DESCR, MAX_NUM_RELTN, MIN_NUM_RELTN, ATP_DUR_TYP_KEY, TM_QUANTITY, TTL, ORG, PERS_RELTN_TYPE) values ('44', 'TESTUSER', {ts '2000-01-01 00:00:00.0'}, 'TESTUSER', {ts '2000-01-01 00:00:00.0'}, 1, null, '100', 1, '1', 1, 'Head of the Accounting Section', '70', 'kuali.org.PersonRelation.Head');
insert into KSOR_ORG_POS_RESTR (ID, CREATEID, CREATETIME, UPDATEID, UPDATETIME, VERSIONIND, DESCR, MAX_NUM_RELTN, MIN_NUM_RELTN, ATP_DUR_TYP_KEY, TM_QUANTITY, TTL, ORG, PERS_RELTN_TYPE) values ('45', 'TESTUSER', {ts '2000-01-01 00:00:00.0'}, 'TESTUSER', {ts '2000-01-01 00:00:00.0'}, 1, null, '100', 1, '1', 1, 'Head of the Finance Section', '71', 'kuali.org.PersonRelation.Head');
insert into KSOR_ORG_POS_RESTR (ID, CREATEID, CREATETIME, UPDATEID, UPDATETIME, VERSIONIND, DESCR, MAX_NUM_RELTN, MIN_NUM_RELTN, ATP_DUR_TYP_KEY, TM_QUANTITY, TTL, ORG, PERS_RELTN_TYPE) values ('46', 'TESTUSER', {ts '2000-01-01 00:00:00.0'}, 'TESTUSER', {ts '2000-01-01 00:00:00.0'}, 1, null, '100', 1, '1', 1, 'Head of the International Business Section', '72', 'kuali.org.PersonRelation.Head');
insert into KSOR_ORG_POS_RESTR (ID, CREATEID, CREATETIME, UPDATEID, UPDATETIME, VERSIONIND, DESCR, MAX_NUM_RELTN, MIN_NUM_RELTN, ATP_DUR_TYP_KEY, TM_QUANTITY, TTL, ORG, PERS_RELTN_TYPE) values ('47', 'TESTUSER', {ts '2000-01-01 00:00:00.0'}, 'TESTUSER', {ts '2000-01-01 00:00:00.0'}, 1, null, '100', 1, '1', 1, 'Head of the Marketing Section', '73', 'kuali.org.PersonRelation.Head');
insert into KSOR_ORG_POS_RESTR (ID, CREATEID, CREATETIME, UPDATEID, UPDATETIME, VERSIONIND, DESCR, MAX_NUM_RELTN, MIN_NUM_RELTN, ATP_DUR_TYP_KEY, TM_QUANTITY, TTL, ORG, PERS_RELTN_TYPE) values ('48', 'TESTUSER', {ts '2000-01-01 00:00:00.0'}, 'TESTUSER', {ts '2000-01-01 00:00:00.0'}, 1, null, '100', 1, '1', 1, 'Dean of the Medical School', '34', 'kuali.org.PersonRelation.Dean');
insert into KSOR_ORG_POS_RESTR (ID, CREATEID, CREATETIME, UPDATEID, UPDATETIME, VERSIONIND, DESCR, MAX_NUM_RELTN, MIN_NUM_RELTN, ATP_DUR_TYP_KEY, TM_QUANTITY, TTL, ORG, PERS_RELTN_TYPE) values ('49', 'TESTUSER', {ts '2000-01-01 00:00:00.0'}, 'TESTUSER', {ts '2000-01-01 00:00:00.0'}, 1, null, '100', 1, '1', 1, 'Deal of the College of Education', '33', 'kuali.org.PersonRelation.Dean');
insert into KSOR_ORG_POS_RESTR (ID, CREATEID, CREATETIME, UPDATEID, UPDATETIME, VERSIONIND, DESCR, MAX_NUM_RELTN, MIN_NUM_RELTN, ATP_DUR_TYP_KEY, TM_QUANTITY, TTL, ORG, PERS_RELTN_TYPE) values ('5', 'TESTUSER', {ts '2000-01-01 00:00:00.0'}, 'TESTUSER', {ts '2000-01-01 00:00:00.0'}, 1, 'As chief executive officer, the president reports directly the  Board of Regents and is ultimately responsible to that governing board for the supervision and administration of academic, business and fiscal operations, as well as all other matters pertain', '100', 1, '1', 1, 'President of Kuali University', '6', 'kuali.org.PersonRelation.President');
insert into KSOR_ORG_POS_RESTR (ID, CREATEID, CREATETIME, UPDATEID, UPDATETIME, VERSIONIND, DESCR, MAX_NUM_RELTN, MIN_NUM_RELTN, ATP_DUR_TYP_KEY, TM_QUANTITY, TTL, ORG, PERS_RELTN_TYPE) values ('50', 'TESTUSER', {ts '2000-01-01 00:00:00.0'}, 'TESTUSER', {ts '2000-01-01 00:00:00.0'}, 1, null, '100', 1, '1', 1, 'Dean of the College of Distance Education', '40', 'kuali.org.PersonRelation.Dean');
insert into KSOR_ORG_POS_RESTR (ID, CREATEID, CREATETIME, UPDATEID, UPDATETIME, VERSIONIND, DESCR, MAX_NUM_RELTN, MIN_NUM_RELTN, ATP_DUR_TYP_KEY, TM_QUANTITY, TTL, ORG, PERS_RELTN_TYPE) values ('51', 'TESTUSER', {ts '2000-01-01 00:00:00.0'}, 'TESTUSER', {ts '2000-01-01 00:00:00.0'}, 1, null, '100', 1, '1', 1, 'Chair of the Extended Studies Program', '39', 'kuali.org.PersonRelation.Chair');
insert into KSOR_ORG_POS_RESTR (ID, CREATEID, CREATETIME, UPDATEID, UPDATETIME, VERSIONIND, DESCR, MAX_NUM_RELTN, MIN_NUM_RELTN, ATP_DUR_TYP_KEY, TM_QUANTITY, TTL, ORG, PERS_RELTN_TYPE) values ('52', 'TESTUSER', {ts '2000-01-01 00:00:00.0'}, 'TESTUSER', {ts '2000-01-01 00:00:00.0'}, 1, 'Administers and supervises the implementation of all university financial aid policies, office procedures and funding programs. Supervise all office personnel. Plans, organizes and supervises the operational functions of the Financial Aid Office.', '100', 1, '1', 1, 'Director of Financial Aid', '99', 'kuali.org.PersonRelation.Director');
insert into KSOR_ORG_POS_RESTR (ID, CREATEID, CREATETIME, UPDATEID, UPDATETIME, VERSIONIND, DESCR, MAX_NUM_RELTN, MIN_NUM_RELTN, ATP_DUR_TYP_KEY, TM_QUANTITY, TTL, ORG, PERS_RELTN_TYPE) values ('53', 'TESTUSER', {ts '2000-01-01 00:00:00.0'}, 'TESTUSER', {ts '2000-01-01 00:00:00.0'}, 1, 'Oversee undergraduate students'' college choice, transition to college, retention, and graduation rates. Manage and coordinate recruitment strategies with campus units involved in those areas, including the undergraduate admissions, scholarships and studen', '100', 1, '1', 1, 'Director of Admissions and Enrollment Planning', '98', 'kuali.org.PersonRelation.Director');
insert into KSOR_ORG_POS_RESTR (ID, CREATEID, CREATETIME, UPDATEID, UPDATETIME, VERSIONIND, DESCR, MAX_NUM_RELTN, MIN_NUM_RELTN, ATP_DUR_TYP_KEY, TM_QUANTITY, TTL, ORG, PERS_RELTN_TYPE) values ('54', 'TESTUSER', {ts '2000-01-01 00:00:00.0'}, 'TESTUSER', {ts '2000-01-01 00:00:00.0'}, 1, 'The Registrar oversee customer service to students, faculty members, administrators, alumni, and the general public in the areas of record keeping, course scheduling, course registration, exam scheduling, grades collection, program audit and evaluation, g', '100', 1, '1', 1, 'Registrar', '102', 'kuali.org.PersonRelation.Registrar');
insert into KSOR_ORG_POS_RESTR (ID, CREATEID, CREATETIME, UPDATEID, UPDATETIME, VERSIONIND, DESCR, MAX_NUM_RELTN, MIN_NUM_RELTN, ATP_DUR_TYP_KEY, TM_QUANTITY, TTL, ORG, PERS_RELTN_TYPE) values ('55', 'TESTUSER', {ts '2000-01-01 00:00:00.0'}, 'TESTUSER', {ts '2000-01-01 00:00:00.0'}, 1, 'The Registrar oversee customer service to students, faculty members, administrators, alumni, and the general public in the areas of record keeping, course scheduling, course registration, exam scheduling, grades collection, program audit and evaluation, g', '100', 1, '1', 1, 'Associate Registrar for Curriculumn', '103', 'kuali.org.PersonRelation.AssocRegistrar');
insert into KSOR_ORG_POS_RESTR (ID, CREATEID, CREATETIME, UPDATEID, UPDATETIME, VERSIONIND, DESCR, MAX_NUM_RELTN, MIN_NUM_RELTN, ATP_DUR_TYP_KEY, TM_QUANTITY, TTL, ORG, PERS_RELTN_TYPE) values ('56', 'TESTUSER', {ts '2000-01-01 00:00:00.0'}, 'TESTUSER', {ts '2000-01-01 00:00:00.0'}, 1, 'The Registrar oversee customer service to students, faculty members, administrators, alumni, and the general public in the areas of record keeping, course scheduling, course registration, exam scheduling, grades collection, program audit and evaluation, g', '100', 1, '1', 1, 'Administrative Assistant in the Curriculumn Section of the Registrar''s Office', '102', 'kuali.org.PersonRelation.AdminAssistant');
insert into KSOR_ORG_POS_RESTR (ID, CREATEID, CREATETIME, UPDATEID, UPDATETIME, VERSIONIND, DESCR, MAX_NUM_RELTN, MIN_NUM_RELTN, ATP_DUR_TYP_KEY, TM_QUANTITY, TTL, ORG, PERS_RELTN_TYPE) values ('57', 'TESTUSER', {ts '2000-01-01 00:00:00.0'}, 'TESTUSER', {ts '2000-01-01 00:00:00.0'}, 1, 'The Director Student Accounts is responsible for tuition and student fee assessment, payment and collection.  ', '100', 1, '1', 1, 'Bursar', '107', 'kuali.org.PersonRelation.Director');
insert into KSOR_ORG_POS_RESTR (ID, CREATEID, CREATETIME, UPDATEID, UPDATETIME, VERSIONIND, DESCR, MAX_NUM_RELTN, MIN_NUM_RELTN, ATP_DUR_TYP_KEY, TM_QUANTITY, TTL, ORG, PERS_RELTN_TYPE) values ('58', 'TESTUSER', {ts '2000-01-01 00:00:00.0'}, 'TESTUSER', {ts '2000-01-01 00:00:00.0'}, 1, 'Member terms are for one year beginning on July 1. Members may be reappointed by the units they represent.    The University Academic Advising Committee meets once a month throughout the academic year. The Committee membership is to include representative', '100', 1, '1', 1, 'Member of the Academic Advising Committee', '108', 'kuali.org.PersonRelation.Member');
insert into KSOR_ORG_POS_RESTR (ID, CREATEID, CREATETIME, UPDATEID, UPDATETIME, VERSIONIND, DESCR, MAX_NUM_RELTN, MIN_NUM_RELTN, ATP_DUR_TYP_KEY, TM_QUANTITY, TTL, ORG, PERS_RELTN_TYPE) values ('59', 'TESTUSER', {ts '2000-01-01 00:00:00.0'}, 'TESTUSER', {ts '2000-01-01 00:00:00.0'}, 1, 'Committee membership includes: Associate Provost for Academic Programs, Council of Deans, Department Chairs Cabinet, Faculty, Senate, Student Government Association, Student Affairs ', '100', 1, '1', 1, 'Member of ASPAC', '111', 'kuali.org.PersonRelation.Member');
insert into KSOR_ORG_POS_RESTR (ID, CREATEID, CREATETIME, UPDATEID, UPDATETIME, VERSIONIND, DESCR, MAX_NUM_RELTN, MIN_NUM_RELTN, ATP_DUR_TYP_KEY, TM_QUANTITY, TTL, ORG, PERS_RELTN_TYPE) values ('6', 'TESTUSER', {ts '2000-01-01 00:00:00.0'}, 'TESTUSER', {ts '2000-01-01 00:00:00.0'}, 1, 'The role of the Foundation Vice President includes developing policies, procedures, guidelines and long-range plans for the operation of the Kuali University Foundation, overseeing the financial affairs and investments of the Foundation, and serving as ad', '100', 1, '1', 1, 'Foundation Vice President ', '11', 'kuali.org.PersonRelation.VicePresident');
insert into KSOR_ORG_POS_RESTR (ID, CREATEID, CREATETIME, UPDATEID, UPDATETIME, VERSIONIND, DESCR, MAX_NUM_RELTN, MIN_NUM_RELTN, ATP_DUR_TYP_KEY, TM_QUANTITY, TTL, ORG, PERS_RELTN_TYPE) values ('60', 'TESTUSER', {ts '2000-01-01 00:00:00.0'}, 'TESTUSER', {ts '2000-01-01 00:00:00.0'}, 1, 'The Council''s membership is to include representatives from: Admissions. Provost Division, Student Affairs, Each Academic College (approximately half should be faculty members), Senate, Student Government  preferably a transfer student', '100', 1, '1', 1, 'Member of the Articulation Coordination Council', '112', 'kuali.org.PersonRelation.Member');
insert into KSOR_ORG_POS_RESTR (ID, CREATEID, CREATETIME, UPDATEID, UPDATETIME, VERSIONIND, DESCR, MAX_NUM_RELTN, MIN_NUM_RELTN, ATP_DUR_TYP_KEY, TM_QUANTITY, TTL, ORG, PERS_RELTN_TYPE) values ('61', 'TESTUSER', {ts '2000-01-01 00:00:00.0'}, 'TESTUSER', {ts '2000-01-01 00:00:00.0'}, 1, 'This committee consists of: Council of Deans member, Department Chairs Cabinet, Executive Vice President & Provost, Faculty, Senate Past President, Senate President, Senate President-Elect,  Student Government Association member', '100', 1, '1', 1, null, '113', 'kuali.org.PersonRelation.Member');
insert into KSOR_ORG_POS_RESTR (ID, CREATEID, CREATETIME, UPDATEID, UPDATETIME, VERSIONIND, DESCR, MAX_NUM_RELTN, MIN_NUM_RELTN, ATP_DUR_TYP_KEY, TM_QUANTITY, TTL, ORG, PERS_RELTN_TYPE) values ('63', 'TESTUSER', {ts '2000-01-01 00:00:00.0'}, 'TESTUSER', {ts '2000-01-01 00:00:00.0'}, 1, 'This committee consists of: Associate Vice President - Budget & Planning, Executive Vice President & Provost, President of Kuali University, Vice President for Business & Finance, Vice President for Student Affairs', '100', 1, '1', 1, 'Member of Budget Cabinet', '114', 'kuali.org.PersonRelation.Member');
insert into KSOR_ORG_POS_RESTR (ID, CREATEID, CREATETIME, UPDATEID, UPDATETIME, VERSIONIND, DESCR, MAX_NUM_RELTN, MIN_NUM_RELTN, ATP_DUR_TYP_KEY, TM_QUANTITY, TTL, ORG, PERS_RELTN_TYPE) values ('64', 'TESTUSER', {ts '2000-01-01 00:00:00.0'}, 'TESTUSER', {ts '2000-01-01 00:00:00.0'}, 1, 'The Council of Deans has members from each college.', '100', 1, '1', 1, 'Member of The Council of Deans', '119', 'kuali.org.PersonRelation.Member');
insert into KSOR_ORG_POS_RESTR (ID, CREATEID, CREATETIME, UPDATEID, UPDATETIME, VERSIONIND, DESCR, MAX_NUM_RELTN, MIN_NUM_RELTN, ATP_DUR_TYP_KEY, TM_QUANTITY, TTL, ORG, PERS_RELTN_TYPE) values ('65', 'TESTUSER', {ts '2000-01-01 00:00:00.0'}, 'TESTUSER', {ts '2000-01-01 00:00:00.0'}, 1, 'Chairs of each academic department or program', '100', 1, '1', 1, 'Member of Department Chairs Cabinet', '120', 'kuali.org.PersonRelation.Member');
insert into KSOR_ORG_POS_RESTR (ID, CREATEID, CREATETIME, UPDATEID, UPDATETIME, VERSIONIND, DESCR, MAX_NUM_RELTN, MIN_NUM_RELTN, ATP_DUR_TYP_KEY, TM_QUANTITY, TTL, ORG, PERS_RELTN_TYPE) values ('66', 'TESTUSER', {ts '2000-01-01 00:00:00.0'}, 'TESTUSER', {ts '2000-01-01 00:00:00.0'}, 1, '45CFR46.107 IRB Membership (a) Each IRB shall have at least five members, with varying backgrounds to promote complete and adequate review of research activities commonly conducted by the institution. The IRB shall be sufficiently qualified through the e', '100', 1, '1', 1, 'Member of the IRB', '123', 'kuali.org.PersonRelation.Member');
insert into KSOR_ORG_POS_RESTR (ID, CREATEID, CREATETIME, UPDATEID, UPDATETIME, VERSIONIND, DESCR, MAX_NUM_RELTN, MIN_NUM_RELTN, ATP_DUR_TYP_KEY, TM_QUANTITY, TTL, ORG, PERS_RELTN_TYPE) values ('67', 'TESTUSER', {ts '2000-01-01 00:00:00.0'}, 'TESTUSER', {ts '2000-01-01 00:00:00.0'}, 1, 'The JAC is appointed by the President and is composed of ten faculty members nominated by the members of the University community or the Faculty Senate, five staff members nominated by the Vice President for Student Affairs, five graduate students nominat', '100', 1, '1', 1, 'Member of the JAC', '138', 'kuali.org.PersonRelation.Member');
insert into KSOR_ORG_POS_RESTR (ID, CREATEID, CREATETIME, UPDATEID, UPDATETIME, VERSIONIND, DESCR, MAX_NUM_RELTN, MIN_NUM_RELTN, ATP_DUR_TYP_KEY, TM_QUANTITY, TTL, ORG, PERS_RELTN_TYPE) values ('68', 'TESTUSER', {ts '2000-01-01 00:00:00.0'}, 'TESTUSER', {ts '2000-01-01 00:00:00.0'}, 1, 'Student Government members are elected by the students to a one year term. ', '100', 1, '1', 1, 'Student Government Representative', '132', 'kuali.org.PersonRelation.Rep');
insert into KSOR_ORG_POS_RESTR (ID, CREATEID, CREATETIME, UPDATEID, UPDATETIME, VERSIONIND, DESCR, MAX_NUM_RELTN, MIN_NUM_RELTN, ATP_DUR_TYP_KEY, TM_QUANTITY, TTL, ORG, PERS_RELTN_TYPE) values ('69', 'TESTUSER', {ts '2000-01-01 00:00:00.0'}, 'TESTUSER', {ts '2000-01-01 00:00:00.0'}, 1, 'Student members are elected by the students for a one-year term. ', '100', 1, '1', 1, 'Grad Student Representataive', '133', 'kuali.org.PersonRelation.Rep');
insert into KSOR_ORG_POS_RESTR (ID, CREATEID, CREATETIME, UPDATEID, UPDATETIME, VERSIONIND, DESCR, MAX_NUM_RELTN, MIN_NUM_RELTN, ATP_DUR_TYP_KEY, TM_QUANTITY, TTL, ORG, PERS_RELTN_TYPE) values ('7', 'TESTUSER', {ts '2000-01-01 00:00:00.0'}, 'TESTUSER', {ts '2000-01-01 00:00:00.0'}, 1, 'The Provost is responsible for the strategic leadership and operational delivery of the University''s academic objectives. This includes oversight of the University''s academic staff with the aim of recruiting and retaining staff of the highest distinction ', '100', 1, '1', 1, 'Provost and Executive Vice President for Academic Affairs', '15', 'kuali.org.PersonRelation.EVPP');
insert into KSOR_ORG_POS_RESTR (ID, CREATEID, CREATETIME, UPDATEID, UPDATETIME, VERSIONIND, DESCR, MAX_NUM_RELTN, MIN_NUM_RELTN, ATP_DUR_TYP_KEY, TM_QUANTITY, TTL, ORG, PERS_RELTN_TYPE) values ('70', 'TESTUSER', {ts '2000-01-01 00:00:00.0'}, 'TESTUSER', {ts '2000-01-01 00:00:00.0'}, 1, null, '100', 1, '1', 1, 'Senate President', '134', 'kuali.org.PersonRelation.President');
insert into KSOR_ORG_POS_RESTR (ID, CREATEID, CREATETIME, UPDATEID, UPDATETIME, VERSIONIND, DESCR, MAX_NUM_RELTN, MIN_NUM_RELTN, ATP_DUR_TYP_KEY, TM_QUANTITY, TTL, ORG, PERS_RELTN_TYPE) values ('71', 'TESTUSER', {ts '2000-01-01 00:00:00.0'}, 'TESTUSER', {ts '2000-01-01 00:00:00.0'}, 1, null, '100', 1, '1', 1, 'Chair of the AAC', '135', 'kuali.org.PersonRelation.Chair');
insert into KSOR_ORG_POS_RESTR (ID, CREATEID, CREATETIME, UPDATEID, UPDATETIME, VERSIONIND, DESCR, MAX_NUM_RELTN, MIN_NUM_RELTN, ATP_DUR_TYP_KEY, TM_QUANTITY, TTL, ORG, PERS_RELTN_TYPE) values ('72', 'TESTUSER', {ts '2000-01-01 00:00:00.0'}, 'TESTUSER', {ts '2000-01-01 00:00:00.0'}, 1, null, '100', 1, '1', 1, 'Chair of the FDARC', '136', 'kuali.org.PersonRelation.Chair');
insert into KSOR_ORG_POS_RESTR (ID, CREATEID, CREATETIME, UPDATEID, UPDATETIME, VERSIONIND, DESCR, MAX_NUM_RELTN, MIN_NUM_RELTN, ATP_DUR_TYP_KEY, TM_QUANTITY, TTL, ORG, PERS_RELTN_TYPE) values ('73', 'TESTUSER', {ts '2000-01-01 00:00:00.0'}, 'TESTUSER', {ts '2000-01-01 00:00:00.0'}, 1, null, '100', 1, '1', 1, 'Chair of  the RPAC', '137', 'kuali.org.PersonRelation.Chair');
insert into KSOR_ORG_POS_RESTR (ID, CREATEID, CREATETIME, UPDATEID, UPDATETIME, VERSIONIND, DESCR, MAX_NUM_RELTN, MIN_NUM_RELTN, ATP_DUR_TYP_KEY, TM_QUANTITY, TTL, ORG, PERS_RELTN_TYPE) values ('74', 'TESTUSER', {ts '2000-01-01 00:00:00.0'}, 'TESTUSER', {ts '2000-01-01 00:00:00.0'}, 1, null, '100', 1, '1', 1, 'Chair of the JAC', '138', 'kuali.org.PersonRelation.Chair');
insert into KSOR_ORG_POS_RESTR (ID, CREATEID, CREATETIME, UPDATEID, UPDATETIME, VERSIONIND, DESCR, MAX_NUM_RELTN, MIN_NUM_RELTN, ATP_DUR_TYP_KEY, TM_QUANTITY, TTL, ORG, PERS_RELTN_TYPE) values ('75', 'TESTUSER', {ts '2000-01-01 00:00:00.0'}, 'TESTUSER', {ts '2000-01-01 00:00:00.0'}, 1, null, '100', 1, '1', 1, 'Chair of the Faculty Governance Council', '140', 'kuali.org.PersonRelation.Chair');
insert into KSOR_ORG_POS_RESTR (ID, CREATEID, CREATETIME, UPDATEID, UPDATETIME, VERSIONIND, DESCR, MAX_NUM_RELTN, MIN_NUM_RELTN, ATP_DUR_TYP_KEY, TM_QUANTITY, TTL, ORG, PERS_RELTN_TYPE) values ('76', 'TESTUSER', {ts '2000-01-01 00:00:00.0'}, 'TESTUSER', {ts '2000-01-01 00:00:00.0'}, 1, 'Must be a faculty member, term for 3 years', '100', 1, '1', 1, 'Chair of the COC', '141', 'kuali.org.PersonRelation.Chair');
insert into KSOR_ORG_POS_RESTR (ID, CREATEID, CREATETIME, UPDATEID, UPDATETIME, VERSIONIND, DESCR, MAX_NUM_RELTN, MIN_NUM_RELTN, ATP_DUR_TYP_KEY, TM_QUANTITY, TTL, ORG, PERS_RELTN_TYPE) values ('77', 'TESTUSER', {ts '2000-01-01 00:00:00.0'}, 'TESTUSER', {ts '2000-01-01 00:00:00.0'}, 1, 'Filled by the Associate Provost for Academic Planning and Programs', '100', 1, '1', 1, 'Ex-Officio Member of the COC', '141', 'kuali.org.PersonRelation.Ex-Officio');
insert into KSOR_ORG_POS_RESTR (ID, CREATEID, CREATETIME, UPDATEID, UPDATETIME, VERSIONIND, DESCR, MAX_NUM_RELTN, MIN_NUM_RELTN, ATP_DUR_TYP_KEY, TM_QUANTITY, TTL, ORG, PERS_RELTN_TYPE) values ('78', 'TESTUSER', {ts '2000-01-01 00:00:00.0'}, 'TESTUSER', {ts '2000-01-01 00:00:00.0'}, 1, 'Six faculty members and 4 students, terms for 1 year', '100', 1, '1', 1, 'Member of the COC', '141', 'kuali.org.PersonRelation.Member');
insert into KSOR_ORG_POS_RESTR (ID, CREATEID, CREATETIME, UPDATEID, UPDATETIME, VERSIONIND, DESCR, MAX_NUM_RELTN, MIN_NUM_RELTN, ATP_DUR_TYP_KEY, TM_QUANTITY, TTL, ORG, PERS_RELTN_TYPE) values ('79', 'TESTUSER', {ts '2000-01-01 00:00:00.0'}, 'TESTUSER', {ts '2000-01-01 00:00:00.0'}, 1, 'Ex-Officio- non voting filled by the Associate Registrar for Curriculum', '100', 1, '1', 1, 'Executive Officer of the COC', '141', 'kuali.org.PersonRelation.ExecutiveOfficer');
insert into KSOR_ORG_POS_RESTR (ID, CREATEID, CREATETIME, UPDATEID, UPDATETIME, VERSIONIND, DESCR, MAX_NUM_RELTN, MIN_NUM_RELTN, ATP_DUR_TYP_KEY, TM_QUANTITY, TTL, ORG, PERS_RELTN_TYPE) values ('8', 'TESTUSER', {ts '2000-01-01 00:00:00.0'}, 'TESTUSER', {ts '2000-01-01 00:00:00.0'}, 1, 'The Vice President for Student Affairs oversees student services and programs for the entire campus community. Composed of 15 departments and over 1500 staff members, the Division of Student Affairs is involved in all aspects of a students life including', '100', 1, '1', 1, 'Vice President of the Student Affairs', '17', 'kuali.org.PersonRelation.VicePresident');
insert into KSOR_ORG_POS_RESTR (ID, CREATEID, CREATETIME, UPDATEID, UPDATETIME, VERSIONIND, DESCR, MAX_NUM_RELTN, MIN_NUM_RELTN, ATP_DUR_TYP_KEY, TM_QUANTITY, TTL, ORG, PERS_RELTN_TYPE) values ('80', 'TESTUSER', {ts '2000-01-01 00:00:00.0'}, 'TESTUSER', {ts '2000-01-01 00:00:00.0'}, 1, 'Administrative member of the committee, member of the Registrar''s office who reports to the Associate Registrar for Curriculum', '100', 1, '1', 1, 'Administrative Member of the COC', '141', 'kuali.org.PersonRelation.AdminMember');
insert into KSOR_ORG_POS_RESTR (ID, CREATEID, CREATETIME, UPDATEID, UPDATETIME, VERSIONIND, DESCR, MAX_NUM_RELTN, MIN_NUM_RELTN, ATP_DUR_TYP_KEY, TM_QUANTITY, TTL, ORG, PERS_RELTN_TYPE) values ('81', 'TESTUSER', {ts '2000-01-01 00:00:00.0'}, 'TESTUSER', {ts '2000-01-01 00:00:00.0'}, 1, null, '100', 1, '1', 1, 'Chair of the English COC', '147', 'kuali.org.PersonRelation.Chair');
insert into KSOR_ORG_POS_RESTR (ID, CREATEID, CREATETIME, UPDATEID, UPDATETIME, VERSIONIND, DESCR, MAX_NUM_RELTN, MIN_NUM_RELTN, ATP_DUR_TYP_KEY, TM_QUANTITY, TTL, ORG, PERS_RELTN_TYPE) values ('82', 'TESTUSER', {ts '2000-01-01 00:00:00.0'}, 'TESTUSER', {ts '2000-01-01 00:00:00.0'}, 1, 'Two Co-Chairs one from the Studio Art section and one from the Art History sections', '100', 1, '1', 1, 'Co-Chair of the FineArts COC', '148', 'kuali.org.PersonRelation.Chair');
insert into KSOR_ORG_POS_RESTR (ID, CREATEID, CREATETIME, UPDATEID, UPDATETIME, VERSIONIND, DESCR, MAX_NUM_RELTN, MIN_NUM_RELTN, ATP_DUR_TYP_KEY, TM_QUANTITY, TTL, ORG, PERS_RELTN_TYPE) values ('83', 'TESTUSER', {ts '2000-01-01 00:00:00.0'}, 'TESTUSER', {ts '2000-01-01 00:00:00.0'}, 1, null, '100', 1, '1', 1, 'Chair of the French COC', '149', 'kuali.org.PersonRelation.Chair');
insert into KSOR_ORG_POS_RESTR (ID, CREATEID, CREATETIME, UPDATEID, UPDATETIME, VERSIONIND, DESCR, MAX_NUM_RELTN, MIN_NUM_RELTN, ATP_DUR_TYP_KEY, TM_QUANTITY, TTL, ORG, PERS_RELTN_TYPE) values ('84', 'TESTUSER', {ts '2000-01-01 00:00:00.0'}, 'TESTUSER', {ts '2000-01-01 00:00:00.0'}, 1, null, '100', 1, '1', 1, 'Chair of the Geography COC', '150', 'kuali.org.PersonRelation.Chair');
insert into KSOR_ORG_POS_RESTR (ID, CREATEID, CREATETIME, UPDATEID, UPDATETIME, VERSIONIND, DESCR, MAX_NUM_RELTN, MIN_NUM_RELTN, ATP_DUR_TYP_KEY, TM_QUANTITY, TTL, ORG, PERS_RELTN_TYPE) values ('85', 'TESTUSER', {ts '2000-01-01 00:00:00.0'}, 'TESTUSER', {ts '2000-01-01 00:00:00.0'}, 1, null, '100', 1, '1', 1, 'Chair of the Linguistics COC', '151', 'kuali.org.PersonRelation.Chair');
insert into KSOR_ORG_POS_RESTR (ID, CREATEID, CREATETIME, UPDATEID, UPDATETIME, VERSIONIND, DESCR, MAX_NUM_RELTN, MIN_NUM_RELTN, ATP_DUR_TYP_KEY, TM_QUANTITY, TTL, ORG, PERS_RELTN_TYPE) values ('86', 'TESTUSER', {ts '2000-01-01 00:00:00.0'}, 'TESTUSER', {ts '2000-01-01 00:00:00.0'}, 1, null, '100', 1, '1', 1, 'Chair of the Music COC', '152', 'kuali.org.PersonRelation.Chair');
insert into KSOR_ORG_POS_RESTR (ID, CREATEID, CREATETIME, UPDATEID, UPDATETIME, VERSIONIND, DESCR, MAX_NUM_RELTN, MIN_NUM_RELTN, ATP_DUR_TYP_KEY, TM_QUANTITY, TTL, ORG, PERS_RELTN_TYPE) values ('87', 'TESTUSER', {ts '2000-01-01 00:00:00.0'}, 'TESTUSER', {ts '2000-01-01 00:00:00.0'}, 1, null, '100', 1, '1', 1, 'Chair of the History COC', '153', 'kuali.org.PersonRelation.Chair');
insert into KSOR_ORG_POS_RESTR (ID, CREATEID, CREATETIME, UPDATEID, UPDATETIME, VERSIONIND, DESCR, MAX_NUM_RELTN, MIN_NUM_RELTN, ATP_DUR_TYP_KEY, TM_QUANTITY, TTL, ORG, PERS_RELTN_TYPE) values ('88', 'TESTUSER', {ts '2000-01-01 00:00:00.0'}, 'TESTUSER', {ts '2000-01-01 00:00:00.0'}, 1, null, '100', 1, '1', 1, 'Chair of the PolySci COC', '154', 'kuali.org.PersonRelation.Chair');
insert into KSOR_ORG_POS_RESTR (ID, CREATEID, CREATETIME, UPDATEID, UPDATETIME, VERSIONIND, DESCR, MAX_NUM_RELTN, MIN_NUM_RELTN, ATP_DUR_TYP_KEY, TM_QUANTITY, TTL, ORG, PERS_RELTN_TYPE) values ('89', 'TESTUSER', {ts '2000-01-01 00:00:00.0'}, 'TESTUSER', {ts '2000-01-01 00:00:00.0'}, 1, null, '100', 1, '1', 1, 'Chair of the Psychology COC', '155', 'kuali.org.PersonRelation.Chair');
insert into KSOR_ORG_POS_RESTR (ID, CREATEID, CREATETIME, UPDATEID, UPDATETIME, VERSIONIND, DESCR, MAX_NUM_RELTN, MIN_NUM_RELTN, ATP_DUR_TYP_KEY, TM_QUANTITY, TTL, ORG, PERS_RELTN_TYPE) values ('9', 'TESTUSER', {ts '2000-01-01 00:00:00.0'}, 'TESTUSER', {ts '2000-01-01 00:00:00.0'}, 1, null, '100', 1, '1', 1, 'VP for Business Administration and Finance', '16', 'kuali.org.PersonRelation.VicePresident');
insert into KSOR_ORG_POS_RESTR (ID, CREATEID, CREATETIME, UPDATEID, UPDATETIME, VERSIONIND, DESCR, MAX_NUM_RELTN, MIN_NUM_RELTN, ATP_DUR_TYP_KEY, TM_QUANTITY, TTL, ORG, PERS_RELTN_TYPE) values ('90', 'TESTUSER', {ts '2000-01-01 00:00:00.0'}, 'TESTUSER', {ts '2000-01-01 00:00:00.0'}, 1, null, '100', 1, '1', 1, 'Chair of the Sociology COC', '156', 'kuali.org.PersonRelation.Chair');
insert into KSOR_ORG_POS_RESTR (ID, CREATEID, CREATETIME, UPDATEID, UPDATETIME, VERSIONIND, DESCR, MAX_NUM_RELTN, MIN_NUM_RELTN, ATP_DUR_TYP_KEY, TM_QUANTITY, TTL, ORG, PERS_RELTN_TYPE) values ('91', 'TESTUSER', {ts '2000-01-01 00:00:00.0'}, 'TESTUSER', {ts '2000-01-01 00:00:00.0'}, 1, 'There is really no COC and the Chair is by definition the head of the Interdisciplinary Office', '100', 1, '1', 1, 'Chair of the InterdiscBSOS COC', '157', 'kuali.org.PersonRelation.Chair');
insert into KSOR_ORG_POS_RESTR (ID, CREATEID, CREATETIME, UPDATEID, UPDATETIME, VERSIONIND, DESCR, MAX_NUM_RELTN, MIN_NUM_RELTN, ATP_DUR_TYP_KEY, TM_QUANTITY, TTL, ORG, PERS_RELTN_TYPE) values ('92', 'TESTUSER', {ts '2000-01-01 00:00:00.0'}, 'TESTUSER', {ts '2000-01-01 00:00:00.0'}, 1, null, '100', 1, '1', 1, 'Chair of the Chemical COC', '158', 'kuali.org.PersonRelation.Chair');
insert into KSOR_ORG_POS_RESTR (ID, CREATEID, CREATETIME, UPDATEID, UPDATETIME, VERSIONIND, DESCR, MAX_NUM_RELTN, MIN_NUM_RELTN, ATP_DUR_TYP_KEY, TM_QUANTITY, TTL, ORG, PERS_RELTN_TYPE) values ('93', 'TESTUSER', {ts '2000-01-01 00:00:00.0'}, 'TESTUSER', {ts '2000-01-01 00:00:00.0'}, 1, null, '100', 1, '1', 1, 'Chair of the Civil COC', '159', 'kuali.org.PersonRelation.Chair');
insert into KSOR_ORG_POS_RESTR (ID, CREATEID, CREATETIME, UPDATEID, UPDATETIME, VERSIONIND, DESCR, MAX_NUM_RELTN, MIN_NUM_RELTN, ATP_DUR_TYP_KEY, TM_QUANTITY, TTL, ORG, PERS_RELTN_TYPE) values ('94', 'TESTUSER', {ts '2000-01-01 00:00:00.0'}, 'TESTUSER', {ts '2000-01-01 00:00:00.0'}, 1, null, '100', 1, '1', 1, 'Chair of the Mechanical COC', '160', 'kuali.org.PersonRelation.Chair');
insert into KSOR_ORG_POS_RESTR (ID, CREATEID, CREATETIME, UPDATEID, UPDATETIME, VERSIONIND, DESCR, MAX_NUM_RELTN, MIN_NUM_RELTN, ATP_DUR_TYP_KEY, TM_QUANTITY, TTL, ORG, PERS_RELTN_TYPE) values ('95', 'TESTUSER', {ts '2000-01-01 00:00:00.0'}, 'TESTUSER', {ts '2000-01-01 00:00:00.0'}, 1, null, '100', 1, '1', 1, 'Chair of the CompSci COC', '161', 'kuali.org.PersonRelation.Chair');
insert into KSOR_ORG_POS_RESTR (ID, CREATEID, CREATETIME, UPDATEID, UPDATETIME, VERSIONIND, DESCR, MAX_NUM_RELTN, MIN_NUM_RELTN, ATP_DUR_TYP_KEY, TM_QUANTITY, TTL, ORG, PERS_RELTN_TYPE) values ('96', 'TESTUSER', {ts '2000-01-01 00:00:00.0'}, 'TESTUSER', {ts '2000-01-01 00:00:00.0'}, 1, null, '100', 1, '1', 1, 'Chair of the Biology COC', '162', 'kuali.org.PersonRelation.Chair');
insert into KSOR_ORG_POS_RESTR (ID, CREATEID, CREATETIME, UPDATEID, UPDATETIME, VERSIONIND, DESCR, MAX_NUM_RELTN, MIN_NUM_RELTN, ATP_DUR_TYP_KEY, TM_QUANTITY, TTL, ORG, PERS_RELTN_TYPE) values ('97', 'TESTUSER', {ts '2000-01-01 00:00:00.0'}, 'TESTUSER', {ts '2000-01-01 00:00:00.0'}, 1, null, '100', 1, '1', 1, 'Chair of the Biochemistry COC', '163', 'kuali.org.PersonRelation.Chair');
insert into KSOR_ORG_POS_RESTR (ID, CREATEID, CREATETIME, UPDATEID, UPDATETIME, VERSIONIND, DESCR, MAX_NUM_RELTN, MIN_NUM_RELTN, ATP_DUR_TYP_KEY, TM_QUANTITY, TTL, ORG, PERS_RELTN_TYPE) values ('98', 'TESTUSER', {ts '2000-01-01 00:00:00.0'}, 'TESTUSER', {ts '2000-01-01 00:00:00.0'}, 1, null, '100', 1, '1', 1, 'Chair of the Botany COC', '164', 'kuali.org.PersonRelation.Chair');
insert into KSOR_ORG_POS_RESTR (ID, CREATEID, CREATETIME, UPDATEID, UPDATETIME, VERSIONIND, DESCR, MAX_NUM_RELTN, MIN_NUM_RELTN, ATP_DUR_TYP_KEY, TM_QUANTITY, TTL, ORG, PERS_RELTN_TYPE) values ('99', 'TESTUSER', {ts '2000-01-01 00:00:00.0'}, 'TESTUSER', {ts '2000-01-01 00:00:00.0'}, 1, null, '100', 1, '1', 1, 'Chair of the Chemistry COC', '165', 'kuali.org.PersonRelation.Chair');
insert into KSOR_ORG_POS_RESTR (ID, CREATEID, CREATETIME, UPDATEID, UPDATETIME, VERSIONIND, DESCR, MAX_NUM_RELTN, MIN_NUM_RELTN, ATP_DUR_TYP_KEY, TM_QUANTITY, TTL, ORG, PERS_RELTN_TYPE) values ('1', 'TESTUSER', {ts '2000-01-01 00:00:00.0'}, 'TESTUSER', {ts '2000-01-01 00:00:00.0'}, 1, 'Appointed by the Governor.  With the exception of the student member, each Regent is appointed for a term of five years, and may not serve more than two consecutive terms. The student regent is appointed for a one-year term, and may be reappointed. Regent', '100', 1, '1', 1, 'Member of the Board of Regents', '2', 'kuali.org.PersonRelation.Member');
insert into KSOR_ORG_POS_RESTR (ID, CREATEID, CREATETIME, UPDATEID, UPDATETIME, VERSIONIND, DESCR, MAX_NUM_RELTN, MIN_NUM_RELTN, ATP_DUR_TYP_KEY, TM_QUANTITY, TTL, ORG, PERS_RELTN_TYPE) values ('10', 'TESTUSER', {ts '2000-01-01 00:00:00.0'}, 'TESTUSER', {ts '2000-01-01 00:00:00.0'}, 1, 'The dean is the chief academic, administrative, and budgetary officer of the Graduate School and reports directly to the Provost. The Dean of Graduate School at Kuali University oversees recruitment and retention of quality students and faculty.', '100', 1, '1', 1, 'Dean of the Graduate School', '26', 'kuali.org.PersonRelation.Dean');
insert into KSOR_ORG_POS_RESTR (ID, CREATEID, CREATETIME, UPDATEID, UPDATETIME, VERSIONIND, DESCR, MAX_NUM_RELTN, MIN_NUM_RELTN, ATP_DUR_TYP_KEY, TM_QUANTITY, TTL, ORG, PERS_RELTN_TYPE) values ('100', 'TESTUSER', {ts '2000-01-01 00:00:00.0'}, 'TESTUSER', {ts '2000-01-01 00:00:00.0'}, 1, null, '100', 1, '1', 1, 'Chair of the Geology COC', '166', 'kuali.org.PersonRelation.Chair');
insert into KSOR_ORG_POS_RESTR (ID, CREATEID, CREATETIME, UPDATEID, UPDATETIME, VERSIONIND, DESCR, MAX_NUM_RELTN, MIN_NUM_RELTN, ATP_DUR_TYP_KEY, TM_QUANTITY, TTL, ORG, PERS_RELTN_TYPE) values ('101', 'TESTUSER', {ts '2000-01-01 00:00:00.0'}, 'TESTUSER', {ts '2000-01-01 00:00:00.0'}, 1, null, '100', 1, '1', 1, 'Chair of the GenderStudies COC', '167', 'kuali.org.PersonRelation.Chair');
insert into KSOR_ORG_POS_RESTR (ID, CREATEID, CREATETIME, UPDATEID, UPDATETIME, VERSIONIND, DESCR, MAX_NUM_RELTN, MIN_NUM_RELTN, ATP_DUR_TYP_KEY, TM_QUANTITY, TTL, ORG, PERS_RELTN_TYPE) values ('102', 'TESTUSER', {ts '2000-01-01 00:00:00.0'}, 'TESTUSER', {ts '2000-01-01 00:00:00.0'}, 1, null, '100', 1, '1', 1, 'Member of the English COC', '147', 'kuali.org.PersonRelation.Member');
insert into KSOR_ORG_POS_RESTR (ID, CREATEID, CREATETIME, UPDATEID, UPDATETIME, VERSIONIND, DESCR, MAX_NUM_RELTN, MIN_NUM_RELTN, ATP_DUR_TYP_KEY, TM_QUANTITY, TTL, ORG, PERS_RELTN_TYPE) values ('103', 'TESTUSER', {ts '2000-01-01 00:00:00.0'}, 'TESTUSER', {ts '2000-01-01 00:00:00.0'}, 1, null, '100', 1, '1', 1, 'Member of the FineArts COC', '148', 'kuali.org.PersonRelation.Member');
insert into KSOR_ORG_POS_RESTR (ID, CREATEID, CREATETIME, UPDATEID, UPDATETIME, VERSIONIND, DESCR, MAX_NUM_RELTN, MIN_NUM_RELTN, ATP_DUR_TYP_KEY, TM_QUANTITY, TTL, ORG, PERS_RELTN_TYPE) values ('104', 'TESTUSER', {ts '2000-01-01 00:00:00.0'}, 'TESTUSER', {ts '2000-01-01 00:00:00.0'}, 1, null, '100', 1, '1', 1, 'Member of the French COC', '149', 'kuali.org.PersonRelation.Member');
insert into KSOR_ORG_POS_RESTR (ID, CREATEID, CREATETIME, UPDATEID, UPDATETIME, VERSIONIND, DESCR, MAX_NUM_RELTN, MIN_NUM_RELTN, ATP_DUR_TYP_KEY, TM_QUANTITY, TTL, ORG, PERS_RELTN_TYPE) values ('105', 'TESTUSER', {ts '2000-01-01 00:00:00.0'}, 'TESTUSER', {ts '2000-01-01 00:00:00.0'}, 1, null, '100', 1, '1', 1, 'Member of the Geography COC', '150', 'kuali.org.PersonRelation.Member');
insert into KSOR_ORG_POS_RESTR (ID, CREATEID, CREATETIME, UPDATEID, UPDATETIME, VERSIONIND, DESCR, MAX_NUM_RELTN, MIN_NUM_RELTN, ATP_DUR_TYP_KEY, TM_QUANTITY, TTL, ORG, PERS_RELTN_TYPE) values ('106', 'TESTUSER', {ts '2000-01-01 00:00:00.0'}, 'TESTUSER', {ts '2000-01-01 00:00:00.0'}, 1, null, '100', 1, '1', 1, 'Member of the Linguistics COC', '151', 'kuali.org.PersonRelation.Member');
insert into KSOR_ORG_POS_RESTR (ID, CREATEID, CREATETIME, UPDATEID, UPDATETIME, VERSIONIND, DESCR, MAX_NUM_RELTN, MIN_NUM_RELTN, ATP_DUR_TYP_KEY, TM_QUANTITY, TTL, ORG, PERS_RELTN_TYPE) values ('107', 'TESTUSER', {ts '2000-01-01 00:00:00.0'}, 'TESTUSER', {ts '2000-01-01 00:00:00.0'}, 1, null, '100', 1, '1', 1, 'Member of the Music COC', '152', 'kuali.org.PersonRelation.Member');
insert into KSOR_ORG_POS_RESTR (ID, CREATEID, CREATETIME, UPDATEID, UPDATETIME, VERSIONIND, DESCR, MAX_NUM_RELTN, MIN_NUM_RELTN, ATP_DUR_TYP_KEY, TM_QUANTITY, TTL, ORG, PERS_RELTN_TYPE) values ('108', 'TESTUSER', {ts '2000-01-01 00:00:00.0'}, 'TESTUSER', {ts '2000-01-01 00:00:00.0'}, 1, null, '100', 1, '1', 1, 'Member of the History COC', '153', 'kuali.org.PersonRelation.Member');
insert into KSOR_ORG_POS_RESTR (ID, CREATEID, CREATETIME, UPDATEID, UPDATETIME, VERSIONIND, DESCR, MAX_NUM_RELTN, MIN_NUM_RELTN, ATP_DUR_TYP_KEY, TM_QUANTITY, TTL, ORG, PERS_RELTN_TYPE) values ('109', 'TESTUSER', {ts '2000-01-01 00:00:00.0'}, 'TESTUSER', {ts '2000-01-01 00:00:00.0'}, 1, null, '100', 1, '1', 1, 'Member of the PolySci COC', '154', 'kuali.org.PersonRelation.Member');
insert into KSOR_ORG_POS_RESTR (ID, CREATEID, CREATETIME, UPDATEID, UPDATETIME, VERSIONIND, DESCR, MAX_NUM_RELTN, MIN_NUM_RELTN, ATP_DUR_TYP_KEY, TM_QUANTITY, TTL, ORG, PERS_RELTN_TYPE) values ('11', 'TESTUSER', {ts '2000-01-01 00:00:00.0'}, 'TESTUSER', {ts '2000-01-01 00:00:00.0'}, 1, 'The Associate Provost for Academic Affairs and Dean of Undergraduate Studies at Kuali University serves as chief of staff to the provost and is responsible for substantial planning and personnel functions in the university. The associate provost oversees ', '100', 1, '1', 1, 'Associate Provost for Academic Affairs and Dean of Undergraduate Studies', '19', 'kuali.org.PersonRelation.AssocProvost');
insert into KSOR_ORG_POS_RESTR (ID, CREATEID, CREATETIME, UPDATEID, UPDATETIME, VERSIONIND, DESCR, MAX_NUM_RELTN, MIN_NUM_RELTN, ATP_DUR_TYP_KEY, TM_QUANTITY, TTL, ORG, PERS_RELTN_TYPE) values ('110', 'TESTUSER', {ts '2000-01-01 00:00:00.0'}, 'TESTUSER', {ts '2000-01-01 00:00:00.0'}, 1, null, '100', 1, '1', 1, 'Member of the Psychology COC', '155', 'kuali.org.PersonRelation.Member');
insert into KSOR_ORG_POS_RESTR (ID, CREATEID, CREATETIME, UPDATEID, UPDATETIME, VERSIONIND, DESCR, MAX_NUM_RELTN, MIN_NUM_RELTN, ATP_DUR_TYP_KEY, TM_QUANTITY, TTL, ORG, PERS_RELTN_TYPE) values ('111', 'TESTUSER', {ts '2000-01-01 00:00:00.0'}, 'TESTUSER', {ts '2000-01-01 00:00:00.0'}, 1, null, '100', 1, '1', 1, 'Member of the Sociology COC', '156', 'kuali.org.PersonRelation.Member');
insert into KSOR_ORG_POS_RESTR (ID, CREATEID, CREATETIME, UPDATEID, UPDATETIME, VERSIONIND, DESCR, MAX_NUM_RELTN, MIN_NUM_RELTN, ATP_DUR_TYP_KEY, TM_QUANTITY, TTL, ORG, PERS_RELTN_TYPE) values ('112', 'TESTUSER', {ts '2000-01-01 00:00:00.0'}, 'TESTUSER', {ts '2000-01-01 00:00:00.0'}, 1, null, '100', 1, '1', 1, 'Member of the InterdiscBSOS COC', '157', 'kuali.org.PersonRelation.Member');
insert into KSOR_ORG_POS_RESTR (ID, CREATEID, CREATETIME, UPDATEID, UPDATETIME, VERSIONIND, DESCR, MAX_NUM_RELTN, MIN_NUM_RELTN, ATP_DUR_TYP_KEY, TM_QUANTITY, TTL, ORG, PERS_RELTN_TYPE) values ('113', 'TESTUSER', {ts '2000-01-01 00:00:00.0'}, 'TESTUSER', {ts '2000-01-01 00:00:00.0'}, 1, null, '100', 1, '1', 1, 'Member of the Chemical COC', '158', 'kuali.org.PersonRelation.Member');
insert into KSOR_ORG_POS_RESTR (ID, CREATEID, CREATETIME, UPDATEID, UPDATETIME, VERSIONIND, DESCR, MAX_NUM_RELTN, MIN_NUM_RELTN, ATP_DUR_TYP_KEY, TM_QUANTITY, TTL, ORG, PERS_RELTN_TYPE) values ('114', 'TESTUSER', {ts '2000-01-01 00:00:00.0'}, 'TESTUSER', {ts '2000-01-01 00:00:00.0'}, 1, null, '100', 1, '1', 1, 'Member of the Civil COC', '159', 'kuali.org.PersonRelation.Member');
insert into KSOR_ORG_POS_RESTR (ID, CREATEID, CREATETIME, UPDATEID, UPDATETIME, VERSIONIND, DESCR, MAX_NUM_RELTN, MIN_NUM_RELTN, ATP_DUR_TYP_KEY, TM_QUANTITY, TTL, ORG, PERS_RELTN_TYPE) values ('115', 'TESTUSER', {ts '2000-01-01 00:00:00.0'}, 'TESTUSER', {ts '2000-01-01 00:00:00.0'}, 1, null, '100', 1, '1', 1, 'Member of the Mechanical COC', '160', 'kuali.org.PersonRelation.Member');
insert into KSOR_ORG_POS_RESTR (ID, CREATEID, CREATETIME, UPDATEID, UPDATETIME, VERSIONIND, DESCR, MAX_NUM_RELTN, MIN_NUM_RELTN, ATP_DUR_TYP_KEY, TM_QUANTITY, TTL, ORG, PERS_RELTN_TYPE) values ('116', 'TESTUSER', {ts '2000-01-01 00:00:00.0'}, 'TESTUSER', {ts '2000-01-01 00:00:00.0'}, 1, null, '100', 1, '1', 1, 'Member of the CompSci COC', '161', 'kuali.org.PersonRelation.Member');
insert into KSOR_ORG_POS_RESTR (ID, CREATEID, CREATETIME, UPDATEID, UPDATETIME, VERSIONIND, DESCR, MAX_NUM_RELTN, MIN_NUM_RELTN, ATP_DUR_TYP_KEY, TM_QUANTITY, TTL, ORG, PERS_RELTN_TYPE) values ('117', 'TESTUSER', {ts '2000-01-01 00:00:00.0'}, 'TESTUSER', {ts '2000-01-01 00:00:00.0'}, 1, null, '100', 1, '1', 1, 'Member of the Biology COC', '162', 'kuali.org.PersonRelation.Member');
insert into KSOR_ORG_POS_RESTR (ID, CREATEID, CREATETIME, UPDATEID, UPDATETIME, VERSIONIND, DESCR, MAX_NUM_RELTN, MIN_NUM_RELTN, ATP_DUR_TYP_KEY, TM_QUANTITY, TTL, ORG, PERS_RELTN_TYPE) values ('118', 'TESTUSER', {ts '2000-01-01 00:00:00.0'}, 'TESTUSER', {ts '2000-01-01 00:00:00.0'}, 1, null, '100', 1, '1', 1, 'Member of the Biochemistry COC', '163', 'kuali.org.PersonRelation.Member');
insert into KSOR_ORG_POS_RESTR (ID, CREATEID, CREATETIME, UPDATEID, UPDATETIME, VERSIONIND, DESCR, MAX_NUM_RELTN, MIN_NUM_RELTN, ATP_DUR_TYP_KEY, TM_QUANTITY, TTL, ORG, PERS_RELTN_TYPE) values ('119', 'TESTUSER', {ts '2000-01-01 00:00:00.0'}, 'TESTUSER', {ts '2000-01-01 00:00:00.0'}, 1, null, '100', 1, '1', 1, 'Member of the Botany COC', '164', 'kuali.org.PersonRelation.Member');
insert into KSOR_ORG_POS_RESTR (ID, CREATEID, CREATETIME, UPDATEID, UPDATETIME, VERSIONIND, DESCR, MAX_NUM_RELTN, MIN_NUM_RELTN, ATP_DUR_TYP_KEY, TM_QUANTITY, TTL, ORG, PERS_RELTN_TYPE) values ('12', 'TESTUSER', {ts '2000-01-01 00:00:00.0'}, 'TESTUSER', {ts '2000-01-01 00:00:00.0'}, 1, 'The Associate Provost for Academic Affairs and Dean of Undergraduate Studies at Kuali University serves as chief of staff to the provost and is responsible for substantial planning and personnel functions in the university. The associate provost oversees ', '100', 1, '1', 1, 'Associate Provost for Academic Affairs and Dean of Undergraduate Studies', '24', 'kuali.org.PersonRelation.Dean');
insert into KSOR_ORG_POS_RESTR (ID, CREATEID, CREATETIME, UPDATEID, UPDATETIME, VERSIONIND, DESCR, MAX_NUM_RELTN, MIN_NUM_RELTN, ATP_DUR_TYP_KEY, TM_QUANTITY, TTL, ORG, PERS_RELTN_TYPE) values ('120', 'TESTUSER', {ts '2000-01-01 00:00:00.0'}, 'TESTUSER', {ts '2000-01-01 00:00:00.0'}, 1, null, '100', 1, '1', 1, 'Member of the Chemistry COC', '165', 'kuali.org.PersonRelation.Member');
insert into KSOR_ORG_POS_RESTR (ID, CREATEID, CREATETIME, UPDATEID, UPDATETIME, VERSIONIND, DESCR, MAX_NUM_RELTN, MIN_NUM_RELTN, ATP_DUR_TYP_KEY, TM_QUANTITY, TTL, ORG, PERS_RELTN_TYPE) values ('121', 'TESTUSER', {ts '2000-01-01 00:00:00.0'}, 'TESTUSER', {ts '2000-01-01 00:00:00.0'}, 1, null, '100', 1, '1', 1, 'Member of the Geology COC', '166', 'kuali.org.PersonRelation.Member');
insert into KSOR_ORG_POS_RESTR (ID, CREATEID, CREATETIME, UPDATEID, UPDATETIME, VERSIONIND, DESCR, MAX_NUM_RELTN, MIN_NUM_RELTN, ATP_DUR_TYP_KEY, TM_QUANTITY, TTL, ORG, PERS_RELTN_TYPE) values ('122', 'TESTUSER', {ts '2000-01-01 00:00:00.0'}, 'TESTUSER', {ts '2000-01-01 00:00:00.0'}, 1, null, '100', 1, '1', 1, 'Member of the GenderStudies COC', '167', 'kuali.org.PersonRelation.Member');
insert into KSOR_ORG_POS_RESTR (ID, CREATEID, CREATETIME, UPDATEID, UPDATETIME, VERSIONIND, DESCR, MAX_NUM_RELTN, MIN_NUM_RELTN, ATP_DUR_TYP_KEY, TM_QUANTITY, TTL, ORG, PERS_RELTN_TYPE) values ('124', 'TESTUSER', {ts '2000-01-01 00:00:00.0'}, 'TESTUSER', {ts '2000-01-01 00:00:00.0'}, 1, null, '100', 1, '1', 1, 'Administrative Member of the English COC', '147', 'kuali.org.PersonRelation.AdminMember');
insert into KSOR_ORG_POS_RESTR (ID, CREATEID, CREATETIME, UPDATEID, UPDATETIME, VERSIONIND, DESCR, MAX_NUM_RELTN, MIN_NUM_RELTN, ATP_DUR_TYP_KEY, TM_QUANTITY, TTL, ORG, PERS_RELTN_TYPE) values ('125', 'TESTUSER', {ts '2000-01-01 00:00:00.0'}, 'TESTUSER', {ts '2000-01-01 00:00:00.0'}, 1, null, '100', 1, '1', 1, 'Administrative Member of the FineArts COC', '148', 'kuali.org.PersonRelation.AdminMember');
insert into KSOR_ORG_POS_RESTR (ID, CREATEID, CREATETIME, UPDATEID, UPDATETIME, VERSIONIND, DESCR, MAX_NUM_RELTN, MIN_NUM_RELTN, ATP_DUR_TYP_KEY, TM_QUANTITY, TTL, ORG, PERS_RELTN_TYPE) values ('126', 'TESTUSER', {ts '2000-01-01 00:00:00.0'}, 'TESTUSER', {ts '2000-01-01 00:00:00.0'}, 1, null, '100', 1, '1', 1, 'Administrative Member of the French COC', '149', 'kuali.org.PersonRelation.AdminMember');
insert into KSOR_ORG_POS_RESTR (ID, CREATEID, CREATETIME, UPDATEID, UPDATETIME, VERSIONIND, DESCR, MAX_NUM_RELTN, MIN_NUM_RELTN, ATP_DUR_TYP_KEY, TM_QUANTITY, TTL, ORG, PERS_RELTN_TYPE) values ('127', 'TESTUSER', {ts '2000-01-01 00:00:00.0'}, 'TESTUSER', {ts '2000-01-01 00:00:00.0'}, 1, null, '100', 1, '1', 1, 'Administrative Member of the Geography COC', '150', 'kuali.org.PersonRelation.AdminMember');
insert into KSOR_ORG_POS_RESTR (ID, CREATEID, CREATETIME, UPDATEID, UPDATETIME, VERSIONIND, DESCR, MAX_NUM_RELTN, MIN_NUM_RELTN, ATP_DUR_TYP_KEY, TM_QUANTITY, TTL, ORG, PERS_RELTN_TYPE) values ('128', 'TESTUSER', {ts '2000-01-01 00:00:00.0'}, 'TESTUSER', {ts '2000-01-01 00:00:00.0'}, 1, null, '100', 1, '1', 1, 'Administrative Member of the Linguistics COC', '151', 'kuali.org.PersonRelation.AdminMember');
insert into KSOR_ORG_POS_RESTR (ID, CREATEID, CREATETIME, UPDATEID, UPDATETIME, VERSIONIND, DESCR, MAX_NUM_RELTN, MIN_NUM_RELTN, ATP_DUR_TYP_KEY, TM_QUANTITY, TTL, ORG, PERS_RELTN_TYPE) values ('129', 'TESTUSER', {ts '2000-01-01 00:00:00.0'}, 'TESTUSER', {ts '2000-01-01 00:00:00.0'}, 1, null, '100', 1, '1', 1, 'Administrative Member of the Music COC', '152', 'kuali.org.PersonRelation.AdminMember');
insert into KSOR_ORG_POS_RESTR (ID, CREATEID, CREATETIME, UPDATEID, UPDATETIME, VERSIONIND, DESCR, MAX_NUM_RELTN, MIN_NUM_RELTN, ATP_DUR_TYP_KEY, TM_QUANTITY, TTL, ORG, PERS_RELTN_TYPE) values ('130', 'TESTUSER', {ts '2000-01-01 00:00:00.0'}, 'TESTUSER', {ts '2000-01-01 00:00:00.0'}, 1, null, '100', 1, '1', 1, 'Administrative Member of the History COC', '153', 'kuali.org.PersonRelation.AdminMember');
insert into KSOR_ORG_POS_RESTR (ID, CREATEID, CREATETIME, UPDATEID, UPDATETIME, VERSIONIND, DESCR, MAX_NUM_RELTN, MIN_NUM_RELTN, ATP_DUR_TYP_KEY, TM_QUANTITY, TTL, ORG, PERS_RELTN_TYPE) values ('131', 'TESTUSER', {ts '2000-01-01 00:00:00.0'}, 'TESTUSER', {ts '2000-01-01 00:00:00.0'}, 1, null, '100', 1, '1', 1, 'Administrative Member of the PolySci COC', '154', 'kuali.org.PersonRelation.AdminMember');
insert into KSOR_ORG_POS_RESTR (ID, CREATEID, CREATETIME, UPDATEID, UPDATETIME, VERSIONIND, DESCR, MAX_NUM_RELTN, MIN_NUM_RELTN, ATP_DUR_TYP_KEY, TM_QUANTITY, TTL, ORG, PERS_RELTN_TYPE) values ('132', 'TESTUSER', {ts '2000-01-01 00:00:00.0'}, 'TESTUSER', {ts '2000-01-01 00:00:00.0'}, 1, null, '100', 1, '1', 1, 'Administrative Member of the Psychology COC', '155', 'kuali.org.PersonRelation.AdminMember');
insert into KSOR_ORG_POS_RESTR (ID, CREATEID, CREATETIME, UPDATEID, UPDATETIME, VERSIONIND, DESCR, MAX_NUM_RELTN, MIN_NUM_RELTN, ATP_DUR_TYP_KEY, TM_QUANTITY, TTL, ORG, PERS_RELTN_TYPE) values ('133', 'TESTUSER', {ts '2000-01-01 00:00:00.0'}, 'TESTUSER', {ts '2000-01-01 00:00:00.0'}, 1, null, '100', 1, '1', 1, 'Administrative Member of the Sociology COC', '156', 'kuali.org.PersonRelation.AdminMember');
insert into KSOR_ORG_POS_RESTR (ID, CREATEID, CREATETIME, UPDATEID, UPDATETIME, VERSIONIND, DESCR, MAX_NUM_RELTN, MIN_NUM_RELTN, ATP_DUR_TYP_KEY, TM_QUANTITY, TTL, ORG, PERS_RELTN_TYPE) values ('134', 'TESTUSER', {ts '2000-01-01 00:00:00.0'}, 'TESTUSER', {ts '2000-01-01 00:00:00.0'}, 1, null, '100', 1, '1', 1, 'Administrative Member of the InterdiscBSOS COC', '157', 'kuali.org.PersonRelation.AdminMember');
insert into KSOR_ORG_POS_RESTR (ID, CREATEID, CREATETIME, UPDATEID, UPDATETIME, VERSIONIND, DESCR, MAX_NUM_RELTN, MIN_NUM_RELTN, ATP_DUR_TYP_KEY, TM_QUANTITY, TTL, ORG, PERS_RELTN_TYPE) values ('135', 'TESTUSER', {ts '2000-01-01 00:00:00.0'}, 'TESTUSER', {ts '2000-01-01 00:00:00.0'}, 1, null, '100', 1, '1', 1, 'Administrative Member of the Chemical COC', '158', 'kuali.org.PersonRelation.AdminMember');
insert into KSOR_ORG_POS_RESTR (ID, CREATEID, CREATETIME, UPDATEID, UPDATETIME, VERSIONIND, DESCR, MAX_NUM_RELTN, MIN_NUM_RELTN, ATP_DUR_TYP_KEY, TM_QUANTITY, TTL, ORG, PERS_RELTN_TYPE) values ('136', 'TESTUSER', {ts '2000-01-01 00:00:00.0'}, 'TESTUSER', {ts '2000-01-01 00:00:00.0'}, 1, null, '100', 1, '1', 1, 'Administrative Member of the Civil COC', '159', 'kuali.org.PersonRelation.AdminMember');
insert into KSOR_ORG_POS_RESTR (ID, CREATEID, CREATETIME, UPDATEID, UPDATETIME, VERSIONIND, DESCR, MAX_NUM_RELTN, MIN_NUM_RELTN, ATP_DUR_TYP_KEY, TM_QUANTITY, TTL, ORG, PERS_RELTN_TYPE) values ('137', 'TESTUSER', {ts '2000-01-01 00:00:00.0'}, 'TESTUSER', {ts '2000-01-01 00:00:00.0'}, 1, null, '100', 1, '1', 1, 'Administrative Member of the Mechanical COC', '160', 'kuali.org.PersonRelation.AdminMember');
insert into KSOR_ORG_POS_RESTR (ID, CREATEID, CREATETIME, UPDATEID, UPDATETIME, VERSIONIND, DESCR, MAX_NUM_RELTN, MIN_NUM_RELTN, ATP_DUR_TYP_KEY, TM_QUANTITY, TTL, ORG, PERS_RELTN_TYPE) values ('138', 'TESTUSER', {ts '2000-01-01 00:00:00.0'}, 'TESTUSER', {ts '2000-01-01 00:00:00.0'}, 1, null, '100', 1, '1', 1, 'Administrative Member of the CompSci COC', '161', 'kuali.org.PersonRelation.AdminMember');
insert into KSOR_ORG_POS_RESTR (ID, CREATEID, CREATETIME, UPDATEID, UPDATETIME, VERSIONIND, DESCR, MAX_NUM_RELTN, MIN_NUM_RELTN, ATP_DUR_TYP_KEY, TM_QUANTITY, TTL, ORG, PERS_RELTN_TYPE) values ('139', 'TESTUSER', {ts '2000-01-01 00:00:00.0'}, 'TESTUSER', {ts '2000-01-01 00:00:00.0'}, 1, null, '100', 1, '1', 1, 'Administrative Member of the Biology COC', '162', 'kuali.org.PersonRelation.AdminMember');
insert into KSOR_ORG_POS_RESTR (ID, CREATEID, CREATETIME, UPDATEID, UPDATETIME, VERSIONIND, DESCR, MAX_NUM_RELTN, MIN_NUM_RELTN, ATP_DUR_TYP_KEY, TM_QUANTITY, TTL, ORG, PERS_RELTN_TYPE) values ('140', 'TESTUSER', {ts '2000-01-01 00:00:00.0'}, 'TESTUSER', {ts '2000-01-01 00:00:00.0'}, 1, null, '100', 1, '1', 1, 'Administrative Member of the Biochemistry COC', '163', 'kuali.org.PersonRelation.AdminMember');
insert into KSOR_ORG_POS_RESTR (ID, CREATEID, CREATETIME, UPDATEID, UPDATETIME, VERSIONIND, DESCR, MAX_NUM_RELTN, MIN_NUM_RELTN, ATP_DUR_TYP_KEY, TM_QUANTITY, TTL, ORG, PERS_RELTN_TYPE) values ('141', 'TESTUSER', {ts '2000-01-01 00:00:00.0'}, 'TESTUSER', {ts '2000-01-01 00:00:00.0'}, 1, null, '100', 1, '1', 1, 'Administrative Member of the Botany COC', '164', 'kuali.org.PersonRelation.AdminMember');
insert into KSOR_ORG_POS_RESTR (ID, CREATEID, CREATETIME, UPDATEID, UPDATETIME, VERSIONIND, DESCR, MAX_NUM_RELTN, MIN_NUM_RELTN, ATP_DUR_TYP_KEY, TM_QUANTITY, TTL, ORG, PERS_RELTN_TYPE) values ('142', 'TESTUSER', {ts '2000-01-01 00:00:00.0'}, 'TESTUSER', {ts '2000-01-01 00:00:00.0'}, 1, null, '100', 1, '1', 1, 'Administrative Member of the Chemistry COC', '165', 'kuali.org.PersonRelation.AdminMember');
insert into KSOR_ORG_POS_RESTR (ID, CREATEID, CREATETIME, UPDATEID, UPDATETIME, VERSIONIND, DESCR, MAX_NUM_RELTN, MIN_NUM_RELTN, ATP_DUR_TYP_KEY, TM_QUANTITY, TTL, ORG, PERS_RELTN_TYPE) values ('143', 'TESTUSER', {ts '2000-01-01 00:00:00.0'}, 'TESTUSER', {ts '2000-01-01 00:00:00.0'}, 1, null, '100', 1, '1', 1, 'Administrative Member of the Geology COC', '166', 'kuali.org.PersonRelation.AdminMember');
insert into KSOR_ORG_POS_RESTR (ID, CREATEID, CREATETIME, UPDATEID, UPDATETIME, VERSIONIND, DESCR, MAX_NUM_RELTN, MIN_NUM_RELTN, ATP_DUR_TYP_KEY, TM_QUANTITY, TTL, ORG, PERS_RELTN_TYPE) values ('144', 'TESTUSER', {ts '2000-01-01 00:00:00.0'}, 'TESTUSER', {ts '2000-01-01 00:00:00.0'}, 1, null, '100', 1, '1', 1, 'Administrative Member of the GenderStudies COC', '167', 'kuali.org.PersonRelation.AdminMember');
insert into KSOR_ORG_POS_RESTR (ID, CREATEID, CREATETIME, UPDATEID, UPDATETIME, VERSIONIND, DESCR, MAX_NUM_RELTN, MIN_NUM_RELTN, ATP_DUR_TYP_KEY, TM_QUANTITY, TTL, ORG, PERS_RELTN_TYPE) values ('146', 'TESTUSER', {ts '2000-01-01 00:00:00.0'}, 'TESTUSER', {ts '2000-01-01 00:00:00.0'}, 1, 'Composed of ALL the Administrative Members of each of the Departmental COCs', '100', 1, '1', 1, 'Ex-Officio Member of the Dept COC Reps', '142', 'kuali.org.PersonRelation.Ex-Officio');
insert into KSOR_ORG_POS_RESTR (ID, CREATEID, CREATETIME, UPDATEID, UPDATETIME, VERSIONIND, DESCR, MAX_NUM_RELTN, MIN_NUM_RELTN, ATP_DUR_TYP_KEY, TM_QUANTITY, TTL, ORG, PERS_RELTN_TYPE) values ('147', 'TESTUSER', {ts '2000-01-01 00:00:00.0'}, 'TESTUSER', {ts '2000-01-01 00:00:00.0'}, 1, 'Named Chair', '100', 1, '1', 1, 'Chair of the Geology CIC', '171', 'kuali.org.PersonRelation.Chair');
insert into KSOR_ORG_POS_RESTR (ID, CREATEID, CREATETIME, UPDATEID, UPDATETIME, VERSIONIND, DESCR, MAX_NUM_RELTN, MIN_NUM_RELTN, ATP_DUR_TYP_KEY, TM_QUANTITY, TTL, ORG, PERS_RELTN_TYPE) values ('148', 'TESTUSER', {ts '2000-01-01 00:00:00.0'}, 'TESTUSER', {ts '2000-01-01 00:00:00.0'}, 1, '8 Other Named Faculty members from the department', '100', 1, '1', 1, 'Member of the Geology CIC', '171', 'kuali.org.PersonRelation.Member');
insert into KSOR_ORG_POS_RESTR (ID, CREATEID, CREATETIME, UPDATEID, UPDATETIME, VERSIONIND, DESCR, MAX_NUM_RELTN, MIN_NUM_RELTN, ATP_DUR_TYP_KEY, TM_QUANTITY, TTL, ORG, PERS_RELTN_TYPE) values ('149', 'TESTUSER', {ts '2000-01-01 00:00:00.0'}, 'TESTUSER', {ts '2000-01-01 00:00:00.0'}, 1, 'Must be the Chair of the Departmental COC', '100', 1, '1', 1, 'Ex-Officio Member of the Geology CIC', '171', 'kuali.org.PersonRelation.Ex-Officio');
insert into KSOR_ORG_POS_RESTR (ID, CREATEID, CREATETIME, UPDATEID, UPDATETIME, VERSIONIND, DESCR, MAX_NUM_RELTN, MIN_NUM_RELTN, ATP_DUR_TYP_KEY, TM_QUANTITY, TTL, ORG, PERS_RELTN_TYPE) values ('150', 'TESTUSER', {ts '2000-01-01 00:00:00.0'}, 'TESTUSER', {ts '2000-01-01 00:00:00.0'}, 1, 'Administrative Officer of Chemical Engineering Dept', '100', 1, '1', 1, 'Administrative Officer of Chemical Engineering Dept', '61', 'kuali.org.PersonRelation.AdministrativeOfficer');
insert into KSOR_ORG_POS_RESTR (ID, CREATEID, CREATETIME, UPDATEID, UPDATETIME, VERSIONIND, DESCR, MAX_NUM_RELTN, MIN_NUM_RELTN, ATP_DUR_TYP_KEY, TM_QUANTITY, TTL, ORG, PERS_RELTN_TYPE) values ('151', 'TESTUSER', {ts '2000-01-01 00:00:00.0'}, 'TESTUSER', {ts '2000-01-01 00:00:00.0'}, 1, 'Administrative Officer of Civil Engineering Dept', '100', 1, '1', 1, 'Administrative Officer of Civil Engineering Dept', '62', 'kuali.org.PersonRelation.AdministrativeOfficer');
insert into KSOR_ORG_POS_RESTR (ID, CREATEID, CREATETIME, UPDATEID, UPDATETIME, VERSIONIND, DESCR, MAX_NUM_RELTN, MIN_NUM_RELTN, ATP_DUR_TYP_KEY, TM_QUANTITY, TTL, ORG, PERS_RELTN_TYPE) values ('152', 'TESTUSER', {ts '2000-01-01 00:00:00.0'}, 'TESTUSER', {ts '2000-01-01 00:00:00.0'}, 1, 'Administrative Officer of Engineering College', '100', 1, '1', 1, 'Administrative Officer of Engineering College', '31', 'kuali.org.PersonRelation.AdministrativeOfficer');
insert into KSOR_ORG_POS_RESTR (ID, CREATEID, CREATETIME, UPDATEID, UPDATETIME, VERSIONIND, DESCR, MAX_NUM_RELTN, MIN_NUM_RELTN, ATP_DUR_TYP_KEY, TM_QUANTITY, TTL, ORG, PERS_RELTN_TYPE) values ('153', 'TESTUSER', {ts '2000-01-01 00:00:00.0'}, 'TESTUSER', {ts '2000-01-01 00:00:00.0'}, 1, null, '100', 1, '1', 1, 'Chair of the Social Science Division COC', '175', 'kuali.org.PersonRelation.Chair');
insert into KSOR_ORG_POS_RESTR (ID, CREATEID, CREATETIME, UPDATEID, UPDATETIME, VERSIONIND, DESCR, MAX_NUM_RELTN, MIN_NUM_RELTN, ATP_DUR_TYP_KEY, TM_QUANTITY, TTL, ORG, PERS_RELTN_TYPE) values ('154', 'TESTUSER', {ts '2000-01-01 00:00:00.0'}, 'TESTUSER', {ts '2000-01-01 00:00:00.0'}, 1, null, '100', 1, '1', 1, 'Chair of the Behavioral Science Division COC', '174', 'kuali.org.PersonRelation.Chair');
insert into KSOR_ORG_POS_RESTR (ID, CREATEID, CREATETIME, UPDATEID, UPDATETIME, VERSIONIND, DESCR, MAX_NUM_RELTN, MIN_NUM_RELTN, ATP_DUR_TYP_KEY, TM_QUANTITY, TTL, ORG, PERS_RELTN_TYPE) values ('155', 'TESTUSER', {ts '2000-01-01 00:00:00.0'}, 'TESTUSER', {ts '2000-01-01 00:00:00.0'}, 1, null, '100', 1, '1', 1, 'Chair of the Biology Division COC', '178', 'kuali.org.PersonRelation.Chair');
insert into KSOR_ORG_POS_RESTR (ID, CREATEID, CREATETIME, UPDATEID, UPDATETIME, VERSIONIND, DESCR, MAX_NUM_RELTN, MIN_NUM_RELTN, ATP_DUR_TYP_KEY, TM_QUANTITY, TTL, ORG, PERS_RELTN_TYPE) values ('156', 'TESTUSER', {ts '2000-01-01 00:00:00.0'}, 'TESTUSER', {ts '2000-01-01 00:00:00.0'}, 1, null, '100', 1, '1', 1, 'Chair of the Chemistry Division COC', '179', 'kuali.org.PersonRelation.Chair');
insert into KSOR_ORG_POS_RESTR (ID, CREATEID, CREATETIME, UPDATEID, UPDATETIME, VERSIONIND, DESCR, MAX_NUM_RELTN, MIN_NUM_RELTN, ATP_DUR_TYP_KEY, TM_QUANTITY, TTL, ORG, PERS_RELTN_TYPE) values ('157', 'TESTUSER', {ts '2000-01-01 00:00:00.0'}, 'TESTUSER', {ts '2000-01-01 00:00:00.0'}, 1, null, '100', 1, '1', 1, 'Member of the Social Science Division COC', '175', 'kuali.org.PersonRelation.Member');
insert into KSOR_ORG_POS_RESTR (ID, CREATEID, CREATETIME, UPDATEID, UPDATETIME, VERSIONIND, DESCR, MAX_NUM_RELTN, MIN_NUM_RELTN, ATP_DUR_TYP_KEY, TM_QUANTITY, TTL, ORG, PERS_RELTN_TYPE) values ('158', 'TESTUSER', {ts '2000-01-01 00:00:00.0'}, 'TESTUSER', {ts '2000-01-01 00:00:00.0'}, 1, null, '100', 1, '1', 1, 'Member of the Behavioral Science Division COC', '174', 'kuali.org.PersonRelation.Member');
insert into KSOR_ORG_POS_RESTR (ID, CREATEID, CREATETIME, UPDATEID, UPDATETIME, VERSIONIND, DESCR, MAX_NUM_RELTN, MIN_NUM_RELTN, ATP_DUR_TYP_KEY, TM_QUANTITY, TTL, ORG, PERS_RELTN_TYPE) values ('159', 'TESTUSER', {ts '2000-01-01 00:00:00.0'}, 'TESTUSER', {ts '2000-01-01 00:00:00.0'}, 1, null, '100', 1, '1', 1, 'Member of the Biology Division COC', '178', 'kuali.org.PersonRelation.Member');
insert into KSOR_ORG_POS_RESTR (ID, CREATEID, CREATETIME, UPDATEID, UPDATETIME, VERSIONIND, DESCR, MAX_NUM_RELTN, MIN_NUM_RELTN, ATP_DUR_TYP_KEY, TM_QUANTITY, TTL, ORG, PERS_RELTN_TYPE) values ('160', 'TESTUSER', {ts '2000-01-01 00:00:00.0'}, 'TESTUSER', {ts '2000-01-01 00:00:00.0'}, 1, null, '100', 1, '1', 1, 'Member of the Chemistry Division COC', '179', 'kuali.org.PersonRelation.Member');
insert into KSOR_ORG_POS_RESTR (ID, CREATEID, CREATETIME, UPDATEID, UPDATETIME, VERSIONIND, DESCR, MAX_NUM_RELTN, MIN_NUM_RELTN, ATP_DUR_TYP_KEY, TM_QUANTITY, TTL, ORG, PERS_RELTN_TYPE) values ('161', 'TESTUSER', {ts '2000-01-01 00:00:00.0'}, 'TESTUSER', {ts '2000-01-01 00:00:00.0'}, 1, null, '100', 1, '1', 1, 'Chair of the Undergrad Program COC', '177', 'kuali.org.PersonRelation.Chair');
insert into KSOR_ORG_POS_RESTR (ID, CREATEID, CREATETIME, UPDATEID, UPDATETIME, VERSIONIND, DESCR, MAX_NUM_RELTN, MIN_NUM_RELTN, ATP_DUR_TYP_KEY, TM_QUANTITY, TTL, ORG, PERS_RELTN_TYPE) values ('162', 'TESTUSER', {ts '2000-01-01 00:00:00.0'}, 'TESTUSER', {ts '2000-01-01 00:00:00.0'}, 1, null, '100', 1, '1', 1, 'Member of the Undergrad Program COC', '177', 'kuali.org.PersonRelation.Member');
insert into KSOR_ORG_POS_RESTR (ID, CREATEID, CREATETIME, UPDATEID, UPDATETIME, VERSIONIND, DESCR, MAX_NUM_RELTN, MIN_NUM_RELTN, ATP_DUR_TYP_KEY, TM_QUANTITY, TTL, ORG, PERS_RELTN_TYPE) values ('163', 'TESTUSER', {ts '2000-01-01 00:00:00.0'}, 'TESTUSER', {ts '2000-01-01 00:00:00.0'}, 1, null, '100', 1, '1', 1, 'Chair of the Biology Life Division COC', '172', 'kuali.org.PersonRelation.Chair');
insert into KSOR_ORG_POS_RESTR (ID, CREATEID, CREATETIME, UPDATEID, UPDATETIME, VERSIONIND, DESCR, MAX_NUM_RELTN, MIN_NUM_RELTN, ATP_DUR_TYP_KEY, TM_QUANTITY, TTL, ORG, PERS_RELTN_TYPE) values ('164', 'TESTUSER', {ts '2000-01-01 00:00:00.0'}, 'TESTUSER', {ts '2000-01-01 00:00:00.0'}, 1, null, '100', 1, '1', 1, 'Member of the Biology Life Division COC', '172', 'kuali.org.PersonRelation.Member');
insert into KSOR_ORG_POS_RESTR (ID, CREATEID, CREATETIME, UPDATEID, UPDATETIME, VERSIONIND, DESCR, MAX_NUM_RELTN, MIN_NUM_RELTN, ATP_DUR_TYP_KEY, TM_QUANTITY, TTL, ORG, PERS_RELTN_TYPE) values ('165', 'TESTUSER', {ts '2000-01-01 00:00:00.0'}, 'TESTUSER', {ts '2000-01-01 00:00:00.0'}, 1, null, '100', 1, '1', 1, 'Chair of the Biology Chemical Division COC', '173', 'kuali.org.PersonRelation.Chair');
insert into KSOR_ORG_POS_RESTR (ID, CREATEID, CREATETIME, UPDATEID, UPDATETIME, VERSIONIND, DESCR, MAX_NUM_RELTN, MIN_NUM_RELTN, ATP_DUR_TYP_KEY, TM_QUANTITY, TTL, ORG, PERS_RELTN_TYPE) values ('166', 'TESTUSER', {ts '2000-01-01 00:00:00.0'}, 'TESTUSER', {ts '2000-01-01 00:00:00.0'}, 1, null, '100', 1, '1', 1, 'Member of the Biology Chemical Division COC', '173', 'kuali.org.PersonRelation.Member');
insert into KSOR_ORG_POS_RESTR (ID, CREATEID, CREATETIME, UPDATEID, UPDATETIME, VERSIONIND, DESCR, MAX_NUM_RELTN, MIN_NUM_RELTN, ATP_DUR_TYP_KEY, TM_QUANTITY, TTL, ORG, PERS_RELTN_TYPE) values ('167', 'TESTUSER', {ts '2000-01-01 00:00:00.0'}, 'TESTUSER', {ts '2000-01-01 00:00:00.0'}, 1, null, '100', 1, '1', 1, 'Chair of the Behavioral and Social Science College COC', '144', 'kuali.org.PersonRelation.Chair');
insert into KSOR_ORG_POS_RESTR (ID, CREATEID, CREATETIME, UPDATEID, UPDATETIME, VERSIONIND, DESCR, MAX_NUM_RELTN, MIN_NUM_RELTN, ATP_DUR_TYP_KEY, TM_QUANTITY, TTL, ORG, PERS_RELTN_TYPE) values ('168', 'TESTUSER', {ts '2000-01-01 00:00:00.0'}, 'TESTUSER', {ts '2000-01-01 00:00:00.0'}, 1, null, '100', 1, '1', 1, 'Member of the Behavioral and Social Science College COC', '144', 'kuali.org.PersonRelation.Member');
insert into KSOR_ORG_POS_RESTR (ID, CREATEID, CREATETIME, UPDATEID, UPDATETIME, VERSIONIND, DESCR, MAX_NUM_RELTN, MIN_NUM_RELTN, ATP_DUR_TYP_KEY, TM_QUANTITY, TTL, ORG, PERS_RELTN_TYPE) values ('169', 'TESTUSER', {ts '2000-01-01 00:00:00.0'}, 'TESTUSER', {ts '2000-01-01 00:00:00.0'}, 1, null, '100', 1, '1', 1, 'Chair of the Life and Biology College COC', '145', 'kuali.org.PersonRelation.Chair');
insert into KSOR_ORG_POS_RESTR (ID, CREATEID, CREATETIME, UPDATEID, UPDATETIME, VERSIONIND, DESCR, MAX_NUM_RELTN, MIN_NUM_RELTN, ATP_DUR_TYP_KEY, TM_QUANTITY, TTL, ORG, PERS_RELTN_TYPE) values ('17', 'TESTUSER', {ts '2000-01-01 00:00:00.0'}, 'TESTUSER', {ts '2000-01-01 00:00:00.0'}, 1, 'The Dean of Students Office is responsible for planning, coordinating and implementing a variety of programs and services which are designed to assist and support students in achieving academic and personal success. Areas of oversight include: Drug & Alco', '100', 1, '1', 1, 'Dean of Students', '19', 'kuali.org.PersonRelation.Dean');
insert into KSOR_ORG_POS_RESTR (ID, CREATEID, CREATETIME, UPDATEID, UPDATETIME, VERSIONIND, DESCR, MAX_NUM_RELTN, MIN_NUM_RELTN, ATP_DUR_TYP_KEY, TM_QUANTITY, TTL, ORG, PERS_RELTN_TYPE) values ('170', 'TESTUSER', {ts '2000-01-01 00:00:00.0'}, 'TESTUSER', {ts '2000-01-01 00:00:00.0'}, 1, null, '100', 1, '1', 1, 'Member of the Life and Biology College COC', '145', 'kuali.org.PersonRelation.Member');
insert into KSOR_ORG_POS_RESTR (ID, CREATEID, CREATETIME, UPDATEID, UPDATETIME, VERSIONIND, DESCR, MAX_NUM_RELTN, MIN_NUM_RELTN, ATP_DUR_TYP_KEY, TM_QUANTITY, TTL, ORG, PERS_RELTN_TYPE) values ('171', 'TESTUSER', {ts '2000-01-01 00:00:00.0'}, 'TESTUSER', {ts '2000-01-01 00:00:00.0'}, 1, null, '100', 1, '1', 1, 'Chair of Publishing COC', '176', 'kuali.org.PersonRelation.Chair');
insert into KSOR_ORG_POS_RESTR (ID, CREATEID, CREATETIME, UPDATEID, UPDATETIME, VERSIONIND, DESCR, MAX_NUM_RELTN, MIN_NUM_RELTN, ATP_DUR_TYP_KEY, TM_QUANTITY, TTL, ORG, PERS_RELTN_TYPE) values ('172', 'TESTUSER', {ts '2000-01-01 00:00:00.0'}, 'TESTUSER', {ts '2000-01-01 00:00:00.0'}, 1, null, '100', 1, '1', 1, 'Member of Publishing COC', '176', 'kuali.org.PersonRelation.Member');
insert into KSOR_ORG_POS_RESTR (ID, CREATEID, CREATETIME, UPDATEID, UPDATETIME, VERSIONIND, DESCR, MAX_NUM_RELTN, MIN_NUM_RELTN, ATP_DUR_TYP_KEY, TM_QUANTITY, TTL, ORG, PERS_RELTN_TYPE) values ('18', 'TESTUSER', {ts '2000-01-01 00:00:00.0'}, 'TESTUSER', {ts '2000-01-01 00:00:00.0'}, 1, null, '100', 1, '1', 1, 'Vice Provost for Information Technology & CIO ', '23', 'kuali.org.PersonRelation.AssocProvost');
insert into KSOR_ORG_POS_RESTR (ID, CREATEID, CREATETIME, UPDATEID, UPDATETIME, VERSIONIND, DESCR, MAX_NUM_RELTN, MIN_NUM_RELTN, ATP_DUR_TYP_KEY, TM_QUANTITY, TTL, ORG, PERS_RELTN_TYPE) values ('19', 'TESTUSER', {ts '2000-01-01 00:00:00.0'}, 'TESTUSER', {ts '2000-01-01 00:00:00.0'}, 1, null, '100', 1, '1', 1, 'Dean of Arts and Humanities', '28', 'kuali.org.PersonRelation.Dean');
insert into KSOR_ORG_POS_RESTR (ID, CREATEID, CREATETIME, UPDATEID, UPDATETIME, VERSIONIND, DESCR, MAX_NUM_RELTN, MIN_NUM_RELTN, ATP_DUR_TYP_KEY, TM_QUANTITY, TTL, ORG, PERS_RELTN_TYPE) values ('2', 'TESTUSER', {ts '2000-01-01 00:00:00.0'}, 'TESTUSER', {ts '2000-01-01 00:00:00.0'}, 1, null, '100', 1, '1', 1, 'Treasurer of the Board of Regents', '2', 'kuali.org.PersonRelation.Treasurer');
insert into KSOR_ORG_POS_RESTR (ID, CREATEID, CREATETIME, UPDATEID, UPDATETIME, VERSIONIND, DESCR, MAX_NUM_RELTN, MIN_NUM_RELTN, ATP_DUR_TYP_KEY, TM_QUANTITY, TTL, ORG, PERS_RELTN_TYPE) values ('20', 'TESTUSER', {ts '2000-01-01 00:00:00.0'}, 'TESTUSER', {ts '2000-01-01 00:00:00.0'}, 1, null, '100', 1, '1', 1, 'Chair of the English Department', '50', 'kuali.org.PersonRelation.Chair');
insert into KSOR_ORG_POS_RESTR (ID, CREATEID, CREATETIME, UPDATEID, UPDATETIME, VERSIONIND, DESCR, MAX_NUM_RELTN, MIN_NUM_RELTN, ATP_DUR_TYP_KEY, TM_QUANTITY, TTL, ORG, PERS_RELTN_TYPE) values ('21', 'TESTUSER', {ts '2000-01-01 00:00:00.0'}, 'TESTUSER', {ts '2000-01-01 00:00:00.0'}, 1, null, '100', 1, '1', 1, 'Chair of the Fine Arts Department', '51', 'kuali.org.PersonRelation.Chair');
insert into KSOR_ORG_POS_RESTR (ID, CREATEID, CREATETIME, UPDATEID, UPDATETIME, VERSIONIND, DESCR, MAX_NUM_RELTN, MIN_NUM_RELTN, ATP_DUR_TYP_KEY, TM_QUANTITY, TTL, ORG, PERS_RELTN_TYPE) values ('22', 'TESTUSER', {ts '2000-01-01 00:00:00.0'}, 'TESTUSER', {ts '2000-01-01 00:00:00.0'}, 1, null, '100', 1, '1', 1, 'Chair of the French Department', '52', 'kuali.org.PersonRelation.Chair');
insert into KSOR_ORG_POS_RESTR (ID, CREATEID, CREATETIME, UPDATEID, UPDATETIME, VERSIONIND, DESCR, MAX_NUM_RELTN, MIN_NUM_RELTN, ATP_DUR_TYP_KEY, TM_QUANTITY, TTL, ORG, PERS_RELTN_TYPE) values ('23', 'TESTUSER', {ts '2000-01-01 00:00:00.0'}, 'TESTUSER', {ts '2000-01-01 00:00:00.0'}, 1, null, '100', 1, '1', 1, 'Chair of the Geography Department', '53', 'kuali.org.PersonRelation.Chair');
insert into KSOR_ORG_POS_RESTR (ID, CREATEID, CREATETIME, UPDATEID, UPDATETIME, VERSIONIND, DESCR, MAX_NUM_RELTN, MIN_NUM_RELTN, ATP_DUR_TYP_KEY, TM_QUANTITY, TTL, ORG, PERS_RELTN_TYPE) values ('24', 'TESTUSER', {ts '2000-01-01 00:00:00.0'}, 'TESTUSER', {ts '2000-01-01 00:00:00.0'}, 1, null, '100', 1, '1', 1, 'Chair of the Linguistics Department', '54', 'kuali.org.PersonRelation.Chair');
insert into KSOR_ORG_POS_RESTR (ID, CREATEID, CREATETIME, UPDATEID, UPDATETIME, VERSIONIND, DESCR, MAX_NUM_RELTN, MIN_NUM_RELTN, ATP_DUR_TYP_KEY, TM_QUANTITY, TTL, ORG, PERS_RELTN_TYPE) values ('25', 'TESTUSER', {ts '2000-01-01 00:00:00.0'}, 'TESTUSER', {ts '2000-01-01 00:00:00.0'}, 1, null, '100', 1, '1', 1, 'Chair of the Music Department', '55', 'kuali.org.PersonRelation.Chair');
insert into KSOR_ORG_POS_RESTR (ID, CREATEID, CREATETIME, UPDATEID, UPDATETIME, VERSIONIND, DESCR, MAX_NUM_RELTN, MIN_NUM_RELTN, ATP_DUR_TYP_KEY, TM_QUANTITY, TTL, ORG, PERS_RELTN_TYPE) values ('26', 'TESTUSER', {ts '2000-01-01 00:00:00.0'}, 'TESTUSER', {ts '2000-01-01 00:00:00.0'}, 1, null, '100', 1, '1', 1, 'Dean for Behavioral and Social Sciences', '29', 'kuali.org.PersonRelation.Dean');
insert into KSOR_ORG_POS_RESTR (ID, CREATEID, CREATETIME, UPDATEID, UPDATETIME, VERSIONIND, DESCR, MAX_NUM_RELTN, MIN_NUM_RELTN, ATP_DUR_TYP_KEY, TM_QUANTITY, TTL, ORG, PERS_RELTN_TYPE) values ('27', 'TESTUSER', {ts '2000-01-01 00:00:00.0'}, 'TESTUSER', {ts '2000-01-01 00:00:00.0'}, 1, null, '100', 1, '1', 1, 'Chair of the History Dept', '56', 'kuali.org.PersonRelation.Chair');
insert into KSOR_ORG_POS_RESTR (ID, CREATEID, CREATETIME, UPDATEID, UPDATETIME, VERSIONIND, DESCR, MAX_NUM_RELTN, MIN_NUM_RELTN, ATP_DUR_TYP_KEY, TM_QUANTITY, TTL, ORG, PERS_RELTN_TYPE) values ('28', 'TESTUSER', {ts '2000-01-01 00:00:00.0'}, 'TESTUSER', {ts '2000-01-01 00:00:00.0'}, 1, null, '100', 1, '1', 1, 'Chair of the Political Science Dept', '57', 'kuali.org.PersonRelation.Chair');
insert into KSOR_ORG_POS_RESTR (ID, CREATEID, CREATETIME, UPDATEID, UPDATETIME, VERSIONIND, DESCR, MAX_NUM_RELTN, MIN_NUM_RELTN, ATP_DUR_TYP_KEY, TM_QUANTITY, TTL, ORG, PERS_RELTN_TYPE) values ('29', 'TESTUSER', {ts '2000-01-01 00:00:00.0'}, 'TESTUSER', {ts '2000-01-01 00:00:00.0'}, 1, null, '100', 1, '1', 1, 'Chair of the Psychology Dept', '58', 'kuali.org.PersonRelation.Chair');
insert into KSOR_ORG_POS_RESTR (ID, CREATEID, CREATETIME, UPDATEID, UPDATETIME, VERSIONIND, DESCR, MAX_NUM_RELTN, MIN_NUM_RELTN, ATP_DUR_TYP_KEY, TM_QUANTITY, TTL, ORG, PERS_RELTN_TYPE) values ('3', 'TESTUSER', {ts '2000-01-01 00:00:00.0'}, 'TESTUSER', {ts '2000-01-01 00:00:00.0'}, 1, 'Appointed by the Board of Regents.  The Chancellor is the administrative and executive head of Kuali University and exercises complete executive authority over the University, subject to the direction of the President.   The Chancellor is responsible for ', '100', 1, '1', 1, 'Chancellor', '3', 'kuali.org.PersonRelation.Chancellor');
insert into KSOR_ORG_POS_RESTR (ID, CREATEID, CREATETIME, UPDATEID, UPDATETIME, VERSIONIND, DESCR, MAX_NUM_RELTN, MIN_NUM_RELTN, ATP_DUR_TYP_KEY, TM_QUANTITY, TTL, ORG, PERS_RELTN_TYPE) values ('30', 'TESTUSER', {ts '2000-01-01 00:00:00.0'}, 'TESTUSER', {ts '2000-01-01 00:00:00.0'}, 1, null, '100', 1, '1', 1, 'Chair of the Sociology Dept', '59', 'kuali.org.PersonRelation.Chair');
insert into KSOR_ORG_POS_RESTR (ID, CREATEID, CREATETIME, UPDATEID, UPDATETIME, VERSIONIND, DESCR, MAX_NUM_RELTN, MIN_NUM_RELTN, ATP_DUR_TYP_KEY, TM_QUANTITY, TTL, ORG, PERS_RELTN_TYPE) values ('31', 'TESTUSER', {ts '2000-01-01 00:00:00.0'}, 'TESTUSER', {ts '2000-01-01 00:00:00.0'}, 1, null, '100', 1, '1', 1, 'Head of the Interdisciplinary Studies in Social Science Program', '60', 'kuali.org.PersonRelation.Head');
insert into KSOR_ORG_POS_RESTR (ID, CREATEID, CREATETIME, UPDATEID, UPDATETIME, VERSIONIND, DESCR, MAX_NUM_RELTN, MIN_NUM_RELTN, ATP_DUR_TYP_KEY, TM_QUANTITY, TTL, ORG, PERS_RELTN_TYPE) values ('32', 'TESTUSER', {ts '2000-01-01 00:00:00.0'}, 'TESTUSER', {ts '2000-01-01 00:00:00.0'}, 1, null, '100', 1, '1', 1, 'Dean of Engineering', '31', 'kuali.org.PersonRelation.Dean');
insert into KSOR_ORG_POS_RESTR (ID, CREATEID, CREATETIME, UPDATEID, UPDATETIME, VERSIONIND, DESCR, MAX_NUM_RELTN, MIN_NUM_RELTN, ATP_DUR_TYP_KEY, TM_QUANTITY, TTL, ORG, PERS_RELTN_TYPE) values ('33', 'TESTUSER', {ts '2000-01-01 00:00:00.0'}, 'TESTUSER', {ts '2000-01-01 00:00:00.0'}, 1, null, '100', 1, '1', 1, 'Chair of the Chemical Engineering Dept', '61', 'kuali.org.PersonRelation.Chair');
insert into KSOR_ORG_POS_RESTR (ID, CREATEID, CREATETIME, UPDATEID, UPDATETIME, VERSIONIND, DESCR, MAX_NUM_RELTN, MIN_NUM_RELTN, ATP_DUR_TYP_KEY, TM_QUANTITY, TTL, ORG, PERS_RELTN_TYPE) values ('34', 'TESTUSER', {ts '2000-01-01 00:00:00.0'}, 'TESTUSER', {ts '2000-01-01 00:00:00.0'}, 1, null, '100', 1, '1', 1, 'Chair of the Civil Engineering Dept', '62', 'kuali.org.PersonRelation.Chair');

insert into KSOR_ORG_HIRCHY (ID, DESCR, EFF_DT, EXPIR_DT, NAME, ROOT_ORG) values ('kuali.org.hierarchy.Curriculum', 'Hierarchy used to Manage Curriculum', {ts '2000-01-01 00:00:00.0'}, {ts '2000-12-31 00:00:00.0'}, 'Curriculum', '141');
insert into KSOR_ORG_HIRCHY (ID, DESCR, EFF_DT, EXPIR_DT, NAME, ROOT_ORG) values ('kuali.org.hierarchy.Main', 'Main Organizational Hierarchy', {ts '2000-01-01 00:00:00.0'}, {ts '2000-12-31 00:00:00.0'}, 'Main', '4');

insert into KSOR_ORG_ORG_RELTN_TYPE (TYPE_KEY, TYPE_DESC, EFF_DT, EXPIR_DT, NAME, REV_DESCR, REV_NAME, ORG_HIRCHY) values ('kuali.org.Administer', 'Describes where one organization is administratively responsible for another organization that is not simply "part" of that organization and where the relationship cannot be said to be so strong that there is a "reporting" relationship', {ts '2000-01-01 00:00:00.0'}, null, 'Administers', 'Indicates that this organization is administered by another', 'is Administered by', 'kuali.org.hierarchy.Main');
insert into KSOR_ORG_ORG_RELTN_TYPE (TYPE_KEY, TYPE_DESC, EFF_DT, EXPIR_DT, NAME, REV_DESCR, REV_NAME, ORG_HIRCHY) values ('kuali.org.Advisory', 'Indicates that one organization provides advice to the leadership of another organization', {ts '2000-01-01 00:00:00.0'}, {ts '2000-12-31 00:00:00.0'}, 'Advises', 'Indicates that this organization receives advice from the leadership of another organization', 'is Advised by', 'kuali.org.hierarchy.Main');
insert into KSOR_ORG_ORG_RELTN_TYPE (TYPE_KEY, TYPE_DESC, EFF_DT, EXPIR_DT, NAME, REV_DESCR, REV_NAME, ORG_HIRCHY) values ('kuali.org.Board', 'Indicates that one organization if the Board (of Trustees) of another organization', {ts '2000-01-01 00:00:00.0'}, null, 'is Board of', 'Indicates that one organization has at its Board (of Trustees) another organization', 'has Board of', 'kuali.org.hierarchy.Main');
insert into KSOR_ORG_ORG_RELTN_TYPE (TYPE_KEY, TYPE_DESC, EFF_DT, EXPIR_DT, NAME, REV_DESCR, REV_NAME, ORG_HIRCHY) values ('kuali.org.Charter', 'Indicates that this organization chartered or sponsored another organization', {ts '2000-01-01 00:00:00.0'}, null, 'Chartered', 'Indicates that this organization exists because it is chartered or sponsored by another organization', 'is Chartered by', 'kuali.org.hierarchy.Main');
insert into KSOR_ORG_ORG_RELTN_TYPE (TYPE_KEY, TYPE_DESC, EFF_DT, EXPIR_DT, NAME, REV_DESCR, REV_NAME, ORG_HIRCHY) values ('kuali.org.Collaborate', 'Peer Organizations Collaborating Together', {ts '2000-01-01 00:00:00.0'}, null, 'Collaborate', 'collaborates with', 'collaborates with', 'kuali.org.hierarchy.Main');
insert into KSOR_ORG_ORG_RELTN_TYPE (TYPE_KEY, TYPE_DESC, EFF_DT, EXPIR_DT, NAME, REV_DESCR, REV_NAME, ORG_HIRCHY) values ('kuali.org.Contain', 'Indicates that this organization contains another organization', {ts '2000-01-01 00:00:00.0'}, null, 'Contains', 'Indicates that one organization is part of another organization', 'is Part of', 'kuali.org.hierarchy.Main');
insert into KSOR_ORG_ORG_RELTN_TYPE (TYPE_KEY, TYPE_DESC, EFF_DT, EXPIR_DT, NAME, REV_DESCR, REV_NAME, ORG_HIRCHY) values ('kuali.org.CurriculumParent', 'Indicates that one organization is the Parent of another organization in the Curriculum Hierarchy', {ts '2000-01-01 00:00:00.0'}, null, 'is Curriculum Parent of', 'Indicates that one organization is the Child of another organization in the Curriculum Hierarchy', 'is Curriculum Child of', 'kuali.org.hierarchy.Curriculum');
insert into KSOR_ORG_ORG_RELTN_TYPE (TYPE_KEY, TYPE_DESC, EFF_DT, EXPIR_DT, NAME, REV_DESCR, REV_NAME, ORG_HIRCHY) values ('kuali.org.HQ', 'The headquarters of an administrative office for a larger division', {ts '2000-01-01 00:00:00.0'}, null, 'Headquarters for', 'The administrative office for a larger division', 'has as its Headquarters', 'kuali.org.hierarchy.Main');
insert into KSOR_ORG_ORG_RELTN_TYPE (TYPE_KEY, TYPE_DESC, EFF_DT, EXPIR_DT, NAME, REV_DESCR, REV_NAME, ORG_HIRCHY) values ('kuali.org.Supercommittee', 'Indicates this is organization has a subcommittee', {ts '2000-01-01 00:00:00.0'}, null, 'has Subcommittee of', 'Indicates that this organization is a subcommittee of another', 'is Subcommittee of', 'kuali.org.hierarchy.Main');
insert into KSOR_ORG_ORG_RELTN_TYPE (TYPE_KEY, TYPE_DESC, EFF_DT, EXPIR_DT, NAME, REV_DESCR, REV_NAME, ORG_HIRCHY) values ('kuali.org.Supervise', 'Indicates that the head of one organization has direct supervisory responsibility for the head of another organization', {ts '2000-01-01 00:00:00.0'}, null, 'Supervises', 'Indicates that the head of one organization is supervised by the head of another organization', 'is Supervised by', 'kuali.org.hierarchy.Main');

insert into KSOR_ORG_HIRCHY_JN_ORG_TYPE (ORG_HIRCHY_ID, ORG_TYPE_ID) values ('kuali.org.hierarchy.Main', 'kuali.org.CorporateEntity');
insert into KSOR_ORG_HIRCHY_JN_ORG_TYPE (ORG_HIRCHY_ID, ORG_TYPE_ID) values ('kuali.org.hierarchy.Main', 'kuali.org.Board');
insert into KSOR_ORG_HIRCHY_JN_ORG_TYPE (ORG_HIRCHY_ID, ORG_TYPE_ID) values ('kuali.org.hierarchy.Main', 'kuali.org.Division');
insert into KSOR_ORG_HIRCHY_JN_ORG_TYPE (ORG_HIRCHY_ID, ORG_TYPE_ID) values ('kuali.org.hierarchy.Main', 'kuali.org.School');
insert into KSOR_ORG_HIRCHY_JN_ORG_TYPE (ORG_HIRCHY_ID, ORG_TYPE_ID) values ('kuali.org.hierarchy.Main', 'kuali.org.Program');
insert into KSOR_ORG_HIRCHY_JN_ORG_TYPE (ORG_HIRCHY_ID, ORG_TYPE_ID) values ('kuali.org.hierarchy.Main', 'kuali.org.Center');
insert into KSOR_ORG_HIRCHY_JN_ORG_TYPE (ORG_HIRCHY_ID, ORG_TYPE_ID) values ('kuali.org.hierarchy.Main', 'kuali.org.College');
insert into KSOR_ORG_HIRCHY_JN_ORG_TYPE (ORG_HIRCHY_ID, ORG_TYPE_ID) values ('kuali.org.hierarchy.Main', 'kuali.org.Department');
insert into KSOR_ORG_HIRCHY_JN_ORG_TYPE (ORG_HIRCHY_ID, ORG_TYPE_ID) values ('kuali.org.hierarchy.Main', 'kuali.org.Office');
insert into KSOR_ORG_HIRCHY_JN_ORG_TYPE (ORG_HIRCHY_ID, ORG_TYPE_ID) values ('kuali.org.hierarchy.Main', 'kuali.org.Association');
insert into KSOR_ORG_HIRCHY_JN_ORG_TYPE (ORG_HIRCHY_ID, ORG_TYPE_ID) values ('kuali.org.hierarchy.Main', 'kuali.org.AdvisoryGroup');
insert into KSOR_ORG_HIRCHY_JN_ORG_TYPE (ORG_HIRCHY_ID, ORG_TYPE_ID) values ('kuali.org.hierarchy.Main', 'kuali.org.WorkGroup');
insert into KSOR_ORG_HIRCHY_JN_ORG_TYPE (ORG_HIRCHY_ID, ORG_TYPE_ID) values ('kuali.org.hierarchy.Main', 'kuali.org.Section');
insert into KSOR_ORG_HIRCHY_JN_ORG_TYPE (ORG_HIRCHY_ID, ORG_TYPE_ID) values ('kuali.org.hierarchy.Main', 'kuali.org.Senate');
insert into KSOR_ORG_HIRCHY_JN_ORG_TYPE (ORG_HIRCHY_ID, ORG_TYPE_ID) values ('kuali.org.hierarchy.Main', 'kuali.org.Committee');
insert into KSOR_ORG_HIRCHY_JN_ORG_TYPE (ORG_HIRCHY_ID, ORG_TYPE_ID) values ('kuali.org.hierarchy.Main', 'kuali.org.AdhocCommittee');
insert into KSOR_ORG_HIRCHY_JN_ORG_TYPE (ORG_HIRCHY_ID, ORG_TYPE_ID) values ('kuali.org.hierarchy.Main', 'kuali.org.COC');
insert into KSOR_ORG_HIRCHY_JN_ORG_TYPE (ORG_HIRCHY_ID, ORG_TYPE_ID) values ('kuali.org.hierarchy.Curriculum', 'kuali.org.COC');
insert into KSOR_ORG_HIRCHY_JN_ORG_TYPE (ORG_HIRCHY_ID, ORG_TYPE_ID) values ('kuali.org.hierarchy.Curriculum', 'kuali.org.College');
insert into KSOR_ORG_HIRCHY_JN_ORG_TYPE (ORG_HIRCHY_ID, ORG_TYPE_ID) values ('kuali.org.hierarchy.Curriculum', 'kuali.org.Department');
insert into KSOR_ORG_HIRCHY_JN_ORG_TYPE (ORG_HIRCHY_ID, ORG_TYPE_ID) values ('kuali.org.hierarchy.Curriculum', 'kuali.org.Division');
insert into KSOR_ORG_HIRCHY_JN_ORG_TYPE (ORG_HIRCHY_ID, ORG_TYPE_ID) values ('kuali.org.hierarchy.Curriculum', 'kuali.org.Program');
insert into KSOR_ORG_HIRCHY_JN_ORG_TYPE (ORG_HIRCHY_ID, ORG_TYPE_ID) values ('kuali.org.hierarchy.Curriculum', 'kuali.org.Senate');

insert into KSOR_ORG_PERS_RELTN (ID, CREATEID, CREATETIME, UPDATEID, UPDATETIME, VERSIONIND, EFF_DT, EXPIR_DT, PERS_ID, ST, ORG, ORG_PERS_RELTN_TYPE) values ('1', null, null, null, null, 1, {ts '2000-01-01 00:00:00.0'}, null, 'KIM-1', 'Active', '68', 'kuali.org.PersonRelation.Head');
insert into KSOR_ORG_PERS_RELTN (ID, CREATEID, CREATETIME, UPDATEID, UPDATETIME, VERSIONIND, EFF_DT, EXPIR_DT, PERS_ID, ST, ORG, ORG_PERS_RELTN_TYPE) values ('10', null, null, null, null, 1, {ts '2000-01-01 00:00:00.0'}, null, 'eric', 'Active', '141', 'kuali.org.PersonRelation.Chair');
insert into KSOR_ORG_PERS_RELTN (ID, CREATEID, CREATETIME, UPDATEID, UPDATETIME, VERSIONIND, EFF_DT, EXPIR_DT, PERS_ID, ST, ORG, ORG_PERS_RELTN_TYPE) values ('11', null, null, null, null, 1, {ts '2000-01-01 00:00:00.0'}, null, 'erin', 'Active', '141', 'kuali.org.PersonRelation.Member');
insert into KSOR_ORG_PERS_RELTN (ID, CREATEID, CREATETIME, UPDATEID, UPDATETIME, VERSIONIND, EFF_DT, EXPIR_DT, PERS_ID, ST, ORG, ORG_PERS_RELTN_TYPE) values ('12', null, null, null, null, 1, {ts '2000-01-01 00:00:00.0'}, null, 'fran', 'Active', '177', 'kuali.org.PersonRelation.Chair');
insert into KSOR_ORG_PERS_RELTN (ID, CREATEID, CREATETIME, UPDATEID, UPDATETIME, VERSIONIND, EFF_DT, EXPIR_DT, PERS_ID, ST, ORG, ORG_PERS_RELTN_TYPE) values ('13', null, null, null, null, 1, {ts '2000-01-01 00:00:00.0'}, null, 'fred', 'Active', '177', 'kuali.org.PersonRelation.Member');
insert into KSOR_ORG_PERS_RELTN (ID, CREATEID, CREATETIME, UPDATEID, UPDATETIME, VERSIONIND, EFF_DT, EXPIR_DT, PERS_ID, ST, ORG, ORG_PERS_RELTN_TYPE) values ('14', null, null, null, null, 1, {ts '2000-01-01 00:00:00.0'}, null, 'edna', 'Active', '145', 'kuali.org.PersonRelation.Chair');
insert into KSOR_ORG_PERS_RELTN (ID, CREATEID, CREATETIME, UPDATEID, UPDATETIME, VERSIONIND, EFF_DT, EXPIR_DT, PERS_ID, ST, ORG, ORG_PERS_RELTN_TYPE) values ('15', null, null, null, null, 1, {ts '2000-01-01 00:00:00.0'}, null, 'frank', 'Active', '145', 'kuali.org.PersonRelation.Member');
insert into KSOR_ORG_PERS_RELTN (ID, CREATEID, CREATETIME, UPDATEID, UPDATETIME, VERSIONIND, EFF_DT, EXPIR_DT, PERS_ID, ST, ORG, ORG_PERS_RELTN_TYPE) values ('16', null, null, null, null, 1, {ts '2000-01-01 00:00:00.0'}, null, 'earl', 'Active', '172', 'kuali.org.PersonRelation.Chair');
insert into KSOR_ORG_PERS_RELTN (ID, CREATEID, CREATETIME, UPDATEID, UPDATETIME, VERSIONIND, EFF_DT, EXPIR_DT, PERS_ID, ST, ORG, ORG_PERS_RELTN_TYPE) values ('17', null, null, null, null, 1, {ts '2000-01-01 00:00:00.0'}, null, 'doug', 'Active', '172', 'kuali.org.PersonRelation.Member');
insert into KSOR_ORG_PERS_RELTN (ID, CREATEID, CREATETIME, UPDATEID, UPDATETIME, VERSIONIND, EFF_DT, EXPIR_DT, PERS_ID, ST, ORG, ORG_PERS_RELTN_TYPE) values ('18', null, null, null, null, 1, {ts '2000-01-01 00:00:00.0'}, null, 'dev1', 'Active', '164', 'kuali.org.PersonRelation.Chair');
insert into KSOR_ORG_PERS_RELTN (ID, CREATEID, CREATETIME, UPDATEID, UPDATETIME, VERSIONIND, EFF_DT, EXPIR_DT, PERS_ID, ST, ORG, ORG_PERS_RELTN_TYPE) values ('19', null, null, null, null, 1, {ts '2000-01-01 00:00:00.0'}, null, 'dev2', 'Active', '164', 'kuali.org.PersonRelation.Member');
insert into KSOR_ORG_PERS_RELTN (ID, CREATEID, CREATETIME, UPDATEID, UPDATETIME, VERSIONIND, EFF_DT, EXPIR_DT, PERS_ID, ST, ORG, ORG_PERS_RELTN_TYPE) values ('2', null, null, null, null, 1, {ts '2000-01-01 00:00:00.0'}, null, 'KIM-2', 'Active', '28', 'kuali.org.PersonRelation.AdminAssistant');
insert into KSOR_ORG_PERS_RELTN (ID, CREATEID, CREATETIME, UPDATEID, UPDATETIME, VERSIONIND, EFF_DT, EXPIR_DT, PERS_ID, ST, ORG, ORG_PERS_RELTN_TYPE) values ('20', null, null, null, null, 1, {ts '2000-01-01 00:00:00.0'}, null, 'user4', 'Active', '176', 'kuali.org.PersonRelation.Chair');
insert into KSOR_ORG_PERS_RELTN (ID, CREATEID, CREATETIME, UPDATEID, UPDATETIME, VERSIONIND, EFF_DT, EXPIR_DT, PERS_ID, ST, ORG, ORG_PERS_RELTN_TYPE) values ('3', null, null, null, null, 1, {ts '2000-01-01 00:00:00.0'}, null, 'KIM-3', 'Active', '147', 'kuali.org.PersonRelation.Coordinator');
insert into KSOR_ORG_PERS_RELTN (ID, CREATEID, CREATETIME, UPDATEID, UPDATETIME, VERSIONIND, EFF_DT, EXPIR_DT, PERS_ID, ST, ORG, ORG_PERS_RELTN_TYPE) values ('4', null, null, null, null, 1, {ts '2000-01-01 00:00:00.0'}, null, 'KIM-4', 'Active', '68', 'kuali.org.PersonRelation.Professor');
insert into KSOR_ORG_PERS_RELTN (ID, CREATEID, CREATETIME, UPDATEID, UPDATETIME, VERSIONIND, EFF_DT, EXPIR_DT, PERS_ID, ST, ORG, ORG_PERS_RELTN_TYPE) values ('5', null, null, null, null, 1, {ts '2000-01-01 00:00:00.0'}, null, 'KIM-1', 'Active', '53', 'kuali.org.PersonRelation.Head');
insert into KSOR_ORG_PERS_RELTN (ID, CREATEID, CREATETIME, UPDATEID, UPDATETIME, VERSIONIND, EFF_DT, EXPIR_DT, PERS_ID, ST, ORG, ORG_PERS_RELTN_TYPE) values ('6', null, null, null, null, 1, {ts '2000-01-01 00:00:00.0'}, null, 'KIM-1', 'Active', '68', 'kuali.org.PersonRelation.Professor');
insert into KSOR_ORG_PERS_RELTN (ID, CREATEID, CREATETIME, UPDATEID, UPDATETIME, VERSIONIND, EFF_DT, EXPIR_DT, PERS_ID, ST, ORG, ORG_PERS_RELTN_TYPE) values ('7', null, null, null, null, 1, {ts '2000-01-01 00:00:00.0'}, null, 'user1', 'Active', '31', 'kuali.org.PersonRelation.AdministrativeOfficer');
insert into KSOR_ORG_PERS_RELTN (ID, CREATEID, CREATETIME, UPDATEID, UPDATETIME, VERSIONIND, EFF_DT, EXPIR_DT, PERS_ID, ST, ORG, ORG_PERS_RELTN_TYPE) values ('8', null, null, null, null, 1, {ts '2000-01-01 00:00:00.0'}, null, 'user2', 'Active', '61', 'kuali.org.PersonRelation.AdministrativeOfficer');
insert into KSOR_ORG_PERS_RELTN (ID, CREATEID, CREATETIME, UPDATEID, UPDATETIME, VERSIONIND, EFF_DT, EXPIR_DT, PERS_ID, ST, ORG, ORG_PERS_RELTN_TYPE) values ('9', null, null, null, null, 1, {ts '2000-01-01 00:00:00.0'}, null, 'user2', 'Active', '62', 'kuali.org.PersonRelation.AdministrativeOfficer');

insert into KSOR_ORG_ORG_RELTN (ID, CREATEID, CREATETIME, UPDATEID, UPDATETIME, VERSIONIND, EFF_DT, EXPIR_DT, ST, ORG, RELATED_ORG, TYPE) values ('86', 'TESTUSER', {ts '2009-01-22 00:00:00.0'}, 'TESTUSER', {ts '2009-01-22 00:00:00.0'}, 1, {ts '2000-01-01 00:00:00.0'}, null, 'Active', '121', '110', 'kuali.org.Charter');
insert into KSOR_ORG_ORG_RELTN (ID, CREATEID, CREATETIME, UPDATEID, UPDATETIME, VERSIONIND, EFF_DT, EXPIR_DT, ST, ORG, RELATED_ORG, TYPE) values ('87', 'TESTUSER', {ts '2009-01-22 00:00:00.0'}, 'TESTUSER', {ts '2009-01-22 00:00:00.0'}, 1, {ts '2000-01-01 00:00:00.0'}, null, 'Active', '19', '111', 'kuali.org.Advisory');
insert into KSOR_ORG_ORG_RELTN (ID, CREATEID, CREATETIME, UPDATEID, UPDATETIME, VERSIONIND, EFF_DT, EXPIR_DT, ST, ORG, RELATED_ORG, TYPE) values ('88', 'TESTUSER', {ts '2009-01-22 00:00:00.0'}, 'TESTUSER', {ts '2009-01-22 00:00:00.0'}, 1, {ts '2000-01-01 00:00:00.0'}, null, 'Active', '98', '112', 'kuali.org.Charter');
insert into KSOR_ORG_ORG_RELTN (ID, CREATEID, CREATETIME, UPDATEID, UPDATETIME, VERSIONIND, EFF_DT, EXPIR_DT, ST, ORG, RELATED_ORG, TYPE) values ('89', 'TESTUSER', {ts '2009-01-22 00:00:00.0'}, 'TESTUSER', {ts '2009-01-22 00:00:00.0'}, 1, {ts '2000-01-01 00:00:00.0'}, null, 'Active', '19', '113', 'kuali.org.Advisory');
insert into KSOR_ORG_ORG_RELTN (ID, CREATEID, CREATETIME, UPDATEID, UPDATETIME, VERSIONIND, EFF_DT, EXPIR_DT, ST, ORG, RELATED_ORG, TYPE) values ('9', 'TESTUSER', {ts '2009-01-22 00:00:00.0'}, 'TESTUSER', {ts '2009-01-22 00:00:00.0'}, 1, {ts '2000-01-01 00:00:00.0'}, null, 'Active', '11', '6', 'kuali.org.Administer');
insert into KSOR_ORG_ORG_RELTN (ID, CREATEID, CREATETIME, UPDATEID, UPDATETIME, VERSIONIND, EFF_DT, EXPIR_DT, ST, ORG, RELATED_ORG, TYPE) values ('90', 'TESTUSER', {ts '2009-01-22 00:00:00.0'}, 'TESTUSER', {ts '2009-01-22 00:00:00.0'}, 1, {ts '2000-01-01 00:00:00.0'}, null, 'Active', '6', '114', 'kuali.org.Advisory');
insert into KSOR_ORG_ORG_RELTN (ID, CREATEID, CREATETIME, UPDATEID, UPDATETIME, VERSIONIND, EFF_DT, EXPIR_DT, ST, ORG, RELATED_ORG, TYPE) values ('91', 'TESTUSER', {ts '2009-01-22 00:00:00.0'}, 'TESTUSER', {ts '2009-01-22 00:00:00.0'}, 1, {ts '2000-01-01 00:00:00.0'}, null, 'Active', '114', '115', 'kuali.org.Advisory');
insert into KSOR_ORG_ORG_RELTN (ID, CREATEID, CREATETIME, UPDATEID, UPDATETIME, VERSIONIND, EFF_DT, EXPIR_DT, ST, ORG, RELATED_ORG, TYPE) values ('92', 'TESTUSER', {ts '2009-01-22 00:00:00.0'}, 'TESTUSER', {ts '2009-01-22 00:00:00.0'}, 1, {ts '2000-01-01 00:00:00.0'}, null, 'Active', '20', '116', 'kuali.org.Charter');
insert into KSOR_ORG_ORG_RELTN (ID, CREATEID, CREATETIME, UPDATEID, UPDATETIME, VERSIONIND, EFF_DT, EXPIR_DT, ST, ORG, RELATED_ORG, TYPE) values ('93', 'TESTUSER', {ts '2009-01-22 00:00:00.0'}, 'TESTUSER', {ts '2009-01-22 00:00:00.0'}, 1, {ts '2000-01-01 00:00:00.0'}, null, 'Active', '6', '117', 'kuali.org.Advisory');
insert into KSOR_ORG_ORG_RELTN (ID, CREATEID, CREATETIME, UPDATEID, UPDATETIME, VERSIONIND, EFF_DT, EXPIR_DT, ST, ORG, RELATED_ORG, TYPE) values ('94', 'TESTUSER', {ts '2009-01-22 00:00:00.0'}, 'TESTUSER', {ts '2009-01-22 00:00:00.0'}, 1, {ts '2000-01-01 00:00:00.0'}, null, 'Active', '106', '118', 'kuali.org.Charter');
insert into KSOR_ORG_ORG_RELTN (ID, CREATEID, CREATETIME, UPDATEID, UPDATETIME, VERSIONIND, EFF_DT, EXPIR_DT, ST, ORG, RELATED_ORG, TYPE) values ('95', 'TESTUSER', {ts '2009-01-22 00:00:00.0'}, 'TESTUSER', {ts '2009-01-22 00:00:00.0'}, 1, {ts '2000-01-01 00:00:00.0'}, null, 'Active', '19', '119', 'kuali.org.Charter');
insert into KSOR_ORG_ORG_RELTN (ID, CREATEID, CREATETIME, UPDATEID, UPDATETIME, VERSIONIND, EFF_DT, EXPIR_DT, ST, ORG, RELATED_ORG, TYPE) values ('96', 'TESTUSER', {ts '2009-01-22 00:00:00.0'}, 'TESTUSER', {ts '2009-01-22 00:00:00.0'}, 1, {ts '2000-01-01 00:00:00.0'}, null, 'Active', '19', '120', 'kuali.org.Charter');
insert into KSOR_ORG_ORG_RELTN (ID, CREATEID, CREATETIME, UPDATEID, UPDATETIME, VERSIONIND, EFF_DT, EXPIR_DT, ST, ORG, RELATED_ORG, TYPE) values ('97', 'TESTUSER', {ts '2009-01-22 00:00:00.0'}, 'TESTUSER', {ts '2009-01-22 00:00:00.0'}, 1, {ts '2000-01-01 00:00:00.0'}, null, 'Active', '121', '134', 'kuali.org.Board');
insert into KSOR_ORG_ORG_RELTN (ID, CREATEID, CREATETIME, UPDATEID, UPDATETIME, VERSIONIND, EFF_DT, EXPIR_DT, ST, ORG, RELATED_ORG, TYPE) values ('98', 'TESTUSER', {ts '2009-01-22 00:00:00.0'}, 'TESTUSER', {ts '2009-01-22 00:00:00.0'}, 1, {ts '2000-01-01 00:00:00.0'}, null, 'Active', '23', '122', 'kuali.org.Charter');
insert into KSOR_ORG_ORG_RELTN (ID, CREATEID, CREATETIME, UPDATEID, UPDATETIME, VERSIONIND, EFF_DT, EXPIR_DT, ST, ORG, RELATED_ORG, TYPE) values ('99', 'TESTUSER', {ts '2009-01-22 00:00:00.0'}, 'TESTUSER', {ts '2009-01-22 00:00:00.0'}, 1, {ts '2000-01-01 00:00:00.0'}, null, 'Active', '124', '123', 'kuali.org.Charter');
insert into KSOR_ORG_ORG_RELTN (ID, CREATEID, CREATETIME, UPDATEID, UPDATETIME, VERSIONIND, EFF_DT, EXPIR_DT, ST, ORG, RELATED_ORG, TYPE) values ('1', 'TESTUSER', {ts '2009-01-22 00:00:00.0'}, 'TESTUSER', {ts '2009-01-22 00:00:00.0'}, 1, {ts '2000-01-01 00:00:00.0'}, null, 'Active', '1', '2', 'kuali.org.Board');
insert into KSOR_ORG_ORG_RELTN (ID, CREATEID, CREATETIME, UPDATEID, UPDATETIME, VERSIONIND, EFF_DT, EXPIR_DT, ST, ORG, RELATED_ORG, TYPE) values ('10', 'TESTUSER', {ts '2009-01-22 00:00:00.0'}, 'TESTUSER', {ts '2009-01-22 00:00:00.0'}, 1, {ts '2000-01-01 00:00:00.0'}, null, 'Active', '12', '6', 'kuali.org.Administer');
insert into KSOR_ORG_ORG_RELTN (ID, CREATEID, CREATETIME, UPDATEID, UPDATETIME, VERSIONIND, EFF_DT, EXPIR_DT, ST, ORG, RELATED_ORG, TYPE) values ('100', 'TESTUSER', {ts '2009-01-22 00:00:00.0'}, 'TESTUSER', {ts '2009-01-22 00:00:00.0'}, 1, {ts '2000-01-01 00:00:00.0'}, null, 'Active', '18', '124', 'kuali.org.Supervise');
insert into KSOR_ORG_ORG_RELTN (ID, CREATEID, CREATETIME, UPDATEID, UPDATETIME, VERSIONIND, EFF_DT, EXPIR_DT, ST, ORG, RELATED_ORG, TYPE) values ('101', 'TESTUSER', {ts '2009-01-22 00:00:00.0'}, 'TESTUSER', {ts '2009-01-22 00:00:00.0'}, 1, {ts '2000-01-01 00:00:00.0'}, null, 'Active', '71', '125', 'kuali.org.Advisory');
insert into KSOR_ORG_ORG_RELTN (ID, CREATEID, CREATETIME, UPDATEID, UPDATETIME, VERSIONIND, EFF_DT, EXPIR_DT, ST, ORG, RELATED_ORG, TYPE) values ('102', 'TESTUSER', {ts '2009-01-22 00:00:00.0'}, 'TESTUSER', {ts '2009-01-22 00:00:00.0'}, 1, {ts '2000-01-01 00:00:00.0'}, null, 'Active', '41', '126', 'kuali.org.Advisory');
insert into KSOR_ORG_ORG_RELTN (ID, CREATEID, CREATETIME, UPDATEID, UPDATETIME, VERSIONIND, EFF_DT, EXPIR_DT, ST, ORG, RELATED_ORG, TYPE) values ('103', 'TESTUSER', {ts '2009-01-22 00:00:00.0'}, 'TESTUSER', {ts '2009-01-22 00:00:00.0'}, 1, {ts '2000-01-01 00:00:00.0'}, null, 'Active', '17', '127', 'kuali.org.Charter');
insert into KSOR_ORG_ORG_RELTN (ID, CREATEID, CREATETIME, UPDATEID, UPDATETIME, VERSIONIND, EFF_DT, EXPIR_DT, ST, ORG, RELATED_ORG, TYPE) values ('104', 'TESTUSER', {ts '2009-01-22 00:00:00.0'}, 'TESTUSER', {ts '2009-01-22 00:00:00.0'}, 1, {ts '2000-01-01 00:00:00.0'}, null, 'Active', '41', '127', 'kuali.org.Advisory');
insert into KSOR_ORG_ORG_RELTN (ID, CREATEID, CREATETIME, UPDATEID, UPDATETIME, VERSIONIND, EFF_DT, EXPIR_DT, ST, ORG, RELATED_ORG, TYPE) values ('105', 'TESTUSER', {ts '2009-01-22 00:00:00.0'}, 'TESTUSER', {ts '2009-01-22 00:00:00.0'}, 1, {ts '2000-01-01 00:00:00.0'}, null, 'Active', '129', '128', 'kuali.org.Advisory');
insert into KSOR_ORG_ORG_RELTN (ID, CREATEID, CREATETIME, UPDATEID, UPDATETIME, VERSIONIND, EFF_DT, EXPIR_DT, ST, ORG, RELATED_ORG, TYPE) values ('106', 'TESTUSER', {ts '2009-01-22 00:00:00.0'}, 'TESTUSER', {ts '2009-01-22 00:00:00.0'}, 1, {ts '2000-01-01 00:00:00.0'}, null, 'Active', '105', '129', 'kuali.org.Supervise');
insert into KSOR_ORG_ORG_RELTN (ID, CREATEID, CREATETIME, UPDATEID, UPDATETIME, VERSIONIND, EFF_DT, EXPIR_DT, ST, ORG, RELATED_ORG, TYPE) values ('107', 'TESTUSER', {ts '2009-01-22 00:00:00.0'}, 'TESTUSER', {ts '2009-01-22 00:00:00.0'}, 1, {ts '2000-01-01 00:00:00.0'}, null, 'Active', '102', '130', 'kuali.org.Supervise');
insert into KSOR_ORG_ORG_RELTN (ID, CREATEID, CREATETIME, UPDATEID, UPDATETIME, VERSIONIND, EFF_DT, EXPIR_DT, ST, ORG, RELATED_ORG, TYPE) values ('108', 'TESTUSER', {ts '2009-01-22 00:00:00.0'}, 'TESTUSER', {ts '2009-01-22 00:00:00.0'}, 1, {ts '2000-01-01 00:00:00.0'}, null, 'Active', '6', '131', 'kuali.org.Advisory');
insert into KSOR_ORG_ORG_RELTN (ID, CREATEID, CREATETIME, UPDATEID, UPDATETIME, VERSIONIND, EFF_DT, EXPIR_DT, ST, ORG, RELATED_ORG, TYPE) values ('109', 'TESTUSER', {ts '2009-01-22 00:00:00.0'}, 'TESTUSER', {ts '2009-01-22 00:00:00.0'}, 1, {ts '2000-01-01 00:00:00.0'}, null, 'Active', '4', '132', 'kuali.org.Charter');
insert into KSOR_ORG_ORG_RELTN (ID, CREATEID, CREATETIME, UPDATEID, UPDATETIME, VERSIONIND, EFF_DT, EXPIR_DT, ST, ORG, RELATED_ORG, TYPE) values ('11', 'TESTUSER', {ts '2009-01-22 00:00:00.0'}, 'TESTUSER', {ts '2009-01-22 00:00:00.0'}, 1, {ts '2000-01-01 00:00:00.0'}, null, 'Active', '13', '6', 'kuali.org.Administer');
insert into KSOR_ORG_ORG_RELTN (ID, CREATEID, CREATETIME, UPDATEID, UPDATETIME, VERSIONIND, EFF_DT, EXPIR_DT, ST, ORG, RELATED_ORG, TYPE) values ('110', 'TESTUSER', {ts '2009-01-22 00:00:00.0'}, 'TESTUSER', {ts '2009-01-22 00:00:00.0'}, 1, {ts '2000-01-01 00:00:00.0'}, null, 'Active', '132', '133', 'kuali.org.Charter');
insert into KSOR_ORG_ORG_RELTN (ID, CREATEID, CREATETIME, UPDATEID, UPDATETIME, VERSIONIND, EFF_DT, EXPIR_DT, ST, ORG, RELATED_ORG, TYPE) values ('111', 'TESTUSER', {ts '2009-01-22 00:00:00.0'}, 'TESTUSER', {ts '2009-01-22 00:00:00.0'}, 1, {ts '2000-01-01 00:00:00.0'}, null, 'Active', '4', '134', 'kuali.org.Contain');
insert into KSOR_ORG_ORG_RELTN (ID, CREATEID, CREATETIME, UPDATEID, UPDATETIME, VERSIONIND, EFF_DT, EXPIR_DT, ST, ORG, RELATED_ORG, TYPE) values ('112', 'TESTUSER', {ts '2009-01-22 00:00:00.0'}, 'TESTUSER', {ts '2009-01-22 00:00:00.0'}, 1, {ts '2000-01-01 00:00:00.0'}, null, 'Active', '6', '134', 'kuali.org.Collaborate');
insert into KSOR_ORG_ORG_RELTN (ID, CREATEID, CREATETIME, UPDATEID, UPDATETIME, VERSIONIND, EFF_DT, EXPIR_DT, ST, ORG, RELATED_ORG, TYPE) values ('113', 'TESTUSER', {ts '2009-01-22 00:00:00.0'}, 'TESTUSER', {ts '2009-01-22 00:00:00.0'}, 1, {ts '2000-01-01 00:00:00.0'}, null, 'Active', '134', '135', 'kuali.org.Supercommittee');
insert into KSOR_ORG_ORG_RELTN (ID, CREATEID, CREATETIME, UPDATEID, UPDATETIME, VERSIONIND, EFF_DT, EXPIR_DT, ST, ORG, RELATED_ORG, TYPE) values ('114', 'TESTUSER', {ts '2009-01-22 00:00:00.0'}, 'TESTUSER', {ts '2009-01-22 00:00:00.0'}, 1, {ts '2000-01-01 00:00:00.0'}, null, 'Active', '134', '136', 'kuali.org.Supercommittee');
insert into KSOR_ORG_ORG_RELTN (ID, CREATEID, CREATETIME, UPDATEID, UPDATETIME, VERSIONIND, EFF_DT, EXPIR_DT, ST, ORG, RELATED_ORG, TYPE) values ('115', 'TESTUSER', {ts '2009-01-22 00:00:00.0'}, 'TESTUSER', {ts '2009-01-22 00:00:00.0'}, 1, {ts '2000-01-01 00:00:00.0'}, null, 'Active', '134', '137', 'kuali.org.Supercommittee');
insert into KSOR_ORG_ORG_RELTN (ID, CREATEID, CREATETIME, UPDATEID, UPDATETIME, VERSIONIND, EFF_DT, EXPIR_DT, ST, ORG, RELATED_ORG, TYPE) values ('116', 'TESTUSER', {ts '2009-01-22 00:00:00.0'}, 'TESTUSER', {ts '2009-01-22 00:00:00.0'}, 1, {ts '2000-01-01 00:00:00.0'}, null, 'Active', '134', '138', 'kuali.org.Supercommittee');
insert into KSOR_ORG_ORG_RELTN (ID, CREATEID, CREATETIME, UPDATEID, UPDATETIME, VERSIONIND, EFF_DT, EXPIR_DT, ST, ORG, RELATED_ORG, TYPE) values ('117', 'TESTUSER', {ts '2009-01-22 00:00:00.0'}, 'TESTUSER', {ts '2009-01-22 00:00:00.0'}, 1, {ts '2000-01-01 00:00:00.0'}, null, 'Active', '138', '139', 'kuali.org.Supercommittee');
insert into KSOR_ORG_ORG_RELTN (ID, CREATEID, CREATETIME, UPDATEID, UPDATETIME, VERSIONIND, EFF_DT, EXPIR_DT, ST, ORG, RELATED_ORG, TYPE) values ('118', 'TESTUSER', {ts '2009-01-22 00:00:00.0'}, 'TESTUSER', {ts '2009-01-22 00:00:00.0'}, 1, {ts '2000-01-01 00:00:00.0'}, null, 'Active', '134', '140', 'kuali.org.Supercommittee');
insert into KSOR_ORG_ORG_RELTN (ID, CREATEID, CREATETIME, UPDATEID, UPDATETIME, VERSIONIND, EFF_DT, EXPIR_DT, ST, ORG, RELATED_ORG, TYPE) values ('119', 'TESTUSER', {ts '2009-01-22 00:00:00.0'}, 'TESTUSER', {ts '2009-01-22 00:00:00.0'}, 1, {ts '2000-01-01 00:00:00.0'}, null, 'Active', '135', '141', 'kuali.org.Supercommittee');
insert into KSOR_ORG_ORG_RELTN (ID, CREATEID, CREATETIME, UPDATEID, UPDATETIME, VERSIONIND, EFF_DT, EXPIR_DT, ST, ORG, RELATED_ORG, TYPE) values ('12', 'TESTUSER', {ts '2009-01-22 00:00:00.0'}, 'TESTUSER', {ts '2009-01-22 00:00:00.0'}, 1, {ts '2000-01-01 00:00:00.0'}, null, 'Active', '14', '13', 'kuali.org.Administer');
insert into KSOR_ORG_ORG_RELTN (ID, CREATEID, CREATETIME, UPDATEID, UPDATETIME, VERSIONIND, EFF_DT, EXPIR_DT, ST, ORG, RELATED_ORG, TYPE) values ('13', 'TESTUSER', {ts '2009-01-22 00:00:00.0'}, 'TESTUSER', {ts '2009-01-22 00:00:00.0'}, 1, {ts '2000-01-01 00:00:00.0'}, null, 'Active', '4', '15', 'kuali.org.Contain');
insert into KSOR_ORG_ORG_RELTN (ID, CREATEID, CREATETIME, UPDATEID, UPDATETIME, VERSIONIND, EFF_DT, EXPIR_DT, ST, ORG, RELATED_ORG, TYPE) values ('14', 'TESTUSER', {ts '2009-01-22 00:00:00.0'}, 'TESTUSER', {ts '2009-01-22 00:00:00.0'}, 1, {ts '2000-01-01 00:00:00.0'}, null, 'Active', '4', '16', 'kuali.org.Contain');
insert into KSOR_ORG_ORG_RELTN (ID, CREATEID, CREATETIME, UPDATEID, UPDATETIME, VERSIONIND, EFF_DT, EXPIR_DT, ST, ORG, RELATED_ORG, TYPE) values ('15', 'TESTUSER', {ts '2009-01-22 00:00:00.0'}, 'TESTUSER', {ts '2009-01-22 00:00:00.0'}, 1, {ts '2000-01-01 00:00:00.0'}, null, 'Active', '4', '17', 'kuali.org.Contain');
insert into KSOR_ORG_ORG_RELTN (ID, CREATEID, CREATETIME, UPDATEID, UPDATETIME, VERSIONIND, EFF_DT, EXPIR_DT, ST, ORG, RELATED_ORG, TYPE) values ('154', 'TESTUSER', {ts '2009-01-22 00:00:00.0'}, 'TESTUSER', {ts '2009-01-22 00:00:00.0'}, 1, {ts '2000-01-01 00:00:00.0'}, null, 'Active', '28', '143', 'kuali.org.Charter');
insert into KSOR_ORG_ORG_RELTN (ID, CREATEID, CREATETIME, UPDATEID, UPDATETIME, VERSIONIND, EFF_DT, EXPIR_DT, ST, ORG, RELATED_ORG, TYPE) values ('155', 'TESTUSER', {ts '2009-01-22 00:00:00.0'}, 'TESTUSER', {ts '2009-01-22 00:00:00.0'}, 1, {ts '2000-01-01 00:00:00.0'}, null, 'Active', '29', '144', 'kuali.org.Charter');
insert into KSOR_ORG_ORG_RELTN (ID, CREATEID, CREATETIME, UPDATEID, UPDATETIME, VERSIONIND, EFF_DT, EXPIR_DT, ST, ORG, RELATED_ORG, TYPE) values ('156', 'TESTUSER', {ts '2009-01-22 00:00:00.0'}, 'TESTUSER', {ts '2009-01-22 00:00:00.0'}, 1, {ts '2000-01-01 00:00:00.0'}, null, 'Active', '30', '145', 'kuali.org.Charter');
insert into KSOR_ORG_ORG_RELTN (ID, CREATEID, CREATETIME, UPDATEID, UPDATETIME, VERSIONIND, EFF_DT, EXPIR_DT, ST, ORG, RELATED_ORG, TYPE) values ('157', 'TESTUSER', {ts '2009-01-22 00:00:00.0'}, 'TESTUSER', {ts '2009-01-22 00:00:00.0'}, 1, {ts '2000-01-01 00:00:00.0'}, null, 'Active', '31', '146', 'kuali.org.Charter');
insert into KSOR_ORG_ORG_RELTN (ID, CREATEID, CREATETIME, UPDATEID, UPDATETIME, VERSIONIND, EFF_DT, EXPIR_DT, ST, ORG, RELATED_ORG, TYPE) values ('158', 'TESTUSER', {ts '2009-01-22 00:00:00.0'}, 'TESTUSER', {ts '2009-01-22 00:00:00.0'}, 1, {ts '2000-01-01 00:00:00.0'}, null, 'Active', '50', '147', 'kuali.org.Charter');
insert into KSOR_ORG_ORG_RELTN (ID, CREATEID, CREATETIME, UPDATEID, UPDATETIME, VERSIONIND, EFF_DT, EXPIR_DT, ST, ORG, RELATED_ORG, TYPE) values ('159', 'TESTUSER', {ts '2009-01-22 00:00:00.0'}, 'TESTUSER', {ts '2009-01-22 00:00:00.0'}, 1, {ts '2000-01-01 00:00:00.0'}, null, 'Active', '51', '148', 'kuali.org.Charter');
insert into KSOR_ORG_ORG_RELTN (ID, CREATEID, CREATETIME, UPDATEID, UPDATETIME, VERSIONIND, EFF_DT, EXPIR_DT, ST, ORG, RELATED_ORG, TYPE) values ('16', 'TESTUSER', {ts '2009-01-22 00:00:00.0'}, 'TESTUSER', {ts '2009-01-22 00:00:00.0'}, 1, {ts '2000-01-01 00:00:00.0'}, null, 'Active', '4', '18', 'kuali.org.Contain');
insert into KSOR_ORG_ORG_RELTN (ID, CREATEID, CREATETIME, UPDATEID, UPDATETIME, VERSIONIND, EFF_DT, EXPIR_DT, ST, ORG, RELATED_ORG, TYPE) values ('160', 'TESTUSER', {ts '2009-01-22 00:00:00.0'}, 'TESTUSER', {ts '2009-01-22 00:00:00.0'}, 1, {ts '2000-01-01 00:00:00.0'}, null, 'Active', '52', '149', 'kuali.org.Charter');
insert into KSOR_ORG_ORG_RELTN (ID, CREATEID, CREATETIME, UPDATEID, UPDATETIME, VERSIONIND, EFF_DT, EXPIR_DT, ST, ORG, RELATED_ORG, TYPE) values ('161', 'TESTUSER', {ts '2009-01-22 00:00:00.0'}, 'TESTUSER', {ts '2009-01-22 00:00:00.0'}, 1, {ts '2000-01-01 00:00:00.0'}, null, 'Active', '53', '150', 'kuali.org.Charter');
insert into KSOR_ORG_ORG_RELTN (ID, CREATEID, CREATETIME, UPDATEID, UPDATETIME, VERSIONIND, EFF_DT, EXPIR_DT, ST, ORG, RELATED_ORG, TYPE) values ('162', 'TESTUSER', {ts '2009-01-22 00:00:00.0'}, 'TESTUSER', {ts '2009-01-22 00:00:00.0'}, 1, {ts '2000-01-01 00:00:00.0'}, null, 'Active', '54', '151', 'kuali.org.Charter');
insert into KSOR_ORG_ORG_RELTN (ID, CREATEID, CREATETIME, UPDATEID, UPDATETIME, VERSIONIND, EFF_DT, EXPIR_DT, ST, ORG, RELATED_ORG, TYPE) values ('163', 'TESTUSER', {ts '2009-01-22 00:00:00.0'}, 'TESTUSER', {ts '2009-01-22 00:00:00.0'}, 1, {ts '2000-01-01 00:00:00.0'}, null, 'Active', '55', '152', 'kuali.org.Charter');
insert into KSOR_ORG_ORG_RELTN (ID, CREATEID, CREATETIME, UPDATEID, UPDATETIME, VERSIONIND, EFF_DT, EXPIR_DT, ST, ORG, RELATED_ORG, TYPE) values ('164', 'TESTUSER', {ts '2009-01-22 00:00:00.0'}, 'TESTUSER', {ts '2009-01-22 00:00:00.0'}, 1, {ts '2000-01-01 00:00:00.0'}, null, 'Active', '56', '153', 'kuali.org.Charter');
insert into KSOR_ORG_ORG_RELTN (ID, CREATEID, CREATETIME, UPDATEID, UPDATETIME, VERSIONIND, EFF_DT, EXPIR_DT, ST, ORG, RELATED_ORG, TYPE) values ('165', 'TESTUSER', {ts '2009-01-22 00:00:00.0'}, 'TESTUSER', {ts '2009-01-22 00:00:00.0'}, 1, {ts '2000-01-01 00:00:00.0'}, null, 'Active', '57', '154', 'kuali.org.Charter');
insert into KSOR_ORG_ORG_RELTN (ID, CREATEID, CREATETIME, UPDATEID, UPDATETIME, VERSIONIND, EFF_DT, EXPIR_DT, ST, ORG, RELATED_ORG, TYPE) values ('166', 'TESTUSER', {ts '2009-01-22 00:00:00.0'}, 'TESTUSER', {ts '2009-01-22 00:00:00.0'}, 1, {ts '2000-01-01 00:00:00.0'}, null, 'Active', '58', '155', 'kuali.org.Charter');
insert into KSOR_ORG_ORG_RELTN (ID, CREATEID, CREATETIME, UPDATEID, UPDATETIME, VERSIONIND, EFF_DT, EXPIR_DT, ST, ORG, RELATED_ORG, TYPE) values ('167', 'TESTUSER', {ts '2009-01-22 00:00:00.0'}, 'TESTUSER', {ts '2009-01-22 00:00:00.0'}, 1, {ts '2000-01-01 00:00:00.0'}, null, 'Active', '59', '156', 'kuali.org.Charter');
insert into KSOR_ORG_ORG_RELTN (ID, CREATEID, CREATETIME, UPDATEID, UPDATETIME, VERSIONIND, EFF_DT, EXPIR_DT, ST, ORG, RELATED_ORG, TYPE) values ('168', 'TESTUSER', {ts '2009-01-22 00:00:00.0'}, 'TESTUSER', {ts '2009-01-22 00:00:00.0'}, 1, {ts '2000-01-01 00:00:00.0'}, null, 'Active', '60', '157', 'kuali.org.Charter');
insert into KSOR_ORG_ORG_RELTN (ID, CREATEID, CREATETIME, UPDATEID, UPDATETIME, VERSIONIND, EFF_DT, EXPIR_DT, ST, ORG, RELATED_ORG, TYPE) values ('169', 'TESTUSER', {ts '2009-01-22 00:00:00.0'}, 'TESTUSER', {ts '2009-01-22 00:00:00.0'}, 1, {ts '2000-01-01 00:00:00.0'}, null, 'Active', '61', '158', 'kuali.org.Charter');
insert into KSOR_ORG_ORG_RELTN (ID, CREATEID, CREATETIME, UPDATEID, UPDATETIME, VERSIONIND, EFF_DT, EXPIR_DT, ST, ORG, RELATED_ORG, TYPE) values ('17', 'TESTUSER', {ts '2009-01-22 00:00:00.0'}, 'TESTUSER', {ts '2009-01-22 00:00:00.0'}, 1, {ts '2000-01-01 00:00:00.0'}, null, 'Active', '15', '19', 'kuali.org.HQ');
insert into KSOR_ORG_ORG_RELTN (ID, CREATEID, CREATETIME, UPDATEID, UPDATETIME, VERSIONIND, EFF_DT, EXPIR_DT, ST, ORG, RELATED_ORG, TYPE) values ('170', 'TESTUSER', {ts '2009-01-22 00:00:00.0'}, 'TESTUSER', {ts '2009-01-22 00:00:00.0'}, 1, {ts '2000-01-01 00:00:00.0'}, null, 'Active', '62', '159', 'kuali.org.Charter');
insert into KSOR_ORG_ORG_RELTN (ID, CREATEID, CREATETIME, UPDATEID, UPDATETIME, VERSIONIND, EFF_DT, EXPIR_DT, ST, ORG, RELATED_ORG, TYPE) values ('171', 'TESTUSER', {ts '2009-01-22 00:00:00.0'}, 'TESTUSER', {ts '2009-01-22 00:00:00.0'}, 1, {ts '2000-01-01 00:00:00.0'}, null, 'Active', '63', '160', 'kuali.org.Charter');
insert into KSOR_ORG_ORG_RELTN (ID, CREATEID, CREATETIME, UPDATEID, UPDATETIME, VERSIONIND, EFF_DT, EXPIR_DT, ST, ORG, RELATED_ORG, TYPE) values ('172', 'TESTUSER', {ts '2009-01-22 00:00:00.0'}, 'TESTUSER', {ts '2009-01-22 00:00:00.0'}, 1, {ts '2000-01-01 00:00:00.0'}, null, 'Active', '64', '161', 'kuali.org.Charter');
insert into KSOR_ORG_ORG_RELTN (ID, CREATEID, CREATETIME, UPDATEID, UPDATETIME, VERSIONIND, EFF_DT, EXPIR_DT, ST, ORG, RELATED_ORG, TYPE) values ('173', 'TESTUSER', {ts '2009-01-22 00:00:00.0'}, 'TESTUSER', {ts '2009-01-22 00:00:00.0'}, 1, {ts '2000-01-01 00:00:00.0'}, null, 'Active', '65', '162', 'kuali.org.Charter');
insert into KSOR_ORG_ORG_RELTN (ID, CREATEID, CREATETIME, UPDATEID, UPDATETIME, VERSIONIND, EFF_DT, EXPIR_DT, ST, ORG, RELATED_ORG, TYPE) values ('174', 'TESTUSER', {ts '2009-01-22 00:00:00.0'}, 'TESTUSER', {ts '2009-01-22 00:00:00.0'}, 1, {ts '2000-01-01 00:00:00.0'}, null, 'Active', '66', '163', 'kuali.org.Charter');
insert into KSOR_ORG_ORG_RELTN (ID, CREATEID, CREATETIME, UPDATEID, UPDATETIME, VERSIONIND, EFF_DT, EXPIR_DT, ST, ORG, RELATED_ORG, TYPE) values ('175', 'TESTUSER', {ts '2009-01-22 00:00:00.0'}, 'TESTUSER', {ts '2009-01-22 00:00:00.0'}, 1, {ts '2000-01-01 00:00:00.0'}, null, 'Active', '67', '164', 'kuali.org.Charter');
insert into KSOR_ORG_ORG_RELTN (ID, CREATEID, CREATETIME, UPDATEID, UPDATETIME, VERSIONIND, EFF_DT, EXPIR_DT, ST, ORG, RELATED_ORG, TYPE) values ('176', 'TESTUSER', {ts '2009-01-22 00:00:00.0'}, 'TESTUSER', {ts '2009-01-22 00:00:00.0'}, 1, {ts '2000-01-01 00:00:00.0'}, null, 'Active', '68', '165', 'kuali.org.Charter');
insert into KSOR_ORG_ORG_RELTN (ID, CREATEID, CREATETIME, UPDATEID, UPDATETIME, VERSIONIND, EFF_DT, EXPIR_DT, ST, ORG, RELATED_ORG, TYPE) values ('177', 'TESTUSER', {ts '2009-01-22 00:00:00.0'}, 'TESTUSER', {ts '2009-01-22 00:00:00.0'}, 1, {ts '2000-01-01 00:00:00.0'}, null, 'Active', '69', '166', 'kuali.org.Charter');
insert into KSOR_ORG_ORG_RELTN (ID, CREATEID, CREATETIME, UPDATEID, UPDATETIME, VERSIONIND, EFF_DT, EXPIR_DT, ST, ORG, RELATED_ORG, TYPE) values ('178', 'TESTUSER', {ts '2009-01-22 00:00:00.0'}, 'TESTUSER', {ts '2009-01-22 00:00:00.0'}, 1, {ts '2000-01-01 00:00:00.0'}, null, 'Active', '49', '167', 'kuali.org.Charter');
insert into KSOR_ORG_ORG_RELTN (ID, CREATEID, CREATETIME, UPDATEID, UPDATETIME, VERSIONIND, EFF_DT, EXPIR_DT, ST, ORG, RELATED_ORG, TYPE) values ('179', 'TESTUSER', {ts '2009-01-22 00:00:00.0'}, 'TESTUSER', {ts '2009-01-22 00:00:00.0'}, 1, {ts '2000-01-01 00:00:00.0'}, null, 'Active', '32', '168', 'kuali.org.Charter');
insert into KSOR_ORG_ORG_RELTN (ID, CREATEID, CREATETIME, UPDATEID, UPDATETIME, VERSIONIND, EFF_DT, EXPIR_DT, ST, ORG, RELATED_ORG, TYPE) values ('18', 'TESTUSER', {ts '2009-01-22 00:00:00.0'}, 'TESTUSER', {ts '2009-01-22 00:00:00.0'}, 1, {ts '2000-01-01 00:00:00.0'}, null, 'Active', '16', '20', 'kuali.org.HQ');
insert into KSOR_ORG_ORG_RELTN (ID, CREATEID, CREATETIME, UPDATEID, UPDATETIME, VERSIONIND, EFF_DT, EXPIR_DT, ST, ORG, RELATED_ORG, TYPE) values ('180', 'TESTUSER', {ts '2009-01-22 00:00:00.0'}, 'TESTUSER', {ts '2009-01-22 00:00:00.0'}, 1, {ts '2000-01-01 00:00:00.0'}, null, 'Active', '33', '169', 'kuali.org.Charter');
insert into KSOR_ORG_ORG_RELTN (ID, CREATEID, CREATETIME, UPDATEID, UPDATETIME, VERSIONIND, EFF_DT, EXPIR_DT, ST, ORG, RELATED_ORG, TYPE) values ('181', 'TESTUSER', {ts '2009-01-22 00:00:00.0'}, 'TESTUSER', {ts '2009-01-22 00:00:00.0'}, 1, {ts '2000-01-01 00:00:00.0'}, null, 'Active', '34', '170', 'kuali.org.Charter');
insert into KSOR_ORG_ORG_RELTN (ID, CREATEID, CREATETIME, UPDATEID, UPDATETIME, VERSIONIND, EFF_DT, EXPIR_DT, ST, ORG, RELATED_ORG, TYPE) values ('183', 'TESTUSER', {ts '2009-01-22 00:00:00.0'}, 'TESTUSER', {ts '2009-01-22 00:00:00.0'}, 1, {ts '2000-01-01 00:00:00.0'}, null, 'Active', '69', '171', 'kuali.org.Charter');
insert into KSOR_ORG_ORG_RELTN (ID, CREATEID, CREATETIME, UPDATEID, UPDATETIME, VERSIONIND, EFF_DT, EXPIR_DT, ST, ORG, RELATED_ORG, TYPE) values ('185', 'TESTUSER', {ts '2009-01-22 00:00:00.0'}, 'TESTUSER', {ts '2009-01-22 00:00:00.0'}, 1, {ts '2000-01-01 00:00:00.0'}, null, 'Active', '141', '176', 'kuali.org.CurriculumParent');
insert into KSOR_ORG_ORG_RELTN (ID, CREATEID, CREATETIME, UPDATEID, UPDATETIME, VERSIONIND, EFF_DT, EXPIR_DT, ST, ORG, RELATED_ORG, TYPE) values ('186', 'TESTUSER', {ts '2009-01-22 00:00:00.0'}, 'TESTUSER', {ts '2009-01-22 00:00:00.0'}, 1, {ts '2000-01-01 00:00:00.0'}, null, 'Active', '141', '29', 'kuali.org.CurriculumParent');
insert into KSOR_ORG_ORG_RELTN (ID, CREATEID, CREATETIME, UPDATEID, UPDATETIME, VERSIONIND, EFF_DT, EXPIR_DT, ST, ORG, RELATED_ORG, TYPE) values ('187', 'TESTUSER', {ts '2009-01-22 00:00:00.0'}, 'TESTUSER', {ts '2009-01-22 00:00:00.0'}, 1, {ts '2000-01-01 00:00:00.0'}, null, 'Active', '141', '30', 'kuali.org.CurriculumParent');
insert into KSOR_ORG_ORG_RELTN (ID, CREATEID, CREATETIME, UPDATEID, UPDATETIME, VERSIONIND, EFF_DT, EXPIR_DT, ST, ORG, RELATED_ORG, TYPE) values ('188', 'TESTUSER', {ts '2009-01-22 00:00:00.0'}, 'TESTUSER', {ts '2009-01-22 00:00:00.0'}, 1, {ts '2000-01-01 00:00:00.0'}, null, 'Active', '29', '181', 'kuali.org.CurriculumParent');
insert into KSOR_ORG_ORG_RELTN (ID, CREATEID, CREATETIME, UPDATEID, UPDATETIME, VERSIONIND, EFF_DT, EXPIR_DT, ST, ORG, RELATED_ORG, TYPE) values ('189', 'TESTUSER', {ts '2009-01-22 00:00:00.0'}, 'TESTUSER', {ts '2009-01-22 00:00:00.0'}, 1, {ts '2000-01-01 00:00:00.0'}, null, 'Active', '29', '180', 'kuali.org.CurriculumParent');
insert into KSOR_ORG_ORG_RELTN (ID, CREATEID, CREATETIME, UPDATEID, UPDATETIME, VERSIONIND, EFF_DT, EXPIR_DT, ST, ORG, RELATED_ORG, TYPE) values ('19', 'TESTUSER', {ts '2009-01-22 00:00:00.0'}, 'TESTUSER', {ts '2009-01-22 00:00:00.0'}, 1, {ts '2000-01-01 00:00:00.0'}, null, 'Active', '17', '21', 'kuali.org.HQ');
insert into KSOR_ORG_ORG_RELTN (ID, CREATEID, CREATETIME, UPDATEID, UPDATETIME, VERSIONIND, EFF_DT, EXPIR_DT, ST, ORG, RELATED_ORG, TYPE) values ('190', 'TESTUSER', {ts '2009-01-22 00:00:00.0'}, 'TESTUSER', {ts '2009-01-22 00:00:00.0'}, 1, {ts '2000-01-01 00:00:00.0'}, null, 'Active', '29', '144', 'kuali.org.CurriculumParent');
insert into KSOR_ORG_ORG_RELTN (ID, CREATEID, CREATETIME, UPDATEID, UPDATETIME, VERSIONIND, EFF_DT, EXPIR_DT, ST, ORG, RELATED_ORG, TYPE) values ('191', 'TESTUSER', {ts '2009-01-22 00:00:00.0'}, 'TESTUSER', {ts '2009-01-22 00:00:00.0'}, 1, {ts '2000-01-01 00:00:00.0'}, null, 'Active', '30', '178', 'kuali.org.CurriculumParent');
insert into KSOR_ORG_ORG_RELTN (ID, CREATEID, CREATETIME, UPDATEID, UPDATETIME, VERSIONIND, EFF_DT, EXPIR_DT, ST, ORG, RELATED_ORG, TYPE) values ('192', 'TESTUSER', {ts '2009-01-22 00:00:00.0'}, 'TESTUSER', {ts '2009-01-22 00:00:00.0'}, 1, {ts '2000-01-01 00:00:00.0'}, null, 'Active', '30', '179', 'kuali.org.CurriculumParent');
insert into KSOR_ORG_ORG_RELTN (ID, CREATEID, CREATETIME, UPDATEID, UPDATETIME, VERSIONIND, EFF_DT, EXPIR_DT, ST, ORG, RELATED_ORG, TYPE) values ('193', 'TESTUSER', {ts '2009-01-22 00:00:00.0'}, 'TESTUSER', {ts '2009-01-22 00:00:00.0'}, 1, {ts '2000-01-01 00:00:00.0'}, null, 'Active', '30', '145', 'kuali.org.CurriculumParent');
insert into KSOR_ORG_ORG_RELTN (ID, CREATEID, CREATETIME, UPDATEID, UPDATETIME, VERSIONIND, EFF_DT, EXPIR_DT, ST, ORG, RELATED_ORG, TYPE) values ('194', 'TESTUSER', {ts '2009-01-22 00:00:00.0'}, 'TESTUSER', {ts '2009-01-22 00:00:00.0'}, 1, {ts '2000-01-01 00:00:00.0'}, null, 'Active', '181', '57', 'kuali.org.CurriculumParent');
insert into KSOR_ORG_ORG_RELTN (ID, CREATEID, CREATETIME, UPDATEID, UPDATETIME, VERSIONIND, EFF_DT, EXPIR_DT, ST, ORG, RELATED_ORG, TYPE) values ('195', 'TESTUSER', {ts '2009-01-22 00:00:00.0'}, 'TESTUSER', {ts '2009-01-22 00:00:00.0'}, 1, {ts '2000-01-01 00:00:00.0'}, null, 'Active', '181', '59', 'kuali.org.CurriculumParent');
insert into KSOR_ORG_ORG_RELTN (ID, CREATEID, CREATETIME, UPDATEID, UPDATETIME, VERSIONIND, EFF_DT, EXPIR_DT, ST, ORG, RELATED_ORG, TYPE) values ('196', 'TESTUSER', {ts '2009-01-22 00:00:00.0'}, 'TESTUSER', {ts '2009-01-22 00:00:00.0'}, 1, {ts '2000-01-01 00:00:00.0'}, null, 'Active', '181', '60', 'kuali.org.CurriculumParent');
insert into KSOR_ORG_ORG_RELTN (ID, CREATEID, CREATETIME, UPDATEID, UPDATETIME, VERSIONIND, EFF_DT, EXPIR_DT, ST, ORG, RELATED_ORG, TYPE) values ('197', 'TESTUSER', {ts '2009-01-22 00:00:00.0'}, 'TESTUSER', {ts '2009-01-22 00:00:00.0'}, 1, {ts '2000-01-01 00:00:00.0'}, null, 'Active', '181', '175', 'kuali.org.CurriculumParent');
insert into KSOR_ORG_ORG_RELTN (ID, CREATEID, CREATETIME, UPDATEID, UPDATETIME, VERSIONIND, EFF_DT, EXPIR_DT, ST, ORG, RELATED_ORG, TYPE) values ('198', 'TESTUSER', {ts '2009-01-22 00:00:00.0'}, 'TESTUSER', {ts '2009-01-22 00:00:00.0'}, 1, {ts '2000-01-01 00:00:00.0'}, null, 'Active', '180', '58', 'kuali.org.CurriculumParent');
insert into KSOR_ORG_ORG_RELTN (ID, CREATEID, CREATETIME, UPDATEID, UPDATETIME, VERSIONIND, EFF_DT, EXPIR_DT, ST, ORG, RELATED_ORG, TYPE) values ('199', 'TESTUSER', {ts '2009-01-22 00:00:00.0'}, 'TESTUSER', {ts '2009-01-22 00:00:00.0'}, 1, {ts '2000-01-01 00:00:00.0'}, null, 'Active', '180', '174', 'kuali.org.CurriculumParent');
insert into KSOR_ORG_ORG_RELTN (ID, CREATEID, CREATETIME, UPDATEID, UPDATETIME, VERSIONIND, EFF_DT, EXPIR_DT, ST, ORG, RELATED_ORG, TYPE) values ('2', 'TESTUSER', {ts '2009-01-22 00:00:00.0'}, 'TESTUSER', {ts '2009-01-22 00:00:00.0'}, 1, {ts '2000-01-01 00:00:00.0'}, null, 'Active', '1', '4', 'kuali.org.Contain');
insert into KSOR_ORG_ORG_RELTN (ID, CREATEID, CREATETIME, UPDATEID, UPDATETIME, VERSIONIND, EFF_DT, EXPIR_DT, ST, ORG, RELATED_ORG, TYPE) values ('20', 'TESTUSER', {ts '2009-01-22 00:00:00.0'}, 'TESTUSER', {ts '2009-01-22 00:00:00.0'}, 1, {ts '2000-01-01 00:00:00.0'}, null, 'Active', '18', '22', 'kuali.org.HQ');
insert into KSOR_ORG_ORG_RELTN (ID, CREATEID, CREATETIME, UPDATEID, UPDATETIME, VERSIONIND, EFF_DT, EXPIR_DT, ST, ORG, RELATED_ORG, TYPE) values ('200', 'TESTUSER', {ts '2009-01-22 00:00:00.0'}, 'TESTUSER', {ts '2009-01-22 00:00:00.0'}, 1, {ts '2000-01-01 00:00:00.0'}, null, 'Active', '178', '65', 'kuali.org.CurriculumParent');
insert into KSOR_ORG_ORG_RELTN (ID, CREATEID, CREATETIME, UPDATEID, UPDATETIME, VERSIONIND, EFF_DT, EXPIR_DT, ST, ORG, RELATED_ORG, TYPE) values ('201', 'TESTUSER', {ts '2009-01-22 00:00:00.0'}, 'TESTUSER', {ts '2009-01-22 00:00:00.0'}, 1, {ts '2000-01-01 00:00:00.0'}, null, 'Active', '178', '67', 'kuali.org.CurriculumParent');
insert into KSOR_ORG_ORG_RELTN (ID, CREATEID, CREATETIME, UPDATEID, UPDATETIME, VERSIONIND, EFF_DT, EXPIR_DT, ST, ORG, RELATED_ORG, TYPE) values ('202', 'TESTUSER', {ts '2009-01-22 00:00:00.0'}, 'TESTUSER', {ts '2009-01-22 00:00:00.0'}, 1, {ts '2000-01-01 00:00:00.0'}, null, 'Active', '178', '172', 'kuali.org.CurriculumParent');
insert into KSOR_ORG_ORG_RELTN (ID, CREATEID, CREATETIME, UPDATEID, UPDATETIME, VERSIONIND, EFF_DT, EXPIR_DT, ST, ORG, RELATED_ORG, TYPE) values ('203', 'TESTUSER', {ts '2009-01-22 00:00:00.0'}, 'TESTUSER', {ts '2009-01-22 00:00:00.0'}, 1, {ts '2000-01-01 00:00:00.0'}, null, 'Active', '179', '66', 'kuali.org.CurriculumParent');
insert into KSOR_ORG_ORG_RELTN (ID, CREATEID, CREATETIME, UPDATEID, UPDATETIME, VERSIONIND, EFF_DT, EXPIR_DT, ST, ORG, RELATED_ORG, TYPE) values ('204', 'TESTUSER', {ts '2009-01-22 00:00:00.0'}, 'TESTUSER', {ts '2009-01-22 00:00:00.0'}, 1, {ts '2000-01-01 00:00:00.0'}, null, 'Active', '179', '61', 'kuali.org.CurriculumParent');
insert into KSOR_ORG_ORG_RELTN (ID, CREATEID, CREATETIME, UPDATEID, UPDATETIME, VERSIONIND, EFF_DT, EXPIR_DT, ST, ORG, RELATED_ORG, TYPE) values ('205', 'TESTUSER', {ts '2009-01-22 00:00:00.0'}, 'TESTUSER', {ts '2009-01-22 00:00:00.0'}, 1, {ts '2000-01-01 00:00:00.0'}, null, 'Active', '179', '69', 'kuali.org.CurriculumParent');
insert into KSOR_ORG_ORG_RELTN (ID, CREATEID, CREATETIME, UPDATEID, UPDATETIME, VERSIONIND, EFF_DT, EXPIR_DT, ST, ORG, RELATED_ORG, TYPE) values ('206', 'TESTUSER', {ts '2009-01-22 00:00:00.0'}, 'TESTUSER', {ts '2009-01-22 00:00:00.0'}, 1, {ts '2000-01-01 00:00:00.0'}, null, 'Active', '179', '173', 'kuali.org.CurriculumParent');
insert into KSOR_ORG_ORG_RELTN (ID, CREATEID, CREATETIME, UPDATEID, UPDATETIME, VERSIONIND, EFF_DT, EXPIR_DT, ST, ORG, RELATED_ORG, TYPE) values ('207', 'TESTUSER', {ts '2009-01-22 00:00:00.0'}, 'TESTUSER', {ts '2009-01-22 00:00:00.0'}, 1, {ts '2000-01-01 00:00:00.0'}, null, 'Active', '57', '154', 'kuali.org.CurriculumParent');
insert into KSOR_ORG_ORG_RELTN (ID, CREATEID, CREATETIME, UPDATEID, UPDATETIME, VERSIONIND, EFF_DT, EXPIR_DT, ST, ORG, RELATED_ORG, TYPE) values ('208', 'TESTUSER', {ts '2009-01-22 00:00:00.0'}, 'TESTUSER', {ts '2009-01-22 00:00:00.0'}, 1, {ts '2000-01-01 00:00:00.0'}, null, 'Active', '59', '156', 'kuali.org.CurriculumParent');
insert into KSOR_ORG_ORG_RELTN (ID, CREATEID, CREATETIME, UPDATEID, UPDATETIME, VERSIONIND, EFF_DT, EXPIR_DT, ST, ORG, RELATED_ORG, TYPE) values ('209', 'TESTUSER', {ts '2009-01-22 00:00:00.0'}, 'TESTUSER', {ts '2009-01-22 00:00:00.0'}, 1, {ts '2000-01-01 00:00:00.0'}, null, 'Active', '60', '157', 'kuali.org.CurriculumParent');
insert into KSOR_ORG_ORG_RELTN (ID, CREATEID, CREATETIME, UPDATEID, UPDATETIME, VERSIONIND, EFF_DT, EXPIR_DT, ST, ORG, RELATED_ORG, TYPE) values ('21', 'TESTUSER', {ts '2009-01-22 00:00:00.0'}, 'TESTUSER', {ts '2009-01-22 00:00:00.0'}, 1, {ts '2000-01-01 00:00:00.0'}, null, 'Active', '19', '23', 'kuali.org.Supervise');
insert into KSOR_ORG_ORG_RELTN (ID, CREATEID, CREATETIME, UPDATEID, UPDATETIME, VERSIONIND, EFF_DT, EXPIR_DT, ST, ORG, RELATED_ORG, TYPE) values ('210', 'TESTUSER', {ts '2009-01-22 00:00:00.0'}, 'TESTUSER', {ts '2009-01-22 00:00:00.0'}, 1, {ts '2000-01-01 00:00:00.0'}, null, 'Active', '58', '155', 'kuali.org.CurriculumParent');
insert into KSOR_ORG_ORG_RELTN (ID, CREATEID, CREATETIME, UPDATEID, UPDATETIME, VERSIONIND, EFF_DT, EXPIR_DT, ST, ORG, RELATED_ORG, TYPE) values ('211', 'TESTUSER', {ts '2009-01-22 00:00:00.0'}, 'TESTUSER', {ts '2009-01-22 00:00:00.0'}, 1, {ts '2000-01-01 00:00:00.0'}, null, 'Active', '65', '162', 'kuali.org.CurriculumParent');
insert into KSOR_ORG_ORG_RELTN (ID, CREATEID, CREATETIME, UPDATEID, UPDATETIME, VERSIONIND, EFF_DT, EXPIR_DT, ST, ORG, RELATED_ORG, TYPE) values ('212', 'TESTUSER', {ts '2009-01-22 00:00:00.0'}, 'TESTUSER', {ts '2009-01-22 00:00:00.0'}, 1, {ts '2000-01-01 00:00:00.0'}, null, 'Active', '67', '164', 'kuali.org.CurriculumParent');
insert into KSOR_ORG_ORG_RELTN (ID, CREATEID, CREATETIME, UPDATEID, UPDATETIME, VERSIONIND, EFF_DT, EXPIR_DT, ST, ORG, RELATED_ORG, TYPE) values ('213', 'TESTUSER', {ts '2009-01-22 00:00:00.0'}, 'TESTUSER', {ts '2009-01-22 00:00:00.0'}, 1, {ts '2000-01-01 00:00:00.0'}, null, 'Active', '66', '163', 'kuali.org.CurriculumParent');
insert into KSOR_ORG_ORG_RELTN (ID, CREATEID, CREATETIME, UPDATEID, UPDATETIME, VERSIONIND, EFF_DT, EXPIR_DT, ST, ORG, RELATED_ORG, TYPE) values ('214', 'TESTUSER', {ts '2009-01-22 00:00:00.0'}, 'TESTUSER', {ts '2009-01-22 00:00:00.0'}, 1, {ts '2000-01-01 00:00:00.0'}, null, 'Active', '61', '158', 'kuali.org.CurriculumParent');
insert into KSOR_ORG_ORG_RELTN (ID, CREATEID, CREATETIME, UPDATEID, UPDATETIME, VERSIONIND, EFF_DT, EXPIR_DT, ST, ORG, RELATED_ORG, TYPE) values ('215', 'TESTUSER', {ts '2009-01-22 00:00:00.0'}, 'TESTUSER', {ts '2009-01-22 00:00:00.0'}, 1, {ts '2000-01-01 00:00:00.0'}, null, 'Active', '69', '166', 'kuali.org.CurriculumParent');
insert into KSOR_ORG_ORG_RELTN (ID, CREATEID, CREATETIME, UPDATEID, UPDATETIME, VERSIONIND, EFF_DT, EXPIR_DT, ST, ORG, RELATED_ORG, TYPE) values ('22', 'TESTUSER', {ts '2009-01-22 00:00:00.0'}, 'TESTUSER', {ts '2009-01-22 00:00:00.0'}, 1, {ts '2000-01-01 00:00:00.0'}, null, 'Active', '21', '25', 'kuali.org.Supervise');
insert into KSOR_ORG_ORG_RELTN (ID, CREATEID, CREATETIME, UPDATEID, UPDATETIME, VERSIONIND, EFF_DT, EXPIR_DT, ST, ORG, RELATED_ORG, TYPE) values ('23', 'TESTUSER', {ts '2009-01-22 00:00:00.0'}, 'TESTUSER', {ts '2009-01-22 00:00:00.0'}, 1, {ts '2000-01-01 00:00:00.0'}, null, 'Active', '24', '25', 'kuali.org.HQ');
insert into KSOR_ORG_ORG_RELTN (ID, CREATEID, CREATETIME, UPDATEID, UPDATETIME, VERSIONIND, EFF_DT, EXPIR_DT, ST, ORG, RELATED_ORG, TYPE) values ('24', 'TESTUSER', {ts '2009-01-22 00:00:00.0'}, 'TESTUSER', {ts '2009-01-22 00:00:00.0'}, 1, {ts '2000-01-01 00:00:00.0'}, null, 'Active', '15', '24', 'kuali.org.Contain');
insert into KSOR_ORG_ORG_RELTN (ID, CREATEID, CREATETIME, UPDATEID, UPDATETIME, VERSIONIND, EFF_DT, EXPIR_DT, ST, ORG, RELATED_ORG, TYPE) values ('25', 'TESTUSER', {ts '2009-01-22 00:00:00.0'}, 'TESTUSER', {ts '2009-01-22 00:00:00.0'}, 1, {ts '2000-01-01 00:00:00.0'}, null, 'Active', '15', '26', 'kuali.org.Contain');
insert into KSOR_ORG_ORG_RELTN (ID, CREATEID, CREATETIME, UPDATEID, UPDATETIME, VERSIONIND, EFF_DT, EXPIR_DT, ST, ORG, RELATED_ORG, TYPE) values ('26', 'TESTUSER', {ts '2009-01-22 00:00:00.0'}, 'TESTUSER', {ts '2009-01-22 00:00:00.0'}, 1, {ts '2000-01-01 00:00:00.0'}, null, 'Active', '26', '27', 'kuali.org.HQ');
insert into KSOR_ORG_ORG_RELTN (ID, CREATEID, CREATETIME, UPDATEID, UPDATETIME, VERSIONIND, EFF_DT, EXPIR_DT, ST, ORG, RELATED_ORG, TYPE) values ('27', 'TESTUSER', {ts '2009-01-22 00:00:00.0'}, 'TESTUSER', {ts '2009-01-22 00:00:00.0'}, 1, {ts '2000-01-01 00:00:00.0'}, null, 'Active', '15', '28', 'kuali.org.Contain');
insert into KSOR_ORG_ORG_RELTN (ID, CREATEID, CREATETIME, UPDATEID, UPDATETIME, VERSIONIND, EFF_DT, EXPIR_DT, ST, ORG, RELATED_ORG, TYPE) values ('28', 'TESTUSER', {ts '2009-01-22 00:00:00.0'}, 'TESTUSER', {ts '2009-01-22 00:00:00.0'}, 1, {ts '2000-01-01 00:00:00.0'}, null, 'Active', '15', '29', 'kuali.org.Contain');
insert into KSOR_ORG_ORG_RELTN (ID, CREATEID, CREATETIME, UPDATEID, UPDATETIME, VERSIONIND, EFF_DT, EXPIR_DT, ST, ORG, RELATED_ORG, TYPE) values ('29', 'TESTUSER', {ts '2009-01-22 00:00:00.0'}, 'TESTUSER', {ts '2009-01-22 00:00:00.0'}, 1, {ts '2000-01-01 00:00:00.0'}, null, 'Active', '15', '31', 'kuali.org.Contain');
insert into KSOR_ORG_ORG_RELTN (ID, CREATEID, CREATETIME, UPDATEID, UPDATETIME, VERSIONIND, EFF_DT, EXPIR_DT, ST, ORG, RELATED_ORG, TYPE) values ('3', 'TESTUSER', {ts '2009-01-22 00:00:00.0'}, 'TESTUSER', {ts '2009-01-22 00:00:00.0'}, 1, {ts '2000-01-01 00:00:00.0'}, null, 'Active', '5', '4', 'kuali.org.Board');
insert into KSOR_ORG_ORG_RELTN (ID, CREATEID, CREATETIME, UPDATEID, UPDATETIME, VERSIONIND, EFF_DT, EXPIR_DT, ST, ORG, RELATED_ORG, TYPE) values ('30', 'TESTUSER', {ts '2009-01-22 00:00:00.0'}, 'TESTUSER', {ts '2009-01-22 00:00:00.0'}, 1, {ts '2000-01-01 00:00:00.0'}, null, 'Active', '15', '30', 'kuali.org.Contain');
insert into KSOR_ORG_ORG_RELTN (ID, CREATEID, CREATETIME, UPDATEID, UPDATETIME, VERSIONIND, EFF_DT, EXPIR_DT, ST, ORG, RELATED_ORG, TYPE) values ('31', 'TESTUSER', {ts '2009-01-22 00:00:00.0'}, 'TESTUSER', {ts '2009-01-22 00:00:00.0'}, 1, {ts '2000-01-01 00:00:00.0'}, null, 'Active', '15', '32', 'kuali.org.Contain');
insert into KSOR_ORG_ORG_RELTN (ID, CREATEID, CREATETIME, UPDATEID, UPDATETIME, VERSIONIND, EFF_DT, EXPIR_DT, ST, ORG, RELATED_ORG, TYPE) values ('32', 'TESTUSER', {ts '2009-01-22 00:00:00.0'}, 'TESTUSER', {ts '2009-01-22 00:00:00.0'}, 1, {ts '2000-01-01 00:00:00.0'}, null, 'Active', '15', '33', 'kuali.org.Contain');
insert into KSOR_ORG_ORG_RELTN (ID, CREATEID, CREATETIME, UPDATEID, UPDATETIME, VERSIONIND, EFF_DT, EXPIR_DT, ST, ORG, RELATED_ORG, TYPE) values ('33', 'TESTUSER', {ts '2009-01-22 00:00:00.0'}, 'TESTUSER', {ts '2009-01-22 00:00:00.0'}, 1, {ts '2000-01-01 00:00:00.0'}, null, 'Active', '15', '34', 'kuali.org.Contain');
insert into KSOR_ORG_ORG_RELTN (ID, CREATEID, CREATETIME, UPDATEID, UPDATETIME, VERSIONIND, EFF_DT, EXPIR_DT, ST, ORG, RELATED_ORG, TYPE) values ('34', 'TESTUSER', {ts '2009-01-22 00:00:00.0'}, 'TESTUSER', {ts '2009-01-22 00:00:00.0'}, 1, {ts '2000-01-01 00:00:00.0'}, null, 'Active', '28', '35', 'kuali.org.HQ');
insert into KSOR_ORG_ORG_RELTN (ID, CREATEID, CREATETIME, UPDATEID, UPDATETIME, VERSIONIND, EFF_DT, EXPIR_DT, ST, ORG, RELATED_ORG, TYPE) values ('35', 'TESTUSER', {ts '2009-01-22 00:00:00.0'}, 'TESTUSER', {ts '2009-01-22 00:00:00.0'}, 1, {ts '2000-01-01 00:00:00.0'}, null, 'Active', '29', '36', 'kuali.org.HQ');
insert into KSOR_ORG_ORG_RELTN (ID, CREATEID, CREATETIME, UPDATEID, UPDATETIME, VERSIONIND, EFF_DT, EXPIR_DT, ST, ORG, RELATED_ORG, TYPE) values ('36', 'TESTUSER', {ts '2009-01-22 00:00:00.0'}, 'TESTUSER', {ts '2009-01-22 00:00:00.0'}, 1, {ts '2000-01-01 00:00:00.0'}, null, 'Active', '31', '37', 'kuali.org.HQ');
insert into KSOR_ORG_ORG_RELTN (ID, CREATEID, CREATETIME, UPDATEID, UPDATETIME, VERSIONIND, EFF_DT, EXPIR_DT, ST, ORG, RELATED_ORG, TYPE) values ('37', 'TESTUSER', {ts '2009-01-22 00:00:00.0'}, 'TESTUSER', {ts '2009-01-22 00:00:00.0'}, 1, {ts '2000-01-01 00:00:00.0'}, null, 'Active', '30', '38', 'kuali.org.HQ');
insert into KSOR_ORG_ORG_RELTN (ID, CREATEID, CREATETIME, UPDATEID, UPDATETIME, VERSIONIND, EFF_DT, EXPIR_DT, ST, ORG, RELATED_ORG, TYPE) values ('38', 'TESTUSER', {ts '2009-01-22 00:00:00.0'}, 'TESTUSER', {ts '2009-01-22 00:00:00.0'}, 1, {ts '2000-01-01 00:00:00.0'}, null, 'Active', '15', '39', 'kuali.org.Contain');
insert into KSOR_ORG_ORG_RELTN (ID, CREATEID, CREATETIME, UPDATEID, UPDATETIME, VERSIONIND, EFF_DT, EXPIR_DT, ST, ORG, RELATED_ORG, TYPE) values ('39', 'TESTUSER', {ts '2009-01-22 00:00:00.0'}, 'TESTUSER', {ts '2009-01-22 00:00:00.0'}, 1, {ts '2000-01-01 00:00:00.0'}, null, 'Active', '28', '50', 'kuali.org.Contain');
insert into KSOR_ORG_ORG_RELTN (ID, CREATEID, CREATETIME, UPDATEID, UPDATETIME, VERSIONIND, EFF_DT, EXPIR_DT, ST, ORG, RELATED_ORG, TYPE) values ('4', 'TESTUSER', {ts '2009-01-22 00:00:00.0'}, 'TESTUSER', {ts '2009-01-22 00:00:00.0'}, 1, {ts '2000-01-01 00:00:00.0'}, null, 'Active', '4', '6', 'kuali.org.HQ');
insert into KSOR_ORG_ORG_RELTN (ID, CREATEID, CREATETIME, UPDATEID, UPDATETIME, VERSIONIND, EFF_DT, EXPIR_DT, ST, ORG, RELATED_ORG, TYPE) values ('40', 'TESTUSER', {ts '2009-01-22 00:00:00.0'}, 'TESTUSER', {ts '2009-01-22 00:00:00.0'}, 1, {ts '2000-01-01 00:00:00.0'}, null, 'Active', '28', '51', 'kuali.org.Contain');
insert into KSOR_ORG_ORG_RELTN (ID, CREATEID, CREATETIME, UPDATEID, UPDATETIME, VERSIONIND, EFF_DT, EXPIR_DT, ST, ORG, RELATED_ORG, TYPE) values ('41', 'TESTUSER', {ts '2009-01-22 00:00:00.0'}, 'TESTUSER', {ts '2009-01-22 00:00:00.0'}, 1, {ts '2000-01-01 00:00:00.0'}, null, 'Active', '28', '52', 'kuali.org.Contain');
insert into KSOR_ORG_ORG_RELTN (ID, CREATEID, CREATETIME, UPDATEID, UPDATETIME, VERSIONIND, EFF_DT, EXPIR_DT, ST, ORG, RELATED_ORG, TYPE) values ('42', 'TESTUSER', {ts '2009-01-22 00:00:00.0'}, 'TESTUSER', {ts '2009-01-22 00:00:00.0'}, 1, {ts '2000-01-01 00:00:00.0'}, null, 'Active', '28', '53', 'kuali.org.Contain');
insert into KSOR_ORG_ORG_RELTN (ID, CREATEID, CREATETIME, UPDATEID, UPDATETIME, VERSIONIND, EFF_DT, EXPIR_DT, ST, ORG, RELATED_ORG, TYPE) values ('43', 'TESTUSER', {ts '2009-01-22 00:00:00.0'}, 'TESTUSER', {ts '2009-01-22 00:00:00.0'}, 1, {ts '2000-01-01 00:00:00.0'}, null, 'Active', '28', '54', 'kuali.org.Contain');
insert into KSOR_ORG_ORG_RELTN (ID, CREATEID, CREATETIME, UPDATEID, UPDATETIME, VERSIONIND, EFF_DT, EXPIR_DT, ST, ORG, RELATED_ORG, TYPE) values ('44', 'TESTUSER', {ts '2009-01-22 00:00:00.0'}, 'TESTUSER', {ts '2009-01-22 00:00:00.0'}, 1, {ts '2000-01-01 00:00:00.0'}, null, 'Active', '28', '55', 'kuali.org.Contain');
insert into KSOR_ORG_ORG_RELTN (ID, CREATEID, CREATETIME, UPDATEID, UPDATETIME, VERSIONIND, EFF_DT, EXPIR_DT, ST, ORG, RELATED_ORG, TYPE) values ('45', 'TESTUSER', {ts '2009-01-22 00:00:00.0'}, 'TESTUSER', {ts '2009-01-22 00:00:00.0'}, 1, {ts '2000-01-01 00:00:00.0'}, null, 'Active', '29', '56', 'kuali.org.Contain');
insert into KSOR_ORG_ORG_RELTN (ID, CREATEID, CREATETIME, UPDATEID, UPDATETIME, VERSIONIND, EFF_DT, EXPIR_DT, ST, ORG, RELATED_ORG, TYPE) values ('46', 'TESTUSER', {ts '2009-01-22 00:00:00.0'}, 'TESTUSER', {ts '2009-01-22 00:00:00.0'}, 1, {ts '2000-01-01 00:00:00.0'}, null, 'Active', '29', '57', 'kuali.org.Contain');
insert into KSOR_ORG_ORG_RELTN (ID, CREATEID, CREATETIME, UPDATEID, UPDATETIME, VERSIONIND, EFF_DT, EXPIR_DT, ST, ORG, RELATED_ORG, TYPE) values ('47', 'TESTUSER', {ts '2009-01-22 00:00:00.0'}, 'TESTUSER', {ts '2009-01-22 00:00:00.0'}, 1, {ts '2000-01-01 00:00:00.0'}, null, 'Active', '29', '58', 'kuali.org.Contain');
insert into KSOR_ORG_ORG_RELTN (ID, CREATEID, CREATETIME, UPDATEID, UPDATETIME, VERSIONIND, EFF_DT, EXPIR_DT, ST, ORG, RELATED_ORG, TYPE) values ('48', 'TESTUSER', {ts '2009-01-22 00:00:00.0'}, 'TESTUSER', {ts '2009-01-22 00:00:00.0'}, 1, {ts '2000-01-01 00:00:00.0'}, null, 'Active', '29', '59', 'kuali.org.Contain');
insert into KSOR_ORG_ORG_RELTN (ID, CREATEID, CREATETIME, UPDATEID, UPDATETIME, VERSIONIND, EFF_DT, EXPIR_DT, ST, ORG, RELATED_ORG, TYPE) values ('49', 'TESTUSER', {ts '2009-01-22 00:00:00.0'}, 'TESTUSER', {ts '2009-01-22 00:00:00.0'}, 1, {ts '2000-01-01 00:00:00.0'}, null, 'Active', '29', '60', 'kuali.org.Contain');
insert into KSOR_ORG_ORG_RELTN (ID, CREATEID, CREATETIME, UPDATEID, UPDATETIME, VERSIONIND, EFF_DT, EXPIR_DT, ST, ORG, RELATED_ORG, TYPE) values ('5', 'TESTUSER', {ts '2009-01-22 00:00:00.0'}, 'TESTUSER', {ts '2009-01-22 00:00:00.0'}, 1, {ts '2000-01-01 00:00:00.0'}, null, 'Active', '6', '7', 'kuali.org.Advisory');
insert into KSOR_ORG_ORG_RELTN (ID, CREATEID, CREATETIME, UPDATEID, UPDATETIME, VERSIONIND, EFF_DT, EXPIR_DT, ST, ORG, RELATED_ORG, TYPE) values ('50', 'TESTUSER', {ts '2009-01-22 00:00:00.0'}, 'TESTUSER', {ts '2009-01-22 00:00:00.0'}, 1, {ts '2000-01-01 00:00:00.0'}, null, 'Active', '56', '60', 'kuali.org.Collaborate');
insert into KSOR_ORG_ORG_RELTN (ID, CREATEID, CREATETIME, UPDATEID, UPDATETIME, VERSIONIND, EFF_DT, EXPIR_DT, ST, ORG, RELATED_ORG, TYPE) values ('51', 'TESTUSER', {ts '2009-01-22 00:00:00.0'}, 'TESTUSER', {ts '2009-01-22 00:00:00.0'}, 1, {ts '2000-01-01 00:00:00.0'}, null, 'Active', '57', '60', 'kuali.org.Collaborate');
insert into KSOR_ORG_ORG_RELTN (ID, CREATEID, CREATETIME, UPDATEID, UPDATETIME, VERSIONIND, EFF_DT, EXPIR_DT, ST, ORG, RELATED_ORG, TYPE) values ('52', 'TESTUSER', {ts '2009-01-22 00:00:00.0'}, 'TESTUSER', {ts '2009-01-22 00:00:00.0'}, 1, {ts '2000-01-01 00:00:00.0'}, null, 'Active', '58', '60', 'kuali.org.Collaborate');
insert into KSOR_ORG_ORG_RELTN (ID, CREATEID, CREATETIME, UPDATEID, UPDATETIME, VERSIONIND, EFF_DT, EXPIR_DT, ST, ORG, RELATED_ORG, TYPE) values ('53', 'TESTUSER', {ts '2009-01-22 00:00:00.0'}, 'TESTUSER', {ts '2009-01-22 00:00:00.0'}, 1, {ts '2000-01-01 00:00:00.0'}, null, 'Active', '59', '60', 'kuali.org.Collaborate');
insert into KSOR_ORG_ORG_RELTN (ID, CREATEID, CREATETIME, UPDATEID, UPDATETIME, VERSIONIND, EFF_DT, EXPIR_DT, ST, ORG, RELATED_ORG, TYPE) values ('54', 'TESTUSER', {ts '2009-01-22 00:00:00.0'}, 'TESTUSER', {ts '2009-01-22 00:00:00.0'}, 1, {ts '2000-01-01 00:00:00.0'}, null, 'Active', '31', '61', 'kuali.org.Contain');
insert into KSOR_ORG_ORG_RELTN (ID, CREATEID, CREATETIME, UPDATEID, UPDATETIME, VERSIONIND, EFF_DT, EXPIR_DT, ST, ORG, RELATED_ORG, TYPE) values ('55', 'TESTUSER', {ts '2009-01-22 00:00:00.0'}, 'TESTUSER', {ts '2009-01-22 00:00:00.0'}, 1, {ts '2000-01-01 00:00:00.0'}, null, 'Active', '31', '62', 'kuali.org.Contain');
insert into KSOR_ORG_ORG_RELTN (ID, CREATEID, CREATETIME, UPDATEID, UPDATETIME, VERSIONIND, EFF_DT, EXPIR_DT, ST, ORG, RELATED_ORG, TYPE) values ('56', 'TESTUSER', {ts '2009-01-22 00:00:00.0'}, 'TESTUSER', {ts '2009-01-22 00:00:00.0'}, 1, {ts '2000-01-01 00:00:00.0'}, null, 'Active', '31', '63', 'kuali.org.Contain');
insert into KSOR_ORG_ORG_RELTN (ID, CREATEID, CREATETIME, UPDATEID, UPDATETIME, VERSIONIND, EFF_DT, EXPIR_DT, ST, ORG, RELATED_ORG, TYPE) values ('57', 'TESTUSER', {ts '2009-01-22 00:00:00.0'}, 'TESTUSER', {ts '2009-01-22 00:00:00.0'}, 1, {ts '2000-01-01 00:00:00.0'}, null, 'Active', '31', '64', 'kuali.org.Contain');
insert into KSOR_ORG_ORG_RELTN (ID, CREATEID, CREATETIME, UPDATEID, UPDATETIME, VERSIONIND, EFF_DT, EXPIR_DT, ST, ORG, RELATED_ORG, TYPE) values ('58', 'TESTUSER', {ts '2009-01-22 00:00:00.0'}, 'TESTUSER', {ts '2009-01-22 00:00:00.0'}, 1, {ts '2000-01-01 00:00:00.0'}, null, 'Active', '32', '70', 'kuali.org.Contain');
insert into KSOR_ORG_ORG_RELTN (ID, CREATEID, CREATETIME, UPDATEID, UPDATETIME, VERSIONIND, EFF_DT, EXPIR_DT, ST, ORG, RELATED_ORG, TYPE) values ('59', 'TESTUSER', {ts '2009-01-22 00:00:00.0'}, 'TESTUSER', {ts '2009-01-22 00:00:00.0'}, 1, {ts '2000-01-01 00:00:00.0'}, null, 'Active', '32', '71', 'kuali.org.Contain');
insert into KSOR_ORG_ORG_RELTN (ID, CREATEID, CREATETIME, UPDATEID, UPDATETIME, VERSIONIND, EFF_DT, EXPIR_DT, ST, ORG, RELATED_ORG, TYPE) values ('6', 'TESTUSER', {ts '2009-01-22 00:00:00.0'}, 'TESTUSER', {ts '2009-01-22 00:00:00.0'}, 1, {ts '2000-01-01 00:00:00.0'}, null, 'Active', '6', '8', 'kuali.org.Advisory');
insert into KSOR_ORG_ORG_RELTN (ID, CREATEID, CREATETIME, UPDATEID, UPDATETIME, VERSIONIND, EFF_DT, EXPIR_DT, ST, ORG, RELATED_ORG, TYPE) values ('60', 'TESTUSER', {ts '2009-01-22 00:00:00.0'}, 'TESTUSER', {ts '2009-01-22 00:00:00.0'}, 1, {ts '2000-01-01 00:00:00.0'}, null, 'Active', '32', '72', 'kuali.org.Contain');
insert into KSOR_ORG_ORG_RELTN (ID, CREATEID, CREATETIME, UPDATEID, UPDATETIME, VERSIONIND, EFF_DT, EXPIR_DT, ST, ORG, RELATED_ORG, TYPE) values ('61', 'TESTUSER', {ts '2009-01-22 00:00:00.0'}, 'TESTUSER', {ts '2009-01-22 00:00:00.0'}, 1, {ts '2000-01-01 00:00:00.0'}, null, 'Active', '32', '73', 'kuali.org.Contain');
insert into KSOR_ORG_ORG_RELTN (ID, CREATEID, CREATETIME, UPDATEID, UPDATETIME, VERSIONIND, EFF_DT, EXPIR_DT, ST, ORG, RELATED_ORG, TYPE) values ('62', 'TESTUSER', {ts '2009-01-22 00:00:00.0'}, 'TESTUSER', {ts '2009-01-22 00:00:00.0'}, 1, {ts '2000-01-01 00:00:00.0'}, null, 'Active', '30', '65', 'kuali.org.Contain');
insert into KSOR_ORG_ORG_RELTN (ID, CREATEID, CREATETIME, UPDATEID, UPDATETIME, VERSIONIND, EFF_DT, EXPIR_DT, ST, ORG, RELATED_ORG, TYPE) values ('63', 'TESTUSER', {ts '2009-01-22 00:00:00.0'}, 'TESTUSER', {ts '2009-01-22 00:00:00.0'}, 1, {ts '2000-01-01 00:00:00.0'}, null, 'Active', '30', '66', 'kuali.org.Contain');
insert into KSOR_ORG_ORG_RELTN (ID, CREATEID, CREATETIME, UPDATEID, UPDATETIME, VERSIONIND, EFF_DT, EXPIR_DT, ST, ORG, RELATED_ORG, TYPE) values ('64', 'TESTUSER', {ts '2009-01-22 00:00:00.0'}, 'TESTUSER', {ts '2009-01-22 00:00:00.0'}, 1, {ts '2000-01-01 00:00:00.0'}, null, 'Active', '30', '67', 'kuali.org.Contain');
insert into KSOR_ORG_ORG_RELTN (ID, CREATEID, CREATETIME, UPDATEID, UPDATETIME, VERSIONIND, EFF_DT, EXPIR_DT, ST, ORG, RELATED_ORG, TYPE) values ('65', 'TESTUSER', {ts '2009-01-22 00:00:00.0'}, 'TESTUSER', {ts '2009-01-22 00:00:00.0'}, 1, {ts '2000-01-01 00:00:00.0'}, null, 'Active', '30', '68', 'kuali.org.Contain');
insert into KSOR_ORG_ORG_RELTN (ID, CREATEID, CREATETIME, UPDATEID, UPDATETIME, VERSIONIND, EFF_DT, EXPIR_DT, ST, ORG, RELATED_ORG, TYPE) values ('66', 'TESTUSER', {ts '2009-01-22 00:00:00.0'}, 'TESTUSER', {ts '2009-01-22 00:00:00.0'}, 1, {ts '2000-01-01 00:00:00.0'}, null, 'Active', '30', '69', 'kuali.org.Contain');
insert into KSOR_ORG_ORG_RELTN (ID, CREATEID, CREATETIME, UPDATEID, UPDATETIME, VERSIONIND, EFF_DT, EXPIR_DT, ST, ORG, RELATED_ORG, TYPE) values ('67', 'TESTUSER', {ts '2009-01-22 00:00:00.0'}, 'TESTUSER', {ts '2009-01-22 00:00:00.0'}, 1, {ts '2000-01-01 00:00:00.0'}, null, 'Active', '39', '40', 'kuali.org.Contain');
insert into KSOR_ORG_ORG_RELTN (ID, CREATEID, CREATETIME, UPDATEID, UPDATETIME, VERSIONIND, EFF_DT, EXPIR_DT, ST, ORG, RELATED_ORG, TYPE) values ('68', 'TESTUSER', {ts '2009-01-22 00:00:00.0'}, 'TESTUSER', {ts '2009-01-22 00:00:00.0'}, 1, {ts '2000-01-01 00:00:00.0'}, null, 'Active', '19', '74', 'kuali.org.Contain');
insert into KSOR_ORG_ORG_RELTN (ID, CREATEID, CREATETIME, UPDATEID, UPDATETIME, VERSIONIND, EFF_DT, EXPIR_DT, ST, ORG, RELATED_ORG, TYPE) values ('69', 'TESTUSER', {ts '2009-01-22 00:00:00.0'}, 'TESTUSER', {ts '2009-01-22 00:00:00.0'}, 1, {ts '2000-01-01 00:00:00.0'}, null, 'Active', '19', '75', 'kuali.org.Contain');
insert into KSOR_ORG_ORG_RELTN (ID, CREATEID, CREATETIME, UPDATEID, UPDATETIME, VERSIONIND, EFF_DT, EXPIR_DT, ST, ORG, RELATED_ORG, TYPE) values ('7', 'TESTUSER', {ts '2009-01-22 00:00:00.0'}, 'TESTUSER', {ts '2009-01-22 00:00:00.0'}, 1, {ts '2000-01-01 00:00:00.0'}, null, 'Active', '6', '9', 'kuali.org.Supervise');
insert into KSOR_ORG_ORG_RELTN (ID, CREATEID, CREATETIME, UPDATEID, UPDATETIME, VERSIONIND, EFF_DT, EXPIR_DT, ST, ORG, RELATED_ORG, TYPE) values ('70', 'TESTUSER', {ts '2009-01-22 00:00:00.0'}, 'TESTUSER', {ts '2009-01-22 00:00:00.0'}, 1, {ts '2000-01-01 00:00:00.0'}, null, 'Active', '19', '76', 'kuali.org.Contain');
insert into KSOR_ORG_ORG_RELTN (ID, CREATEID, CREATETIME, UPDATEID, UPDATETIME, VERSIONIND, EFF_DT, EXPIR_DT, ST, ORG, RELATED_ORG, TYPE) values ('71', 'TESTUSER', {ts '2009-01-22 00:00:00.0'}, 'TESTUSER', {ts '2009-01-22 00:00:00.0'}, 1, {ts '2000-01-01 00:00:00.0'}, null, 'Active', '16', '98', 'kuali.org.Supervise');
insert into KSOR_ORG_ORG_RELTN (ID, CREATEID, CREATETIME, UPDATEID, UPDATETIME, VERSIONIND, EFF_DT, EXPIR_DT, ST, ORG, RELATED_ORG, TYPE) values ('72', 'TESTUSER', {ts '2009-01-22 00:00:00.0'}, 'TESTUSER', {ts '2009-01-22 00:00:00.0'}, 1, {ts '2000-01-01 00:00:00.0'}, null, 'Active', '16', '99', 'kuali.org.Supervise');
insert into KSOR_ORG_ORG_RELTN (ID, CREATEID, CREATETIME, UPDATEID, UPDATETIME, VERSIONIND, EFF_DT, EXPIR_DT, ST, ORG, RELATED_ORG, TYPE) values ('73', 'TESTUSER', {ts '2009-01-22 00:00:00.0'}, 'TESTUSER', {ts '2009-01-22 00:00:00.0'}, 1, {ts '2000-01-01 00:00:00.0'}, null, 'Active', '16', '98', 'kuali.org.Supervise');
insert into KSOR_ORG_ORG_RELTN (ID, CREATEID, CREATETIME, UPDATEID, UPDATETIME, VERSIONIND, EFF_DT, EXPIR_DT, ST, ORG, RELATED_ORG, TYPE) values ('74', 'TESTUSER', {ts '2009-01-22 00:00:00.0'}, 'TESTUSER', {ts '2009-01-22 00:00:00.0'}, 1, {ts '2000-01-01 00:00:00.0'}, null, 'Active', '16', '102', 'kuali.org.Supervise');
insert into KSOR_ORG_ORG_RELTN (ID, CREATEID, CREATETIME, UPDATEID, UPDATETIME, VERSIONIND, EFF_DT, EXPIR_DT, ST, ORG, RELATED_ORG, TYPE) values ('75', 'TESTUSER', {ts '2009-01-22 00:00:00.0'}, 'TESTUSER', {ts '2009-01-22 00:00:00.0'}, 1, {ts '2000-01-01 00:00:00.0'}, null, 'Active', '102', '103', 'kuali.org.Contain');
insert into KSOR_ORG_ORG_RELTN (ID, CREATEID, CREATETIME, UPDATEID, UPDATETIME, VERSIONIND, EFF_DT, EXPIR_DT, ST, ORG, RELATED_ORG, TYPE) values ('76', 'TESTUSER', {ts '2009-01-22 00:00:00.0'}, 'TESTUSER', {ts '2009-01-22 00:00:00.0'}, 1, {ts '2000-01-01 00:00:00.0'}, null, 'Active', '16', '104', 'kuali.org.Supervise');
insert into KSOR_ORG_ORG_RELTN (ID, CREATEID, CREATETIME, UPDATEID, UPDATETIME, VERSIONIND, EFF_DT, EXPIR_DT, ST, ORG, RELATED_ORG, TYPE) values ('77', 'TESTUSER', {ts '2009-01-22 00:00:00.0'}, 'TESTUSER', {ts '2009-01-22 00:00:00.0'}, 1, {ts '2000-01-01 00:00:00.0'}, null, 'Active', '87', '106', 'kuali.org.Supervise');
insert into KSOR_ORG_ORG_RELTN (ID, CREATEID, CREATETIME, UPDATEID, UPDATETIME, VERSIONIND, EFF_DT, EXPIR_DT, ST, ORG, RELATED_ORG, TYPE) values ('78', 'TESTUSER', {ts '2009-01-22 00:00:00.0'}, 'TESTUSER', {ts '2009-01-22 00:00:00.0'}, 1, {ts '2000-01-01 00:00:00.0'}, null, 'Active', '16', '105', 'kuali.org.Supervise');
insert into KSOR_ORG_ORG_RELTN (ID, CREATEID, CREATETIME, UPDATEID, UPDATETIME, VERSIONIND, EFF_DT, EXPIR_DT, ST, ORG, RELATED_ORG, TYPE) values ('79', 'TESTUSER', {ts '2009-01-22 00:00:00.0'}, 'TESTUSER', {ts '2009-01-22 00:00:00.0'}, 1, {ts '2000-01-01 00:00:00.0'}, null, 'Active', '16', '39', 'kuali.org.Supervise');
insert into KSOR_ORG_ORG_RELTN (ID, CREATEID, CREATETIME, UPDATEID, UPDATETIME, VERSIONIND, EFF_DT, EXPIR_DT, ST, ORG, RELATED_ORG, TYPE) values ('8', 'TESTUSER', {ts '2009-01-22 00:00:00.0'}, 'TESTUSER', {ts '2009-01-22 00:00:00.0'}, 1, {ts '2000-01-01 00:00:00.0'}, null, 'Active', '6', '10', 'kuali.org.Supervise');
insert into KSOR_ORG_ORG_RELTN (ID, CREATEID, CREATETIME, UPDATEID, UPDATETIME, VERSIONIND, EFF_DT, EXPIR_DT, ST, ORG, RELATED_ORG, TYPE) values ('80', 'TESTUSER', {ts '2009-01-22 00:00:00.0'}, 'TESTUSER', {ts '2009-01-22 00:00:00.0'}, 1, {ts '2000-01-01 00:00:00.0'}, null, 'Active', '19', '26', 'kuali.org.Supervise');
insert into KSOR_ORG_ORG_RELTN (ID, CREATEID, CREATETIME, UPDATEID, UPDATETIME, VERSIONIND, EFF_DT, EXPIR_DT, ST, ORG, RELATED_ORG, TYPE) values ('81', 'TESTUSER', {ts '2009-01-22 00:00:00.0'}, 'TESTUSER', {ts '2009-01-22 00:00:00.0'}, 1, {ts '2000-01-01 00:00:00.0'}, null, 'Active', '16', '77', 'kuali.org.Supervise');
insert into KSOR_ORG_ORG_RELTN (ID, CREATEID, CREATETIME, UPDATEID, UPDATETIME, VERSIONIND, EFF_DT, EXPIR_DT, ST, ORG, RELATED_ORG, TYPE) values ('82', 'TESTUSER', {ts '2009-01-22 00:00:00.0'}, 'TESTUSER', {ts '2009-01-22 00:00:00.0'}, 1, {ts '2000-01-01 00:00:00.0'}, null, 'Active', '16', '107', 'kuali.org.Supervise');
insert into KSOR_ORG_ORG_RELTN (ID, CREATEID, CREATETIME, UPDATEID, UPDATETIME, VERSIONIND, EFF_DT, EXPIR_DT, ST, ORG, RELATED_ORG, TYPE) values ('83', 'TESTUSER', {ts '2009-01-22 00:00:00.0'}, 'TESTUSER', {ts '2009-01-22 00:00:00.0'}, 1, {ts '2000-01-01 00:00:00.0'}, null, 'Active', '105', '108', 'kuali.org.Advisory');
insert into KSOR_ORG_ORG_RELTN (ID, CREATEID, CREATETIME, UPDATEID, UPDATETIME, VERSIONIND, EFF_DT, EXPIR_DT, ST, ORG, RELATED_ORG, TYPE) values ('84', 'TESTUSER', {ts '2009-01-22 00:00:00.0'}, 'TESTUSER', {ts '2009-01-22 00:00:00.0'}, 1, {ts '2000-01-01 00:00:00.0'}, null, 'Active', '15', '108', 'kuali.org.Charter');
insert into KSOR_ORG_ORG_RELTN (ID, CREATEID, CREATETIME, UPDATEID, UPDATETIME, VERSIONIND, EFF_DT, EXPIR_DT, ST, ORG, RELATED_ORG, TYPE) values ('85', 'TESTUSER', {ts '2009-01-22 00:00:00.0'}, 'TESTUSER', {ts '2009-01-22 00:00:00.0'}, 1, {ts '2000-01-01 00:00:00.0'}, null, 'Active', '98', '109', 'kuali.org.Charter');

insert into KSOR_ORG_JN_ORG_PERS_REL_TYPE (ORG_ID, ORG_PERS_RELTN_TYPE_ID) values ('68', 'kuali.org.PersonRelation.Head');
