--
-- Copyright 2010 The Kuali Foundation Licensed under the
-- Educational Community License, Version 2.0 (the "License"); you may
-- not use this file except in compliance with the License. You may
-- obtain a copy of the License at
--
-- http://www.osedu.org/licenses/ECL-2.0
--
-- Unless required by applicable law or agreed to in writing,
-- software distributed under the License is distributed on an "AS IS"
-- BASIS, WITHOUT WARRANTIES OR CONDITIONS OF ANY KIND, either express
-- or implied. See the License for the specific language governing
-- permissions and limitations under the License.
--

-- --------------------------------------
-- |   Natural Language Configuration   |
-- --------------------------------------

--STATEMENT TYPES
insert into KSST_STMT_TYPE (TYPE_KEY, TYPE_DESC, EFF_DT, EXPIR_DT, NAME) values ('kuali.statement.type.course', 'Rules used in the evaluation of a person''s academic readiness for enrollment.', {ts '2000-01-01 00:00:00.0'}, {ts '2100-12-31 00:00:00.0'}, 'Academic Readiness Rules');
insert into KSST_STMT_TYPE (TYPE_KEY, TYPE_DESC, EFF_DT, EXPIR_DT, NAME) values ('kuali.statement.type.course.academicReadiness.antireq', 'Add courses that, if completed, would prevent a student from enrolling in this course.', {ts '2000-01-01 00:00:00.0'}, {ts '2100-12-31 00:00:00.0'}, 'Antirequisite');
insert into KSST_STMT_TYPE (TYPE_KEY, TYPE_DESC, EFF_DT, EXPIR_DT, NAME) values ('kuali.statement.type.course.academicReadiness.coreq', 'Add conditions that will restrict student enrollment, addressing restrictions to majors, locations, credit level requirements, etc. or Add courses, with or without grade requirements, which a student must have completed in order to enroll.', {ts '2000-01-01 00:00:00.0'}, {ts '2100-12-31 00:00:00.0'}, 'Corequisite');
insert into KSST_STMT_TYPE (TYPE_KEY, TYPE_DESC, EFF_DT, EXPIR_DT, NAME) values ('kuali.statement.type.course.academicReadiness.prereq', null, {ts '2000-01-01 00:00:00.0'}, {ts '2100-12-31 00:00:00.0'}, 'Prerequisites');
insert into KSST_STMT_TYPE (TYPE_KEY, TYPE_DESC, EFF_DT, EXPIR_DT, NAME) values ('kuali.statement.type.course.academicReadiness.studentEligibility', null, {ts '2000-01-01 00:00:00.0'}, {ts '2100-12-31 00:00:00.0'}, 'Student Eligibility');
insert into KSST_STMT_TYPE (TYPE_KEY, TYPE_DESC, EFF_DT, EXPIR_DT, NAME) values ('kuali.statement.type.course.academicReadiness.studentEligibilityPrereq', 'Add conditions that will restrict student enrollment, addressing restrictions to majors, locations, credit level requirements, etc. or Add courses, with or without grade requirements, which a student must have completed in order to enroll.', {ts '2000-01-01 00:00:00.0'}, {ts '2100-12-31 00:00:00.0'}, 'Student Eligibilities + Prerequisite');
insert into KSST_STMT_TYPE (TYPE_KEY, TYPE_DESC, EFF_DT, EXPIR_DT, NAME) values ('kuali.statement.type.course.credit.repeatable', 'Course repeatable for credit.', {ts '2000-01-01 00:00:00.0'}, {ts '2100-12-31 00:00:00.0'}, 'Repeatable for Credit');
insert into KSST_STMT_TYPE (TYPE_KEY, TYPE_DESC, EFF_DT, EXPIR_DT, NAME) values ('kuali.statement.type.course.credit.restriction', 'Enrollment in or completion of another course that will restrict the credits to be awarded.', {ts '2000-01-01 00:00:00.0'}, {ts '2100-12-31 00:00:00.0'}, 'Courses that Restrict Credit');
insert into KSST_STMT_TYPE (TYPE_KEY, TYPE_DESC, EFF_DT, EXPIR_DT, NAME) values ('kuali.statement.type.course.creditConstraints', null, {ts '2000-01-01 00:00:00.0'}, {ts '2100-12-31 00:00:00.0'}, 'Credit Constraints');
insert into KSST_STMT_TYPE (TYPE_KEY, TYPE_DESC, EFF_DT, EXPIR_DT, NAME) values ('kuali.statement.type.course.enrollmentEligibility', null, {ts '2000-01-01 00:00:00.0'}, {ts '2100-12-31 00:00:00.0'}, 'Enrollment Elligibility');
insert into KSST_STMT_TYPE (TYPE_KEY, TYPE_DESC, EFF_DT, EXPIR_DT, NAME) values ('kuali.statement.type.course.recommendedPreparation', 'The courses and/or preparation added here will not prevent students from registering, but will be printed in the catalog.', {ts '2000-01-01 00:00:00.0'}, {ts '2100-12-31 00:00:00.0'}, 'Recommended Preparation');
insert into KSST_STMT_TYPE (TYPE_KEY, TYPE_DESC, EFF_DT, EXPIR_DT, NAME) values ('kuali.statement.type.program', 'List of program requirements (rules).', {ts '2000-01-01 00:00:00.0'}, {ts '2100-12-31 00:00:00.0'}, 'Program Requirements List');
insert into KSST_STMT_TYPE (TYPE_KEY, TYPE_DESC, EFF_DT, EXPIR_DT, NAME) values ('kuali.statement.type.program.completion', 'Program requirements (rules) used in the evaluation of a person''s program completion.', {ts '2000-01-01 00:00:00.0'}, {ts '2100-12-31 00:00:00.0'}, 'Program Completion Requirements');
insert into KSST_STMT_TYPE (TYPE_KEY, TYPE_DESC, EFF_DT, EXPIR_DT, NAME) values ('kuali.statement.type.program.entrance', 'Program requirements (rules) used in the evaluation of a person''s entry into a program.', {ts '2000-01-01 00:00:00.0'}, {ts '2100-12-31 00:00:00.0'}, 'Program Entrance Requirements');
insert into KSST_STMT_TYPE (TYPE_KEY, TYPE_DESC, EFF_DT, EXPIR_DT, NAME) values ('kuali.statement.type.program.satisfactoryProgress', 'Program requirements (rules) used in maintaining minimum scholarship standards.', {ts '2000-01-01 00:00:00.0'}, {ts '2100-12-31 00:00:00.0'}, 'Program Satisfactory Progress Requirements');

-- REQUIREMENT TYPES
insert into KSST_REQ_COM_TYPE (TYPE_KEY, TYPE_DESC, EFF_DT, EXPIR_DT, NAME) values ('kuali.reqComponent.type.course.completed', 'Must have successfully completed <course>', {ts '2000-01-01 00:00:00.0'}, {ts '2100-12-31 00:00:00.0'}, 'Completed course');
insert into KSST_REQ_COM_TYPE (TYPE_KEY, TYPE_DESC, EFF_DT, EXPIR_DT, NAME) values ('kuali.reqComponent.type.course.courseset.completed.all', 'Must have successfully completed all courses from <courses>', {ts '2000-01-01 00:00:00.0'}, {ts '2100-12-31 00:00:00.0'}, 'All of required courses');
insert into KSST_REQ_COM_TYPE (TYPE_KEY, TYPE_DESC, EFF_DT, EXPIR_DT, NAME) values ('kuali.reqComponent.type.course.courseset.completed.nof', 'Must have successfully completed a minimum of <n> courses from <courses>', {ts '2000-01-01 00:00:00.0'}, {ts '2100-12-31 00:00:00.0'}, 'N of required courses');
insert into KSST_REQ_COM_TYPE (TYPE_KEY, TYPE_DESC, EFF_DT, EXPIR_DT, NAME) values ('kuali.reqComponent.type.course.courseset.completed.none', 'Must not have successfully completed any courses from <courses>', {ts '2000-01-01 00:00:00.0'}, {ts '2100-12-31 00:00:00.0'}, 'None of required courses');
insert into KSST_REQ_COM_TYPE (TYPE_KEY, TYPE_DESC, EFF_DT, EXPIR_DT, NAME) values ('kuali.reqComponent.type.course.courseset.credits.completed.max', 'Must successfully complete no more than  <n> credits from <courses>', {ts '2000-01-01 00:00:00.0'}, {ts '2100-12-31 00:00:00.0'}, 'Maximum credit from courses');
insert into KSST_REQ_COM_TYPE (TYPE_KEY, TYPE_DESC, EFF_DT, EXPIR_DT, NAME) values ('kuali.reqComponent.type.course.courseset.credits.completed.nof', 'Must have successfully completed a minimum of <n> credits from <courses>', {ts '2000-01-01 00:00:00.0'}, {ts '2100-12-31 00:00:00.0'}, 'Completed N credits from courses');
insert into KSST_REQ_COM_TYPE (TYPE_KEY, TYPE_DESC, EFF_DT, EXPIR_DT, NAME) values ('kuali.reqComponent.type.course.courseset.credits.completed.none', 'Must not have successfully completed any credits from <courses>', {ts '2000-01-01 00:00:00.0'}, {ts '2100-12-31 00:00:00.0'}, 'Completed none credits from courses');
insert into KSST_REQ_COM_TYPE (TYPE_KEY, TYPE_DESC, EFF_DT, EXPIR_DT, NAME) values ('kuali.reqComponent.type.course.courseset.enrolled.nof', 'Must be concurrently enrolled in a minimum of <n> courses from <courses>', {ts '2000-01-01 00:00:00.0'}, {ts '2100-12-31 00:00:00.0'}, 'Enrolled in N of required courses');
insert into KSST_REQ_COM_TYPE (TYPE_KEY, TYPE_DESC, EFF_DT, EXPIR_DT, NAME) values ('kuali.reqComponent.type.course.courseset.gpa.min', 'Must have earned a minimum GPA of <GPA> in <courses>', {ts '2000-01-01 00:00:00.0'}, {ts '2100-12-31 00:00:00.0'}, 'Minimum overall GPA');
insert into KSST_REQ_COM_TYPE (TYPE_KEY, TYPE_DESC, EFF_DT, EXPIR_DT, NAME) values ('kuali.reqComponent.type.course.courseset.grade.max', 'Must not have earned a grade of <gradeType> <grade> or higher in <courses>', {ts '2000-01-01 00:00:00.0'}, {ts '2100-12-31 00:00:00.0'}, 'Grade in required courses');
insert into KSST_REQ_COM_TYPE (TYPE_KEY, TYPE_DESC, EFF_DT, EXPIR_DT, NAME) values ('kuali.reqComponent.type.course.courseset.grade.min', 'Must have earned a minimum grade of <gradeType> <grade> in <courses>', {ts '2000-01-01 00:00:00.0'}, {ts '2100-12-31 00:00:00.0'}, 'Grade in required courses');
insert into KSST_REQ_COM_TYPE (TYPE_KEY, TYPE_DESC, EFF_DT, EXPIR_DT, NAME) values ('kuali.reqComponent.type.course.courseset.nof.grade.min', 'Must successfully complete a minimum of <n> courses  from <courses> with a minimum grade of <gradeType> <grade>', {ts '2000-01-01 00:00:00.0'}, {ts '2100-12-31 00:00:00.0'}, 'Minimum grade in required courses');
insert into KSST_REQ_COM_TYPE (TYPE_KEY, TYPE_DESC, EFF_DT, EXPIR_DT, NAME) values ('kuali.reqComponent.type.course.credits.repeat.max', 'May be repeated for a maximum of <n> credits', {ts '2000-01-01 00:00:00.0'}, {ts '2100-12-31 00:00:00.0'}, 'Course repeatable for maximum credit');
insert into KSST_REQ_COM_TYPE (TYPE_KEY, TYPE_DESC, EFF_DT, EXPIR_DT, NAME) values ('kuali.reqComponent.type.course.enrolled', 'Must be concurrently enrolled in <course> ', {ts '2000-01-01 00:00:00.0'}, {ts '2100-12-31 00:00:00.0'}, 'Enrolled in course');
insert into KSST_REQ_COM_TYPE (TYPE_KEY, TYPE_DESC, EFF_DT, EXPIR_DT, NAME) values ('kuali.reqComponent.type.course.notcompleted', 'Must not have successfully completed <course> ', {ts '2000-01-01 00:00:00.0'}, {ts '2100-12-31 00:00:00.0'}, 'Not completed course');
insert into KSST_REQ_COM_TYPE (TYPE_KEY, TYPE_DESC, EFF_DT, EXPIR_DT, NAME) values ('kuali.reqComponent.type.course.org.credits.completed.min', 'Must have successfully completed a minimum of <n> credits from courses in the <org>', {ts '2000-01-01 00:00:00.0'}, {ts '2100-12-31 00:00:00.0'}, 'Minimum credit completion in organization/department');
insert into KSST_REQ_COM_TYPE (TYPE_KEY, TYPE_DESC, EFF_DT, EXPIR_DT, NAME) values ('kuali.reqComponent.type.course.org.program.admitted', 'Must be admitted to any program offered at the course campus location', {ts '2000-01-01 00:00:00.0'}, {ts '2100-12-31 00:00:00.0'}, 'Program admission at campus');
insert into KSST_REQ_COM_TYPE (TYPE_KEY, TYPE_DESC, EFF_DT, EXPIR_DT, NAME) values ('kuali.reqComponent.type.course.permission.instructor.required', 'Permission of instructor required', {ts '2000-01-01 00:00:00.0'}, {ts '2100-12-31 00:00:00.0'}, 'Instructor permission required');
insert into KSST_REQ_COM_TYPE (TYPE_KEY, TYPE_DESC, EFF_DT, EXPIR_DT, NAME) values ('kuali.reqComponent.type.course.permission.org.required', 'Permission of <administering org> required', {ts '2000-01-01 00:00:00.0'}, {ts '2100-12-31 00:00:00.0'}, 'Organization permisison required');
insert into KSST_REQ_COM_TYPE (TYPE_KEY, TYPE_DESC, EFF_DT, EXPIR_DT, NAME) values ('kuali.reqComponent.type.course.program.admitted', 'Must have been admitted to the <program> program', {ts '2000-01-01 00:00:00.0'}, {ts '2100-12-31 00:00:00.0'}, 'Program admission restriction');
insert into KSST_REQ_COM_TYPE (TYPE_KEY, TYPE_DESC, EFF_DT, EXPIR_DT, NAME) values ('kuali.reqComponent.type.course.program.admitted.org.duration', 'Students admitted to <program> may take no more than <n> courses in the <org> in <duration> <durationType>', {ts '2000-01-01 00:00:00.0'}, {ts '2100-12-31 00:00:00.0'}, 'Program admission for courses in duration');
insert into KSST_REQ_COM_TYPE (TYPE_KEY, TYPE_DESC, EFF_DT, EXPIR_DT, NAME) values ('kuali.reqComponent.type.course.program.notadmitted', 'Must not have been admitted to the <program> program', {ts '2000-01-01 00:00:00.0'}, {ts '2100-12-31 00:00:00.0'}, 'Program admission restriction');
insert into KSST_REQ_COM_TYPE (TYPE_KEY, TYPE_DESC, EFF_DT, EXPIR_DT, NAME) values ('kuali.reqComponent.type.course.program.notadmitted.org.duration', 'Students not admitted to <program> may take no more than <n> courses in the <org> in <duration> <durationType>', {ts '2000-01-01 00:00:00.0'}, {ts '2100-12-31 00:00:00.0'}, 'Program admission course restriction in duration');
insert into KSST_REQ_COM_TYPE (TYPE_KEY, TYPE_DESC, EFF_DT, EXPIR_DT, NAME) values ('kuali.reqComponent.type.course.test.score.max', 'Must have achieved a score no higher than <score> on <test> ', {ts '2000-01-01 00:00:00.0'}, {ts '2100-12-31 00:00:00.0'}, 'Maximum score on test');
insert into KSST_REQ_COM_TYPE (TYPE_KEY, TYPE_DESC, EFF_DT, EXPIR_DT, NAME) values ('kuali.reqComponent.type.course.test.score.min', 'Must have achieved a minimum score of <score> on <tests>', {ts '2000-01-01 00:00:00.0'}, {ts '2100-12-31 00:00:00.0'}, 'Minimum score on test');
insert into KSST_REQ_COM_TYPE (TYPE_KEY, TYPE_DESC, EFF_DT, EXPIR_DT, NAME) values ('kuali.reqComponent.type.program.admitted.credits', 'Must be admitted to program prior to earning <n> credits', {ts '2000-01-01 00:00:00.0'}, {ts '2100-12-31 00:00:00.0'}, 'Earning n credits');
insert into KSST_REQ_COM_TYPE (TYPE_KEY, TYPE_DESC, EFF_DT, EXPIR_DT, NAME) values ('kuali.reqComponent.type.program.candidate.status.duration', 'Must attain candidate status within <n> <duration> after program entry term', {ts '2000-01-01 00:00:00.0'}, {ts '2100-12-31 00:00:00.0'}, 'Candidate status within duration after program entry');
insert into KSST_REQ_COM_TYPE (TYPE_KEY, TYPE_DESC, EFF_DT, EXPIR_DT, NAME) values ('kuali.reqComponent.type.program.completion.duration', 'Must not exceed <n> <duration> without completing program', {ts '2000-01-01 00:00:00.0'}, {ts '2100-12-31 00:00:00.0'}, 'Not exceed n duration without completing program');
insert into KSST_REQ_COM_TYPE (TYPE_KEY, TYPE_DESC, EFF_DT, EXPIR_DT, NAME) values ('kuali.reqComponent.type.program.completion.duration.afterentry', 'Must complete program within <n> <durations> after program entry term', {ts '2000-01-01 00:00:00.0'}, {ts '2100-12-31 00:00:00.0'}, 'Complete program within duration after program entry');
insert into KSST_REQ_COM_TYPE (TYPE_KEY, TYPE_DESC, EFF_DT, EXPIR_DT, NAME) values ('kuali.reqComponent.type.program.credits.max', 'Must not have earned more than <n> credits', {ts '2000-01-01 00:00:00.0'}, {ts '2100-12-31 00:00:00.0'}, 'Earned more than n credits');
insert into KSST_REQ_COM_TYPE (TYPE_KEY, TYPE_DESC, EFF_DT, EXPIR_DT, NAME) values ('kuali.reqComponent.type.program.credits.min', 'Must have earned a minimum of <n> total credits', {ts '2000-01-01 00:00:00.0'}, {ts '2100-12-31 00:00:00.0'}, 'Earned minimum n credits');
insert into KSST_REQ_COM_TYPE (TYPE_KEY, TYPE_DESC, EFF_DT, EXPIR_DT, NAME) values ('kuali.reqComponent.type.program.enrolled.credits.final', '<program> student must be enrolled in their graduation major for the final <n> credits taken', {ts '2000-01-01 00:00:00.0'}, {ts '2100-12-31 00:00:00.0'}, 'Program enrolled in graduation major for final credits');
insert into KSST_REQ_COM_TYPE (TYPE_KEY, TYPE_DESC, EFF_DT, EXPIR_DT, NAME) values ('kuali.reqComponent.type.program.minor.admitted.classstanding', 'Must be admitted to a minor program only if they have junior or senior class standing', {ts '2000-01-01 00:00:00.0'}, {ts '2100-12-31 00:00:00.0'}, 'Admitted to minor program for junior or senior class standing');
insert into KSST_REQ_COM_TYPE (TYPE_KEY, TYPE_DESC, EFF_DT, EXPIR_DT, NAME) values ('kuali.reqComponent.type.program.minors.nof', 'Must earn no more than <n> minors as part of a program', {ts '2000-01-01 00:00:00.0'}, {ts '2100-12-31 00:00:00.0'}, 'Minors as part of a program');
insert into KSST_REQ_COM_TYPE (TYPE_KEY, TYPE_DESC, EFF_DT, EXPIR_DT, NAME) values ('kuali.reqComponent.type.program.programset.completed.all', 'Must have successfully completed all of <programs> programs', {ts '2000-01-01 00:00:00.0'}, {ts '2100-12-31 00:00:00.0'}, 'All of required programs');
insert into KSST_REQ_COM_TYPE (TYPE_KEY, TYPE_DESC, EFF_DT, EXPIR_DT, NAME) values ('kuali.reqComponent.type.program.programset.completed.nof', 'Must have successfully completed a minimum of <n> programs from <programs> programs', {ts '2000-01-01 00:00:00.0'}, {ts '2100-12-31 00:00:00.0'}, 'Minimum of n programs from programs');
insert into KSST_REQ_COM_TYPE (TYPE_KEY, TYPE_DESC, EFF_DT, EXPIR_DT, NAME) values ('kuali.reqComponent.type.program.programset.coursecompleted.nof', 'Must have successfully completed a minimum of <n> courses from <programs> programs', {ts '2000-01-01 00:00:00.0'}, {ts '2100-12-31 00:00:00.0'}, 'Minimum courses from programs');
insert into KSST_REQ_COM_TYPE (TYPE_KEY, TYPE_DESC, EFF_DT, EXPIR_DT, NAME) values ('kuali.reqComponent.type.program.programset.notcompleted.nof', 'Must not have successfully completed any of <programs> programs', {ts '2000-01-01 00:00:00.0'}, {ts '2100-12-31 00:00:00.0'}, 'Not completed any programs');
insert into KSST_REQ_COM_TYPE (TYPE_KEY, TYPE_DESC, EFF_DT, EXPIR_DT, NAME) values ('kuali.reqComponent.type.program.residence.credits.final', '<program> student smust take their final <n> credits in residence', {ts '2000-01-01 00:00:00.0'}, {ts '2100-12-31 00:00:00.0'}, 'Program final credits in residence');

-- REQUIREMENT FIELD TYPES
insert into KSST_REQ_COM_FIELD_TYPE (ID, DATA_TYPE, DESCR, INVALID_CHARS, MAX_LENGTH, MAX_OCCURS, MAX_VALUE, MIN_LENGTH, MIN_OCCURS, MIN_VALUE, NAME, READ_ONLY, VALID_CHARS) values ('kuali.reqComponent.field.type.clu.id', 'string', 'CLU identifier', null, null, null, null, null, null, null, 'CLU Id', 0, null);
insert into KSST_REQ_COM_FIELD_TYPE (ID, DATA_TYPE, DESCR, INVALID_CHARS, MAX_LENGTH, MAX_OCCURS, MAX_VALUE, MIN_LENGTH, MIN_OCCURS, MIN_VALUE, NAME, READ_ONLY, VALID_CHARS) values ('kuali.reqComponent.field.type.cluSet.id', 'string', 'CLU set identifier', null, null, null, null, null, null, null, 'CLU Set Id', 0, null);
insert into KSST_REQ_COM_FIELD_TYPE (ID, DATA_TYPE, DESCR, INVALID_CHARS, MAX_LENGTH, MAX_OCCURS, MAX_VALUE, MIN_LENGTH, MIN_OCCURS, MIN_VALUE, NAME, READ_ONLY, VALID_CHARS) values ('kuali.reqComponent.field.type.duration', 'string', 'Duration value', null, null, null, null, null, null, null, 'Duration Value', 0, null);
insert into KSST_REQ_COM_FIELD_TYPE (ID, DATA_TYPE, DESCR, INVALID_CHARS, MAX_LENGTH, MAX_OCCURS, MAX_VALUE, MIN_LENGTH, MIN_OCCURS, MIN_VALUE, NAME, READ_ONLY, VALID_CHARS) values ('kuali.reqComponent.field.type.durationType.id', 'string', 'Duration type identifier', null, null, null, null, null, null, null, 'Duration Type Id', 0, null);
insert into KSST_REQ_COM_FIELD_TYPE (ID, DATA_TYPE, DESCR, INVALID_CHARS, MAX_LENGTH, MAX_OCCURS, MAX_VALUE, MIN_LENGTH, MIN_OCCURS, MIN_VALUE, NAME, READ_ONLY, VALID_CHARS) values ('kuali.reqComponent.field.type.gpa', 'string', 'Grade point average value', null, null, null, null, null, null, null, 'Grade Point Average Value', 0, null);
insert into KSST_REQ_COM_FIELD_TYPE (ID, DATA_TYPE, DESCR, INVALID_CHARS, MAX_LENGTH, MAX_OCCURS, MAX_VALUE, MIN_LENGTH, MIN_OCCURS, MIN_VALUE, NAME, READ_ONLY, VALID_CHARS) values ('kuali.reqComponent.field.type.grade.id', 'string', 'Grade value identifier', null, null, null, null, null, null, null, 'Grade Value Id', 0, null);
insert into KSST_REQ_COM_FIELD_TYPE (ID, DATA_TYPE, DESCR, INVALID_CHARS, MAX_LENGTH, MAX_OCCURS, MAX_VALUE, MIN_LENGTH, MIN_OCCURS, MIN_VALUE, NAME, READ_ONLY, VALID_CHARS) values ('kuali.reqComponent.field.type.gradeType.id', 'string', 'Grade type identifier', null, null, null, null, null, null, null, 'Grade Type Id', 0, null);
insert into KSST_REQ_COM_FIELD_TYPE (ID, DATA_TYPE, DESCR, INVALID_CHARS, MAX_LENGTH, MAX_OCCURS, MAX_VALUE, MIN_LENGTH, MIN_OCCURS, MIN_VALUE, NAME, READ_ONLY, VALID_CHARS) values ('kuali.reqComponent.field.type.operator', 'string', 'Relational Operator', null, null, null, null, null, null, null, 'Relational Operator', 0, null);
insert into KSST_REQ_COM_FIELD_TYPE (ID, DATA_TYPE, DESCR, INVALID_CHARS, MAX_LENGTH, MAX_OCCURS, MAX_VALUE, MIN_LENGTH, MIN_OCCURS, MIN_VALUE, NAME, READ_ONLY, VALID_CHARS) values ('kuali.reqComponent.field.type.org.id', 'string', 'Organization identifier', null, null, null, null, null, null, null, 'Organization Id', 0, null);
insert into KSST_REQ_COM_FIELD_TYPE (ID, DATA_TYPE, DESCR, INVALID_CHARS, MAX_LENGTH, MAX_OCCURS, MAX_VALUE, MIN_LENGTH, MIN_OCCURS, MIN_VALUE, NAME, READ_ONLY, VALID_CHARS) values ('kuali.reqComponent.field.type.person.id', 'string', 'Person identifier', null, null, null, null, null, null, null, 'Person Id', 0, null);
insert into KSST_REQ_COM_FIELD_TYPE (ID, DATA_TYPE, DESCR, INVALID_CHARS, MAX_LENGTH, MAX_OCCURS, MAX_VALUE, MIN_LENGTH, MIN_OCCURS, MIN_VALUE, NAME, READ_ONLY, VALID_CHARS) values ('kuali.reqComponent.field.type.test.score', 'string', 'Test score', null, null, null, null, null, null, null, 'Test Score', 0, null);
insert into KSST_REQ_COM_FIELD_TYPE (ID, DATA_TYPE, DESCR, INVALID_CHARS, MAX_LENGTH, MAX_OCCURS, MAX_VALUE, MIN_LENGTH, MIN_OCCURS, MIN_VALUE, NAME, READ_ONLY, VALID_CHARS) values ('kuali.reqComponent.field.type.value.positive.integer', 'integer', 'Integer Value', null, null, null, null, null, null, null, 'Integer Value', 0, null);

-- REQ_COMP_TYPE -> REQ_COMP_FIELD_TYPE
insert into KSST_RCTYP_JN_RCFLDTYP (REQ_COMP_TYPE_ID, REQ_COMP_FIELD_TYPE_ID) values ('kuali.reqComponent.type.course.courseset.completed.none', 'kuali.reqComponent.field.type.cluSet.id');
insert into KSST_RCTYP_JN_RCFLDTYP (REQ_COMP_TYPE_ID, REQ_COMP_FIELD_TYPE_ID) values ('kuali.reqComponent.type.course.courseset.completed.all', 'kuali.reqComponent.field.type.cluSet.id');
insert into KSST_RCTYP_JN_RCFLDTYP (REQ_COMP_TYPE_ID, REQ_COMP_FIELD_TYPE_ID) values ('kuali.reqComponent.type.course.courseset.completed.nof', 'kuali.reqComponent.field.type.value.positive.integer');
insert into KSST_RCTYP_JN_RCFLDTYP (REQ_COMP_TYPE_ID, REQ_COMP_FIELD_TYPE_ID) values ('kuali.reqComponent.type.course.courseset.completed.nof', 'kuali.reqComponent.field.type.cluSet.id');
insert into KSST_RCTYP_JN_RCFLDTYP (REQ_COMP_TYPE_ID, REQ_COMP_FIELD_TYPE_ID) values ('kuali.reqComponent.type.course.courseset.enrolled.nof', 'kuali.reqComponent.field.type.cluSet.id');
insert into KSST_RCTYP_JN_RCFLDTYP (REQ_COMP_TYPE_ID, REQ_COMP_FIELD_TYPE_ID) values ('kuali.reqComponent.type.course.courseset.enrolled.nof', 'kuali.reqComponent.field.type.value.positive.integer');
insert into KSST_RCTYP_JN_RCFLDTYP (REQ_COMP_TYPE_ID, REQ_COMP_FIELD_TYPE_ID) values ('kuali.reqComponent.type.course.courseset.credits.completed.nof', 'kuali.reqComponent.field.type.cluSet.id');
insert into KSST_RCTYP_JN_RCFLDTYP (REQ_COMP_TYPE_ID, REQ_COMP_FIELD_TYPE_ID) values ('kuali.reqComponent.type.course.courseset.credits.completed.nof', 'kuali.reqComponent.field.type.value.positive.integer');
insert into KSST_RCTYP_JN_RCFLDTYP (REQ_COMP_TYPE_ID, REQ_COMP_FIELD_TYPE_ID) values ('kuali.reqComponent.type.course.courseset.credits.completed.none', 'kuali.reqComponent.field.type.cluSet.id');
insert into KSST_RCTYP_JN_RCFLDTYP (REQ_COMP_TYPE_ID, REQ_COMP_FIELD_TYPE_ID) values ('kuali.reqComponent.type.course.courseset.credits.completed.none', 'kuali.reqComponent.field.type.value.positive.integer');
insert into KSST_RCTYP_JN_RCFLDTYP (REQ_COMP_TYPE_ID, REQ_COMP_FIELD_TYPE_ID) values ('kuali.reqComponent.type.course.courseset.credits.completed.max', 'kuali.reqComponent.field.type.cluSet.id');
insert into KSST_RCTYP_JN_RCFLDTYP (REQ_COMP_TYPE_ID, REQ_COMP_FIELD_TYPE_ID) values ('kuali.reqComponent.type.course.courseset.credits.completed.max', 'kuali.reqComponent.field.type.value.positive.integer');
insert into KSST_RCTYP_JN_RCFLDTYP (REQ_COMP_TYPE_ID, REQ_COMP_FIELD_TYPE_ID) values ('kuali.reqComponent.type.course.courseset.gpa.min', 'kuali.reqComponent.field.type.cluSet.id');
insert into KSST_RCTYP_JN_RCFLDTYP (REQ_COMP_TYPE_ID, REQ_COMP_FIELD_TYPE_ID) values ('kuali.reqComponent.type.course.courseset.gpa.min', 'kuali.reqComponent.field.type.gpa');
insert into KSST_RCTYP_JN_RCFLDTYP (REQ_COMP_TYPE_ID, REQ_COMP_FIELD_TYPE_ID) values ('kuali.reqComponent.type.course.courseset.grade.min', 'kuali.reqComponent.field.type.cluSet.id');
insert into KSST_RCTYP_JN_RCFLDTYP (REQ_COMP_TYPE_ID, REQ_COMP_FIELD_TYPE_ID) values ('kuali.reqComponent.type.course.courseset.grade.min', 'kuali.reqComponent.field.type.grade.id');
insert into KSST_RCTYP_JN_RCFLDTYP (REQ_COMP_TYPE_ID, REQ_COMP_FIELD_TYPE_ID) values ('kuali.reqComponent.type.course.courseset.grade.min', 'kuali.reqComponent.field.type.gradeType.id');
insert into KSST_RCTYP_JN_RCFLDTYP (REQ_COMP_TYPE_ID, REQ_COMP_FIELD_TYPE_ID) values ('kuali.reqComponent.type.course.courseset.grade.max', 'kuali.reqComponent.field.type.cluSet.id');
insert into KSST_RCTYP_JN_RCFLDTYP (REQ_COMP_TYPE_ID, REQ_COMP_FIELD_TYPE_ID) values ('kuali.reqComponent.type.course.courseset.grade.max', 'kuali.reqComponent.field.type.grade.id');
insert into KSST_RCTYP_JN_RCFLDTYP (REQ_COMP_TYPE_ID, REQ_COMP_FIELD_TYPE_ID) values ('kuali.reqComponent.type.course.courseset.grade.max', 'kuali.reqComponent.field.type.gradeType.id');
insert into KSST_RCTYP_JN_RCFLDTYP (REQ_COMP_TYPE_ID, REQ_COMP_FIELD_TYPE_ID) values ('kuali.reqComponent.type.course.permission.org.required', 'kuali.reqComponent.field.type.org.id');
insert into KSST_RCTYP_JN_RCFLDTYP (REQ_COMP_TYPE_ID, REQ_COMP_FIELD_TYPE_ID) values ('kuali.reqComponent.type.course.test.score.min', 'kuali.reqComponent.field.type.cluSet.id');
insert into KSST_RCTYP_JN_RCFLDTYP (REQ_COMP_TYPE_ID, REQ_COMP_FIELD_TYPE_ID) values ('kuali.reqComponent.type.course.test.score.min', 'kuali.reqComponent.field.type.test.score');
insert into KSST_RCTYP_JN_RCFLDTYP (REQ_COMP_TYPE_ID, REQ_COMP_FIELD_TYPE_ID) values ('kuali.reqComponent.type.course.test.score.max', 'kuali.reqComponent.field.type.cluSet.id');
insert into KSST_RCTYP_JN_RCFLDTYP (REQ_COMP_TYPE_ID, REQ_COMP_FIELD_TYPE_ID) values ('kuali.reqComponent.type.course.test.score.max', 'kuali.reqComponent.field.type.test.score');
insert into KSST_RCTYP_JN_RCFLDTYP (REQ_COMP_TYPE_ID, REQ_COMP_FIELD_TYPE_ID) values ('kuali.reqComponent.type.course.courseset.nof.grade.min', 'kuali.reqComponent.field.type.value.positive.integer');
insert into KSST_RCTYP_JN_RCFLDTYP (REQ_COMP_TYPE_ID, REQ_COMP_FIELD_TYPE_ID) values ('kuali.reqComponent.type.course.courseset.nof.grade.min', 'kuali.reqComponent.field.type.cluSet.id');
insert into KSST_RCTYP_JN_RCFLDTYP (REQ_COMP_TYPE_ID, REQ_COMP_FIELD_TYPE_ID) values ('kuali.reqComponent.type.course.courseset.nof.grade.min', 'kuali.reqComponent.field.type.grade.id');
insert into KSST_RCTYP_JN_RCFLDTYP (REQ_COMP_TYPE_ID, REQ_COMP_FIELD_TYPE_ID) values ('kuali.reqComponent.type.course.courseset.nof.grade.min', 'kuali.reqComponent.field.type.gradeType.id');
insert into KSST_RCTYP_JN_RCFLDTYP (REQ_COMP_TYPE_ID, REQ_COMP_FIELD_TYPE_ID) values ('kuali.reqComponent.type.course.program.admitted.org.duration', 'kuali.reqComponent.field.type.cluSet.id');
insert into KSST_RCTYP_JN_RCFLDTYP (REQ_COMP_TYPE_ID, REQ_COMP_FIELD_TYPE_ID) values ('kuali.reqComponent.type.course.program.admitted.org.duration', 'kuali.reqComponent.field.type.value.positive.integer');
insert into KSST_RCTYP_JN_RCFLDTYP (REQ_COMP_TYPE_ID, REQ_COMP_FIELD_TYPE_ID) values ('kuali.reqComponent.type.course.program.admitted.org.duration', 'kuali.reqComponent.field.type.org.id');
insert into KSST_RCTYP_JN_RCFLDTYP (REQ_COMP_TYPE_ID, REQ_COMP_FIELD_TYPE_ID) values ('kuali.reqComponent.type.course.program.admitted.org.duration', 'kuali.reqComponent.field.type.duration');
insert into KSST_RCTYP_JN_RCFLDTYP (REQ_COMP_TYPE_ID, REQ_COMP_FIELD_TYPE_ID) values ('kuali.reqComponent.type.course.program.admitted.org.duration', 'kuali.reqComponent.field.type.durationType.id');
insert into KSST_RCTYP_JN_RCFLDTYP (REQ_COMP_TYPE_ID, REQ_COMP_FIELD_TYPE_ID) values ('kuali.reqComponent.type.course.program.notadmitted.org.duration', 'kuali.reqComponent.field.type.cluSet.id');
insert into KSST_RCTYP_JN_RCFLDTYP (REQ_COMP_TYPE_ID, REQ_COMP_FIELD_TYPE_ID) values ('kuali.reqComponent.type.course.program.notadmitted.org.duration', 'kuali.reqComponent.field.type.value.positive.integer');
insert into KSST_RCTYP_JN_RCFLDTYP (REQ_COMP_TYPE_ID, REQ_COMP_FIELD_TYPE_ID) values ('kuali.reqComponent.type.course.program.notadmitted.org.duration', 'kuali.reqComponent.field.type.org.id');
insert into KSST_RCTYP_JN_RCFLDTYP (REQ_COMP_TYPE_ID, REQ_COMP_FIELD_TYPE_ID) values ('kuali.reqComponent.type.course.program.notadmitted.org.duration', 'kuali.reqComponent.field.type.duration');
insert into KSST_RCTYP_JN_RCFLDTYP (REQ_COMP_TYPE_ID, REQ_COMP_FIELD_TYPE_ID) values ('kuali.reqComponent.type.course.program.notadmitted.org.duration', 'kuali.reqComponent.field.type.durationType.id');
insert into KSST_RCTYP_JN_RCFLDTYP (REQ_COMP_TYPE_ID, REQ_COMP_FIELD_TYPE_ID) values ('kuali.reqComponent.type.course.program.notadmitted', 'kuali.reqComponent.field.type.clu.id');
insert into KSST_RCTYP_JN_RCFLDTYP (REQ_COMP_TYPE_ID, REQ_COMP_FIELD_TYPE_ID) values ('kuali.reqComponent.type.course.program.notadmitted', 'kuali.reqComponent.field.type.cluSet.id');
insert into KSST_RCTYP_JN_RCFLDTYP (REQ_COMP_TYPE_ID, REQ_COMP_FIELD_TYPE_ID) values ('kuali.reqComponent.type.course.program.admitted', 'kuali.reqComponent.field.type.clu.id');
insert into KSST_RCTYP_JN_RCFLDTYP (REQ_COMP_TYPE_ID, REQ_COMP_FIELD_TYPE_ID) values ('kuali.reqComponent.type.course.program.admitted', 'kuali.reqComponent.field.type.cluSet.id');
insert into KSST_RCTYP_JN_RCFLDTYP (REQ_COMP_TYPE_ID, REQ_COMP_FIELD_TYPE_ID) values ('kuali.reqComponent.type.course.credits.repeat.max', 'kuali.reqComponent.field.type.value.positive.integer');
insert into KSST_RCTYP_JN_RCFLDTYP (REQ_COMP_TYPE_ID, REQ_COMP_FIELD_TYPE_ID) values ('kuali.reqComponent.type.course.org.credits.completed.min', 'kuali.reqComponent.field.type.value.positive.integer');
insert into KSST_RCTYP_JN_RCFLDTYP (REQ_COMP_TYPE_ID, REQ_COMP_FIELD_TYPE_ID) values ('kuali.reqComponent.type.course.org.credits.completed.min', 'kuali.reqComponent.field.type.org.id');
insert into KSST_RCTYP_JN_RCFLDTYP (REQ_COMP_TYPE_ID, REQ_COMP_FIELD_TYPE_ID) values ('kuali.reqComponent.type.course.completed', 'kuali.reqComponent.field.type.clu.id');
insert into KSST_RCTYP_JN_RCFLDTYP (REQ_COMP_TYPE_ID, REQ_COMP_FIELD_TYPE_ID) values ('kuali.reqComponent.type.course.enrolled', 'kuali.reqComponent.field.type.clu.id');
insert into KSST_RCTYP_JN_RCFLDTYP (REQ_COMP_TYPE_ID, REQ_COMP_FIELD_TYPE_ID) values ('kuali.reqComponent.type.course.notcompleted', 'kuali.reqComponent.field.type.clu.id');
insert into KSST_RCTYP_JN_RCFLDTYP (REQ_COMP_TYPE_ID, REQ_COMP_FIELD_TYPE_ID) values ('kuali.reqComponent.type.program.programset.completed.nof', 'kuali.reqComponent.field.type.cluSet.id');
insert into KSST_RCTYP_JN_RCFLDTYP (REQ_COMP_TYPE_ID, REQ_COMP_FIELD_TYPE_ID) values ('kuali.reqComponent.type.program.programset.completed.nof', 'kuali.reqComponent.field.type.value.positive.integer');
insert into KSST_RCTYP_JN_RCFLDTYP (REQ_COMP_TYPE_ID, REQ_COMP_FIELD_TYPE_ID) values ('kuali.reqComponent.type.program.programset.notcompleted.nof', 'kuali.reqComponent.field.type.cluSet.id');
insert into KSST_RCTYP_JN_RCFLDTYP (REQ_COMP_TYPE_ID, REQ_COMP_FIELD_TYPE_ID) values ('kuali.reqComponent.type.program.programset.completed.all', 'kuali.reqComponent.field.type.cluSet.id');
insert into KSST_RCTYP_JN_RCFLDTYP (REQ_COMP_TYPE_ID, REQ_COMP_FIELD_TYPE_ID) values ('kuali.reqComponent.type.program.programset.coursecompleted.nof', 'kuali.reqComponent.field.type.value.positive.integer');
insert into KSST_RCTYP_JN_RCFLDTYP (REQ_COMP_TYPE_ID, REQ_COMP_FIELD_TYPE_ID) values ('kuali.reqComponent.type.program.programset.coursecompleted.nof', 'kuali.reqComponent.field.type.cluSet.id');
insert into KSST_RCTYP_JN_RCFLDTYP (REQ_COMP_TYPE_ID, REQ_COMP_FIELD_TYPE_ID) values ('kuali.reqComponent.type.program.admitted.credits', 'kuali.reqComponent.field.type.value.positive.integer');
insert into KSST_RCTYP_JN_RCFLDTYP (REQ_COMP_TYPE_ID, REQ_COMP_FIELD_TYPE_ID) values ('kuali.reqComponent.type.program.credits.min', 'kuali.reqComponent.field.type.value.positive.integer');
insert into KSST_RCTYP_JN_RCFLDTYP (REQ_COMP_TYPE_ID, REQ_COMP_FIELD_TYPE_ID) values ('kuali.reqComponent.type.program.credits.max', 'kuali.reqComponent.field.type.value.positive.integer');
insert into KSST_RCTYP_JN_RCFLDTYP (REQ_COMP_TYPE_ID, REQ_COMP_FIELD_TYPE_ID) values ('kuali.reqComponent.type.program.completion.duration', 'kuali.reqComponent.field.type.value.positive.integer');
insert into KSST_RCTYP_JN_RCFLDTYP (REQ_COMP_TYPE_ID, REQ_COMP_FIELD_TYPE_ID) values ('kuali.reqComponent.type.program.completion.duration', 'kuali.reqComponent.field.type.durationType.id');
insert into KSST_RCTYP_JN_RCFLDTYP (REQ_COMP_TYPE_ID, REQ_COMP_FIELD_TYPE_ID) values ('kuali.reqComponent.type.program.candidate.status.duration', 'kuali.reqComponent.field.type.value.positive.integer');
insert into KSST_RCTYP_JN_RCFLDTYP (REQ_COMP_TYPE_ID, REQ_COMP_FIELD_TYPE_ID) values ('kuali.reqComponent.type.program.candidate.status.duration', 'kuali.reqComponent.field.type.durationType.id');
insert into KSST_RCTYP_JN_RCFLDTYP (REQ_COMP_TYPE_ID, REQ_COMP_FIELD_TYPE_ID) values ('kuali.reqComponent.type.program.completion.duration.afterentry', 'kuali.reqComponent.field.type.value.positive.integer');
insert into KSST_RCTYP_JN_RCFLDTYP (REQ_COMP_TYPE_ID, REQ_COMP_FIELD_TYPE_ID) values ('kuali.reqComponent.type.program.completion.duration.afterentry', 'kuali.reqComponent.field.type.durationType.id');
insert into KSST_RCTYP_JN_RCFLDTYP (REQ_COMP_TYPE_ID, REQ_COMP_FIELD_TYPE_ID) values ('kuali.reqComponent.type.program.residence.credits.final', 'kuali.reqComponent.field.type.clu.id');
insert into KSST_RCTYP_JN_RCFLDTYP (REQ_COMP_TYPE_ID, REQ_COMP_FIELD_TYPE_ID) values ('kuali.reqComponent.type.program.residence.credits.final', 'kuali.reqComponent.field.type.value.positive.integer');
insert into KSST_RCTYP_JN_RCFLDTYP (REQ_COMP_TYPE_ID, REQ_COMP_FIELD_TYPE_ID) values ('kuali.reqComponent.type.program.enrolled.credits.final', 'kuali.reqComponent.field.type.clu.id');
insert into KSST_RCTYP_JN_RCFLDTYP (REQ_COMP_TYPE_ID, REQ_COMP_FIELD_TYPE_ID) values ('kuali.reqComponent.type.program.enrolled.credits.final', 'kuali.reqComponent.field.type.value.positive.integer');
insert into KSST_RCTYP_JN_RCFLDTYP (REQ_COMP_TYPE_ID, REQ_COMP_FIELD_TYPE_ID) values ('kuali.reqComponent.type.program.minors.nof', 'kuali.reqComponent.field.type.value.positive.integer');

-- REQ_COMPONENT_TYPE_NL_TEMPLATE
insert into KSST_REQ_COM_TYPE_NL_TMPL (ID, ATTR_NAME, ATTR_VALUE, LANGUAGE, NL_USUAGE_TYPE_KEY, TEMPLATE, OWNER) values ('216', null, null, 'en', 'KUALI.RULE.COMPOSITION', '<reqCompFieldType=kuali.reqComponent.field.type.person.id;reqCompFieldLabel=Instructor>', 'kuali.reqComponent.type.course.permission.instructor.required');
insert into KSST_REQ_COM_TYPE_NL_TMPL (ID, ATTR_NAME, ATTR_VALUE, LANGUAGE, NL_USUAGE_TYPE_KEY, TEMPLATE, OWNER) values ('217', null, null, 'en', 'KUALI.RULE.COMPOSITION', '<reqCompFieldType=kuali.reqComponent.field.type.test.score;reqCompFieldLabel=Test Score> from <reqCompFieldType=kuali.reqComponent.field.type.cluSet.id;reqCompFieldLabel=Tests>', 'kuali.reqComponent.type.course.test.score.min');
insert into KSST_REQ_COM_TYPE_NL_TMPL (ID, ATTR_NAME, ATTR_VALUE, LANGUAGE, NL_USUAGE_TYPE_KEY, TEMPLATE, OWNER) values ('218', null, null, 'en', 'KUALI.RULE.COMPOSITION', '<reqCompFieldType=kuali.reqComponent.field.type.test.score;reqCompFieldLabel=Test Score> from <reqCompFieldType=kuali.reqComponent.field.type.cluSet.id;reqCompFieldLabel=Tests>', 'kuali.reqComponent.type.course.test.score.max');
insert into KSST_REQ_COM_TYPE_NL_TMPL (ID, ATTR_NAME, ATTR_VALUE, LANGUAGE, NL_USUAGE_TYPE_KEY, TEMPLATE, OWNER) values ('219', null, null, 'en', 'KUALI.RULE.COMPOSITION', '<reqCompFieldType=kuali.reqComponent.field.type.value.positive.integer;reqCompFieldLabel=Number> from <reqCompFieldType=kuali.reqComponent.field.type.cluSet.id;reqCompFieldLabel=Courses> with <reqCompFieldType=kuali.reqComponent.field.type.gradeType.id;reqCompFieldLabel=Grade Type> of <reqCompFieldType=kuali.reqComponent.field.type.grade.id;reqCompFieldLabel=Grade>', 'kuali.reqComponent.type.course.courseset.nof.grade.min');
insert into KSST_REQ_COM_TYPE_NL_TMPL (ID, ATTR_NAME, ATTR_VALUE, LANGUAGE, NL_USUAGE_TYPE_KEY, TEMPLATE, OWNER) values ('22', null, null, 'en', 'KUALI.RULE', 'Must be admitted to any program offered at the course campus location', 'kuali.reqComponent.type.course.org.program.admitted');
insert into KSST_REQ_COM_TYPE_NL_TMPL (ID, ATTR_NAME, ATTR_VALUE, LANGUAGE, NL_USUAGE_TYPE_KEY, TEMPLATE, OWNER) values ('220', null, null, 'en', 'KUALI.RULE.COMPOSITION', '<reqCompFieldType=kuali.reqComponent.field.type.clu.id;reqCompFieldLabel=Program> no more than <reqCompFieldType=kuali.reqComponent.field.type.value.positive.integer;reqCompFieldLabel=Course(s)> in <reqCompFieldType=kuali.reqComponent.field.type.org.id;reqCompFieldLabel=Department> in <reqCompFieldType=kuali.reqComponent.field.type.duration;reqCompFieldLabel=Department> type <reqCompFieldType=kuali.reqComponent.field.type.durationType.id;reqCompFieldLabel=Department>', 'kuali.reqComponent.type.course.program.admitted.org.duration');
insert into KSST_REQ_COM_TYPE_NL_TMPL (ID, ATTR_NAME, ATTR_VALUE, LANGUAGE, NL_USUAGE_TYPE_KEY, TEMPLATE, OWNER) values ('221', null, null, 'en', 'KUALI.RULE.COMPOSITION', '<reqCompFieldType=kuali.reqComponent.field.type.clu.id;reqCompFieldLabel=Program> no more than <reqCompFieldType=kuali.reqComponent.field.type.value.positive.integer;reqCompFieldLabel=Course(s)> in <reqCompFieldType=kuali.reqComponent.field.type.org.id;reqCompFieldLabel=Department> in <reqCompFieldType=kuali.reqComponent.field.type.duration;reqCompFieldLabel=Department> type <reqCompFieldType=kuali.reqComponent.field.type.durationType.id;reqCompFieldLabel=Department>', 'kuali.reqComponent.type.course.program.notadmitted.org.duration');
insert into KSST_REQ_COM_TYPE_NL_TMPL (ID, ATTR_NAME, ATTR_VALUE, LANGUAGE, NL_USUAGE_TYPE_KEY, TEMPLATE, OWNER) values ('222', null, null, 'en', 'KUALI.RULE.COMPOSITION', null, 'kuali.reqComponent.type.course.org.program.admitted');
insert into KSST_REQ_COM_TYPE_NL_TMPL (ID, ATTR_NAME, ATTR_VALUE, LANGUAGE, NL_USUAGE_TYPE_KEY, TEMPLATE, OWNER) values ('223', null, null, 'en', 'KUALI.RULE.COMPOSITION', '<reqCompFieldType=kuali.reqComponent.field.type.clu.id;reqCompFieldLabel=Program>', 'kuali.reqComponent.type.course.program.notadmitted');
insert into KSST_REQ_COM_TYPE_NL_TMPL (ID, ATTR_NAME, ATTR_VALUE, LANGUAGE, NL_USUAGE_TYPE_KEY, TEMPLATE, OWNER) values ('224', null, null, 'en', 'KUALI.RULE.COMPOSITION', '<reqCompFieldType=kuali.reqComponent.field.type.value.positive.integer;reqCompFieldLabel=Credits>', 'kuali.reqComponent.type.course.credits.repeat.max');
insert into KSST_REQ_COM_TYPE_NL_TMPL (ID, ATTR_NAME, ATTR_VALUE, LANGUAGE, NL_USUAGE_TYPE_KEY, TEMPLATE, OWNER) values ('225', null, null, 'en', 'KUALI.RULE.COMPOSITION', '<reqCompFieldType=kuali.reqComponent.field.type.value.positive.integer;reqCompFieldLabel=Credits> from courses in <reqCompFieldType=kuali.reqComponent.field.type.org.id;reqCompFieldLabel=Department>', 'kuali.reqComponent.type.course.org.credits.completed.min');
insert into KSST_REQ_COM_TYPE_NL_TMPL (ID, ATTR_NAME, ATTR_VALUE, LANGUAGE, NL_USUAGE_TYPE_KEY, TEMPLATE, OWNER) values ('226', null, null, 'en', 'KUALI.RULE.COMPOSITION', '<reqCompFieldType=kuali.reqComponent.field.type.clu.id;reqCompFieldLabel=Program>', 'kuali.reqComponent.type.course.program.admitted');
insert into KSST_REQ_COM_TYPE_NL_TMPL (ID, ATTR_NAME, ATTR_VALUE, LANGUAGE, NL_USUAGE_TYPE_KEY, TEMPLATE, OWNER) values ('227', null, null, 'en', 'KUALI.RULE.COMPOSITION', '<reqCompFieldType=kuali.reqComponent.field.type.clu.id;reqCompFieldLabel=Course>', 'kuali.reqComponent.type.course.completed');
insert into KSST_REQ_COM_TYPE_NL_TMPL (ID, ATTR_NAME, ATTR_VALUE, LANGUAGE, NL_USUAGE_TYPE_KEY, TEMPLATE, OWNER) values ('228', null, null, 'en', 'KUALI.RULE.COMPOSITION', '<reqCompFieldType=kuali.reqComponent.field.type.clu.id;reqCompFieldLabel=Course>', 'kuali.reqComponent.type.course.enrolled');
insert into KSST_REQ_COM_TYPE_NL_TMPL (ID, ATTR_NAME, ATTR_VALUE, LANGUAGE, NL_USUAGE_TYPE_KEY, TEMPLATE, OWNER) values ('229', null, null, 'en', 'KUALI.RULE.COMPOSITION', '<reqCompFieldType=kuali.reqComponent.field.type.clu.id;reqCompFieldLabel=Course>', 'kuali.reqComponent.type.course.notcompleted');
insert into KSST_REQ_COM_TYPE_NL_TMPL (ID, ATTR_NAME, ATTR_VALUE, LANGUAGE, NL_USUAGE_TYPE_KEY, TEMPLATE, OWNER) values ('23', null, null, 'en', 'KUALI.RULE', 'Must not have been admitted to the $NLHelper.getCluOrCluSetAsShortNames($clu,$cluSet) program', 'kuali.reqComponent.type.course.program.notadmitted');
insert into KSST_REQ_COM_TYPE_NL_TMPL (ID, ATTR_NAME, ATTR_VALUE, LANGUAGE, NL_USUAGE_TYPE_KEY, TEMPLATE, OWNER) values ('24', null, null, 'en', 'KUALI.RULE', 'May be repeated for a maximum of $intValue credits', 'kuali.reqComponent.type.course.credits.repeat.max');
insert into KSST_REQ_COM_TYPE_NL_TMPL (ID, ATTR_NAME, ATTR_VALUE, LANGUAGE, NL_USUAGE_TYPE_KEY, TEMPLATE, OWNER) values ('25', null, null, 'en', 'KUALI.RULE', 'Must have successfully completed a minimum of $intValue $NLHelper.getProperGrammar($intValue, "credit") from courses in the $org.getLongName()', 'kuali.reqComponent.type.course.org.credits.completed.min');
insert into KSST_REQ_COM_TYPE_NL_TMPL (ID, ATTR_NAME, ATTR_VALUE, LANGUAGE, NL_USUAGE_TYPE_KEY, TEMPLATE, OWNER) values ('26', null, null, 'en', 'KUALI.RULE', 'Must have been admitted to the $NLHelper.getCluOrCluSetAsShortNames($clu,$cluSet) program', 'kuali.reqComponent.type.course.program.admitted');
insert into KSST_REQ_COM_TYPE_NL_TMPL (ID, ATTR_NAME, ATTR_VALUE, LANGUAGE, NL_USUAGE_TYPE_KEY, TEMPLATE, OWNER) values ('27', null, null, 'en', 'KUALI.RULE', 'Must have successfully completed $clu.getOfficialIdentifier().getCode()', 'kuali.reqComponent.type.course.completed');
insert into KSST_REQ_COM_TYPE_NL_TMPL (ID, ATTR_NAME, ATTR_VALUE, LANGUAGE, NL_USUAGE_TYPE_KEY, TEMPLATE, OWNER) values ('28', null, null, 'en', 'KUALI.RULE', 'Must be concurrently enrolled in $clu.getOfficialIdentifier().getCode()', 'kuali.reqComponent.type.course.enrolled');
insert into KSST_REQ_COM_TYPE_NL_TMPL (ID, ATTR_NAME, ATTR_VALUE, LANGUAGE, NL_USUAGE_TYPE_KEY, TEMPLATE, OWNER) values ('29', null, null, 'en', 'KUALI.RULE', 'Must not have successfully completed $clu.getOfficialIdentifier().getCode()', 'kuali.reqComponent.type.course.notcompleted');
insert into KSST_REQ_COM_TYPE_NL_TMPL (ID, ATTR_NAME, ATTR_VALUE, LANGUAGE, NL_USUAGE_TYPE_KEY, TEMPLATE, OWNER) values ('3', null, null, 'en', 'KUALI.RULE', '#if($intValue == 1 && $cluSet.getCluList().size() == 1)Must have successfully completed $cluSet.getCluSetAsCode()#{else}Must have successfully completed a minimum of $intValue $NLHelper.getProperGrammar($intValue, "course") from $cluSet.getCluSetAsCode()#end', 'kuali.reqComponent.type.course.courseset.completed.nof');
insert into KSST_REQ_COM_TYPE_NL_TMPL (ID, ATTR_NAME, ATTR_VALUE, LANGUAGE, NL_USUAGE_TYPE_KEY, TEMPLATE, OWNER) values ('3001', null, null, 'en', 'KUALI.RULE.COMPOSITION', '<reqCompFieldType=kuali.reqComponent.field.type.value.positive.integer;reqCompFieldLabel=Number> from <reqCompFieldType=kuali.reqComponent.field.type.cluSet.id;reqCompFieldLabel=Programs>', 'kuali.reqComponent.type.program.programset.completed.nof');
insert into KSST_REQ_COM_TYPE_NL_TMPL (ID, ATTR_NAME, ATTR_VALUE, LANGUAGE, NL_USUAGE_TYPE_KEY, TEMPLATE, OWNER) values ('3002', null, null, 'en', 'KUALI.RULE.COMPOSITION', '<reqCompFieldType=kuali.reqComponent.field.type.cluSet.id;reqCompFieldLabel=Programs>', 'kuali.reqComponent.type.program.programset.notcompleted.nof');
insert into KSST_REQ_COM_TYPE_NL_TMPL (ID, ATTR_NAME, ATTR_VALUE, LANGUAGE, NL_USUAGE_TYPE_KEY, TEMPLATE, OWNER) values ('3003', null, null, 'en', 'KUALI.RULE.COMPOSITION', '<reqCompFieldType=kuali.reqComponent.field.type.cluSet.id;reqCompFieldLabel=Programs>', 'kuali.reqComponent.type.program.programset.completed.all');
insert into KSST_REQ_COM_TYPE_NL_TMPL (ID, ATTR_NAME, ATTR_VALUE, LANGUAGE, NL_USUAGE_TYPE_KEY, TEMPLATE, OWNER) values ('3004', null, null, 'en', 'KUALI.RULE.COMPOSITION', '<reqCompFieldType=kuali.reqComponent.field.type.value.positive.integer;reqCompFieldLabel=Number> from <reqCompFieldType=kuali.reqComponent.field.type.cluSet.id;reqCompFieldLabel=Courses>', 'kuali.reqComponent.type.program.programset.coursecompleted.nof');
insert into KSST_REQ_COM_TYPE_NL_TMPL (ID, ATTR_NAME, ATTR_VALUE, LANGUAGE, NL_USUAGE_TYPE_KEY, TEMPLATE, OWNER) values ('3005', null, null, 'en', 'KUALI.RULE.COMPOSITION', '<reqCompFieldType=kuali.reqComponent.field.type.value.positive.integer;reqCompFieldLabel=Credits>', 'kuali.reqComponent.type.program.admitted.credits');
insert into KSST_REQ_COM_TYPE_NL_TMPL (ID, ATTR_NAME, ATTR_VALUE, LANGUAGE, NL_USUAGE_TYPE_KEY, TEMPLATE, OWNER) values ('3006', null, null, 'en', 'KUALI.RULE.COMPOSITION', '<reqCompFieldType=kuali.reqComponent.field.type.value.positive.integer;reqCompFieldLabel=Number>', 'kuali.reqComponent.type.program.credits.min');
insert into KSST_REQ_COM_TYPE_NL_TMPL (ID, ATTR_NAME, ATTR_VALUE, LANGUAGE, NL_USUAGE_TYPE_KEY, TEMPLATE, OWNER) values ('3007', null, null, 'en', 'KUALI.RULE.COMPOSITION', '<reqCompFieldType=kuali.reqComponent.field.type.value.positive.integer;reqCompFieldLabel=Number>', 'kuali.reqComponent.type.program.credits.max');
insert into KSST_REQ_COM_TYPE_NL_TMPL (ID, ATTR_NAME, ATTR_VALUE, LANGUAGE, NL_USUAGE_TYPE_KEY, TEMPLATE, OWNER) values ('3008', null, null, 'en', 'KUALI.RULE.COMPOSITION', '<reqCompFieldType=kuali.reqComponent.field.type.value.positive.integer;reqCompFieldLabel=Number>', 'kuali.reqComponent.type.program.completion.duration');
insert into KSST_REQ_COM_TYPE_NL_TMPL (ID, ATTR_NAME, ATTR_VALUE, LANGUAGE, NL_USUAGE_TYPE_KEY, TEMPLATE, OWNER) values ('3009', null, null, 'en', 'KUALI.RULE.COMPOSITION', '<reqCompFieldType=kuali.reqComponent.field.type.value.positive.integer;reqCompFieldLabel=Number>', 'kuali.reqComponent.type.program.candidate.status.duration');
insert into KSST_REQ_COM_TYPE_NL_TMPL (ID, ATTR_NAME, ATTR_VALUE, LANGUAGE, NL_USUAGE_TYPE_KEY, TEMPLATE, OWNER) values ('3010', null, null, 'en', 'KUALI.RULE.COMPOSITION', '<reqCompFieldType=kuali.reqComponent.field.type.value.positive.integer;reqCompFieldLabel=Number>', 'kuali.reqComponent.type.program.completion.duration.afterentry');
insert into KSST_REQ_COM_TYPE_NL_TMPL (ID, ATTR_NAME, ATTR_VALUE, LANGUAGE, NL_USUAGE_TYPE_KEY, TEMPLATE, OWNER) values ('3011', null, null, 'en', 'KUALI.RULE.COMPOSITION', '<reqCompFieldType=kuali.reqComponent.field.type.clu.id;reqCompFieldLabel=Program> for final credits of <reqCompFieldType=kuali.reqComponent.field.type.value.positive.integer;reqCompFieldLabel=Number>', 'kuali.reqComponent.type.program.residence.credits.final');
insert into KSST_REQ_COM_TYPE_NL_TMPL (ID, ATTR_NAME, ATTR_VALUE, LANGUAGE, NL_USUAGE_TYPE_KEY, TEMPLATE, OWNER) values ('3012', null, null, 'en', 'KUALI.RULE.COMPOSITION', '<reqCompFieldType=kuali.reqComponent.field.type.clu.id;reqCompFieldLabel=Program> for final credits of <reqCompFieldType=kuali.reqComponent.field.type.value.positive.integer;reqCompFieldLabel=Number>', 'kuali.reqComponent.type.program.enrolled.credits.final');
insert into KSST_REQ_COM_TYPE_NL_TMPL (ID, ATTR_NAME, ATTR_VALUE, LANGUAGE, NL_USUAGE_TYPE_KEY, TEMPLATE, OWNER) values ('3013', null, null, 'en', 'KUALI.RULE.COMPOSITION', '<reqCompFieldType=kuali.reqComponent.field.type.value.positive.integer;reqCompFieldLabel=Minors>', 'kuali.reqComponent.type.program.minors.nof');
insert into KSST_REQ_COM_TYPE_NL_TMPL (ID, ATTR_NAME, ATTR_VALUE, LANGUAGE, NL_USUAGE_TYPE_KEY, TEMPLATE, OWNER) values ('3014', null, null, 'en', 'KUALI.RULE.COMPOSITION', null, 'kuali.reqComponent.type.program.minor.admitted.classstanding');
insert into KSST_REQ_COM_TYPE_NL_TMPL (ID, ATTR_NAME, ATTR_VALUE, LANGUAGE, NL_USUAGE_TYPE_KEY, TEMPLATE, OWNER) values ('4', null, null, 'en', 'KUALI.RULE', 'Must be concurrently enrolled in a minimum of $intValue $NLHelper.getProperGrammar($intValue, "course") from $cluSet.getCluSetAsCode()', 'kuali.reqComponent.type.course.courseset.enrolled.nof');
insert into KSST_REQ_COM_TYPE_NL_TMPL (ID, ATTR_NAME, ATTR_VALUE, LANGUAGE, NL_USUAGE_TYPE_KEY, TEMPLATE, OWNER) values ('5', null, null, 'en', 'KUALI.RULE', 'Must have successfully completed a minimum of $intValue $NLHelper.getProperGrammar($intValue, "credit") from $cluSet.getCluSetAsCode()', 'kuali.reqComponent.type.course.courseset.credits.completed.nof');
insert into KSST_REQ_COM_TYPE_NL_TMPL (ID, ATTR_NAME, ATTR_VALUE, LANGUAGE, NL_USUAGE_TYPE_KEY, TEMPLATE, OWNER) values ('6', null, null, 'en', 'KUALI.RULE', 'Must not have successfully completed any credits from $cluSet.getCluSetAsCode()', 'kuali.reqComponent.type.course.courseset.credits.completed.none');
insert into KSST_REQ_COM_TYPE_NL_TMPL (ID, ATTR_NAME, ATTR_VALUE, LANGUAGE, NL_USUAGE_TYPE_KEY, TEMPLATE, OWNER) values ('7', null, null, 'en', 'KUALI.RULE', 'Must successfully complete no more than $intValue $NLHelper.getProperGrammar($intValue, "credit") from $cluSet.getCluSetAsCode()', 'kuali.reqComponent.type.course.courseset.credits.completed.max');
insert into KSST_REQ_COM_TYPE_NL_TMPL (ID, ATTR_NAME, ATTR_VALUE, LANGUAGE, NL_USUAGE_TYPE_KEY, TEMPLATE, OWNER) values ('8', null, null, 'en', 'KUALI.RULE', 'Must have earned a minimum GPA of $gpa in $cluSet.getCluSetAsCode()', 'kuali.reqComponent.type.course.courseset.gpa.min');
insert into KSST_REQ_COM_TYPE_NL_TMPL (ID, ATTR_NAME, ATTR_VALUE, LANGUAGE, NL_USUAGE_TYPE_KEY, TEMPLATE, OWNER) values ('1', null, null, 'en', 'KUALI.RULE', '#if($cluSet.getCluList().size() == 1)Must not have successfully completed $cluSet.getCluSetAsCode()#{else}Must not have successfully completed any courses from $cluSet.getCluSetAsCode()#end', 'kuali.reqComponent.type.course.courseset.completed.none');
insert into KSST_REQ_COM_TYPE_NL_TMPL (ID, ATTR_NAME, ATTR_VALUE, LANGUAGE, NL_USUAGE_TYPE_KEY, TEMPLATE, OWNER) values ('1001', null, null, 'en', 'KUALI.RULE', 'Must have successfully completed a minimum of $intValue $NLHelper.getProperGrammar($intValue, "program") from $cluSet.getCluSetAsShortName() $NLHelper.getProperGrammar($cluSet.getCluList().size(), "program")', 'kuali.reqComponent.type.program.programset.completed.nof');
insert into KSST_REQ_COM_TYPE_NL_TMPL (ID, ATTR_NAME, ATTR_VALUE, LANGUAGE, NL_USUAGE_TYPE_KEY, TEMPLATE, OWNER) values ('1002', null, null, 'en', 'KUALI.RULE', 'Must not have successfully completed #if($cluSet.getCluList().size() > 1)any of #end$cluSet.getCluSetAsShortName() $NLHelper.getProperGrammar($cluSet.getCluList().size(), "program")', 'kuali.reqComponent.type.program.programset.notcompleted.nof');
insert into KSST_REQ_COM_TYPE_NL_TMPL (ID, ATTR_NAME, ATTR_VALUE, LANGUAGE, NL_USUAGE_TYPE_KEY, TEMPLATE, OWNER) values ('1003', null, null, 'en', 'KUALI.RULE', 'Must have successfully completed #if($cluSet.getCluList().size() != 1)all of #end$cluSet.getCluSetAsShortName() $NLHelper.getProperGrammar($cluSet.getCluList().size(), "program")', 'kuali.reqComponent.type.program.programset.completed.all');
insert into KSST_REQ_COM_TYPE_NL_TMPL (ID, ATTR_NAME, ATTR_VALUE, LANGUAGE, NL_USUAGE_TYPE_KEY, TEMPLATE, OWNER) values ('1004', null, null, 'en', 'KUALI.RULE', 'Must have successfully completed a minimum of $intValue $NLHelper.getProperGrammar($intValue, "course") from $cluSet.getCluSetAsShortName() $NLHelper.getProperGrammar($cluSet.getCluList().size(), "program")', 'kuali.reqComponent.type.program.programset.coursecompleted.nof');
insert into KSST_REQ_COM_TYPE_NL_TMPL (ID, ATTR_NAME, ATTR_VALUE, LANGUAGE, NL_USUAGE_TYPE_KEY, TEMPLATE, OWNER) values ('1005', null, null, 'en', 'KUALI.RULE', 'Must be admitted to program prior to earning $intValue $NLHelper.getProperGrammar($intValue, "credit")', 'kuali.reqComponent.type.program.admitted.credits');
insert into KSST_REQ_COM_TYPE_NL_TMPL (ID, ATTR_NAME, ATTR_VALUE, LANGUAGE, NL_USUAGE_TYPE_KEY, TEMPLATE, OWNER) values ('1006', null, null, 'en', 'KUALI.RULE', 'Must have earned a minimum of $intValue total $NLHelper.getProperGrammar($intValue, "credit")', 'kuali.reqComponent.type.program.credits.min');
insert into KSST_REQ_COM_TYPE_NL_TMPL (ID, ATTR_NAME, ATTR_VALUE, LANGUAGE, NL_USUAGE_TYPE_KEY, TEMPLATE, OWNER) values ('1007', null, null, 'en', 'KUALI.RULE', 'Must not have earned more than $intValue $NLHelper.getProperGrammar($intValue, "credit")', 'kuali.reqComponent.type.program.credits.max');
insert into KSST_REQ_COM_TYPE_NL_TMPL (ID, ATTR_NAME, ATTR_VALUE, LANGUAGE, NL_USUAGE_TYPE_KEY, TEMPLATE, OWNER) values ('1008', null, null, 'en', 'KUALI.RULE', 'Must not exceed $duration $NLHelper.getProperGrammar($duration, $durationType.getName()).toLowerCase() without completing program', 'kuali.reqComponent.type.program.completion.duration');
insert into KSST_REQ_COM_TYPE_NL_TMPL (ID, ATTR_NAME, ATTR_VALUE, LANGUAGE, NL_USUAGE_TYPE_KEY, TEMPLATE, OWNER) values ('1009', null, null, 'en', 'KUALI.RULE', 'Must attain candidate status within $duration $NLHelper.getProperGrammar($duration, $durationType.getName()).toLowerCase() after program entry term', 'kuali.reqComponent.type.program.candidate.status.duration');
insert into KSST_REQ_COM_TYPE_NL_TMPL (ID, ATTR_NAME, ATTR_VALUE, LANGUAGE, NL_USUAGE_TYPE_KEY, TEMPLATE, OWNER) values ('101', null, null, 'en', 'KUALI.RULE.EXAMPLE', 'Must not have successfully completed any courses from (MATH111, 140, 220, or STAT100)', 'kuali.reqComponent.type.course.courseset.completed.none');
insert into KSST_REQ_COM_TYPE_NL_TMPL (ID, ATTR_NAME, ATTR_VALUE, LANGUAGE, NL_USUAGE_TYPE_KEY, TEMPLATE, OWNER) values ('1010', null, null, 'en', 'KUALI.RULE', 'Must complete program within $duration $NLHelper.getProperGrammar($duration, $durationType.getName()).toLowerCase() after program entry term', 'kuali.reqComponent.type.program.completion.duration.afterentry');
insert into KSST_REQ_COM_TYPE_NL_TMPL (ID, ATTR_NAME, ATTR_VALUE, LANGUAGE, NL_USUAGE_TYPE_KEY, TEMPLATE, OWNER) values ('1011', null, null, 'en', 'KUALI.RULE', '$clu.getOfficialIdentifier().getShortName() students must take their final $intValue $NLHelper.getProperGrammar($intValue, "credit") in residence', 'kuali.reqComponent.type.program.residence.credits.final');
insert into KSST_REQ_COM_TYPE_NL_TMPL (ID, ATTR_NAME, ATTR_VALUE, LANGUAGE, NL_USUAGE_TYPE_KEY, TEMPLATE, OWNER) values ('1012', null, null, 'en', 'KUALI.RULE', '$clu.getOfficialIdentifier().getShortName() students must be enrolled in their graduation major for the final $intValue $NLHelper.getProperGrammar($intValue, "credit") taken', 'kuali.reqComponent.type.program.enrolled.credits.final');
insert into KSST_REQ_COM_TYPE_NL_TMPL (ID, ATTR_NAME, ATTR_VALUE, LANGUAGE, NL_USUAGE_TYPE_KEY, TEMPLATE, OWNER) values ('1013', null, null, 'en', 'KUALI.RULE', 'Must earn no more than $intValue $NLHelper.getProperGrammar($intValue, "minor") as part of a program', 'kuali.reqComponent.type.program.minors.nof');
insert into KSST_REQ_COM_TYPE_NL_TMPL (ID, ATTR_NAME, ATTR_VALUE, LANGUAGE, NL_USUAGE_TYPE_KEY, TEMPLATE, OWNER) values ('1014', null, null, 'en', 'KUALI.RULE', 'Must be admitted to a minor program only if they have junior or senior class standing', 'kuali.reqComponent.type.program.minor.admitted.classstanding');
insert into KSST_REQ_COM_TYPE_NL_TMPL (ID, ATTR_NAME, ATTR_VALUE, LANGUAGE, NL_USUAGE_TYPE_KEY, TEMPLATE, OWNER) values ('102', null, null, 'en', 'KUALI.RULE.EXAMPLE', 'Must have successfully completed all courses from (MATH111, 140, 220, and STAT100)', 'kuali.reqComponent.type.course.courseset.completed.all');
insert into KSST_REQ_COM_TYPE_NL_TMPL (ID, ATTR_NAME, ATTR_VALUE, LANGUAGE, NL_USUAGE_TYPE_KEY, TEMPLATE, OWNER) values ('103', null, null, 'en', 'KUALI.RULE.EXAMPLE', 'Must have successfully completed a minimum of 1 course from (MATH111, 140, 220, or STAT100)', 'kuali.reqComponent.type.course.courseset.completed.nof');
insert into KSST_REQ_COM_TYPE_NL_TMPL (ID, ATTR_NAME, ATTR_VALUE, LANGUAGE, NL_USUAGE_TYPE_KEY, TEMPLATE, OWNER) values ('104', null, null, 'en', 'KUALI.RULE.EXAMPLE', 'Must be concurrently enrolled in a minimum of 1 course from (MATH111, 140, 220, or STAT100)', 'kuali.reqComponent.type.course.courseset.enrolled.nof');
insert into KSST_REQ_COM_TYPE_NL_TMPL (ID, ATTR_NAME, ATTR_VALUE, LANGUAGE, NL_USUAGE_TYPE_KEY, TEMPLATE, OWNER) values ('105', null, null, 'en', 'KUALI.RULE.EXAMPLE', 'Must have earned a minimum of 3 credits from (MATH111, 140, 220, or STAT100)', 'kuali.reqComponent.type.course.courseset.credits.completed.nof');
insert into KSST_REQ_COM_TYPE_NL_TMPL (ID, ATTR_NAME, ATTR_VALUE, LANGUAGE, NL_USUAGE_TYPE_KEY, TEMPLATE, OWNER) values ('106', null, null, 'en', 'KUALI.RULE.EXAMPLE', 'No credits may be used from (Developmental Math courses (MATH001, 002, 003, 010, 011, 013 or 015)', 'kuali.reqComponent.type.course.courseset.credits.completed.none');
insert into KSST_REQ_COM_TYPE_NL_TMPL (ID, ATTR_NAME, ATTR_VALUE, LANGUAGE, NL_USUAGE_TYPE_KEY, TEMPLATE, OWNER) values ('107', null, null, 'en', 'KUALI.RULE.EXAMPLE', 'Must not have earned more than 6 credits from (MATH111, 140, 220, and STAT100)', 'kuali.reqComponent.type.course.courseset.credits.completed.max');
insert into KSST_REQ_COM_TYPE_NL_TMPL (ID, ATTR_NAME, ATTR_VALUE, LANGUAGE, NL_USUAGE_TYPE_KEY, TEMPLATE, OWNER) values ('108', null, null, 'en', 'KUALI.RULE.EXAMPLE', 'Must have earned a minimum GPA of 2.00 in (MATH111, 140, 220, and  STAT100)', 'kuali.reqComponent.type.course.courseset.gpa.min');
insert into KSST_REQ_COM_TYPE_NL_TMPL (ID, ATTR_NAME, ATTR_VALUE, LANGUAGE, NL_USUAGE_TYPE_KEY, TEMPLATE, OWNER) values ('113', null, null, 'en', 'KUALI.RULE.EXAMPLE', 'Must have earned a minimum grade of letter B in (MATH111, 140, 220, and STAT100)', 'kuali.reqComponent.type.course.courseset.grade.min');
insert into KSST_REQ_COM_TYPE_NL_TMPL (ID, ATTR_NAME, ATTR_VALUE, LANGUAGE, NL_USUAGE_TYPE_KEY, TEMPLATE, OWNER) values ('114', null, null, 'en', 'KUALI.RULE.EXAMPLE', 'Must not have earned a maximum grade of letter C or higher in (MATH111, 140, 220, and STAT100)', 'kuali.reqComponent.type.course.courseset.grade.max');
insert into KSST_REQ_COM_TYPE_NL_TMPL (ID, ATTR_NAME, ATTR_VALUE, LANGUAGE, NL_USUAGE_TYPE_KEY, TEMPLATE, OWNER) values ('115', null, null, 'en', 'KUALI.RULE.EXAMPLE', 'Permission of English Department Required', 'kuali.reqComponent.type.course.permission.org.required');
insert into KSST_REQ_COM_TYPE_NL_TMPL (ID, ATTR_NAME, ATTR_VALUE, LANGUAGE, NL_USUAGE_TYPE_KEY, TEMPLATE, OWNER) values ('116', null, null, 'en', 'KUALI.RULE.EXAMPLE', 'Permission of instructor required', 'kuali.reqComponent.type.course.permission.instructor.required');
insert into KSST_REQ_COM_TYPE_NL_TMPL (ID, ATTR_NAME, ATTR_VALUE, LANGUAGE, NL_USUAGE_TYPE_KEY, TEMPLATE, OWNER) values ('117', null, null, 'en', 'KUALI.RULE.EXAMPLE', 'Must have achieved a minimum score of 600 on SAT Critical Reading Exam', 'kuali.reqComponent.type.course.test.score.min');
insert into KSST_REQ_COM_TYPE_NL_TMPL (ID, ATTR_NAME, ATTR_VALUE, LANGUAGE, NL_USUAGE_TYPE_KEY, TEMPLATE, OWNER) values ('118', null, null, 'en', 'KUALI.RULE.EXAMPLE', 'Must have achieved a score no higher than 5 on AP Japanese', 'kuali.reqComponent.type.course.test.score.max');
insert into KSST_REQ_COM_TYPE_NL_TMPL (ID, ATTR_NAME, ATTR_VALUE, LANGUAGE, NL_USUAGE_TYPE_KEY, TEMPLATE, OWNER) values ('119', null, null, 'en', 'KUALI.RULE.EXAMPLE', 'Must have successfully completed a minimum of 1 course from (MATH111, 140, 220, or STAT100) with a minimum grade of letter B', 'kuali.reqComponent.type.course.courseset.nof.grade.min');
insert into KSST_REQ_COM_TYPE_NL_TMPL (ID, ATTR_NAME, ATTR_VALUE, LANGUAGE, NL_USUAGE_TYPE_KEY, TEMPLATE, OWNER) values ('120', null, null, 'en', 'KUALI.RULE.EXAMPLE', 'Students admitted to Sociology may take no more than 2 courses in the Math department in 1 year', 'kuali.reqComponent.type.course.program.admitted.org.duration');
insert into KSST_REQ_COM_TYPE_NL_TMPL (ID, ATTR_NAME, ATTR_VALUE, LANGUAGE, NL_USUAGE_TYPE_KEY, TEMPLATE, OWNER) values ('121', null, null, 'en', 'KUALI.RULE.EXAMPLE', 'Students not admitted to Sociology may take no more than 3 courses in the Computer Science Dept department in 1 year', 'kuali.reqComponent.type.course.program.notadmitted.org.duration');
insert into KSST_REQ_COM_TYPE_NL_TMPL (ID, ATTR_NAME, ATTR_VALUE, LANGUAGE, NL_USUAGE_TYPE_KEY, TEMPLATE, OWNER) values ('122', null, null, 'en', 'KUALI.RULE.EXAMPLE', 'Must be admitted to any program offered at the course campus location', 'kuali.reqComponent.type.course.org.program.admitted');
insert into KSST_REQ_COM_TYPE_NL_TMPL (ID, ATTR_NAME, ATTR_VALUE, LANGUAGE, NL_USUAGE_TYPE_KEY, TEMPLATE, OWNER) values ('123', null, null, 'en', 'KUALI.RULE.EXAMPLE', 'Must not have been admitted to the Sociology program', 'kuali.reqComponent.type.course.program.notadmitted');
insert into KSST_REQ_COM_TYPE_NL_TMPL (ID, ATTR_NAME, ATTR_VALUE, LANGUAGE, NL_USUAGE_TYPE_KEY, TEMPLATE, OWNER) values ('124', null, null, 'en', 'KUALI.RULE.EXAMPLE', 'May be repeated for a maximum of $intValue credits', 'kuali.reqComponent.type.course.credits.repeat.max');
insert into KSST_REQ_COM_TYPE_NL_TMPL (ID, ATTR_NAME, ATTR_VALUE, LANGUAGE, NL_USUAGE_TYPE_KEY, TEMPLATE, OWNER) values ('125', null, null, 'en', 'KUALI.RULE.EXAMPLE', 'Must have successfully completed a minimum of 3 credits from courses in the Math department', 'kuali.reqComponent.type.course.org.credits.completed.min');
insert into KSST_REQ_COM_TYPE_NL_TMPL (ID, ATTR_NAME, ATTR_VALUE, LANGUAGE, NL_USUAGE_TYPE_KEY, TEMPLATE, OWNER) values ('126', null, null, 'en', 'KUALI.RULE.EXAMPLE', 'Must have been admitted to the Sociology program', 'kuali.reqComponent.type.course.program.admitted');
insert into KSST_REQ_COM_TYPE_NL_TMPL (ID, ATTR_NAME, ATTR_VALUE, LANGUAGE, NL_USUAGE_TYPE_KEY, TEMPLATE, OWNER) values ('127', null, null, 'en', 'KUALI.RULE.EXAMPLE', 'Must have successfully completed MATH111', 'kuali.reqComponent.type.course.completed');
insert into KSST_REQ_COM_TYPE_NL_TMPL (ID, ATTR_NAME, ATTR_VALUE, LANGUAGE, NL_USUAGE_TYPE_KEY, TEMPLATE, OWNER) values ('128', null, null, 'en', 'KUALI.RULE.EXAMPLE', 'Must be concurrently enrolled in MATH111', 'kuali.reqComponent.type.course.enrolled');
insert into KSST_REQ_COM_TYPE_NL_TMPL (ID, ATTR_NAME, ATTR_VALUE, LANGUAGE, NL_USUAGE_TYPE_KEY, TEMPLATE, OWNER) values ('129', null, null, 'en', 'KUALI.RULE.EXAMPLE', 'Must not have successfully completed MATH111', 'kuali.reqComponent.type.course.notcompleted');
insert into KSST_REQ_COM_TYPE_NL_TMPL (ID, ATTR_NAME, ATTR_VALUE, LANGUAGE, NL_USUAGE_TYPE_KEY, TEMPLATE, OWNER) values ('13', null, null, 'en', 'KUALI.RULE', 'Must have earned a minimum grade of $gradeType.getName().toLowerCase() $grade in $cluSet.getCluSetAsCode()', 'kuali.reqComponent.type.course.courseset.grade.min');
insert into KSST_REQ_COM_TYPE_NL_TMPL (ID, ATTR_NAME, ATTR_VALUE, LANGUAGE, NL_USUAGE_TYPE_KEY, TEMPLATE, OWNER) values ('14', null, null, 'en', 'KUALI.RULE', 'Must not have earned a maximum grade of $gradeType.getName().toLowerCase() $grade or higher in $cluSet.getCluSetAsCode()', 'kuali.reqComponent.type.course.courseset.grade.max');
insert into KSST_REQ_COM_TYPE_NL_TMPL (ID, ATTR_NAME, ATTR_VALUE, LANGUAGE, NL_USUAGE_TYPE_KEY, TEMPLATE, OWNER) values ('15', null, null, 'en', 'KUALI.RULE', 'Permission of $org.getLongName() required', 'kuali.reqComponent.type.course.permission.org.required');
insert into KSST_REQ_COM_TYPE_NL_TMPL (ID, ATTR_NAME, ATTR_VALUE, LANGUAGE, NL_USUAGE_TYPE_KEY, TEMPLATE, OWNER) values ('16', null, null, 'en', 'KUALI.RULE', 'Permission of instructor required', 'kuali.reqComponent.type.course.permission.instructor.required');
insert into KSST_REQ_COM_TYPE_NL_TMPL (ID, ATTR_NAME, ATTR_VALUE, LANGUAGE, NL_USUAGE_TYPE_KEY, TEMPLATE, OWNER) values ('17', null, null, 'en', 'KUALI.RULE', 'Must have achieved a minimum score of $fields.get(''kuali.reqComponent.field.type.test.score'') on $cluSet.getCluSetAsShortName()', 'kuali.reqComponent.type.course.test.score.min');
insert into KSST_REQ_COM_TYPE_NL_TMPL (ID, ATTR_NAME, ATTR_VALUE, LANGUAGE, NL_USUAGE_TYPE_KEY, TEMPLATE, OWNER) values ('18', null, null, 'en', 'KUALI.RULE', 'Must have achieved a score no higher than $fields.get(''kuali.reqComponent.field.type.test.score'') on $cluSet.getCluSetAsShortName()', 'kuali.reqComponent.type.course.test.score.max');
insert into KSST_REQ_COM_TYPE_NL_TMPL (ID, ATTR_NAME, ATTR_VALUE, LANGUAGE, NL_USUAGE_TYPE_KEY, TEMPLATE, OWNER) values ('19', null, null, 'en', 'KUALI.RULE', 'Must successfully complete a minimum of $intValue $NLHelper.getProperGrammar($intValue, "course") from $cluSet.getCluSetAsCode() with a minimum grade of $gradeType.getName().toLowerCase() $grade', 'kuali.reqComponent.type.course.courseset.nof.grade.min');
insert into KSST_REQ_COM_TYPE_NL_TMPL (ID, ATTR_NAME, ATTR_VALUE, LANGUAGE, NL_USUAGE_TYPE_KEY, TEMPLATE, OWNER) values ('2', null, null, 'en', 'KUALI.RULE', '#if($cluSet.getCluList().size() == 1)Must have successfully completed $cluSet.getCluSetAsCode()#{else}Must have successfully completed all courses from $cluSet.getCluSetAsCode()#end', 'kuali.reqComponent.type.course.courseset.completed.all');
insert into KSST_REQ_COM_TYPE_NL_TMPL (ID, ATTR_NAME, ATTR_VALUE, LANGUAGE, NL_USUAGE_TYPE_KEY, TEMPLATE, OWNER) values ('20', null, null, 'en', 'KUALI.RULE', 'Students admitted to $NLHelper.getCluOrCluSetAsShortNames($clu,$cluSet) may take no more than $intValue $NLHelper.getProperGrammar($intValue, "course") in the $org.getLongName() in $duration $NLHelper.getProperGrammar($duration, $durationType.getName()).toLowerCase()', 'kuali.reqComponent.type.course.program.admitted.org.duration');
insert into KSST_REQ_COM_TYPE_NL_TMPL (ID, ATTR_NAME, ATTR_VALUE, LANGUAGE, NL_USUAGE_TYPE_KEY, TEMPLATE, OWNER) values ('2001', null, null, 'en', 'KUALI.RULE.EXAMPLE', 'Must have successfully completed a minimum of 1 program from (Geology or  Sociology) programs', 'kuali.reqComponent.type.program.programset.completed.nof');
insert into KSST_REQ_COM_TYPE_NL_TMPL (ID, ATTR_NAME, ATTR_VALUE, LANGUAGE, NL_USUAGE_TYPE_KEY, TEMPLATE, OWNER) values ('2002', null, null, 'en', 'KUALI.RULE.EXAMPLE', 'Must not have successfully completed any of (Geology or Sociology) programs', 'kuali.reqComponent.type.program.programset.notcompleted.nof');
insert into KSST_REQ_COM_TYPE_NL_TMPL (ID, ATTR_NAME, ATTR_VALUE, LANGUAGE, NL_USUAGE_TYPE_KEY, TEMPLATE, OWNER) values ('2003', null, null, 'en', 'KUALI.RULE.EXAMPLE', 'Must have successfully completed all of (Sociology and CORE Advanced Studies)', 'kuali.reqComponent.type.program.programset.completed.all');
insert into KSST_REQ_COM_TYPE_NL_TMPL (ID, ATTR_NAME, ATTR_VALUE, LANGUAGE, NL_USUAGE_TYPE_KEY, TEMPLATE, OWNER) values ('2004', null, null, 'en', 'KUALI.RULE.EXAMPLE', 'Must have successfully completed a minimum of 14 courses from ( Sociology and CORE Advanced Studies) programs', 'kuali.reqComponent.type.program.programset.coursecompleted.nof');
insert into KSST_REQ_COM_TYPE_NL_TMPL (ID, ATTR_NAME, ATTR_VALUE, LANGUAGE, NL_USUAGE_TYPE_KEY, TEMPLATE, OWNER) values ('2005', null, null, 'en', 'KUALI.RULE.EXAMPLE', 'Must be admitted to program prior to earning 60 credits', 'kuali.reqComponent.type.program.admitted.credits');
insert into KSST_REQ_COM_TYPE_NL_TMPL (ID, ATTR_NAME, ATTR_VALUE, LANGUAGE, NL_USUAGE_TYPE_KEY, TEMPLATE, OWNER) values ('2006', null, null, 'en', 'KUALI.RULE.EXAMPLE', 'Must have earned a minimum of 120 total credits', 'kuali.reqComponent.type.program.credits.min');
insert into KSST_REQ_COM_TYPE_NL_TMPL (ID, ATTR_NAME, ATTR_VALUE, LANGUAGE, NL_USUAGE_TYPE_KEY, TEMPLATE, OWNER) values ('2007', null, null, 'en', 'KUALI.RULE.EXAMPLE', 'Must not have earned more than 130 total credits', 'kuali.reqComponent.type.program.credits.max');
insert into KSST_REQ_COM_TYPE_NL_TMPL (ID, ATTR_NAME, ATTR_VALUE, LANGUAGE, NL_USUAGE_TYPE_KEY, TEMPLATE, OWNER) values ('2008', null, null, 'en', 'KUALI.RULE.EXAMPLE', 'Must not exceed 10 semesters without completing program', 'kuali.reqComponent.type.program.completion.duration');
insert into KSST_REQ_COM_TYPE_NL_TMPL (ID, ATTR_NAME, ATTR_VALUE, LANGUAGE, NL_USUAGE_TYPE_KEY, TEMPLATE, OWNER) values ('2009', null, null, 'en', 'KUALI.RULE.EXAMPLE', 'Must attain candidate status within 3 semesters after program entry term', 'kuali.reqComponent.type.program.candidate.status.duration');
insert into KSST_REQ_COM_TYPE_NL_TMPL (ID, ATTR_NAME, ATTR_VALUE, LANGUAGE, NL_USUAGE_TYPE_KEY, TEMPLATE, OWNER) values ('201', null, null, 'en', 'KUALI.RULE.COMPOSITION', '<reqCompFieldType=kuali.reqComponent.field.type.cluSet.id;reqCompFieldLabel=Courses>', 'kuali.reqComponent.type.course.courseset.completed.none');
insert into KSST_REQ_COM_TYPE_NL_TMPL (ID, ATTR_NAME, ATTR_VALUE, LANGUAGE, NL_USUAGE_TYPE_KEY, TEMPLATE, OWNER) values ('2010', null, null, 'en', 'KUALI.RULE.EXAMPLE', 'Must complete program within 10 semesters after program entry term', 'kuali.reqComponent.type.program.completion.duration.afterentry');
insert into KSST_REQ_COM_TYPE_NL_TMPL (ID, ATTR_NAME, ATTR_VALUE, LANGUAGE, NL_USUAGE_TYPE_KEY, TEMPLATE, OWNER) values ('2011', null, null, 'en', 'KUALI.RULE.EXAMPLE', 'Undergraduate students must take their final 30 credits in residence', 'kuali.reqComponent.type.program.residence.credits.final');
insert into KSST_REQ_COM_TYPE_NL_TMPL (ID, ATTR_NAME, ATTR_VALUE, LANGUAGE, NL_USUAGE_TYPE_KEY, TEMPLATE, OWNER) values ('2012', null, null, 'en', 'KUALI.RULE.EXAMPLE', 'Undergraduate students must be enrolled in their graduation major for the final 15 credits taken', 'kuali.reqComponent.type.program.enrolled.credits.final');
insert into KSST_REQ_COM_TYPE_NL_TMPL (ID, ATTR_NAME, ATTR_VALUE, LANGUAGE, NL_USUAGE_TYPE_KEY, TEMPLATE, OWNER) values ('2013', null, null, 'en', 'KUALI.RULE.EXAMPLE', 'Must earn no more than 2 minors as part of a program', 'kuali.reqComponent.type.program.minors.nof');
insert into KSST_REQ_COM_TYPE_NL_TMPL (ID, ATTR_NAME, ATTR_VALUE, LANGUAGE, NL_USUAGE_TYPE_KEY, TEMPLATE, OWNER) values ('2014', null, null, 'en', 'KUALI.RULE.EXAMPLE', 'Must be admitted to a minor program only if they have junior or senior class standing', 'kuali.reqComponent.type.program.minor.admitted.classstanding');
insert into KSST_REQ_COM_TYPE_NL_TMPL (ID, ATTR_NAME, ATTR_VALUE, LANGUAGE, NL_USUAGE_TYPE_KEY, TEMPLATE, OWNER) values ('202', null, null, 'en', 'KUALI.RULE.COMPOSITION', '<reqCompFieldType=kuali.reqComponent.field.type.cluSet.id;reqCompFieldLabel=Courses>', 'kuali.reqComponent.type.course.courseset.completed.all');
insert into KSST_REQ_COM_TYPE_NL_TMPL (ID, ATTR_NAME, ATTR_VALUE, LANGUAGE, NL_USUAGE_TYPE_KEY, TEMPLATE, OWNER) values ('203', null, null, 'en', 'KUALI.RULE.COMPOSITION', '<reqCompFieldType=kuali.reqComponent.field.type.value.positive.integer;reqCompFieldLabel=Number> from <reqCompFieldType=kuali.reqComponent.field.type.cluSet.id;reqCompFieldLabel=Courses>', 'kuali.reqComponent.type.course.courseset.completed.nof');
insert into KSST_REQ_COM_TYPE_NL_TMPL (ID, ATTR_NAME, ATTR_VALUE, LANGUAGE, NL_USUAGE_TYPE_KEY, TEMPLATE, OWNER) values ('204', null, null, 'en', 'KUALI.RULE.COMPOSITION', '<reqCompFieldType=kuali.reqComponent.field.type.value.positive.integer;reqCompFieldLabel=Number> from <reqCompFieldType=kuali.reqComponent.field.type.cluSet.id;reqCompFieldLabel=Courses>', 'kuali.reqComponent.type.course.courseset.enrolled.nof');
insert into KSST_REQ_COM_TYPE_NL_TMPL (ID, ATTR_NAME, ATTR_VALUE, LANGUAGE, NL_USUAGE_TYPE_KEY, TEMPLATE, OWNER) values ('205', null, null, 'en', 'KUALI.RULE.COMPOSITION', '<reqCompFieldType=kuali.reqComponent.field.type.value.positive.integer;reqCompFieldLabel=Credits> from <reqCompFieldType=kuali.reqComponent.field.type.cluSet.id;reqCompFieldLabel=Courses>', 'kuali.reqComponent.type.course.courseset.credits.completed.nof');
insert into KSST_REQ_COM_TYPE_NL_TMPL (ID, ATTR_NAME, ATTR_VALUE, LANGUAGE, NL_USUAGE_TYPE_KEY, TEMPLATE, OWNER) values ('206', null, null, 'en', 'KUALI.RULE.COMPOSITION', '<reqCompFieldType=kuali.reqComponent.field.type.cluSet.id;reqCompFieldLabel=Courses>', 'kuali.reqComponent.type.course.courseset.credits.completed.none');
insert into KSST_REQ_COM_TYPE_NL_TMPL (ID, ATTR_NAME, ATTR_VALUE, LANGUAGE, NL_USUAGE_TYPE_KEY, TEMPLATE, OWNER) values ('207', null, null, 'en', 'KUALI.RULE.COMPOSITION', '<reqCompFieldType=kuali.reqComponent.field.type.cluSet.id;reqCompFieldLabel=Courses;reqCompFieldLabel=Credits> from <reqCompFieldType=kuali.reqComponent.field.type.cluSet.id;reqCompFieldLabel=Courses>', 'kuali.reqComponent.type.course.courseset.credits.completed.max');
insert into KSST_REQ_COM_TYPE_NL_TMPL (ID, ATTR_NAME, ATTR_VALUE, LANGUAGE, NL_USUAGE_TYPE_KEY, TEMPLATE, OWNER) values ('208', null, null, 'en', 'KUALI.RULE.COMPOSITION', '<reqCompFieldType=kuali.reqComponent.field.type.gpa;reqCompFieldLabel=GPA> from <reqCompFieldType=kuali.reqComponent.field.type.cluSet.id;reqCompFieldLabel=Courses>', 'kuali.reqComponent.type.course.courseset.gpa.min');
insert into KSST_REQ_COM_TYPE_NL_TMPL (ID, ATTR_NAME, ATTR_VALUE, LANGUAGE, NL_USUAGE_TYPE_KEY, TEMPLATE, OWNER) values ('21', null, null, 'en', 'KUALI.RULE', 'Students not admitted to $NLHelper.getCluOrCluSetAsShortNames($clu,$cluSet) may take no more than $intValue $NLHelper.getProperGrammar($intValue, "course") in the $org.getLongName() in $duration $NLHelper.getProperGrammar($duration, $durationType.getName()).toLowerCase()', 'kuali.reqComponent.type.course.program.notadmitted.org.duration');
insert into KSST_REQ_COM_TYPE_NL_TMPL (ID, ATTR_NAME, ATTR_VALUE, LANGUAGE, NL_USUAGE_TYPE_KEY, TEMPLATE, OWNER) values ('213', null, null, 'en', 'KUALI.RULE.COMPOSITION', '<reqCompFieldType=kuali.reqComponent.field.type.gradeType.id;reqCompFieldLabel=Grade Type> of <reqCompFieldType=kuali.reqComponent.field.type.grade.id;reqCompFieldLabel=Grade> in <reqCompFieldType=kuali.reqComponent.field.type.cluSet.id;reqCompFieldLabel=Courses>', 'kuali.reqComponent.type.course.courseset.grade.min');
insert into KSST_REQ_COM_TYPE_NL_TMPL (ID, ATTR_NAME, ATTR_VALUE, LANGUAGE, NL_USUAGE_TYPE_KEY, TEMPLATE, OWNER) values ('214', null, null, 'en', 'KUALI.RULE.COMPOSITION', '<reqCompFieldType=kuali.reqComponent.field.type.gradeType.id;reqCompFieldLabel=Grade Type> of <reqCompFieldType=kuali.reqComponent.field.type.grade.id;reqCompFieldLabel=Grade> in <reqCompFieldType=kuali.reqComponent.field.type.cluSet.id;reqCompFieldLabel=Courses>', 'kuali.reqComponent.type.course.courseset.grade.max');
insert into KSST_REQ_COM_TYPE_NL_TMPL (ID, ATTR_NAME, ATTR_VALUE, LANGUAGE, NL_USUAGE_TYPE_KEY, TEMPLATE, OWNER) values ('215', null, null, 'en', 'KUALI.RULE.COMPOSITION', '<reqCompFieldType=kuali.reqComponent.field.type.org.id;reqCompFieldLabel=Organization>', 'kuali.reqComponent.type.course.permission.org.required');

-- STMT_TYPE <-> REQ_COM_TYPE
insert into KSST_STMT_TYP_JN_RC_TYP (STMT_TYPE_ID, REQ_COM_TYPE_ID) values ('kuali.statement.type.course.academicReadiness.antireq', 'kuali.reqComponent.type.course.courseset.credits.completed.none');
insert into KSST_STMT_TYP_JN_RC_TYP (STMT_TYPE_ID, REQ_COM_TYPE_ID) values ('kuali.statement.type.course.academicReadiness.antireq', 'kuali.reqComponent.type.course.courseset.credits.completed.max');
insert into KSST_STMT_TYP_JN_RC_TYP (STMT_TYPE_ID, REQ_COM_TYPE_ID) values ('kuali.statement.type.course.academicReadiness.antireq', 'kuali.reqComponent.type.course.courseset.completed.none');
insert into KSST_STMT_TYP_JN_RC_TYP (STMT_TYPE_ID, REQ_COM_TYPE_ID) values ('kuali.statement.type.course.academicReadiness.antireq', 'kuali.reqComponent.type.course.test.score.max');
insert into KSST_STMT_TYP_JN_RC_TYP (STMT_TYPE_ID, REQ_COM_TYPE_ID) values ('kuali.statement.type.course.academicReadiness.antireq', 'kuali.reqComponent.type.course.notcompleted');
insert into KSST_STMT_TYP_JN_RC_TYP (STMT_TYPE_ID, REQ_COM_TYPE_ID) values ('kuali.statement.type.course.academicReadiness.prereq', 'kuali.reqComponent.type.course.courseset.completed.all');
insert into KSST_STMT_TYP_JN_RC_TYP (STMT_TYPE_ID, REQ_COM_TYPE_ID) values ('kuali.statement.type.course.academicReadiness.prereq', 'kuali.reqComponent.type.course.courseset.completed.nof');
insert into KSST_STMT_TYP_JN_RC_TYP (STMT_TYPE_ID, REQ_COM_TYPE_ID) values ('kuali.statement.type.course.academicReadiness.prereq', 'kuali.reqComponent.type.course.courseset.credits.completed.nof');
insert into KSST_STMT_TYP_JN_RC_TYP (STMT_TYPE_ID, REQ_COM_TYPE_ID) values ('kuali.statement.type.course.academicReadiness.prereq', 'kuali.reqComponent.type.course.courseset.gpa.min');
insert into KSST_STMT_TYP_JN_RC_TYP (STMT_TYPE_ID, REQ_COM_TYPE_ID) values ('kuali.statement.type.course.academicReadiness.prereq', 'kuali.reqComponent.type.course.courseset.grade.min');
insert into KSST_STMT_TYP_JN_RC_TYP (STMT_TYPE_ID, REQ_COM_TYPE_ID) values ('kuali.statement.type.course.academicReadiness.prereq', 'kuali.reqComponent.type.course.courseset.grade.max');
insert into KSST_STMT_TYP_JN_RC_TYP (STMT_TYPE_ID, REQ_COM_TYPE_ID) values ('kuali.statement.type.course.academicReadiness.prereq', 'kuali.reqComponent.type.course.permission.org.required');
insert into KSST_STMT_TYP_JN_RC_TYP (STMT_TYPE_ID, REQ_COM_TYPE_ID) values ('kuali.statement.type.course.academicReadiness.prereq', 'kuali.reqComponent.type.course.permission.instructor.required');
insert into KSST_STMT_TYP_JN_RC_TYP (STMT_TYPE_ID, REQ_COM_TYPE_ID) values ('kuali.statement.type.course.academicReadiness.prereq', 'kuali.reqComponent.type.course.test.score.min');
insert into KSST_STMT_TYP_JN_RC_TYP (STMT_TYPE_ID, REQ_COM_TYPE_ID) values ('kuali.statement.type.course.academicReadiness.prereq', 'kuali.reqComponent.type.course.courseset.nof.grade.min');
insert into KSST_STMT_TYP_JN_RC_TYP (STMT_TYPE_ID, REQ_COM_TYPE_ID) values ('kuali.statement.type.course.academicReadiness.prereq', 'kuali.reqComponent.type.course.program.admitted.org.duration');
insert into KSST_STMT_TYP_JN_RC_TYP (STMT_TYPE_ID, REQ_COM_TYPE_ID) values ('kuali.statement.type.course.academicReadiness.prereq', 'kuali.reqComponent.type.course.org.credits.completed.min');
insert into KSST_STMT_TYP_JN_RC_TYP (STMT_TYPE_ID, REQ_COM_TYPE_ID) values ('kuali.statement.type.course.academicReadiness.prereq', 'kuali.reqComponent.type.course.completed');
insert into KSST_STMT_TYP_JN_RC_TYP (STMT_TYPE_ID, REQ_COM_TYPE_ID) values ('kuali.statement.type.course.academicReadiness.coreq', 'kuali.reqComponent.type.course.courseset.enrolled.nof');
insert into KSST_STMT_TYP_JN_RC_TYP (STMT_TYPE_ID, REQ_COM_TYPE_ID) values ('kuali.statement.type.course.academicReadiness.coreq', 'kuali.reqComponent.type.course.enrolled');
insert into KSST_STMT_TYP_JN_RC_TYP (STMT_TYPE_ID, REQ_COM_TYPE_ID) values ('kuali.statement.type.course.academicReadiness.studentEligibility', 'kuali.reqComponent.type.course.program.notadmitted.org.duration');
insert into KSST_STMT_TYP_JN_RC_TYP (STMT_TYPE_ID, REQ_COM_TYPE_ID) values ('kuali.statement.type.course.academicReadiness.studentEligibility', 'kuali.reqComponent.type.course.org.program.admitted');
insert into KSST_STMT_TYP_JN_RC_TYP (STMT_TYPE_ID, REQ_COM_TYPE_ID) values ('kuali.statement.type.course.academicReadiness.studentEligibility', 'kuali.reqComponent.type.course.program.notadmitted');
insert into KSST_STMT_TYP_JN_RC_TYP (STMT_TYPE_ID, REQ_COM_TYPE_ID) values ('kuali.statement.type.course.academicReadiness.studentEligibility', 'kuali.reqComponent.type.course.program.admitted');
insert into KSST_STMT_TYP_JN_RC_TYP (STMT_TYPE_ID, REQ_COM_TYPE_ID) values ('kuali.statement.type.course.academicReadiness.studentEligibilityPrereq', 'kuali.reqComponent.type.course.program.notadmitted.org.duration');
insert into KSST_STMT_TYP_JN_RC_TYP (STMT_TYPE_ID, REQ_COM_TYPE_ID) values ('kuali.statement.type.course.academicReadiness.studentEligibilityPrereq', 'kuali.reqComponent.type.course.org.program.admitted');
insert into KSST_STMT_TYP_JN_RC_TYP (STMT_TYPE_ID, REQ_COM_TYPE_ID) values ('kuali.statement.type.course.academicReadiness.studentEligibilityPrereq', 'kuali.reqComponent.type.course.program.notadmitted');
insert into KSST_STMT_TYP_JN_RC_TYP (STMT_TYPE_ID, REQ_COM_TYPE_ID) values ('kuali.statement.type.course.academicReadiness.studentEligibilityPrereq', 'kuali.reqComponent.type.course.program.admitted');
insert into KSST_STMT_TYP_JN_RC_TYP (STMT_TYPE_ID, REQ_COM_TYPE_ID) values ('kuali.statement.type.course.academicReadiness.studentEligibilityPrereq', 'kuali.reqComponent.type.course.completed');
insert into KSST_STMT_TYP_JN_RC_TYP (STMT_TYPE_ID, REQ_COM_TYPE_ID) values ('kuali.statement.type.course.academicReadiness.studentEligibilityPrereq', 'kuali.reqComponent.type.course.courseset.completed.all');
insert into KSST_STMT_TYP_JN_RC_TYP (STMT_TYPE_ID, REQ_COM_TYPE_ID) values ('kuali.statement.type.course.academicReadiness.studentEligibilityPrereq', 'kuali.reqComponent.type.course.courseset.completed.nof');
insert into KSST_STMT_TYP_JN_RC_TYP (STMT_TYPE_ID, REQ_COM_TYPE_ID) values ('kuali.statement.type.course.academicReadiness.studentEligibilityPrereq', 'kuali.reqComponent.type.course.courseset.credits.completed.nof');
insert into KSST_STMT_TYP_JN_RC_TYP (STMT_TYPE_ID, REQ_COM_TYPE_ID) values ('kuali.statement.type.course.academicReadiness.studentEligibilityPrereq', 'kuali.reqComponent.type.course.courseset.gpa.min');
insert into KSST_STMT_TYP_JN_RC_TYP (STMT_TYPE_ID, REQ_COM_TYPE_ID) values ('kuali.statement.type.course.academicReadiness.studentEligibilityPrereq', 'kuali.reqComponent.type.course.courseset.grade.min');
insert into KSST_STMT_TYP_JN_RC_TYP (STMT_TYPE_ID, REQ_COM_TYPE_ID) values ('kuali.statement.type.course.academicReadiness.studentEligibilityPrereq', 'kuali.reqComponent.type.course.courseset.grade.max');
insert into KSST_STMT_TYP_JN_RC_TYP (STMT_TYPE_ID, REQ_COM_TYPE_ID) values ('kuali.statement.type.course.academicReadiness.studentEligibilityPrereq', 'kuali.reqComponent.type.course.permission.org.required');
insert into KSST_STMT_TYP_JN_RC_TYP (STMT_TYPE_ID, REQ_COM_TYPE_ID) values ('kuali.statement.type.course.academicReadiness.studentEligibilityPrereq', 'kuali.reqComponent.type.course.permission.instructor.required');
insert into KSST_STMT_TYP_JN_RC_TYP (STMT_TYPE_ID, REQ_COM_TYPE_ID) values ('kuali.statement.type.course.academicReadiness.studentEligibilityPrereq', 'kuali.reqComponent.type.course.test.score.min');
insert into KSST_STMT_TYP_JN_RC_TYP (STMT_TYPE_ID, REQ_COM_TYPE_ID) values ('kuali.statement.type.course.academicReadiness.studentEligibilityPrereq', 'kuali.reqComponent.type.course.courseset.nof.grade.min');
insert into KSST_STMT_TYP_JN_RC_TYP (STMT_TYPE_ID, REQ_COM_TYPE_ID) values ('kuali.statement.type.course.academicReadiness.studentEligibilityPrereq', 'kuali.reqComponent.type.course.program.admitted.org.duration');
insert into KSST_STMT_TYP_JN_RC_TYP (STMT_TYPE_ID, REQ_COM_TYPE_ID) values ('kuali.statement.type.course.academicReadiness.studentEligibilityPrereq', 'kuali.reqComponent.type.course.org.credits.completed.min');
insert into KSST_STMT_TYP_JN_RC_TYP (STMT_TYPE_ID, REQ_COM_TYPE_ID) values ('kuali.statement.type.course.credit.repeatable', 'kuali.reqComponent.type.course.credits.repeat.max');
insert into KSST_STMT_TYP_JN_RC_TYP (STMT_TYPE_ID, REQ_COM_TYPE_ID) values ('kuali.statement.type.course.recommendedPreparation', 'kuali.reqComponent.type.course.org.credits.completed.min');
insert into KSST_STMT_TYP_JN_RC_TYP (STMT_TYPE_ID, REQ_COM_TYPE_ID) values ('kuali.statement.type.course.recommendedPreparation', 'kuali.reqComponent.type.course.completed');
insert into KSST_STMT_TYP_JN_RC_TYP (STMT_TYPE_ID, REQ_COM_TYPE_ID) values ('kuali.statement.type.course.credit.restriction', 'kuali.reqComponent.type.course.courseset.completed.none');
insert into KSST_STMT_TYP_JN_RC_TYP (STMT_TYPE_ID, REQ_COM_TYPE_ID) values ('kuali.statement.type.course.credit.restriction', 'kuali.reqComponent.type.course.notcompleted');
insert into KSST_STMT_TYP_JN_RC_TYP (STMT_TYPE_ID, REQ_COM_TYPE_ID) values ('kuali.statement.type.program.satisfactoryProgress', 'kuali.reqComponent.type.program.admitted.credits');
insert into KSST_STMT_TYP_JN_RC_TYP (STMT_TYPE_ID, REQ_COM_TYPE_ID) values ('kuali.statement.type.program.satisfactoryProgress', 'kuali.reqComponent.type.program.credits.max');
insert into KSST_STMT_TYP_JN_RC_TYP (STMT_TYPE_ID, REQ_COM_TYPE_ID) values ('kuali.statement.type.program.satisfactoryProgress', 'kuali.reqComponent.type.program.completion.duration');
insert into KSST_STMT_TYP_JN_RC_TYP (STMT_TYPE_ID, REQ_COM_TYPE_ID) values ('kuali.statement.type.program.satisfactoryProgress', 'kuali.reqComponent.type.program.candidate.status.duration');
insert into KSST_STMT_TYP_JN_RC_TYP (STMT_TYPE_ID, REQ_COM_TYPE_ID) values ('kuali.statement.type.program.satisfactoryProgress', 'kuali.reqComponent.type.course.test.score.min');
insert into KSST_STMT_TYP_JN_RC_TYP (STMT_TYPE_ID, REQ_COM_TYPE_ID) values ('kuali.statement.type.program.satisfactoryProgress', 'kuali.reqComponent.type.course.courseset.nof.grade.min');
insert into KSST_STMT_TYP_JN_RC_TYP (STMT_TYPE_ID, REQ_COM_TYPE_ID) values ('kuali.statement.type.program.entrance', 'kuali.reqComponent.type.program.programset.completed.nof');
insert into KSST_STMT_TYP_JN_RC_TYP (STMT_TYPE_ID, REQ_COM_TYPE_ID) values ('kuali.statement.type.program.entrance', 'kuali.reqComponent.type.program.programset.notcompleted.nof');
insert into KSST_STMT_TYP_JN_RC_TYP (STMT_TYPE_ID, REQ_COM_TYPE_ID) values ('kuali.statement.type.program.entrance', 'kuali.reqComponent.type.program.programset.completed.all');
insert into KSST_STMT_TYP_JN_RC_TYP (STMT_TYPE_ID, REQ_COM_TYPE_ID) values ('kuali.statement.type.program.entrance', 'kuali.reqComponent.type.program.programset.coursecompleted.nof');
insert into KSST_STMT_TYP_JN_RC_TYP (STMT_TYPE_ID, REQ_COM_TYPE_ID) values ('kuali.statement.type.program.entrance', 'kuali.reqComponent.type.course.courseset.gpa.min');
insert into KSST_STMT_TYP_JN_RC_TYP (STMT_TYPE_ID, REQ_COM_TYPE_ID) values ('kuali.statement.type.program.entrance', 'kuali.reqComponent.type.course.test.score.min');
insert into KSST_STMT_TYP_JN_RC_TYP (STMT_TYPE_ID, REQ_COM_TYPE_ID) values ('kuali.statement.type.program.entrance', 'kuali.reqComponent.type.program.admitted.credits');
insert into KSST_STMT_TYP_JN_RC_TYP (STMT_TYPE_ID, REQ_COM_TYPE_ID) values ('kuali.statement.type.program.entrance', 'kuali.reqComponent.type.program.minor.admitted.classstanding');
insert into KSST_STMT_TYP_JN_RC_TYP (STMT_TYPE_ID, REQ_COM_TYPE_ID) values ('kuali.statement.type.program.completion', 'kuali.reqComponent.type.program.programset.completed.nof');
insert into KSST_STMT_TYP_JN_RC_TYP (STMT_TYPE_ID, REQ_COM_TYPE_ID) values ('kuali.statement.type.program.completion', 'kuali.reqComponent.type.program.programset.completed.all');
insert into KSST_STMT_TYP_JN_RC_TYP (STMT_TYPE_ID, REQ_COM_TYPE_ID) values ('kuali.statement.type.program.completion', 'kuali.reqComponent.type.program.programset.coursecompleted.nof');
insert into KSST_STMT_TYP_JN_RC_TYP (STMT_TYPE_ID, REQ_COM_TYPE_ID) values ('kuali.statement.type.program.completion', 'kuali.reqComponent.type.course.courseset.gpa.min');
insert into KSST_STMT_TYP_JN_RC_TYP (STMT_TYPE_ID, REQ_COM_TYPE_ID) values ('kuali.statement.type.program.completion', 'kuali.reqComponent.type.program.credits.min');
insert into KSST_STMT_TYP_JN_RC_TYP (STMT_TYPE_ID, REQ_COM_TYPE_ID) values ('kuali.statement.type.program.completion', 'kuali.reqComponent.type.program.residence.credits.final');
insert into KSST_STMT_TYP_JN_RC_TYP (STMT_TYPE_ID, REQ_COM_TYPE_ID) values ('kuali.statement.type.program.completion', 'kuali.reqComponent.type.program.enrolled.credits.final');
insert into KSST_STMT_TYP_JN_RC_TYP (STMT_TYPE_ID, REQ_COM_TYPE_ID) values ('kuali.statement.type.program.completion', 'kuali.reqComponent.type.course.test.score.min');
insert into KSST_STMT_TYP_JN_RC_TYP (STMT_TYPE_ID, REQ_COM_TYPE_ID) values ('kuali.statement.type.program.completion', 'kuali.reqComponent.type.program.completion.duration.afterentry');
insert into KSST_STMT_TYP_JN_RC_TYP (STMT_TYPE_ID, REQ_COM_TYPE_ID) values ('kuali.statement.type.program.completion', 'kuali.reqComponent.type.program.minors.nof');

-- STMT_TYPE <-> STMT_TYPE
insert into KSST_STMT_TYP_JN_STMT_TYP (STMT_TYPE_ID, CHLD_STMT_TYPE_ID) values ('kuali.statement.type.course', 'kuali.statement.type.course.enrollmentEligibility');
insert into KSST_STMT_TYP_JN_STMT_TYP (STMT_TYPE_ID, CHLD_STMT_TYPE_ID) values ('kuali.statement.type.course.enrollmentEligibility', 'kuali.statement.type.course.academicReadiness.studentEligibilityPrereq');
insert into KSST_STMT_TYP_JN_STMT_TYP (STMT_TYPE_ID, CHLD_STMT_TYPE_ID) values ('kuali.statement.type.course.enrollmentEligibility', 'kuali.statement.type.course.academicReadiness.coreq');
insert into KSST_STMT_TYP_JN_STMT_TYP (STMT_TYPE_ID, CHLD_STMT_TYPE_ID) values ('kuali.statement.type.course.enrollmentEligibility', 'kuali.statement.type.course.recommendedPreparation');
insert into KSST_STMT_TYP_JN_STMT_TYP (STMT_TYPE_ID, CHLD_STMT_TYPE_ID) values ('kuali.statement.type.course.enrollmentEligibility', 'kuali.statement.type.course.academicReadiness.antireq');
insert into KSST_STMT_TYP_JN_STMT_TYP (STMT_TYPE_ID, CHLD_STMT_TYPE_ID) values ('kuali.statement.type.course', 'kuali.statement.type.course.creditConstraints');
insert into KSST_STMT_TYP_JN_STMT_TYP (STMT_TYPE_ID, CHLD_STMT_TYPE_ID) values ('kuali.statement.type.course.creditConstraints', 'kuali.statement.type.course.credit.restriction');
insert into KSST_STMT_TYP_JN_STMT_TYP (STMT_TYPE_ID, CHLD_STMT_TYPE_ID) values ('kuali.statement.type.course.creditConstraints', 'kuali.statement.type.course.credit.repeatable');
insert into KSST_STMT_TYP_JN_STMT_TYP (STMT_TYPE_ID, CHLD_STMT_TYPE_ID) values ('kuali.statement.type.program', 'kuali.statement.type.program.entrance');
insert into KSST_STMT_TYP_JN_STMT_TYP (STMT_TYPE_ID, CHLD_STMT_TYPE_ID) values ('kuali.statement.type.program', 'kuali.statement.type.program.satisfactoryProgress');
insert into KSST_STMT_TYP_JN_STMT_TYP (STMT_TYPE_ID, CHLD_STMT_TYPE_ID) values ('kuali.statement.type.program', 'kuali.statement.type.program.completion');

-- KSST_NL_USAGE_TYPE
insert into KSST_NL_USAGE_TYPE (TYPE_KEY, TYPE_DESC, EFF_DT, EXPIR_DT, NAME) values ('KUALI.CATALOG', 'Kuali Catalog', {ts '2000-01-01 00:00:00.0'}, {ts '2100-12-31 00:00:00.0'}, 'Kuali Catalog');
insert into KSST_NL_USAGE_TYPE (TYPE_KEY, TYPE_DESC, EFF_DT, EXPIR_DT, NAME) values ('KUALI.RULE.COMPOSITION', 'Kuali Rule Composition', {ts '2000-01-01 00:00:00.0'}, {ts '2100-12-31 00:00:00.0'}, 'Rule Composition');
insert into KSST_NL_USAGE_TYPE (TYPE_KEY, TYPE_DESC, EFF_DT, EXPIR_DT, NAME) values ('KUALI.RULE.EXAMPLE', 'Kuali Rule Example', {ts '2000-01-01 00:00:00.0'}, {ts '2100-12-31 00:00:00.0'}, 'Rule Example');
insert into KSST_NL_USAGE_TYPE (TYPE_KEY, TYPE_DESC, EFF_DT, EXPIR_DT, NAME) values ('KUALI.RULE', 'Kuali Rule Editing', {ts '2000-01-01 00:00:00.0'}, {ts '2100-12-31 00:00:00.0'}, 'Rule Edit');

-- KSST_OBJECT_TYPE
insert into KSST_OBJECT_TYPE (TYPE_KEY, TYPE_DESC, EFF_DT, EXPIR_DT, NAME) values ('clu', 'Kuali CLU', {ts '2000-01-01 00:00:00.0'}, {ts '2100-12-31 00:00:00.0'}, 'Kuali CLU');

-- KSST_OBJECT_SUB_TYPE
insert into KSST_OBJECT_SUB_TYPE (TYPE_KEY, TYPE_DESC, EFF_DT, EXPIR_DT, NAME) values ('course', 'Kuali Course', {ts '2000-01-01 00:00:00.0'}, {ts '2100-12-31 00:00:00.0'}, 'Kuali Course');
insert into KSST_OBJECT_SUB_TYPE (TYPE_KEY, TYPE_DESC, EFF_DT, EXPIR_DT, NAME) values ('program', 'Kuali Program', {ts '2000-01-01 00:00:00.0'}, {ts '2100-12-31 00:00:00.0'}, 'Kuali Program');

-- KSST_OBJ_TYP_JN_OBJ_SUB_TYP
insert into KSST_OBJ_TYP_JN_OBJ_SUB_TYP (OBJ_TYPE_ID, OBJ_SUB_TYPE_ID) values ('clu', 'course');
insert into KSST_OBJ_TYP_JN_OBJ_SUB_TYP (OBJ_TYPE_ID, OBJ_SUB_TYPE_ID) values ('clu', 'program');

-- KSST_REF_STMT_REL_TYPE
insert into KSST_REF_STMT_REL_TYPE (TYPE_KEY, TYPE_DESC, EFF_DT, EXPIR_DT, NAME) values ('clu.antirequisites', 'CLU Anti-requisites', {ts '2000-01-01 00:00:00.0'}, {ts '2100-12-31 00:00:00.0'}, 'CLU Anti-requisites');
insert into KSST_REF_STMT_REL_TYPE (TYPE_KEY, TYPE_DESC, EFF_DT, EXPIR_DT, NAME) values ('clu.completion', 'CLU Completion Requirements', {ts '2000-01-01 00:00:00.0'}, {ts '2100-12-31 00:00:00.0'}, 'CLU Completion Requirements');
insert into KSST_REF_STMT_REL_TYPE (TYPE_KEY, TYPE_DESC, EFF_DT, EXPIR_DT, NAME) values ('clu.corequisites', 'CLU Co-requisites', {ts '2000-01-01 00:00:00.0'}, {ts '2100-12-31 00:00:00.0'}, 'CLU Co-requisites');
insert into KSST_REF_STMT_REL_TYPE (TYPE_KEY, TYPE_DESC, EFF_DT, EXPIR_DT, NAME) values ('clu.recommendedpreparation', 'CLU Recommended Preparations', {ts '2000-01-01 00:00:00.0'}, {ts '2100-12-31 00:00:00.0'}, 'CLU Recommended Preparations');
insert into KSST_REF_STMT_REL_TYPE (TYPE_KEY, TYPE_DESC, EFF_DT, EXPIR_DT, NAME) values ('clu.credit.repeatable', 'CLU Repeatable for Credit', {ts '2000-01-01 00:00:00.0'}, {ts '2100-12-31 00:00:00.0'}, 'CLU Repeatable for Credit');
insert into KSST_REF_STMT_REL_TYPE (TYPE_KEY, TYPE_DESC, EFF_DT, EXPIR_DT, NAME) values ('clu.credit.restriction', 'CLU That Restrict Credit', {ts '2000-01-01 00:00:00.0'}, {ts '2100-12-31 00:00:00.0'}, 'CLU That Restrict Credit');
//insert into KSST_REF_STMT_REL_TYPE (TYPE_KEY, TYPE_DESC, EFF_DT, EXPIR_DT, NAME) values ('clu.eligibilities', 'CLU Eligibilities', {ts '2000-01-01 00:00:00.0'}, {ts '2100-12-31 00:00:00.0'}, 'CLU Eligibilities');
insert into KSST_REF_STMT_REL_TYPE (TYPE_KEY, TYPE_DESC, EFF_DT, EXPIR_DT, NAME) values ('clu.eligibilitiesandprerequisites', 'CLU Eligibilities and Pre-requisites', {ts '2000-01-01 00:00:00.0'}, {ts '2100-12-31 00:00:00.0'}, 'CLU Eligibilities and Pre-requisites');
insert into KSST_REF_STMT_REL_TYPE (TYPE_KEY, TYPE_DESC, EFF_DT, EXPIR_DT, NAME) values ('clu.entrance', 'CLU Entrance Requirements', {ts '2000-01-01 00:00:00.0'}, {ts '2100-12-31 00:00:00.0'}, 'CLU Entrance Requirements');
insert into KSST_REF_STMT_REL_TYPE (TYPE_KEY, TYPE_DESC, EFF_DT, EXPIR_DT, NAME) values ('clu.prerequisites', 'CLU Pre-requisites', {ts '2000-01-01 00:00:00.0'}, {ts '2100-12-31 00:00:00.0'}, 'CLU Pre-requisites');
insert into KSST_REF_STMT_REL_TYPE (TYPE_KEY, TYPE_DESC, EFF_DT, EXPIR_DT, NAME) values ('clu.rule', 'CLU Rules', {ts '2000-01-01 00:00:00.0'}, {ts '2100-12-31 00:00:00.0'}, 'CLU Rules');
insert into KSST_REF_STMT_REL_TYPE (TYPE_KEY, TYPE_DESC, EFF_DT, EXPIR_DT, NAME) values ('clu.satisfactoryprogress', 'CLU Satisfactory Progress Requirements', {ts '2000-01-01 00:00:00.0'}, {ts '2100-12-31 00:00:00.0'}, 'CLU Satisfactory Progress Requirements');

-- KSST_RSTMT_RTYP_JN_OSUB_TYP <-> KSST_OBJECT_SUB_TYPE
insert into KSST_RSTMT_RTYP_JN_OSUB_TYP (REF_STMT_REL_TYPE_ID, OBJ_SUB_TYPE_ID) values ('clu.prerequisites', 'course');
insert into KSST_RSTMT_RTYP_JN_OSUB_TYP (REF_STMT_REL_TYPE_ID, OBJ_SUB_TYPE_ID) values ('clu.corequisites', 'course');
insert into KSST_RSTMT_RTYP_JN_OSUB_TYP (REF_STMT_REL_TYPE_ID, OBJ_SUB_TYPE_ID) values ('clu.antirequisites', 'course');
//insert into KSST_RSTMT_RTYP_JN_OSUB_TYP (REF_STMT_REL_TYPE_ID, OBJ_SUB_TYPE_ID) values ('clu.eligibilities', 'course');
insert into KSST_RSTMT_RTYP_JN_OSUB_TYP (REF_STMT_REL_TYPE_ID, OBJ_SUB_TYPE_ID) values ('clu.eligibilitiesandprerequisites', 'course');
insert into KSST_RSTMT_RTYP_JN_OSUB_TYP (REF_STMT_REL_TYPE_ID, OBJ_SUB_TYPE_ID) values ('clu.credit.repeatable', 'course');
insert into KSST_RSTMT_RTYP_JN_OSUB_TYP (REF_STMT_REL_TYPE_ID, OBJ_SUB_TYPE_ID) values ('clu.credit.restriction', 'course');
insert into KSST_RSTMT_RTYP_JN_OSUB_TYP (REF_STMT_REL_TYPE_ID, OBJ_SUB_TYPE_ID) values ('clu.recommendedpreparation', 'course');
insert into KSST_RSTMT_RTYP_JN_OSUB_TYP (REF_STMT_REL_TYPE_ID, OBJ_SUB_TYPE_ID) values ('clu.entrance', 'program');
insert into KSST_RSTMT_RTYP_JN_OSUB_TYP (REF_STMT_REL_TYPE_ID, OBJ_SUB_TYPE_ID) values ('clu.satisfactoryprogress', 'program');
insert into KSST_RSTMT_RTYP_JN_OSUB_TYP (REF_STMT_REL_TYPE_ID, OBJ_SUB_TYPE_ID) values ('clu.completion', 'program');

-- KSST_RSTMT_RTYP_JN_STMT_TYP <-> KSST_STMT_TYPE
insert into KSST_RSTMT_RTYP_JN_STMT_TYP (REF_STMT_REL_TYPE_ID, STMT_TYPE_ID) values ('clu.prerequisites', 'kuali.statement.type.course.academicReadiness.prereq');
insert into KSST_RSTMT_RTYP_JN_STMT_TYP (REF_STMT_REL_TYPE_ID, STMT_TYPE_ID) values ('clu.corequisites', 'kuali.statement.type.course.academicReadiness.coreq');
insert into KSST_RSTMT_RTYP_JN_STMT_TYP (REF_STMT_REL_TYPE_ID, STMT_TYPE_ID) values ('clu.antirequisites', 'kuali.statement.type.course.academicReadiness.antireq');
//insert into KSST_RSTMT_RTYP_JN_STMT_TYP (REF_STMT_REL_TYPE_ID, STMT_TYPE_ID) values ('clu.eligibilities', 'kuali.statement.type.course.academicReadiness.studentEligibility');
insert into KSST_RSTMT_RTYP_JN_STMT_TYP (REF_STMT_REL_TYPE_ID, STMT_TYPE_ID) values ('clu.eligibilitiesandprerequisites', 'kuali.statement.type.course.academicReadiness.studentEligibilityPrereq');
insert into KSST_RSTMT_RTYP_JN_STMT_TYP (REF_STMT_REL_TYPE_ID, STMT_TYPE_ID) values ('clu.credit.repeatable', 'kuali.statement.type.course.credit.repeatable');
insert into KSST_RSTMT_RTYP_JN_STMT_TYP (REF_STMT_REL_TYPE_ID, STMT_TYPE_ID) values ('clu.credit.restriction', 'kuali.statement.type.course.credit.restriction');
insert into KSST_RSTMT_RTYP_JN_STMT_TYP (REF_STMT_REL_TYPE_ID, STMT_TYPE_ID) values ('clu.recommendedpreparation', 'kuali.statement.type.course.recommendedPreparation');
insert into KSST_RSTMT_RTYP_JN_STMT_TYP (REF_STMT_REL_TYPE_ID, STMT_TYPE_ID) values ('clu.entrance', 'kuali.statement.type.program.entrance');
insert into KSST_RSTMT_RTYP_JN_STMT_TYP (REF_STMT_REL_TYPE_ID, STMT_TYPE_ID) values ('clu.satisfactoryprogress', 'kuali.statement.type.program.satisfactoryProgress');
insert into KSST_RSTMT_RTYP_JN_STMT_TYP (REF_STMT_REL_TYPE_ID, STMT_TYPE_ID) values ('clu.completion', 'kuali.statement.type.program.completion');
