INSERT INTO KSEN_ATP ( ID, OBJ_ID, ATP_TYPE, ATP_STATE, NAME, DESCR_PLAIN, DESCR_FORMATTED, ATP_CD, END_DT, START_DT, ADMIN_ORG_ID, VER_NBR, CREATETIME, CREATEID, UPDATETIME, UPDATEID) VALUES (  '19691970ACADEMICCALENDAR', '205c9714-00a3-49e1-93bf-f1f9ad188700', 'kuali.atp.type.AcademicCalendar', 'kuali.atp.state.Official', '1969/1970 Academic Calendar', 'Academic Calendar for 1969/1970', '<p>Academic Calendar for 1969/1970</p>', 'ACAL1969', TO_TIMESTAMP('1970-06-21 00:00:00.0', 'yyyy-mm-dd HH24:MI:SS.FF'), TO_TIMESTAMP('1970-01-05 00:00:00.0', 'yyyy-mm-dd HH24:MI:SS.FF'), '102', 0, TO_TIMESTAMP('1969-01-01 00:00:00.0', 'yyyy-mm-dd HH24:MI:SS.FF'), 'admin', TO_TIMESTAMP('1969-01-01 00:00:00.0', 'yyyy-mm-dd HH24:MI:SS.FF'), 'admin')
;
INSERT INTO KSEN_ATP ( ID, OBJ_ID, ATP_TYPE, ATP_STATE, NAME, DESCR_PLAIN, DESCR_FORMATTED, ATP_CD, END_DT, START_DT, ADMIN_ORG_ID, VER_NBR, CREATETIME, CREATEID, UPDATETIME, UPDATEID) VALUES (  '1970HOLIDAYCALENDAR', '4890f968-ace9-4190-a9d9-3a4211dc022e', 'kuali.atp.type.HolidayCalendar', 'kuali.atp.state.Official', '1970 Holiday Calendar', 'Holiday Calendar for 1970', '<p>Holiday Calendar for 1970</p>', 'HCAL1970', TO_TIMESTAMP('1970-12-31 00:00:00.0', 'yyyy-mm-dd HH24:MI:SS.FF'), TO_TIMESTAMP('1970-01-01 00:00:00.0', 'yyyy-mm-dd HH24:MI:SS.FF'), '102', 0, TO_TIMESTAMP('1969-01-01 00:00:00.0', 'yyyy-mm-dd HH24:MI:SS.FF'), 'admin', TO_TIMESTAMP('1969-01-01 00:00:00.0', 'yyyy-mm-dd HH24:MI:SS.FF'), 'admin')
;
INSERT INTO KSEN_ATPATP_RELTN ( ID, OBJ_ID, ATP_TYPE, ATP_STATE, ATP_ID, RELATED_ATP_ID, EFF_DT, EXPIR_DT, VER_NBR, CREATETIME, CREATEID, UPDATETIME, UPDATEID) VALUES (  '19691970ACADEMICCALENDAR1970HOLIDAYCALENDARRELATION', '5ac29e56-2066-46c7-96d6-8312655f8565', 'kuali.atp.atp.relation.associated', 'kuali.atp.atp.relation.state.active', '19691970ACADEMICCALENDAR', '1970HOLIDAYCALENDAR', TO_TIMESTAMP('1969-01-01 00:00:00.0', 'yyyy-mm-dd HH24:MI:SS.FF'), NULL, 0, TO_TIMESTAMP('1969-01-01 00:00:00.0', 'yyyy-mm-dd HH24:MI:SS.FF'), 'admin', TO_TIMESTAMP('1969-01-01 00:00:00.0', 'yyyy-mm-dd HH24:MI:SS.FF'), 'admin')
;
INSERT INTO KSEN_MSTONE ( ID, OBJ_ID, MSTONE_TYPE, MSTONE_STATE, NAME, DESCR_PLAIN, DESCR_FORMATTED, IS_ALL_DAY, IS_INSTRCT_DAY, IS_RELATIVE, RELATIVE_ANCHOR_MSTONE_ID, IS_DATE_RANGE, START_DT, END_DT, VER_NBR, CREATETIME, CREATEID, UPDATETIME, UPDATEID) VALUES (  '1970NEWYEARSDAY', 'c7fb7f51-dcb8-403b-8c5b-a549fe277056', 'kuali.atp.milestone.NewYearsDay', 'kuali.milestone.state.Official', 'New Years Day', 'New Years Day for 1970', '<p>New Years Day for 1970<p>', 1, 0, 0, NULL, 0, TO_TIMESTAMP('1970-01-01 00:00:00.0', 'yyyy-mm-dd HH24:MI:SS.FF'), NULL, 0, TO_TIMESTAMP('1969-01-01 00:00:00.0', 'yyyy-mm-dd HH24:MI:SS.FF'), 'admin', TO_TIMESTAMP('1969-01-01 00:00:00.0', 'yyyy-mm-dd HH24:MI:SS.FF'), 'admin')
;
INSERT INTO KSEN_ATPMSTONE_RELTN ( ID, OBJ_ID, VER_NBR, CREATEID, CREATETIME, UPDATEID, UPDATETIME, ATP_ID, MSTONE_ID) VALUES (  '1970HOLIDAYCALENDAR1970NEWYEARSDAYRELATION', '1e264f3d-ac7b-4290-9b47-f726ecb03a67', 0, 'admin', TO_TIMESTAMP('1969-01-01 00:00:00.0', 'yyyy-mm-dd HH24:MI:SS.FF'), 'admin', TO_TIMESTAMP('1969-01-01 00:00:00.0', 'yyyy-mm-dd HH24:MI:SS.FF'), '1970HOLIDAYCALENDAR', '1970NEWYEARSDAY')
;
INSERT INTO KSEN_MSTONE ( ID, OBJ_ID, MSTONE_TYPE, MSTONE_STATE, NAME, DESCR_PLAIN, DESCR_FORMATTED, IS_ALL_DAY, IS_INSTRCT_DAY, IS_RELATIVE, RELATIVE_ANCHOR_MSTONE_ID, IS_DATE_RANGE, START_DT, END_DT, VER_NBR, CREATETIME, CREATEID, UPDATETIME, UPDATEID) VALUES (  '1970MLKDAY', 'c20b6c3d-bd80-4b5a-ae40-b440e19bb9d5', 'kuali.atp.milestone.MLKDay', 'kuali.milestone.state.Official', 'Martin Luther King, Jr. Day', 'Martin Luther King, Jr. Day for 1970', '<p>Martin Luther King, Jr. Day for 1970<p>', 1, 0, 0, NULL, 0, TO_TIMESTAMP('1970-01-19 00:00:00.0', 'yyyy-mm-dd HH24:MI:SS.FF'), NULL, 0, TO_TIMESTAMP('1969-01-01 00:00:00.0', 'yyyy-mm-dd HH24:MI:SS.FF'), 'admin', TO_TIMESTAMP('1969-01-01 00:00:00.0', 'yyyy-mm-dd HH24:MI:SS.FF'), 'admin')
;
INSERT INTO KSEN_ATPMSTONE_RELTN ( ID, OBJ_ID, VER_NBR, CREATEID, CREATETIME, UPDATEID, UPDATETIME, ATP_ID, MSTONE_ID) VALUES (  '1970HOLIDAYCALENDAR1970MLKDAYRELATION', 'f850a9bc-90b5-4f9c-8c39-1250d211d1b6', 0, 'admin', TO_TIMESTAMP('1969-01-01 00:00:00.0', 'yyyy-mm-dd HH24:MI:SS.FF'), 'admin', TO_TIMESTAMP('1969-01-01 00:00:00.0', 'yyyy-mm-dd HH24:MI:SS.FF'), '1970HOLIDAYCALENDAR', '1970MLKDAY')
;
INSERT INTO KSEN_MSTONE ( ID, OBJ_ID, MSTONE_TYPE, MSTONE_STATE, NAME, DESCR_PLAIN, DESCR_FORMATTED, IS_ALL_DAY, IS_INSTRCT_DAY, IS_RELATIVE, RELATIVE_ANCHOR_MSTONE_ID, IS_DATE_RANGE, START_DT, END_DT, VER_NBR, CREATETIME, CREATEID, UPDATETIME, UPDATEID) VALUES (  '1970PRESIDENTSDAY', '6ef88ab2-7a6f-4b2f-9619-c95966d3dfde', 'kuali.atp.milestone.PresidentsDay', 'kuali.milestone.state.Official', 'Presidents Day', 'Presidents Day for 1970', '<p>Presidents Day for 1970<p>', 1, 0, 0, NULL, 0, TO_TIMESTAMP('1970-02-16 00:00:00.0', 'yyyy-mm-dd HH24:MI:SS.FF'), NULL, 0, TO_TIMESTAMP('1969-01-01 00:00:00.0', 'yyyy-mm-dd HH24:MI:SS.FF'), 'admin', TO_TIMESTAMP('1969-01-01 00:00:00.0', 'yyyy-mm-dd HH24:MI:SS.FF'), 'admin')
;
INSERT INTO KSEN_ATPMSTONE_RELTN ( ID, OBJ_ID, VER_NBR, CREATEID, CREATETIME, UPDATEID, UPDATETIME, ATP_ID, MSTONE_ID) VALUES (  '1970HOLIDAYCALENDAR1970PRESIDENTSDAYRELATION', '7ee29914-cdfd-4bc5-b488-fff57dac0b80', 0, 'admin', TO_TIMESTAMP('1969-01-01 00:00:00.0', 'yyyy-mm-dd HH24:MI:SS.FF'), 'admin', TO_TIMESTAMP('1969-01-01 00:00:00.0', 'yyyy-mm-dd HH24:MI:SS.FF'), '1970HOLIDAYCALENDAR', '1970PRESIDENTSDAY')
;
INSERT INTO KSEN_MSTONE ( ID, OBJ_ID, MSTONE_TYPE, MSTONE_STATE, NAME, DESCR_PLAIN, DESCR_FORMATTED, IS_ALL_DAY, IS_INSTRCT_DAY, IS_RELATIVE, RELATIVE_ANCHOR_MSTONE_ID, IS_DATE_RANGE, START_DT, END_DT, VER_NBR, CREATETIME, CREATEID, UPDATETIME, UPDATEID) VALUES (  '1970MEMORIALDAY', '18e103a3-2c54-4540-8d75-5ede791c05c1', 'kuali.atp.milestone.MemorialDay', 'kuali.milestone.state.Official', 'Memorial Day', 'Memorial Day for 1970', '<p>Memorial Day for 1970<p>', 1, 0, 0, NULL, 0, TO_TIMESTAMP('1970-05-25 00:00:00.0', 'yyyy-mm-dd HH24:MI:SS.FF'), NULL, 0, TO_TIMESTAMP('1969-01-01 00:00:00.0', 'yyyy-mm-dd HH24:MI:SS.FF'), 'admin', TO_TIMESTAMP('1969-01-01 00:00:00.0', 'yyyy-mm-dd HH24:MI:SS.FF'), 'admin')
;
INSERT INTO KSEN_ATPMSTONE_RELTN ( ID, OBJ_ID, VER_NBR, CREATEID, CREATETIME, UPDATEID, UPDATETIME, ATP_ID, MSTONE_ID) VALUES (  '1970HOLIDAYCALENDAR1970MEMORIALDAYRELATION', 'a39c1658-fdaa-4381-b1f4-2a0f862732d9', 0, 'admin', TO_TIMESTAMP('1969-01-01 00:00:00.0', 'yyyy-mm-dd HH24:MI:SS.FF'), 'admin', TO_TIMESTAMP('1969-01-01 00:00:00.0', 'yyyy-mm-dd HH24:MI:SS.FF'), '1970HOLIDAYCALENDAR', '1970MEMORIALDAY')
;
INSERT INTO KSEN_MSTONE ( ID, OBJ_ID, MSTONE_TYPE, MSTONE_STATE, NAME, DESCR_PLAIN, DESCR_FORMATTED, IS_ALL_DAY, IS_INSTRCT_DAY, IS_RELATIVE, RELATIVE_ANCHOR_MSTONE_ID, IS_DATE_RANGE, START_DT, END_DT, VER_NBR, CREATETIME, CREATEID, UPDATETIME, UPDATEID) VALUES (  '1970INDEPENDENCEDAY', '008f3ea0-da35-4d9f-a19c-ea94f843f72b', 'kuali.atp.milestone.IndependenceDay', 'kuali.milestone.state.Official', 'Independence Day', 'Independence Day for 1970', '<p>Independence Day for 1970<p>', 1, 0, 0, NULL, 0, TO_TIMESTAMP('1970-07-04 00:00:00.0', 'yyyy-mm-dd HH24:MI:SS.FF'), NULL, 0, TO_TIMESTAMP('1969-01-01 00:00:00.0', 'yyyy-mm-dd HH24:MI:SS.FF'), 'admin', TO_TIMESTAMP('1969-01-01 00:00:00.0', 'yyyy-mm-dd HH24:MI:SS.FF'), 'admin')
;
INSERT INTO KSEN_ATPMSTONE_RELTN ( ID, OBJ_ID, VER_NBR, CREATEID, CREATETIME, UPDATEID, UPDATETIME, ATP_ID, MSTONE_ID) VALUES (  '1970HOLIDAYCALENDAR1970INDEPENDENCEDAYRELATION', '31b8caba-d9d2-4b0e-b2f2-70ab6251a615', 0, 'admin', TO_TIMESTAMP('1969-01-01 00:00:00.0', 'yyyy-mm-dd HH24:MI:SS.FF'), 'admin', TO_TIMESTAMP('1969-01-01 00:00:00.0', 'yyyy-mm-dd HH24:MI:SS.FF'), '1970HOLIDAYCALENDAR', '1970INDEPENDENCEDAY')
;
INSERT INTO KSEN_MSTONE ( ID, OBJ_ID, MSTONE_TYPE, MSTONE_STATE, NAME, DESCR_PLAIN, DESCR_FORMATTED, IS_ALL_DAY, IS_INSTRCT_DAY, IS_RELATIVE, RELATIVE_ANCHOR_MSTONE_ID, IS_DATE_RANGE, START_DT, END_DT, VER_NBR, CREATETIME, CREATEID, UPDATETIME, UPDATEID) VALUES (  '1970INDEPENDENCEDAYOBSERVED', 'ece6622c-a061-48f0-b71e-9cbaf0fbc28e', 'kuali.atp.milestone.IndependenceDayObserved', 'kuali.milestone.state.Official', 'Independence Day Observed', 'Independence Day Observed for 1970', '<p>Independence Day Observed for 1970<p>', 1, 0, 0, NULL, 0, TO_TIMESTAMP('1970-07-03 00:00:00.0', 'yyyy-mm-dd HH24:MI:SS.FF'), NULL, 0, TO_TIMESTAMP('1969-01-01 00:00:00.0', 'yyyy-mm-dd HH24:MI:SS.FF'), 'admin', TO_TIMESTAMP('1969-01-01 00:00:00.0', 'yyyy-mm-dd HH24:MI:SS.FF'), 'admin')
;
INSERT INTO KSEN_ATPMSTONE_RELTN ( ID, OBJ_ID, VER_NBR, CREATEID, CREATETIME, UPDATEID, UPDATETIME, ATP_ID, MSTONE_ID) VALUES (  '1970HOLIDAYCALENDAR1970INDEPENDENCEDAYOBSERVEDRELATION', 'c4bd397f-d172-4ec4-a759-da77906c54a7', 0, 'admin', TO_TIMESTAMP('1969-01-01 00:00:00.0', 'yyyy-mm-dd HH24:MI:SS.FF'), 'admin', TO_TIMESTAMP('1969-01-01 00:00:00.0', 'yyyy-mm-dd HH24:MI:SS.FF'), '1970HOLIDAYCALENDAR', '1970INDEPENDENCEDAYOBSERVED')
;
INSERT INTO KSEN_MSTONE ( ID, OBJ_ID, MSTONE_TYPE, MSTONE_STATE, NAME, DESCR_PLAIN, DESCR_FORMATTED, IS_ALL_DAY, IS_INSTRCT_DAY, IS_RELATIVE, RELATIVE_ANCHOR_MSTONE_ID, IS_DATE_RANGE, START_DT, END_DT, VER_NBR, CREATETIME, CREATEID, UPDATETIME, UPDATEID) VALUES (  '1970LABORDAY', 'adae9601-09d8-47cb-94fc-78ff5fb2ae7a', 'kuali.atp.milestone.LaborDay', 'kuali.milestone.state.Official', 'Labor Day', 'Labor Day for 1970', '<p>Labor Day for 1970<p>', 1, 0, 0, NULL, 0, TO_TIMESTAMP('1970-09-07 00:00:00.0', 'yyyy-mm-dd HH24:MI:SS.FF'), NULL, 0, TO_TIMESTAMP('1969-01-01 00:00:00.0', 'yyyy-mm-dd HH24:MI:SS.FF'), 'admin', TO_TIMESTAMP('1969-01-01 00:00:00.0', 'yyyy-mm-dd HH24:MI:SS.FF'), 'admin')
;
INSERT INTO KSEN_ATPMSTONE_RELTN ( ID, OBJ_ID, VER_NBR, CREATEID, CREATETIME, UPDATEID, UPDATETIME, ATP_ID, MSTONE_ID) VALUES (  '1970HOLIDAYCALENDAR1970LABORDAYRELATION', 'c483cbc5-b1fb-4c78-9dc2-1f061da143bc', 0, 'admin', TO_TIMESTAMP('1969-01-01 00:00:00.0', 'yyyy-mm-dd HH24:MI:SS.FF'), 'admin', TO_TIMESTAMP('1969-01-01 00:00:00.0', 'yyyy-mm-dd HH24:MI:SS.FF'), '1970HOLIDAYCALENDAR', '1970LABORDAY')
;
INSERT INTO KSEN_MSTONE ( ID, OBJ_ID, MSTONE_TYPE, MSTONE_STATE, NAME, DESCR_PLAIN, DESCR_FORMATTED, IS_ALL_DAY, IS_INSTRCT_DAY, IS_RELATIVE, RELATIVE_ANCHOR_MSTONE_ID, IS_DATE_RANGE, START_DT, END_DT, VER_NBR, CREATETIME, CREATEID, UPDATETIME, UPDATEID) VALUES (  '1970VETERANSDAY', '48ac6028-4136-4782-b599-050ac10e4036', 'kuali.atp.milestone.VeteransDay', 'kuali.milestone.state.Official', 'Veterans Day', 'Veterans Day for 1970', '<p>Veterans Day for 1970<p>', 1, 0, 0, NULL, 0, TO_TIMESTAMP('1970-11-11 00:00:00.0', 'yyyy-mm-dd HH24:MI:SS.FF'), NULL, 0, TO_TIMESTAMP('1969-01-01 00:00:00.0', 'yyyy-mm-dd HH24:MI:SS.FF'), 'admin', TO_TIMESTAMP('1969-01-01 00:00:00.0', 'yyyy-mm-dd HH24:MI:SS.FF'), 'admin')
;
INSERT INTO KSEN_ATPMSTONE_RELTN ( ID, OBJ_ID, VER_NBR, CREATEID, CREATETIME, UPDATEID, UPDATETIME, ATP_ID, MSTONE_ID) VALUES (  '1970HOLIDAYCALENDAR1970VETERANSDAYRELATION', 'dc05bfc3-6faa-411e-bcb7-bfe996acea39', 0, 'admin', TO_TIMESTAMP('1969-01-01 00:00:00.0', 'yyyy-mm-dd HH24:MI:SS.FF'), 'admin', TO_TIMESTAMP('1969-01-01 00:00:00.0', 'yyyy-mm-dd HH24:MI:SS.FF'), '1970HOLIDAYCALENDAR', '1970VETERANSDAY')
;
INSERT INTO KSEN_MSTONE ( ID, OBJ_ID, MSTONE_TYPE, MSTONE_STATE, NAME, DESCR_PLAIN, DESCR_FORMATTED, IS_ALL_DAY, IS_INSTRCT_DAY, IS_RELATIVE, RELATIVE_ANCHOR_MSTONE_ID, IS_DATE_RANGE, START_DT, END_DT, VER_NBR, CREATETIME, CREATEID, UPDATETIME, UPDATEID) VALUES (  '1970THANKSGIVINGBREAK', 'aa4f7c71-51b4-437d-be2b-afb86589d6f2', 'kuali.atp.milestone.ThanksgivingBreak', 'kuali.milestone.state.Official', 'Thanksgiving Break', 'Thanksgiving Break for 1970', '<p>Thanksgiving Break for 1970<p>', 1, 0, 0, NULL, 1, TO_TIMESTAMP('1970-11-26 00:00:00.0', 'yyyy-mm-dd HH24:MI:SS.FF'), TO_TIMESTAMP('1970-11-27 00:00:00.0', 'yyyy-mm-dd HH24:MI:SS.FF'), 0, TO_TIMESTAMP('1969-01-01 00:00:00.0', 'yyyy-mm-dd HH24:MI:SS.FF'), 'admin', TO_TIMESTAMP('1969-01-01 00:00:00.0', 'yyyy-mm-dd HH24:MI:SS.FF'), 'admin')
;
INSERT INTO KSEN_ATPMSTONE_RELTN ( ID, OBJ_ID, VER_NBR, CREATEID, CREATETIME, UPDATEID, UPDATETIME, ATP_ID, MSTONE_ID) VALUES (  '1970HOLIDAYCALENDAR1970THANKSGIVINGBREAKRELATION', 'bd63dd0e-ad73-4339-b9a6-f793cdcf9b8d', 0, 'admin', TO_TIMESTAMP('1969-01-01 00:00:00.0', 'yyyy-mm-dd HH24:MI:SS.FF'), 'admin', TO_TIMESTAMP('1969-01-01 00:00:00.0', 'yyyy-mm-dd HH24:MI:SS.FF'), '1970HOLIDAYCALENDAR', '1970THANKSGIVINGBREAK')
;
INSERT INTO KSEN_MSTONE ( ID, OBJ_ID, MSTONE_TYPE, MSTONE_STATE, NAME, DESCR_PLAIN, DESCR_FORMATTED, IS_ALL_DAY, IS_INSTRCT_DAY, IS_RELATIVE, RELATIVE_ANCHOR_MSTONE_ID, IS_DATE_RANGE, START_DT, END_DT, VER_NBR, CREATETIME, CREATEID, UPDATETIME, UPDATEID) VALUES (  '1970CHRISTMAS', '100ac8f2-d0f8-4951-bb27-b206ba45da4c', 'kuali.atp.milestone.Christmas', 'kuali.milestone.state.Official', 'Christmas Day', 'Christmas Day for 1970', '<p>Christmas Day for 1970<p>', 1, 0, 0, NULL, 0, TO_TIMESTAMP('1970-12-25 00:00:00.0', 'yyyy-mm-dd HH24:MI:SS.FF'), NULL, 0, TO_TIMESTAMP('1969-01-01 00:00:00.0', 'yyyy-mm-dd HH24:MI:SS.FF'), 'admin', TO_TIMESTAMP('1969-01-01 00:00:00.0', 'yyyy-mm-dd HH24:MI:SS.FF'), 'admin')
;
INSERT INTO KSEN_ATPMSTONE_RELTN ( ID, OBJ_ID, VER_NBR, CREATEID, CREATETIME, UPDATEID, UPDATETIME, ATP_ID, MSTONE_ID) VALUES (  '1970HOLIDAYCALENDAR1970CHRISTMASRELATION', 'e0478bd5-a022-4f3e-bbeb-30d66e27a73b', 0, 'admin', TO_TIMESTAMP('1969-01-01 00:00:00.0', 'yyyy-mm-dd HH24:MI:SS.FF'), 'admin', TO_TIMESTAMP('1969-01-01 00:00:00.0', 'yyyy-mm-dd HH24:MI:SS.FF'), '1970HOLIDAYCALENDAR', '1970CHRISTMAS')
;
INSERT INTO KSEN_ATP ( ID, OBJ_ID, ATP_TYPE, ATP_STATE, NAME, DESCR_PLAIN, DESCR_FORMATTED, ATP_CD, END_DT, START_DT, ADMIN_ORG_ID, VER_NBR, CREATETIME, CREATEID, UPDATETIME, UPDATEID) VALUES (  '1970WINTER', 'adcafbd0-0053-42a5-b941-b618394f974f', 'kuali.atp.type.Winter', 'kuali.atp.state.Official', 'Winter 1970', 'Winter 1970', '<p>Winter 1970</p>', 'WIN1970', TO_TIMESTAMP('1970-03-29 00:00:00.0', 'yyyy-mm-dd HH24:MI:SS.FF'), TO_TIMESTAMP('1970-01-05 00:00:00.0', 'yyyy-mm-dd HH24:MI:SS.FF'), NULL, 0, TO_TIMESTAMP('1969-01-01 00:00:00.0', 'yyyy-mm-dd HH24:MI:SS.FF'), 'admin', TO_TIMESTAMP('1969-01-01 00:00:00.0', 'yyyy-mm-dd HH24:MI:SS.FF'), 'admin')
;
INSERT INTO KSEN_ATPATP_RELTN ( ID, OBJ_ID, ATP_TYPE, ATP_STATE, ATP_ID, RELATED_ATP_ID, EFF_DT, EXPIR_DT, VER_NBR, CREATETIME, CREATEID, UPDATETIME, UPDATEID) VALUES (  '19691970ACADEMICCALENDAR1970WINTERRELATION', '402eebf8-a5c0-4e15-909b-7cdf7432ee5b', 'kuali.atp.atp.relation.includes', 'kuali.atp.atp.relation.state.active', '19691970ACADEMICCALENDAR', '1970WINTER', TO_TIMESTAMP('1969-01-01 00:00:00.0', 'yyyy-mm-dd HH24:MI:SS.FF'), NULL, 0, TO_TIMESTAMP('1969-01-01 00:00:00.0', 'yyyy-mm-dd HH24:MI:SS.FF'), 'admin', TO_TIMESTAMP('1969-01-01 00:00:00.0', 'yyyy-mm-dd HH24:MI:SS.FF'), 'admin')
;
INSERT INTO KSEN_MSTONE ( ID, OBJ_ID, MSTONE_TYPE, MSTONE_STATE, NAME, DESCR_PLAIN, DESCR_FORMATTED, IS_ALL_DAY, IS_INSTRCT_DAY, IS_RELATIVE, RELATIVE_ANCHOR_MSTONE_ID, IS_DATE_RANGE, START_DT, END_DT, VER_NBR, CREATETIME, CREATEID, UPDATETIME, UPDATEID) VALUES (  '1970WINTERINSTRUCTIONALPERIOD', '98c9d05e-4690-49e9-96b0-f67c9bb0a76f', 'kuali.atp.milestone.InstructionalPeriod', 'kuali.milestone.state.Official', 'Winter 1970 Instructional Period', 'Instructional Period for Winter 1970', '<p>Instructional Period for Winter 1970<p>', 1, 0, 0, NULL, 1, TO_TIMESTAMP('1970-01-05 00:00:00.0', 'yyyy-mm-dd HH24:MI:SS.FF'), TO_TIMESTAMP('1970-03-13 00:00:00.0', 'yyyy-mm-dd HH24:MI:SS.FF'), 0, TO_TIMESTAMP('1969-01-01 00:00:00.0', 'yyyy-mm-dd HH24:MI:SS.FF'), 'admin', TO_TIMESTAMP('1969-01-01 00:00:00.0', 'yyyy-mm-dd HH24:MI:SS.FF'), 'admin')
;
INSERT INTO KSEN_ATPMSTONE_RELTN ( ID, OBJ_ID, VER_NBR, CREATEID, CREATETIME, UPDATEID, UPDATETIME, ATP_ID, MSTONE_ID) VALUES (  '1970WINTER1970WINTERINSTRUCTIONALPERIODRELATION', '1f8e871b-bf0e-4103-a215-cbb1c3f09e1e', 0, 'admin', TO_TIMESTAMP('1969-01-01 00:00:00.0', 'yyyy-mm-dd HH24:MI:SS.FF'), 'admin', TO_TIMESTAMP('1969-01-01 00:00:00.0', 'yyyy-mm-dd HH24:MI:SS.FF'), '1970WINTER', '1970WINTERINSTRUCTIONALPERIOD')
;
INSERT INTO KSEN_MSTONE ( ID, OBJ_ID, MSTONE_TYPE, MSTONE_STATE, NAME, DESCR_PLAIN, DESCR_FORMATTED, IS_ALL_DAY, IS_INSTRCT_DAY, IS_RELATIVE, RELATIVE_ANCHOR_MSTONE_ID, IS_DATE_RANGE, START_DT, END_DT, VER_NBR, CREATETIME, CREATEID, UPDATETIME, UPDATEID) VALUES (  '1970WINTERCOURSESELECTIONPERIODEND', '9e3428de-497e-48d0-9949-6133099d4d75', 'kuali.atp.milestone.CourseSelectionPeriodEnd', 'kuali.milestone.state.Official', 'Winter 1970 Course Selection Period End', 'Course Selection Period End for Winter 1970', '<p>Course Selection Period End for Winter 1970<p>', 1, 0, 1, '1970WINTERINSTRUCTIONALPERIOD', 0, TO_TIMESTAMP('1970-01-12 00:00:00.0', 'yyyy-mm-dd HH24:MI:SS.FF'), NULL, 0, TO_TIMESTAMP('1969-01-01 00:00:00.0', 'yyyy-mm-dd HH24:MI:SS.FF'), 'admin', TO_TIMESTAMP('1969-01-01 00:00:00.0', 'yyyy-mm-dd HH24:MI:SS.FF'), 'admin')
;
INSERT INTO KSEN_ATPMSTONE_RELTN ( ID, OBJ_ID, VER_NBR, CREATEID, CREATETIME, UPDATEID, UPDATETIME, ATP_ID, MSTONE_ID) VALUES (  '1970WINTER1970WINTERCOURSESELECTIONPERIODENDRELATION', '3fc89280-dc4d-47c7-bf25-59985cac77ad', 0, 'admin', TO_TIMESTAMP('1969-01-01 00:00:00.0', 'yyyy-mm-dd HH24:MI:SS.FF'), 'admin', TO_TIMESTAMP('1969-01-01 00:00:00.0', 'yyyy-mm-dd HH24:MI:SS.FF'), '1970WINTER', '1970WINTERCOURSESELECTIONPERIODEND')
;
INSERT INTO KSEN_MSTONE ( ID, OBJ_ID, MSTONE_TYPE, MSTONE_STATE, NAME, DESCR_PLAIN, DESCR_FORMATTED, IS_ALL_DAY, IS_INSTRCT_DAY, IS_RELATIVE, RELATIVE_ANCHOR_MSTONE_ID, IS_DATE_RANGE, START_DT, END_DT, VER_NBR, CREATETIME, CREATEID, UPDATETIME, UPDATEID) VALUES (  '1970WINTERCENSUS', 'd4343be3-2b8f-4dcd-8537-5a1ec9768e49', 'kuali.atp.milestone.FinancialAidCensus', 'kuali.milestone.state.Official', 'Winter 1970 Census', 'Census for Winter 1970', '<p>Census for Winter 1970<p>', 1, 0, 1, '1970WINTERINSTRUCTIONALPERIOD', 0, TO_TIMESTAMP('1970-01-16 00:00:00.0', 'yyyy-mm-dd HH24:MI:SS.FF'), NULL, 0, TO_TIMESTAMP('1969-01-01 00:00:00.0', 'yyyy-mm-dd HH24:MI:SS.FF'), 'admin', TO_TIMESTAMP('1969-01-01 00:00:00.0', 'yyyy-mm-dd HH24:MI:SS.FF'), 'admin')
;
INSERT INTO KSEN_ATPMSTONE_RELTN ( ID, OBJ_ID, VER_NBR, CREATEID, CREATETIME, UPDATEID, UPDATETIME, ATP_ID, MSTONE_ID) VALUES (  '1970WINTER1970WINTERCENSUSRELATION', 'e8069dfe-e9d7-44fe-b64e-7dd7746b4628', 0, 'admin', TO_TIMESTAMP('1969-01-01 00:00:00.0', 'yyyy-mm-dd HH24:MI:SS.FF'), 'admin', TO_TIMESTAMP('1969-01-01 00:00:00.0', 'yyyy-mm-dd HH24:MI:SS.FF'), '1970WINTER', '1970WINTERCENSUS')
;
INSERT INTO KSEN_MSTONE ( ID, OBJ_ID, MSTONE_TYPE, MSTONE_STATE, NAME, DESCR_PLAIN, DESCR_FORMATTED, IS_ALL_DAY, IS_INSTRCT_DAY, IS_RELATIVE, RELATIVE_ANCHOR_MSTONE_ID, IS_DATE_RANGE, START_DT, END_DT, VER_NBR, CREATETIME, CREATEID, UPDATETIME, UPDATEID) VALUES (  '1970WINTERDROPDEADLINEWITHOUTRECORD', '057263c9-43d4-4078-b35c-0ec7509fc235', 'kuali.atp.milestone.DropDeadlineWithoutRecord', 'kuali.milestone.state.Official', 'Winter 1970 Drop Deadline Without Record', 'Drop Deadline Without Record for Winter 1970', '<p>Drop Deadline Without Record for Winter 1970<p>', 1, 0, 0, NULL, 0, TO_TIMESTAMP('1970-01-12 00:00:00.0', 'yyyy-mm-dd HH24:MI:SS.FF'), NULL, 0, TO_TIMESTAMP('1969-01-01 00:00:00.0', 'yyyy-mm-dd HH24:MI:SS.FF'), 'admin', TO_TIMESTAMP('1969-01-01 00:00:00.0', 'yyyy-mm-dd HH24:MI:SS.FF'), 'admin')
;
INSERT INTO KSEN_ATPMSTONE_RELTN ( ID, OBJ_ID, VER_NBR, CREATEID, CREATETIME, UPDATEID, UPDATETIME, ATP_ID, MSTONE_ID) VALUES (  '1970WINTER1970WINTERDROPDEADLINEWITHOUTRECORDRELATION', '9b30f7a3-900f-42d1-bd67-7443f0271afd', 0, 'admin', TO_TIMESTAMP('1969-01-01 00:00:00.0', 'yyyy-mm-dd HH24:MI:SS.FF'), 'admin', TO_TIMESTAMP('1969-01-01 00:00:00.0', 'yyyy-mm-dd HH24:MI:SS.FF'), '1970WINTER', '1970WINTERDROPDEADLINEWITHOUTRECORD')
;
INSERT INTO KSEN_MSTONE ( ID, OBJ_ID, MSTONE_TYPE, MSTONE_STATE, NAME, DESCR_PLAIN, DESCR_FORMATTED, IS_ALL_DAY, IS_INSTRCT_DAY, IS_RELATIVE, RELATIVE_ANCHOR_MSTONE_ID, IS_DATE_RANGE, START_DT, END_DT, VER_NBR, CREATETIME, CREATEID, UPDATETIME, UPDATEID) VALUES (  '1970WINTERDROPDEADLINE', 'a1168747-8262-4d76-8033-07fd75ee8a12', 'kuali.atp.milestone.DropDate', 'kuali.milestone.state.Official', 'Winter 1970 Drop Deadline', 'Drop Deadline for Winter 1970', '<p>Drop Deadline for Winter 1970<p>', 1, 0, 0, NULL, 0, TO_TIMESTAMP('1970-02-20 00:00:00.0', 'yyyy-mm-dd HH24:MI:SS.FF'), NULL, 0, TO_TIMESTAMP('1969-01-01 00:00:00.0', 'yyyy-mm-dd HH24:MI:SS.FF'), 'admin', TO_TIMESTAMP('1969-01-01 00:00:00.0', 'yyyy-mm-dd HH24:MI:SS.FF'), 'admin')
;
INSERT INTO KSEN_ATPMSTONE_RELTN ( ID, OBJ_ID, VER_NBR, CREATEID, CREATETIME, UPDATEID, UPDATETIME, ATP_ID, MSTONE_ID) VALUES (  '1970WINTER1970WINTERDROPDEADLINERELATION', '8cc4a40f-1996-4141-ae3b-b3ef62a4e721', 0, 'admin', TO_TIMESTAMP('1969-01-01 00:00:00.0', 'yyyy-mm-dd HH24:MI:SS.FF'), 'admin', TO_TIMESTAMP('1969-01-01 00:00:00.0', 'yyyy-mm-dd HH24:MI:SS.FF'), '1970WINTER', '1970WINTERDROPDEADLINE')
;
INSERT INTO KSEN_MSTONE ( ID, OBJ_ID, MSTONE_TYPE, MSTONE_STATE, NAME, DESCR_PLAIN, DESCR_FORMATTED, IS_ALL_DAY, IS_INSTRCT_DAY, IS_RELATIVE, RELATIVE_ANCHOR_MSTONE_ID, IS_DATE_RANGE, START_DT, END_DT, VER_NBR, CREATETIME, CREATEID, UPDATETIME, UPDATEID) VALUES (  '1970WINTERFINALEXAMPERIOD', '1f43246a-2964-49dd-aef0-ddeb6d23fdb9', 'kuali.atp.milestone.FinalExamPeriod', 'kuali.milestone.state.Official', 'Winter 1970 Final Exam Period', 'Final Exam Period for Winter 1970', '<p>Final Exam Period for Winter 1970<p>', 1, 0, 1, '1970WINTERINSTRUCTIONALPERIOD', 1, TO_TIMESTAMP('1970-03-14 00:00:00.0', 'yyyy-mm-dd HH24:MI:SS.FF'), TO_TIMESTAMP('1970-03-13 00:00:00.0', 'yyyy-mm-dd HH24:MI:SS.FF'), 0, TO_TIMESTAMP('1969-01-01 00:00:00.0', 'yyyy-mm-dd HH24:MI:SS.FF'), 'admin', TO_TIMESTAMP('1969-01-01 00:00:00.0', 'yyyy-mm-dd HH24:MI:SS.FF'), 'admin')
;
INSERT INTO KSEN_ATPMSTONE_RELTN ( ID, OBJ_ID, VER_NBR, CREATEID, CREATETIME, UPDATEID, UPDATETIME, ATP_ID, MSTONE_ID) VALUES (  '1970WINTER1970WINTERFINALEXAMPERIODRELATION', 'c0ba7a94-6cd1-4b97-a429-b8eb54a0c09a', 0, 'admin', TO_TIMESTAMP('1969-01-01 00:00:00.0', 'yyyy-mm-dd HH24:MI:SS.FF'), 'admin', TO_TIMESTAMP('1969-01-01 00:00:00.0', 'yyyy-mm-dd HH24:MI:SS.FF'), '1970WINTER', '1970WINTERFINALEXAMPERIOD')
;
INSERT INTO KSEN_ATP ( ID, OBJ_ID, ATP_TYPE, ATP_STATE, NAME, DESCR_PLAIN, DESCR_FORMATTED, ATP_CD, END_DT, START_DT, ADMIN_ORG_ID, VER_NBR, CREATETIME, CREATEID, UPDATETIME, UPDATEID) VALUES (  '1970SPRING', '9c2661ac-5810-4369-8862-f3e09a422bc3', 'kuali.atp.type.Spring', 'kuali.atp.state.Official', 'Spring 1970', 'Spring 1970', '<p>Spring 1970</p>', 'SPR1970', TO_TIMESTAMP('1970-06-21 00:00:00.0', 'yyyy-mm-dd HH24:MI:SS.FF'), TO_TIMESTAMP('1970-03-30 00:00:00.0', 'yyyy-mm-dd HH24:MI:SS.FF'), NULL, 0, TO_TIMESTAMP('1969-01-01 00:00:00.0', 'yyyy-mm-dd HH24:MI:SS.FF'), 'admin', TO_TIMESTAMP('1969-01-01 00:00:00.0', 'yyyy-mm-dd HH24:MI:SS.FF'), 'admin')
;
INSERT INTO KSEN_ATPATP_RELTN ( ID, OBJ_ID, ATP_TYPE, ATP_STATE, ATP_ID, RELATED_ATP_ID, EFF_DT, EXPIR_DT, VER_NBR, CREATETIME, CREATEID, UPDATETIME, UPDATEID) VALUES (  '19691970ACADEMICCALENDAR1970SPRINGRELATION', 'dc757b06-e307-4830-be23-7d6a83d5ab76', 'kuali.atp.atp.relation.includes', 'kuali.atp.atp.relation.state.active', '19691970ACADEMICCALENDAR', '1970SPRING', TO_TIMESTAMP('1969-01-01 00:00:00.0', 'yyyy-mm-dd HH24:MI:SS.FF'), NULL, 0, TO_TIMESTAMP('1969-01-01 00:00:00.0', 'yyyy-mm-dd HH24:MI:SS.FF'), 'admin', TO_TIMESTAMP('1969-01-01 00:00:00.0', 'yyyy-mm-dd HH24:MI:SS.FF'), 'admin')
;
INSERT INTO KSEN_MSTONE ( ID, OBJ_ID, MSTONE_TYPE, MSTONE_STATE, NAME, DESCR_PLAIN, DESCR_FORMATTED, IS_ALL_DAY, IS_INSTRCT_DAY, IS_RELATIVE, RELATIVE_ANCHOR_MSTONE_ID, IS_DATE_RANGE, START_DT, END_DT, VER_NBR, CREATETIME, CREATEID, UPDATETIME, UPDATEID) VALUES (  '1970SPRINGINSTRUCTIONALPERIOD', '77892344-f708-478e-9879-effd19dbc402', 'kuali.atp.milestone.InstructionalPeriod', 'kuali.milestone.state.Official', 'Spring 1970 Instructional Period', 'Instructional Period for Spring 1970', '<p>Instructional Period for Spring 1970<p>', 1, 0, 0, NULL, 1, TO_TIMESTAMP('1970-03-30 00:00:00.0', 'yyyy-mm-dd HH24:MI:SS.FF'), TO_TIMESTAMP('1970-06-05 00:00:00.0', 'yyyy-mm-dd HH24:MI:SS.FF'), 0, TO_TIMESTAMP('1969-01-01 00:00:00.0', 'yyyy-mm-dd HH24:MI:SS.FF'), 'admin', TO_TIMESTAMP('1969-01-01 00:00:00.0', 'yyyy-mm-dd HH24:MI:SS.FF'), 'admin')
;
INSERT INTO KSEN_ATPMSTONE_RELTN ( ID, OBJ_ID, VER_NBR, CREATEID, CREATETIME, UPDATEID, UPDATETIME, ATP_ID, MSTONE_ID) VALUES (  '1970SPRING1970SPRINGINSTRUCTIONALPERIODRELATION', '55c684b2-0cfd-4e24-bd4c-e919867d65c7', 0, 'admin', TO_TIMESTAMP('1969-01-01 00:00:00.0', 'yyyy-mm-dd HH24:MI:SS.FF'), 'admin', TO_TIMESTAMP('1969-01-01 00:00:00.0', 'yyyy-mm-dd HH24:MI:SS.FF'), '1970SPRING', '1970SPRINGINSTRUCTIONALPERIOD')
;
INSERT INTO KSEN_MSTONE ( ID, OBJ_ID, MSTONE_TYPE, MSTONE_STATE, NAME, DESCR_PLAIN, DESCR_FORMATTED, IS_ALL_DAY, IS_INSTRCT_DAY, IS_RELATIVE, RELATIVE_ANCHOR_MSTONE_ID, IS_DATE_RANGE, START_DT, END_DT, VER_NBR, CREATETIME, CREATEID, UPDATETIME, UPDATEID) VALUES (  '1970SPRINGCOURSESELECTIONPERIODEND', 'b8d0da76-4617-4f80-958e-073627741109', 'kuali.atp.milestone.CourseSelectionPeriodEnd', 'kuali.milestone.state.Official', 'Spring 1970 Course Selection Period End', 'Course Selection Period End for Spring 1970', '<p>Course Selection Period End for Spring 1970<p>', 1, 0, 1, '1970SPRINGINSTRUCTIONALPERIOD', 0, TO_TIMESTAMP('1970-04-03 00:00:00.0', 'yyyy-mm-dd HH24:MI:SS.FF'), NULL, 0, TO_TIMESTAMP('1969-01-01 00:00:00.0', 'yyyy-mm-dd HH24:MI:SS.FF'), 'admin', TO_TIMESTAMP('1969-01-01 00:00:00.0', 'yyyy-mm-dd HH24:MI:SS.FF'), 'admin')
;
INSERT INTO KSEN_ATPMSTONE_RELTN ( ID, OBJ_ID, VER_NBR, CREATEID, CREATETIME, UPDATEID, UPDATETIME, ATP_ID, MSTONE_ID) VALUES (  '1970SPRING1970SPRINGCOURSESELECTIONPERIODENDRELATION', '98bfafbf-80b1-4bc3-b6cf-efffc735a1fd', 0, 'admin', TO_TIMESTAMP('1969-01-01 00:00:00.0', 'yyyy-mm-dd HH24:MI:SS.FF'), 'admin', TO_TIMESTAMP('1969-01-01 00:00:00.0', 'yyyy-mm-dd HH24:MI:SS.FF'), '1970SPRING', '1970SPRINGCOURSESELECTIONPERIODEND')
;
INSERT INTO KSEN_MSTONE ( ID, OBJ_ID, MSTONE_TYPE, MSTONE_STATE, NAME, DESCR_PLAIN, DESCR_FORMATTED, IS_ALL_DAY, IS_INSTRCT_DAY, IS_RELATIVE, RELATIVE_ANCHOR_MSTONE_ID, IS_DATE_RANGE, START_DT, END_DT, VER_NBR, CREATETIME, CREATEID, UPDATETIME, UPDATEID) VALUES (  '1970SPRINGCENSUS', '71e79176-a777-4742-9d86-7a41275d1f39', 'kuali.atp.milestone.FinancialAidCensus', 'kuali.milestone.state.Official', 'Spring 1970 Census', 'Census for Spring 1970', '<p>Census for Spring 1970<p>', 1, 0, 1, '1970SPRINGINSTRUCTIONALPERIOD', 0, TO_TIMESTAMP('1970-04-10 00:00:00.0', 'yyyy-mm-dd HH24:MI:SS.FF'), NULL, 0, TO_TIMESTAMP('1969-01-01 00:00:00.0', 'yyyy-mm-dd HH24:MI:SS.FF'), 'admin', TO_TIMESTAMP('1969-01-01 00:00:00.0', 'yyyy-mm-dd HH24:MI:SS.FF'), 'admin')
;
INSERT INTO KSEN_ATPMSTONE_RELTN ( ID, OBJ_ID, VER_NBR, CREATEID, CREATETIME, UPDATEID, UPDATETIME, ATP_ID, MSTONE_ID) VALUES (  '1970SPRING1970SPRINGCENSUSRELATION', 'adeba796-db39-48d1-b36c-720b90ac5036', 0, 'admin', TO_TIMESTAMP('1969-01-01 00:00:00.0', 'yyyy-mm-dd HH24:MI:SS.FF'), 'admin', TO_TIMESTAMP('1969-01-01 00:00:00.0', 'yyyy-mm-dd HH24:MI:SS.FF'), '1970SPRING', '1970SPRINGCENSUS')
;
INSERT INTO KSEN_MSTONE ( ID, OBJ_ID, MSTONE_TYPE, MSTONE_STATE, NAME, DESCR_PLAIN, DESCR_FORMATTED, IS_ALL_DAY, IS_INSTRCT_DAY, IS_RELATIVE, RELATIVE_ANCHOR_MSTONE_ID, IS_DATE_RANGE, START_DT, END_DT, VER_NBR, CREATETIME, CREATEID, UPDATETIME, UPDATEID) VALUES (  '1970SPRINGDROPDEADLINEWITHOUTRECORD', 'c704c7e3-852d-4a3a-8238-5e471e5cc0b8', 'kuali.atp.milestone.DropDeadlineWithoutRecord', 'kuali.milestone.state.Official', 'Spring 1970 Drop Deadline Without Record', 'Drop Deadline Without Record for Spring 1970', '<p>Drop Deadline Without Record for Spring 1970<p>', 1, 0, 0, NULL, 0, TO_TIMESTAMP('1970-04-03 00:00:00.0', 'yyyy-mm-dd HH24:MI:SS.FF'), NULL, 0, TO_TIMESTAMP('1969-01-01 00:00:00.0', 'yyyy-mm-dd HH24:MI:SS.FF'), 'admin', TO_TIMESTAMP('1969-01-01 00:00:00.0', 'yyyy-mm-dd HH24:MI:SS.FF'), 'admin')
;
INSERT INTO KSEN_ATPMSTONE_RELTN ( ID, OBJ_ID, VER_NBR, CREATEID, CREATETIME, UPDATEID, UPDATETIME, ATP_ID, MSTONE_ID) VALUES (  '1970SPRING1970SPRINGDROPDEADLINEWITHOUTRECORDRELATION', '83e3e985-84ba-4006-a055-75e49c25ae3f', 0, 'admin', TO_TIMESTAMP('1969-01-01 00:00:00.0', 'yyyy-mm-dd HH24:MI:SS.FF'), 'admin', TO_TIMESTAMP('1969-01-01 00:00:00.0', 'yyyy-mm-dd HH24:MI:SS.FF'), '1970SPRING', '1970SPRINGDROPDEADLINEWITHOUTRECORD')
;
INSERT INTO KSEN_MSTONE ( ID, OBJ_ID, MSTONE_TYPE, MSTONE_STATE, NAME, DESCR_PLAIN, DESCR_FORMATTED, IS_ALL_DAY, IS_INSTRCT_DAY, IS_RELATIVE, RELATIVE_ANCHOR_MSTONE_ID, IS_DATE_RANGE, START_DT, END_DT, VER_NBR, CREATETIME, CREATEID, UPDATETIME, UPDATEID) VALUES (  '1970SPRINGDROPDEADLINE', '501c931e-7f17-4029-bb25-312d7bb2a74d', 'kuali.atp.milestone.DropDate', 'kuali.milestone.state.Official', 'Spring 1970 Drop Deadline', 'Drop Deadline for Spring 1970', '<p>Drop Deadline for Spring 1970<p>', 1, 0, 0, NULL, 0, TO_TIMESTAMP('1970-05-15 00:00:00.0', 'yyyy-mm-dd HH24:MI:SS.FF'), NULL, 0, TO_TIMESTAMP('1969-01-01 00:00:00.0', 'yyyy-mm-dd HH24:MI:SS.FF'), 'admin', TO_TIMESTAMP('1969-01-01 00:00:00.0', 'yyyy-mm-dd HH24:MI:SS.FF'), 'admin')
;
INSERT INTO KSEN_ATPMSTONE_RELTN ( ID, OBJ_ID, VER_NBR, CREATEID, CREATETIME, UPDATEID, UPDATETIME, ATP_ID, MSTONE_ID) VALUES (  '1970SPRING1970SPRINGDROPDEADLINERELATION', 'dd3dd5f5-cdf1-46c1-ab75-2aaa4f74a600', 0, 'admin', TO_TIMESTAMP('1969-01-01 00:00:00.0', 'yyyy-mm-dd HH24:MI:SS.FF'), 'admin', TO_TIMESTAMP('1969-01-01 00:00:00.0', 'yyyy-mm-dd HH24:MI:SS.FF'), '1970SPRING', '1970SPRINGDROPDEADLINE')
;
INSERT INTO KSEN_MSTONE ( ID, OBJ_ID, MSTONE_TYPE, MSTONE_STATE, NAME, DESCR_PLAIN, DESCR_FORMATTED, IS_ALL_DAY, IS_INSTRCT_DAY, IS_RELATIVE, RELATIVE_ANCHOR_MSTONE_ID, IS_DATE_RANGE, START_DT, END_DT, VER_NBR, CREATETIME, CREATEID, UPDATETIME, UPDATEID) VALUES (  '1970SPRINGFINALEXAMPERIOD', 'cf1340c4-23a9-4ace-ad75-ad13506c2158', 'kuali.atp.milestone.FinalExamPeriod', 'kuali.milestone.state.Official', 'Spring 1970 Final Exam Period', 'Final Exam Period for Spring 1970', '<p>Final Exam Period for Spring 1970<p>', 1, 0, 1, '1970SPRINGINSTRUCTIONALPERIOD', 1, TO_TIMESTAMP('1970-06-06 00:00:00.0', 'yyyy-mm-dd HH24:MI:SS.FF'), TO_TIMESTAMP('1970-06-12 00:00:00.0', 'yyyy-mm-dd HH24:MI:SS.FF'), 0, TO_TIMESTAMP('1969-01-01 00:00:00.0', 'yyyy-mm-dd HH24:MI:SS.FF'), 'admin', TO_TIMESTAMP('1969-01-01 00:00:00.0', 'yyyy-mm-dd HH24:MI:SS.FF'), 'admin')
;
INSERT INTO KSEN_ATPMSTONE_RELTN ( ID, OBJ_ID, VER_NBR, CREATEID, CREATETIME, UPDATEID, UPDATETIME, ATP_ID, MSTONE_ID) VALUES (  '1970SPRING1970SPRINGFINALEXAMPERIODRELATION', 'd1a8672a-32ac-4b3b-b1c0-8dfd55a3bba4', 0, 'admin', TO_TIMESTAMP('1969-01-01 00:00:00.0', 'yyyy-mm-dd HH24:MI:SS.FF'), 'admin', TO_TIMESTAMP('1969-01-01 00:00:00.0', 'yyyy-mm-dd HH24:MI:SS.FF'), '1970SPRING', '1970SPRINGFINALEXAMPERIOD')
;
