
    <!--
        This is the standalone default settings config file. It is always loaded to read default
        settings. Parameter replacement is performed in both config files and their parents (at
        runtime), and the Spring config file (through a PropertyPlaceholderConfigurer). Variable
        syntax: ${varname} ${institution}
    -->
<config>
    
    <param name="config.location">classpath:META-INF/standalone-config-defaults.xml</param>
    <param name="config.location">classpath:META-INF/common-config-defaults.xml</param>
    
    <!-- BEGIN KUALI STUDENT SETTINGS -->
    <param name="config.location">classpath:META-INF/ks-core-config.xml</param>
    <param name="config.location">classpath:META-INF/ks-lum-config.xml</param>
    <param name="config.location">classpath:ks-security-config.xml</param>

    <param name="db.vendor">oracle</param>
    
    <!-- used to show KS links in Rice Portal -->
    <param name="portal.show.sample.app">true</param>

    <param name="appserver.url">http://localhost:8081</param>
    <param name="app.code">ks-embedded</param>

    <param name="log4j.settings.path">classpath:META-INF/log4j.properties</param>
    <param name="rice.logging.configure">true</param>

    <!-- KSB -->
    <param name="Routing.ImmediateExceptionRouting">true</param>
    <!-- END KUALI STUDENT SETTINGS -->

    <!-- BEGIN KUALI STUDENT SETTINGS OVERRIDES -->
    <!-- KEW -->
    <param name="xml.pipeline.lifecycle.enabled">true</param>
    <param name="email.reminder.lifecycle.enabled">true</param>
    <param name="plugin.registry.enabled">false</param>
    <param name="notification.quartz.autostartup">false</param>
    <param name="notification.concurrent.jobs">false</param>

    <param name="simpleDocumentActionsService.security">false</param>
    <param name="secure.workflowutility.soapservice.endpoint">false</param>

    <!-- KIM -->
    <param name="kim.soapExposedService.jaxws.security">false</param>
    <!-- END KUALI STUDENT SETTINGS OVERRIDES -->

    <!-- Datasource Configuration -->
    <param name="datasource.ojb.platform">Oracle9i</param>
    <param name="datasource.url">jdbc:oracle:thin:@localhost:1521:XE</param>
    <param name="datasource.username">ksembedded</param>
    <param name="datasource.password">ksembedded</param>

    <param name="ks.lum.datasource.url">${datasource.url}</param>
    <param name="ks.lum.datasource.username">${datasource.username}</param>
    <param name="ks.lum.datasource.password">${datasource.password}</param>

    <param name="ks.core.datasource.url">${datasource.url}</param>
    <param name="ks.core.datasource.username">${datasource.username}</param>
    <param name="ks.core.datasource.password">${datasource.password}</param>

    <!-- Keystore Configuration -->
    <param name="keystore.file">${rice.base}../../src/main/resources/rice.keystore</param>
    <param name="keystore.alias">rice</param>
    <param name="keystore.password">r1c3pw</param>


    <!-- Login Filter Configuration - Dummy Login Filter (CAS later?) -->
    <!--    <param name="filter.login.class">org.kuali.rice.kew.web.DummyLoginFilter</param>-->
    <!--    <param name="filtermapping.login.1">/*</param>-->


    <!-- additional config files -->
    <!--
        Setting this property allows selective loading lum or core project or both
    -->
    <param name="ks.projects">classpath:ksb/ks-core-context.xml,classpath:ksb/ks-lu-context.xml,
        classpath:ks-spring-security-saml.xml,classpath:ks-embedded-context.xml
	</param>

    <!-- additional context files -->
    <param name="ks.authentication.context">classpath:ks-spring-security.xml</param>
    <param name="rice.additionalSpringFiles">${ks.projects},${ks.authentication.context},classpath:StudentStandaloneSpringBeans.xml,${ks.institutional.context}</param>

    <param name="ks.rice.label">RICE</param>
    <param name="ks.rice.url">${application.url}</param>

    <!-- Rice Urls -->
    <param name="ks.rice.personLookup.serviceAddress">${application.url}/kr/lookup.do</param>
    <param name="ks.rice.actionList.serviceAddress">${application.url}/kew/ActionList.do</param>
    <param name="ks.rice.docSearch.serviceAddress">${workflow.documentsearch.base.url}</param>

    <!-- KS Urls -->
    <param name="ks.logout.url" override="false">${application.url}/j_spring_security_logout</param>

    <!-- OrgUrls -->
    <param name="ks.org.MainEntryPoint" override="false"> ${application.url}/org.kuali.student.core.organization.ui.OrgEntry/OrgEntry.html</param>

    <!-- LumUrls -->
    <param name="lum.application.url" override="false">${application.url}</param>
    <param name="ks.lum.MainEntryPoint" override="false">${lum.application.url}/ca.ubc.student.kuali.lum.lu.ui.main.CDMLUMMain/LUMMain.jsp</param>

    <param name="ks.embedded.doDataLoad">false</param>

    <!-- Set all services to /services instead of /remoting -->
    <param name="serviceServletUrl">${application.url}/services/</param>
    
    <!-- default config files -->
    <param name="config.location">${user.home}/kuali/main/${environment}/ks-embedded-config.xml</param>
    <param name="config.location">${additional.config.locations}</param>
    
</config>