// RichText
INSERT INTO KS_RICH_TEXT_T (ID, FORMATTED, PLAIN) VALUES ('RT-DESC-LCR-1', '<p>Credit 1</p>', 'Credit 1')
/
INSERT INTO KS_RICH_TEXT_T (ID, FORMATTED, PLAIN) VALUES ('RT-DESC-LCR-2', '<p>Credit 2</p>', 'Credit 2')
/
INSERT INTO KS_RICH_TEXT_T (ID, FORMATTED, PLAIN) VALUES ('RT-DESC-LCR-3', '<p>Credit 3</p>', 'Credit 3')
/
INSERT INTO KS_RICH_TEXT_T (ID, FORMATTED, PLAIN) VALUES ('RT-DESC-LCR-4', '<p>Credential 1</p>', 'Credential 1')
/
INSERT INTO KS_RICH_TEXT_T (ID, FORMATTED, PLAIN) VALUES ('RT-DESC-LCR-5', '<p>Credential 2</p>', 'Credential 2')
/
INSERT INTO KS_RICH_TEXT_T (ID, FORMATTED, PLAIN) VALUES ('RT-DESC-LCR-6', '<p>Credential 3</p>', 'Credential 3')
/
INSERT INTO KS_RICH_TEXT_T (ID, FORMATTED, PLAIN) VALUES ('RT-DESC-LCR-7', '<p>ResultComponent 1</p>', 'ResultComponent 1')
/
INSERT INTO KS_RICH_TEXT_T (ID, FORMATTED, PLAIN) VALUES ('RT-DESC-LCR-8', '<p>ResultComponent 2</p>', 'ResultComponent 2')
/
INSERT INTO KS_RICH_TEXT_T (ID, FORMATTED, PLAIN) VALUES ('RT-DESC-LCR-9', '<p>ResultComponent 3</p>', 'ResultComponent 3')
/
INSERT INTO KS_RICH_TEXT_T (ID, FORMATTED, PLAIN) VALUES ('RT-DESC-LCR-10', '<p>Grade 1</p>', 'Grade 1')
/
INSERT INTO KS_RICH_TEXT_T (ID, FORMATTED, PLAIN) VALUES ('RT-DESC-LCR-11', '<p>Grade 2</p>', 'Grade 2')
/
INSERT INTO KS_RICH_TEXT_T (ID, FORMATTED, PLAIN) VALUES ('RT-DESC-LCR-12', '<p>Grade 3</p>', 'Grade 3')
/
INSERT INTO KS_RICH_TEXT_T (ID, FORMATTED, PLAIN) VALUES ('RT-DESC-LCR-13', '<p>Scale 3</p>', 'Scale 3')
/



// Credit Type
INSERT INTO KSLU_LRC_CREDIT_TYPE (TYPE_KEY, TYPE_DESC, EFF_DT, EXPIR_DT, NAME) values ('lrcType.credit.1', 'A Basic Credit 1', {ts '2000-01-01 00:00:00.0'}, {ts '2000-12-31 00:00:00.0'}, 'Credit 1')
/
INSERT INTO KSLU_LRC_CREDIT_TYPE (TYPE_KEY, TYPE_DESC, EFF_DT, EXPIR_DT, NAME) values ('lrcType.credit.2', 'A Basic Credit 2', {ts '2000-01-01 00:00:00.0'}, {ts '2000-12-31 00:00:00.0'}, 'Credit 2')
/
INSERT INTO KSLU_LRC_CREDIT_TYPE (TYPE_KEY, TYPE_DESC, EFF_DT, EXPIR_DT, NAME) values ('lrcType.credit.3', 'A Basic Credit 3', {ts '2000-01-01 00:00:00.0'}, {ts '2000-12-31 00:00:00.0'}, 'Credit 3')
/
// Grade Type
INSERT INTO KSLU_LRC_GRADE_TYPE (TYPE_KEY, TYPE_DESC, EFF_DT, EXPIR_DT, NAME) values ('lrcType.grade.1', 'A Basic ResultComponent 1', {ts '2000-01-01 00:00:00.0'}, {ts '2000-12-31 00:00:00.0'}, 'Grade 1')
/
INSERT INTO KSLU_LRC_GRADE_TYPE (TYPE_KEY, TYPE_DESC, EFF_DT, EXPIR_DT, NAME) values ('lrcType.grade.2', 'A Basic ResultComponent 2', {ts '2000-01-01 00:00:00.0'}, {ts '2000-12-31 00:00:00.0'}, 'Grade 2')
/
INSERT INTO KSLU_LRC_GRADE_TYPE (TYPE_KEY, TYPE_DESC, EFF_DT, EXPIR_DT, NAME) values ('lrcType.grade.3', 'A Basic ResultComponent 3', {ts '2000-01-01 00:00:00.0'}, {ts '2000-12-31 00:00:00.0'}, 'Grade 3')
/

// ResultComponentType
INSERT INTO KSLU_LRC_RESCOMP_TYPE (TYPE_KEY, TYPE_DESC, EFF_DT, EXPIR_DT, NAME, VALUE_TYPE) values ('resultComponentType.credential', 'A Basic ResultComponent 1', {ts '2000-01-01 00:00:00.0'}, {ts '2000-12-31 00:00:00.0'}, 'ResultComponent 1', 'org.kuali.student.lum.lrc.entity.Credential')
/
INSERT INTO KSLU_LRC_RESCOMP_TYPE (TYPE_KEY, TYPE_DESC, EFF_DT, EXPIR_DT, NAME, VALUE_TYPE) values ('resultComponentType.credit', 'A Basic ResultComponent 2', {ts '2000-01-01 00:00:00.0'}, {ts '2000-12-31 00:00:00.0'}, 'ResultComponent 2', 'org.kuali.student.lum.lrc.entity.Credit')
/
INSERT INTO KSLU_LRC_RESCOMP_TYPE (TYPE_KEY, TYPE_DESC, EFF_DT, EXPIR_DT, NAME, VALUE_TYPE) values ('resultComponentType.grade', 'A Basic ResultComponent 3', {ts '2000-01-01 00:00:00.0'}, {ts '2000-12-31 00:00:00.0'}, 'ResultComponent 3', 'org.kuali.student.lum.lrc.entity.Grade')
/

// ResultComponent
INSERT INTO KSLU_LRC_RESCOMP (ID, NAME, RT_DESCR_ID, EFF_DT, EXPIR_DT, TYPE, STATE, VERSIONIND) VALUES ('LRC-RESCOMP-1', 'ResultComponent 1', 'RT-DESC-LCR-7',  {ts '2000-01-01 00:00:00.0'},  {ts '2000-12-31 00:00:00.0'}, 'resultComponentType.credential', 'Active', 0)
/
INSERT INTO KSLU_LRC_RESCOMP (ID, NAME, RT_DESCR_ID, EFF_DT, EXPIR_DT, TYPE, STATE, VERSIONIND) VALUES ('LRC-RESCOMP-2', 'ResultComponent 2', 'RT-DESC-LCR-8',  {ts '2000-01-01 00:00:00.0'},  {ts '2000-12-31 00:00:00.0'}, 'resultComponentType.credit', 'Active', 0)
/
INSERT INTO KSLU_LRC_RESCOMP (ID, NAME, RT_DESCR_ID, EFF_DT, EXPIR_DT, TYPE, STATE, VERSIONIND) VALUES ('LRC-RESCOMP-3', 'ResultComponent 3', 'RT-DESC-LCR-9',  {ts '2000-01-01 00:00:00.0'},  {ts '2000-12-31 00:00:00.0'}, 'resultComponentType.grade', 'Active', 0)
/
INSERT INTO KSLU_LRC_RESCOMP (ID, NAME, RT_DESCR_ID, EFF_DT, EXPIR_DT, TYPE, STATE, VERSIONIND) VALUES ('LRC-RESCOMP-4', 'ResultComponent 4', 'RT-DESC-LCR-9',  {ts '2000-01-01 00:00:00.0'},  {ts '2000-12-31 00:00:00.0'}, 'resultComponentType.grade', 'Active', 0)
/

// ResultValue
INSERT INTO KSLU_LRC_RESULT_VALUE (ID, NAME, RT_DESCR_ID, EFF_DT, EXPIR_DT, VERSIONIND) VALUES ('LRC-RESULT_VALUE-CREDIT-1', 'Credit 1', 'RT-DESC-LCR-1',  {ts '2000-01-01 00:00:00.0'},  {ts '2000-12-31 00:00:00.0'}, 0)
/
INSERT INTO KSLU_LRC_RESULT_VALUE (ID, NAME, RT_DESCR_ID, EFF_DT, EXPIR_DT, VERSIONIND) VALUES ('LRC-RESULT_VALUE-CREDIT-2', 'Credit 2', 'RT-DESC-LCR-2',  {ts '2000-01-01 00:00:00.0'},  {ts '2000-12-31 00:00:00.0'}, 0)
/
INSERT INTO KSLU_LRC_RESULT_VALUE (ID, NAME, RT_DESCR_ID, EFF_DT, EXPIR_DT, VERSIONIND) VALUES ('LRC-RESULT_VALUE-CREDIT-3', 'Credit 3', 'RT-DESC-LCR-3',  {ts '2000-01-01 00:00:00.0'},  {ts '2000-12-31 00:00:00.0'}, 0)
/
INSERT INTO KSLU_LRC_RESULT_VALUE (ID, NAME, RT_DESCR_ID, EFF_DT, EXPIR_DT, VERSIONIND) VALUES ('LRC-RESULT_VALUE-CREDIT-4', 'Credit 4', 'RT-DESC-LCR-4',  {ts '2000-01-01 00:00:00.0'},  {ts '2000-12-31 00:00:00.0'}, 0)
/
INSERT INTO KSLU_LRC_RESULT_VALUE (ID, NAME, RT_DESCR_ID, EFF_DT, EXPIR_DT, VERSIONIND) VALUES ('LRC-RESULT_VALUE-CREDENTIAL-1', 'Credential 1', 'RT-DESC-LCR-5',  {ts '2000-01-01 00:00:00.0'},  {ts '2000-12-31 00:00:00.0'}, 0)
/
INSERT INTO KSLU_LRC_RESULT_VALUE (ID, NAME, RT_DESCR_ID, EFF_DT, EXPIR_DT, VERSIONIND) VALUES ('LRC-RESULT_VALUE-CREDENTIAL-2', 'Credential 2', 'RT-DESC-LCR-6',  {ts '2000-01-01 00:00:00.0'},  {ts '2000-12-31 00:00:00.0'}, 0)
/
INSERT INTO KSLU_LRC_RESULT_VALUE (ID, NAME, RT_DESCR_ID, EFF_DT, EXPIR_DT, VERSIONIND) VALUES ('LRC-RESULT_VALUE-CREDENTIAL-3', 'Credential 3', 'RT-DESC-LCR-7',  {ts '2000-01-01 00:00:00.0'},  {ts '2000-12-31 00:00:00.0'}, 0)
/
INSERT INTO KSLU_LRC_RESULT_VALUE (ID, NAME, RT_DESCR_ID, EFF_DT, EXPIR_DT, VERSIONIND) VALUES ('LRC-RESULT_VALUE-CREDENTIAL-4', 'Credential 4', 'RT-DESC-LCR-7',  {ts '2000-01-01 00:00:00.0'},  {ts '2000-12-31 00:00:00.0'}, 0)
/
INSERT INTO KSLU_LRC_RESULT_VALUE (ID, NAME, RT_DESCR_ID, EFF_DT, EXPIR_DT, VERSIONIND) VALUES ('LRC-RESULT_VALUE-GRADE-1', 'GRADE 1', 'RT-DESC-LCR-10',  {ts '2000-01-01 00:00:00.0'},  {ts '2000-12-31 00:00:00.0'}, 0)
/
INSERT INTO KSLU_LRC_RESULT_VALUE (ID, NAME, RT_DESCR_ID, EFF_DT, EXPIR_DT, VERSIONIND) VALUES ('LRC-RESULT_VALUE-GRADE-2', 'GRADE 2', 'RT-DESC-LCR-11',  {ts '2000-01-01 00:00:00.0'},  {ts '2000-12-31 00:00:00.0'}, 0)
/
INSERT INTO KSLU_LRC_RESULT_VALUE (ID, NAME, RT_DESCR_ID, EFF_DT, EXPIR_DT, VERSIONIND) VALUES ('LRC-RESULT_VALUE-GRADE-3', 'GRADE 3', 'RT-DESC-LCR-12',  {ts '2000-01-01 00:00:00.0'},  {ts '2000-12-31 00:00:00.0'}, 0)
/
INSERT INTO KSLU_LRC_RESULT_VALUE (ID, NAME, RT_DESCR_ID, EFF_DT, EXPIR_DT, VERSIONIND) VALUES ('LRC-RESULT_VALUE-GRADE-4', 'GRADE 4', 'RT-DESC-LCR-12',  {ts '2000-01-01 00:00:00.0'},  {ts '2000-12-31 00:00:00.0'}, 0)
/

// Credit
INSERT INTO KSLU_LRC_CREDIT (ID, TYPE) VALUES ('LRC-RESULT_VALUE-CREDIT-1',  'lrcType.credit.1')
/
INSERT INTO KSLU_LRC_CREDIT (ID, TYPE) VALUES ('LRC-RESULT_VALUE-CREDIT-2',  'lrcType.credit.2')
/
INSERT INTO KSLU_LRC_CREDIT (ID, TYPE) VALUES ('LRC-RESULT_VALUE-CREDIT-3',  'lrcType.credit.3')
/
INSERT INTO KSLU_LRC_CREDIT (ID, TYPE) VALUES ('LRC-RESULT_VALUE-CREDIT-4',  'lrcType.credit.3')
/

// Credit Attribute
INSERT INTO KSLU_LRC_CREDIT_ATTR (ID, ATTR_NAME, ATTR_VALUE, OWNER) VALUES('LRC-CREDIT-ATTR-1', 'Credit Attr 1', 'Credit Attr Value 1', 'LRC-RESULT_VALUE-CREDIT-1')
/
INSERT INTO KSLU_LRC_CREDIT_ATTR (ID, ATTR_NAME, ATTR_VALUE, OWNER) VALUES('LRC-CREDIT-ATTR-2', 'Credit Attr 2', 'Credit Attr Value 2', 'LRC-RESULT_VALUE-CREDIT-1')
/

// Credential Type
INSERT INTO KSLU_LRC_CREDENTIAL_TYPE (TYPE_KEY, TYPE_DESC, EFF_DT, EXPIR_DT, NAME) values ('lrcType.credential.1', 'A Basic credential 1', {ts '2000-01-01 00:00:00.0'}, {ts '2000-12-31 00:00:00.0'}, 'credential 1')
/
INSERT INTO KSLU_LRC_CREDENTIAL_TYPE (TYPE_KEY, TYPE_DESC, EFF_DT, EXPIR_DT, NAME) values ('lrcType.credential.2', 'A Basic credential 2', {ts '2000-01-01 00:00:00.0'}, {ts '2000-12-31 00:00:00.0'}, 'credential 2')
/
INSERT INTO KSLU_LRC_CREDENTIAL_TYPE (TYPE_KEY, TYPE_DESC, EFF_DT, EXPIR_DT, NAME) values ('lrcType.credential.3', 'A Basic credential 3', {ts '2000-01-01 00:00:00.0'}, {ts '2000-12-31 00:00:00.0'}, 'credential 3')
/

// Credential
INSERT INTO KSLU_LRC_CREDENTIAL (ID, TYPE) VALUES ('LRC-RESULT_VALUE-CREDENTIAL-1', 'lrcType.credential.1')
/
INSERT INTO KSLU_LRC_CREDENTIAL (ID, TYPE) VALUES ('LRC-RESULT_VALUE-CREDENTIAL-2', 'lrcType.credential.2')
/
INSERT INTO KSLU_LRC_CREDENTIAL (ID, TYPE) VALUES ('LRC-RESULT_VALUE-CREDENTIAL-3', 'lrcType.credential.3')
/
INSERT INTO KSLU_LRC_CREDENTIAL (ID, TYPE) VALUES ('LRC-RESULT_VALUE-CREDENTIAL-4', 'lrcType.credential.3')
/

// Scale
INSERT INTO KSLU_LRC_SCALE(ID, NAME, RT_DESCR_ID, EFF_DT, EXPIR_DT, VERSIONIND) VALUES ('LRC-SCALE-1', 'Scale 1', 'RT-DESC-LCR-13',  {ts '2000-01-01 00:00:00.0'},  {ts '2000-12-31 00:00:00.0'}, 0)
/
INSERT INTO KSLU_LRC_SCALE(ID, NAME, RT_DESCR_ID, EFF_DT, EXPIR_DT, VERSIONIND) VALUES ('LRC-SCALE-2', 'Scale 3', 'RT-DESC-LCR-13',  {ts '2000-01-01 00:00:00.0'},  {ts '2000-12-31 00:00:00.0'}, 0)
/
INSERT INTO KSLU_LRC_SCALE(ID, NAME, RT_DESCR_ID, EFF_DT, EXPIR_DT, VERSIONIND) VALUES ('LRC-SCALE-3', 'Scale 3', 'RT-DESC-LCR-13',  {ts '2000-01-01 00:00:00.0'},  {ts '2000-12-31 00:00:00.0'}, 0)
/

// Grade
INSERT INTO KSLU_LRC_GRADE (ID, SCALE_KEY, RANK, TYPE) VALUES ('LRC-RESULT_VALUE-GRADE-1','LRC-SCALE-1', 'Rank 1',  'lrcType.grade.1')
/
INSERT INTO KSLU_LRC_GRADE (ID, SCALE_KEY, RANK, TYPE) VALUES ('LRC-RESULT_VALUE-GRADE-2','LRC-SCALE-2', 'Rank 2', 'lrcType.grade.2')
/
INSERT INTO KSLU_LRC_GRADE (ID, SCALE_KEY, RANK, TYPE) VALUES ('LRC-RESULT_VALUE-GRADE-3','LRC-SCALE-3', 'Rank 3', 'lrcType.grade.3')
/
INSERT INTO KSLU_LRC_GRADE (ID, SCALE_KEY, RANK, TYPE) VALUES ('LRC-RESULT_VALUE-GRADE-4','LRC-SCALE-1', 'Rank 4', 'lrcType.grade.3')
/

//
INSERT INTO KSLU_LRC_RESCOMP_JN_RESVALUE (COMPONENT_ID, RESULT_ID) VALUES('LRC-RESCOMP-1', 'LRC-RESULT_VALUE-CREDIT-1')
/
INSERT INTO KSLU_LRC_RESCOMP_JN_RESVALUE (COMPONENT_ID, RESULT_ID) VALUES('LRC-RESCOMP-1', 'LRC-RESULT_VALUE-CREDIT-2')
/
INSERT INTO KSLU_LRC_RESCOMP_JN_RESVALUE (COMPONENT_ID, RESULT_ID) VALUES('LRC-RESCOMP-2', 'LRC-RESULT_VALUE-CREDENTIAL-1')
/
INSERT INTO KSLU_LRC_RESCOMP_JN_RESVALUE (COMPONENT_ID, RESULT_ID) VALUES('LRC-RESCOMP-2', 'LRC-RESULT_VALUE-CREDENTIAL-2')
/
INSERT INTO KSLU_LRC_RESCOMP_JN_RESVALUE (COMPONENT_ID, RESULT_ID) VALUES('LRC-RESCOMP-3', 'LRC-RESULT_VALUE-GRADE-1')
/
INSERT INTO KSLU_LRC_RESCOMP_JN_RESVALUE (COMPONENT_ID, RESULT_ID) VALUES('LRC-RESCOMP-1', 'LRC-RESULT_VALUE-GRADE-1')
/
INSERT INTO KSLU_LRC_RESCOMP_JN_RESVALUE (COMPONENT_ID, RESULT_ID) VALUES('LRC-RESCOMP-3', 'LRC-RESULT_VALUE-GRADE-2')
/
