-- Add items for b.nanal:
-- planned course for Spring 2014:
--    CHEM231
--
-- backup courses for Summer 1 2014:
--    ENGL369
--    ENGL699, RG1001
--    PHYS161, RG 1001

--CHEM231
INSERT INTO KSPL_LRNG_PLAN_ITEM (CATEGORY,CREATEID,CREATETIME,ID,OBJ_ID,PLAN_ID,REF_OBJ_ID,REF_OBJ_TYPE_KEY,STATE,TYPE_ID,VER_NBR,UPDATEID,UPDATETIME)  VALUES
 ('PLANNED','B.NANAL',TIMESTAMP '2014-01-31 12:01:00.0','3581beb8-dcb6-489f-8259-5cb0a7b3f22f','68c7ea56-b5bb-4fd3-947d-ad3714bda910','b.nanalPlan1','4960877d-ddcc-4f8e-851e-d576d290f4c8','kuali.lu.type.CreditCourse','kuali.academicplan.planitem.state.active','kuali.academicplan.type.planitem',0,'B.NANAL',TIMESTAMP '2014-01-31 12:01:00.0')
/
INSERT INTO KSPL_LRNG_PLAN_ITEM_ATP_ID (ATP_ID,PLAN_ITEM_ID)  VALUES
 ('kuali.atp.2014Spring','3581beb8-dcb6-489f-8259-5cb0a7b3f22f')
/

--ENGL369
INSERT INTO KSPL_LRNG_PLAN_ITEM (CATEGORY,CREATEID,CREATETIME,ID,OBJ_ID,PLAN_ID,REF_OBJ_ID,REF_OBJ_TYPE_KEY,STATE,TYPE_ID,VER_NBR,UPDATEID,UPDATETIME)  VALUES
 ('BACKUP','B.NANAL',TIMESTAMP '2014-01-31 12:01:00.0','360c56ff-a30b-4b34-9c53-29966fc0fd48','5668ed6c-53e4-4495-99ff-c63ca4151fb7','b.nanalPlan1','f94c0813-f941-4cb8-a5a9-e5a440e6e8a1','kuali.lu.type.CreditCourse','kuali.academicplan.planitem.state.active','kuali.academicplan.type.planitem',0,'B.NANAL',TIMESTAMP '2014-01-31 12:01:00.0')
/
INSERT INTO KSPL_LRNG_PLAN_ITEM_ATP_ID (ATP_ID,PLAN_ITEM_ID)  VALUES
 ('kuali.atp.2014Summer1','360c56ff-a30b-4b34-9c53-29966fc0fd48')
/

--ENGL699 Registration Group 1001
INSERT INTO KSPL_LRNG_PLAN_ITEM (CATEGORY,CREATEID,CREATETIME,ID,OBJ_ID,PLAN_ID,REF_OBJ_ID,REF_OBJ_TYPE_KEY,STATE,TYPE_ID,VER_NBR,UPDATEID,UPDATETIME)  VALUES
 ('BACKUP','B.NANAL',TIMESTAMP '2014-01-31 12:01:00.0','8052ecb3-4043-4439-a041-96119368087e','b96ba9ac-8c71-4a49-ab45-f8b45dbe2e33','b.nanalPlan1','cbd07cd6-6c3d-435c-a4af-7bfbc3ebb379','kuali.lu.type.CreditCourse','kuali.academicplan.planitem.state.active','kuali.academicplan.type.planitem',1,'B.NANAL',TIMESTAMP '2014-01-31 12:01:00.0')
/
INSERT INTO KSPL_LRNG_PLAN_ITEM_ATP_ID (ATP_ID,PLAN_ITEM_ID)  VALUES
 ('kuali.atp.2014Summer1','8052ecb3-4043-4439-a041-96119368087e')
/
INSERT INTO KSPL_LRNG_PLAN_ITEM (CATEGORY,CREATEID,CREATETIME,ID,OBJ_ID,PLAN_ID,REF_OBJ_ID,REF_OBJ_TYPE_KEY,STATE,TYPE_ID,VER_NBR,UPDATEID,UPDATETIME)  VALUES
 ('BACKUP','B.NANAL',TIMESTAMP '2014-01-31 12:01:00.0','08003674-4f68-46c5-b4d3-59299b1e4db6','57a313bc-9abf-4fc0-8511-7538b7f772d1','b.nanalPlan1','5877f094-e360-4ebf-9829-5a12d76caf48','kuali.lui.type.registration.group','kuali.academicplan.planitem.state.active','kuali.academicplan.type.planitem',0,'B.NANAL',TIMESTAMP '2014-01-31 12:01:00.0')
/
INSERT INTO KSPL_LRNG_PLAN_ITEM_ATP_ID (ATP_ID,PLAN_ITEM_ID)  VALUES
 ('kuali.atp.2014Summer1','08003674-4f68-46c5-b4d3-59299b1e4db6')
/
INSERT INTO KSPL_LRNG_PLAN_ITEM_ATTR (ATTR_KEY,ATTR_VALUE,ID,OBJ_ID,OWNER_ID)  VALUES
 ('kuali.academicplan.item.item.relation.course2rg','08003674-4f68-46c5-b4d3-59299b1e4db6','85aa1fb3-ca24-47dc-8471-232d58529386','ce62bf76-3cde-4793-a207-d3001d77d873','8052ecb3-4043-4439-a041-96119368087e')
/
INSERT INTO KSPL_LRNG_PLAN_ITEM_ATTR (ATTR_KEY,ATTR_VALUE,ID,OBJ_ID,OWNER_ID)  VALUES
 ('kuali.academicplan.item.item.relation.rg2course','8052ecb3-4043-4439-a041-96119368087e','a4fab77a-43e9-4d41-8d7a-476d3c4af810','835514e0-fb07-4ebf-afce-5b26ac6596e0','08003674-4f68-46c5-b4d3-59299b1e4db6')
/

--PHYS161 Registration Group 1001
INSERT INTO KSPL_LRNG_PLAN_ITEM (CATEGORY,CREATEID,CREATETIME,ID,OBJ_ID,PLAN_ID,REF_OBJ_ID,REF_OBJ_TYPE_KEY,STATE,TYPE_ID,VER_NBR,UPDATEID,UPDATETIME)  VALUES
 ('BACKUP','B.NANAL',TIMESTAMP '2014-01-31 12:01:00.0','dacec6e7-6e84-4336-bdfe-e8b5bff94a51','fce9f464-da3b-4496-b6b9-cf6b58eedc2a','b.nanalPlan1','95aed53b-055d-41c6-8ddc-18578fb8fe36','kuali.lu.type.CreditCourse','kuali.academicplan.planitem.state.active','kuali.academicplan.type.planitem',1,'B.NANAL',TIMESTAMP '2014-01-31 12:01:00.0')
/
INSERT INTO KSPL_LRNG_PLAN_ITEM_ATP_ID (ATP_ID,PLAN_ITEM_ID)  VALUES
 ('kuali.atp.2014Summer1','dacec6e7-6e84-4336-bdfe-e8b5bff94a51')
/
INSERT INTO KSPL_LRNG_PLAN_ITEM (CATEGORY,CREATEID,CREATETIME,ID,OBJ_ID,PLAN_ID,REF_OBJ_ID,REF_OBJ_TYPE_KEY,STATE,TYPE_ID,VER_NBR,UPDATEID,UPDATETIME)  VALUES
 ('BACKUP','B.NANAL',TIMESTAMP '2014-01-31 12:01:00.0','5418fc36-8e3f-406b-8aac-26d74bfe7c8e','8d1b8892-68f7-4595-9540-5f967a1f2d54','b.nanalPlan1','47e71908-d26b-4268-bbeb-c86acb9a306a','kuali.lui.type.registration.group','kuali.academicplan.planitem.state.active','kuali.academicplan.type.planitem',0,'B.NANAL',TIMESTAMP '2014-01-31 12:01:00.0')
/
INSERT INTO KSPL_LRNG_PLAN_ITEM_ATP_ID (ATP_ID,PLAN_ITEM_ID)  VALUES
 ('kuali.atp.2014Summer1','5418fc36-8e3f-406b-8aac-26d74bfe7c8e')
/
INSERT INTO KSPL_LRNG_PLAN_ITEM_ATTR (ATTR_KEY,ATTR_VALUE,ID,OBJ_ID,OWNER_ID)  VALUES
 ('kuali.academicplan.item.item.relation.course2rg','5418fc36-8e3f-406b-8aac-26d74bfe7c8e','c1cba9c4-cfdc-4a70-98ee-a9a0924ac84b','1815f195-2c6b-434d-b6e0-de65d6b2460f','dacec6e7-6e84-4336-bdfe-e8b5bff94a51')
/
 INSERT INTO KSPL_LRNG_PLAN_ITEM_ATTR (ATTR_KEY,ATTR_VALUE,ID,OBJ_ID,OWNER_ID)  VALUES
 ('kuali.academicplan.item.item.relation.rg2course','dacec6e7-6e84-4336-bdfe-e8b5bff94a51','2596c5da-db84-4532-a103-36d6d4463870','125bd5f4-d828-49f1-9902-0510bb02fdcb','5418fc36-8e3f-406b-8aac-26d74bfe7c8e')
/

