
-- KSLU_MEMSHIP
INSERT INTO KSLU_MEMSHIP (VER_NBR, OBJ_ID, ID, SEARCH_TYPE_KEY) VALUES (0, '930a63e6-e2eb-4c15-a004-995c9de4dbc9', 'f2fa42a3-270b-4f1c-9050-2794bf6fd802', 'lu.search.mostCurrent.union')
/
INSERT INTO KSLU_MEMSHIP (VER_NBR, OBJ_ID, ID, SEARCH_TYPE_KEY) VALUES (0, '0c2fbc62-51ba-4e2d-a34e-2b45df2750a0', '974f2266-3b94-45fd-a2d1-88de52ed06ee', 'lu.search.mostCurrent.union')
/
INSERT INTO KSLU_MEMSHIP (VER_NBR, OBJ_ID, ID, SEARCH_TYPE_KEY) VALUES (0, 'b40d3bad-f94b-4e79-9502-550ea888062d', '7f4210c0-07c8-455f-acf2-cec95bc1b11a', 'lu.search.mostCurrent.union')
/

-- KSLU_SPARAM
INSERT INTO KSLU_SPARAM (VER_NBR, SEARCH_PARAM_KEY, OBJ_ID, ID) VALUES (0, 'lu.queryParam.luOptionalDivision', 'fa502ba1-f57d-4c4c-b13d-b38a9c0e5bf2', 'd6f6e246-fac1-4f37-851b-f32a61b543dc')
/
INSERT INTO KSLU_SPARAM (VER_NBR, SEARCH_PARAM_KEY, OBJ_ID, ID) VALUES (0, 'lu.queryParam.luOptionalCrsNoRange', 'd30f7789-6b46-4c7b-a262-397d9843b5c2', 'fb74fe58-1acc-43aa-afb6-90bc4ea58b51')
/
INSERT INTO KSLU_SPARAM (VER_NBR, SEARCH_PARAM_KEY, OBJ_ID, ID) VALUES (0, 'lu.queryParam.luOptionalCrsNoRange', '8d575cea-c107-413d-bab2-aca4ecf8bc30', 'cb409f27-c808-45f7-88a8-ed2414e20542')
/
INSERT INTO KSLU_SPARAM (VER_NBR, SEARCH_PARAM_KEY, OBJ_ID, ID) VALUES (0, 'lu.queryParam.luOptionalDivision', '98c34772-96e7-417c-9a9e-cca46cd5bee0', 'b80f61a7-66cb-4658-a6d3-f3de493a2c55')
/
INSERT INTO KSLU_SPARAM (VER_NBR, SEARCH_PARAM_KEY, OBJ_ID, ID) VALUES (0, 'lu.queryParam.luOptionalCrsNoRange', '5cfbbf43-5bf7-4b8a-9bd9-4073e0669d5e', 'ae082c61-cda5-4f58-9d8a-64aeffd455f1')
/
INSERT INTO KSLU_SPARAM (VER_NBR, SEARCH_PARAM_KEY, OBJ_ID, ID) VALUES (0, 'lu.queryParam.luOptionalDivision', '6d2dd06b-88f8-4587-a58b-b74797772023', 'd76cf20e-39d6-453c-bc81-a787a69ff740')
/

-- KSLU_SPVALUE
INSERT INTO KSLU_SPVALUE (VER_NBR, OBJ_ID, VALUE, ID) VALUES (0, '62d555e4-9fa2-4214-960a-1510648994c2', 'GEOG', '64c97179-2473-4295-9f8c-7676f120a46f')
/
INSERT INTO KSLU_SPVALUE (VER_NBR, OBJ_ID, VALUE, ID) VALUES (0, '74c2c946-ec5d-4798-8eeb-59784d414fe7', '602-787', '3c2e2825-c91b-47f6-93a1-f42fd13f9a17')
/
INSERT INTO KSLU_SPVALUE (VER_NBR, OBJ_ID, VALUE, ID) VALUES (0, '80fcd85c-d552-4dec-a3be-793fa9eb8b2a', 'CCJS', 'd806a37c-fc29-4222-93dc-e99a4793bf92')
/
INSERT INTO KSLU_SPVALUE (VER_NBR, OBJ_ID, VALUE, ID) VALUES (0, 'ca5f3c6d-7d34-43fc-b1e7-5a620d461134', 'GEOG', '87f465e2-30df-4f17-b1d7-79f289b9535a')
/
INSERT INTO KSLU_SPVALUE (VER_NBR, OBJ_ID, VALUE, ID) VALUES (0, '2779aa70-1d23-4df2-a54b-92d354c83a1b', '602-787', '0f1c4b4a-505f-4b30-97ef-6af029dc652a')
/
INSERT INTO KSLU_SPVALUE (VER_NBR, OBJ_ID, VALUE, ID) VALUES (0, 'fdd44089-f917-4206-ad48-966548eb1cc4', '602-798', 'b14d5e07-0b7c-4878-b4bf-d6e34f76aad6')
/

-- KSLU_MEMSHIP_KSLU_SPARAM
INSERT INTO KSLU_MEMSHIP_KSLU_SPARAM (KSLU_MEMSHIP_ID, SEARCHPARAMETERS_ID) VALUES ('7f4210c0-07c8-455f-acf2-cec95bc1b11a', 'cb409f27-c808-45f7-88a8-ed2414e20542')
/
INSERT INTO KSLU_MEMSHIP_KSLU_SPARAM (KSLU_MEMSHIP_ID, SEARCHPARAMETERS_ID) VALUES ('f2fa42a3-270b-4f1c-9050-2794bf6fd802', 'fb74fe58-1acc-43aa-afb6-90bc4ea58b51')
/
INSERT INTO KSLU_MEMSHIP_KSLU_SPARAM (KSLU_MEMSHIP_ID, SEARCHPARAMETERS_ID) VALUES ('974f2266-3b94-45fd-a2d1-88de52ed06ee', 'ae082c61-cda5-4f58-9d8a-64aeffd455f1')
/
INSERT INTO KSLU_MEMSHIP_KSLU_SPARAM (KSLU_MEMSHIP_ID, SEARCHPARAMETERS_ID) VALUES ('f2fa42a3-270b-4f1c-9050-2794bf6fd802', 'd6f6e246-fac1-4f37-851b-f32a61b543dc')
/
INSERT INTO KSLU_MEMSHIP_KSLU_SPARAM (KSLU_MEMSHIP_ID, SEARCHPARAMETERS_ID) VALUES ('7f4210c0-07c8-455f-acf2-cec95bc1b11a', 'd76cf20e-39d6-453c-bc81-a787a69ff740')
/
INSERT INTO KSLU_MEMSHIP_KSLU_SPARAM (KSLU_MEMSHIP_ID, SEARCHPARAMETERS_ID) VALUES ('974f2266-3b94-45fd-a2d1-88de52ed06ee', 'b80f61a7-66cb-4658-a6d3-f3de493a2c55')
/

-- KSLU_SPARAM_KSLU_SPVALUE
INSERT INTO KSLU_SPARAM_KSLU_SPVALUE (VALUES_ID, KSLU_SPARAM_ID) VALUES ('87f465e2-30df-4f17-b1d7-79f289b9535a', 'd76cf20e-39d6-453c-bc81-a787a69ff740')
/
INSERT INTO KSLU_SPARAM_KSLU_SPVALUE (VALUES_ID, KSLU_SPARAM_ID) VALUES ('d806a37c-fc29-4222-93dc-e99a4793bf92', 'b80f61a7-66cb-4658-a6d3-f3de493a2c55')
/
INSERT INTO KSLU_SPARAM_KSLU_SPVALUE (VALUES_ID, KSLU_SPARAM_ID) VALUES ('b14d5e07-0b7c-4878-b4bf-d6e34f76aad6', 'ae082c61-cda5-4f58-9d8a-64aeffd455f1')
/
INSERT INTO KSLU_SPARAM_KSLU_SPVALUE (VALUES_ID, KSLU_SPARAM_ID) VALUES ('3c2e2825-c91b-47f6-93a1-f42fd13f9a17', 'fb74fe58-1acc-43aa-afb6-90bc4ea58b51')
/
INSERT INTO KSLU_SPARAM_KSLU_SPVALUE (VALUES_ID, KSLU_SPARAM_ID) VALUES ('0f1c4b4a-505f-4b30-97ef-6af029dc652a', 'cb409f27-c808-45f7-88a8-ed2414e20542')
/
INSERT INTO KSLU_SPARAM_KSLU_SPVALUE (VALUES_ID, KSLU_SPARAM_ID) VALUES ('64c97179-2473-4295-9f8c-7676f120a46f', 'd6f6e246-fac1-4f37-851b-f32a61b543dc')
/

-- KSLU_CLU_SET
insert into KSLU_CLU_SET (ID, CREATEID, CREATETIME, UPDATEID, UPDATETIME, VER_NBR, ADMIN_ORG_ID, EFF_DT, EXPIR_DT, REFERENCEABLE, REUSABLE, NAME, ST, TYPE, RT_DESCR_ID, MEM_QUERY_ID, OBJ_ID) values ('00ad0bf1-6891-4408-8700-d0c10759d47a', 'admin', to_date('2011-04-20', 'yyyy-mm-dd'), 'admin', to_date('2011-04-20', 'yyyy-mm-dd'), 0, null, to_date('2200-01-01', 'yyyy-mm-dd'), null, 0, 0, 'AdHock', 'active', 'kuali.cluSet.type.Course', null, null, 'efa546b2-1f14-4c0c-aa42-fe4a85b97d67')
/
insert into KSLU_CLU_SET (ID, CREATEID, CREATETIME, UPDATEID, UPDATETIME, VER_NBR, ADMIN_ORG_ID, EFF_DT, EXPIR_DT, REFERENCEABLE, REUSABLE, NAME, ST, TYPE, RT_DESCR_ID, MEM_QUERY_ID, OBJ_ID) values ('08cae8cc-86af-41b5-a332-5e3b9d3cf19d', 'admin', to_date('2011-04-20', 'yyyy-mm-dd'), 'admin', to_date('2011-04-20', 'yyyy-mm-dd'), 0, null, to_date('2200-01-01', 'yyyy-mm-dd'), null, 0, 0, 'AdHock', 'active', 'kuali.cluSet.type.Course', null, null, 'b04ab41e-bd42-41f0-8197-724c831614e5')
/
insert into KSLU_CLU_SET (ID, CREATEID, CREATETIME, UPDATEID, UPDATETIME, VER_NBR, ADMIN_ORG_ID, EFF_DT, EXPIR_DT, REFERENCEABLE, REUSABLE, NAME, ST, TYPE, RT_DESCR_ID, MEM_QUERY_ID, OBJ_ID) values ('12ff806e-938c-4f2a-977b-cb2dabea78f7', 'admin', to_date('2011-04-20', 'yyyy-mm-dd'), 'admin', to_date('2011-04-20', 'yyyy-mm-dd'), 0, null, to_date('2200-01-01', 'yyyy-mm-dd'), null, 0, 0, 'AdHock', 'active', 'kuali.cluSet.type.Course', null, null, '71a95a16-b5c0-47ee-a1e7-f5d926e2a47d')
/
insert into KSLU_CLU_SET (ID, CREATEID, CREATETIME, UPDATEID, UPDATETIME, VER_NBR, ADMIN_ORG_ID, EFF_DT, EXPIR_DT, REFERENCEABLE, REUSABLE, NAME, ST, TYPE, RT_DESCR_ID, MEM_QUERY_ID, OBJ_ID) values ('1ea8dd3b-669c-4ab6-948d-dfb511f89815', 'admin', to_date('2011-04-20', 'yyyy-mm-dd'), 'admin', to_date('2011-04-20', 'yyyy-mm-dd'), 0, null, to_date('2200-01-01', 'yyyy-mm-dd'), null, 0, 0, 'AdHock', 'active', 'kuali.cluSet.type.Course', null, null, 'c14f8e08-80ca-44b7-b258-b6adfaa6d738')
/
insert into KSLU_CLU_SET (ID, CREATEID, CREATETIME, UPDATEID, UPDATETIME, VER_NBR, ADMIN_ORG_ID, EFF_DT, EXPIR_DT, REFERENCEABLE, REUSABLE, NAME, ST, TYPE, RT_DESCR_ID, MEM_QUERY_ID, OBJ_ID) values ('6037ecc6-3746-4aee-9c0b-a198d6f0684d', 'admin', to_date('2011-04-20', 'yyyy-mm-dd'), 'admin', to_date('2011-04-20', 'yyyy-mm-dd'), 0, null, to_date('2200-01-01', 'yyyy-mm-dd'), null, 0, 0, 'AdHock', 'active', 'kuali.cluSet.type.Course', null, null, '50451597-52cc-4ae7-a66c-3628c233e16f')
/
insert into KSLU_CLU_SET (ID, CREATEID, CREATETIME, UPDATEID, UPDATETIME, VER_NBR, ADMIN_ORG_ID, EFF_DT, EXPIR_DT, REFERENCEABLE, REUSABLE, NAME, ST, TYPE, RT_DESCR_ID, MEM_QUERY_ID, OBJ_ID) values ('6a7bfd53-54df-4c0c-ba89-f81d539d5cda', 'admin', to_date('2011-04-20', 'yyyy-mm-dd'), 'admin', to_date('2011-04-20', 'yyyy-mm-dd'), 0, null, to_date('2200-01-01', 'yyyy-mm-dd'), null, 0, 0, 'AdHock', 'active', 'kuali.cluSet.type.Course', null, null, '7e19492c-aeb9-4155-a407-8dead612f686')
/
insert into KSLU_CLU_SET (ID, CREATEID, CREATETIME, UPDATEID, UPDATETIME, VER_NBR, ADMIN_ORG_ID, EFF_DT, EXPIR_DT, REFERENCEABLE, REUSABLE, NAME, ST, TYPE, RT_DESCR_ID, MEM_QUERY_ID, OBJ_ID) values ('750ae9d6-f65a-4af1-b101-a79f81338c45', 'admin', to_date('2011-04-20', 'yyyy-mm-dd'), 'admin', to_date('2011-04-20', 'yyyy-mm-dd'), 0, null, to_date('2200-01-01', 'yyyy-mm-dd'), null, 0, 0, 'AdHock', 'active', 'kuali.cluSet.type.Course', null, null, '2d5a5f52-6268-42d8-bd72-05e9e2c39c90')
/
insert into KSLU_CLU_SET (ID, CREATEID, CREATETIME, UPDATEID, UPDATETIME, VER_NBR, ADMIN_ORG_ID, EFF_DT, EXPIR_DT, REFERENCEABLE, REUSABLE, NAME, ST, TYPE, RT_DESCR_ID, MEM_QUERY_ID, OBJ_ID) values ('bb33b0a4-289e-4589-b63e-e08186781c36', 'admin', to_date('2011-04-20', 'yyyy-mm-dd'), 'admin', to_date('2011-04-20', 'yyyy-mm-dd'), 0, null, to_date('2200-01-01', 'yyyy-mm-dd'), null, 0, 0, 'AdHock', 'active', 'kuali.cluSet.type.Course', null, null, 'b1d91293-dc60-4576-9fdc-33890ecdac82')
/
insert into KSLU_CLU_SET (ID, CREATEID, CREATETIME, UPDATEID, UPDATETIME, VER_NBR, ADMIN_ORG_ID, EFF_DT, EXPIR_DT, REFERENCEABLE, REUSABLE, NAME, ST, TYPE, RT_DESCR_ID, MEM_QUERY_ID, OBJ_ID) values ('c6d4d85b-7a71-4fee-826a-52e497a1b201', 'admin', to_date('2011-04-20', 'yyyy-mm-dd'), 'admin', to_date('2011-04-20', 'yyyy-mm-dd'), 0, null, to_date('2200-01-01', 'yyyy-mm-dd'), null, 0, 0, 'AdHock', 'active', 'kuali.cluSet.type.Course', null, null, '77a7505d-ccb8-4e19-8c94-e5fd269c061f')
/
INSERT INTO KSLU_CLU_SET (VER_NBR, EFF_DT, NAME, OBJ_ID, RT_DESCR_ID, EXPIR_DT, CREATETIME, REFERENCEABLE, UPDATEID, ST, REUSABLE, CREATEID, ADMIN_ORG_ID, ID, MEM_QUERY_ID, TYPE, UPDATETIME) VALUES (0, TO_TIMESTAMP('2200-01-01 00:00:00.0','yyyy-MM-dd HH24:MI:SS.FF'), 'AdHock', '8738e2ee-5035-4889-af58-dae3aa0b1d1c', null, null, TO_TIMESTAMP('2011-08-12 00:00:00.0','yyyy-MM-dd HH24:MI:SS.FF'), 0, 'admin', 'active', 0, 'admin', null, '45558c80-eef4-4a7d-8cc7-461aff6ff646', null, 'kuali.cluSet.type.Course', TO_TIMESTAMP('2011-08-12 00:00:00.0','yyyy-MM-dd HH24:MI:SS.FF'))
/
INSERT INTO KSLU_CLU_SET (VER_NBR, EFF_DT, NAME, OBJ_ID, RT_DESCR_ID, EXPIR_DT, CREATETIME, REFERENCEABLE, UPDATEID, ST, REUSABLE, CREATEID, ADMIN_ORG_ID, ID, MEM_QUERY_ID, TYPE, UPDATETIME) VALUES (0, TO_TIMESTAMP('2200-01-01 00:00:00.0','yyyy-MM-dd HH24:MI:SS.FF'), 'AdHock', '195981ff-d388-4da3-948b-3a1b612a529d', null, null, TO_TIMESTAMP('2011-08-15 00:00:00.0','yyyy-MM-dd HH24:MI:SS.FF'), 0, 'admin', 'active', 0, 'admin', null, '67b4e2cf-54ac-4571-be33-fc26ec425a1a', null, 'kuali.cluSet.type.Course', TO_TIMESTAMP('2011-08-15 00:00:00.0','yyyy-MM-dd HH24:MI:SS.FF'))
/
INSERT INTO KSLU_CLU_SET (VER_NBR, EFF_DT, NAME, OBJ_ID, RT_DESCR_ID, EXPIR_DT, CREATETIME, REFERENCEABLE, UPDATEID, ST, REUSABLE, CREATEID, ADMIN_ORG_ID, ID, MEM_QUERY_ID, TYPE, UPDATETIME) VALUES (0, TO_TIMESTAMP('2200-01-01 00:00:00.0','yyyy-MM-dd HH24:MI:SS.FF'), 'AdHock', 'b0d7e6ff-f248-4a92-9fd6-29aa85135351', null, null, TO_TIMESTAMP('2011-08-12 00:00:00.0','yyyy-MM-dd HH24:MI:SS.FF'), 0, 'admin', 'active', 0, 'admin', null, '469a40f0-4014-439f-b951-ac0e8f425f6d', null, 'kuali.cluSet.type.Program', TO_TIMESTAMP('2011-08-12 00:00:00.0','yyyy-MM-dd HH24:MI:SS.FF'))
/
INSERT INTO KSLU_CLU_SET (VER_NBR, EFF_DT, NAME, OBJ_ID, RT_DESCR_ID, EXPIR_DT, CREATETIME, REFERENCEABLE, UPDATEID, ST, REUSABLE, CREATEID, ADMIN_ORG_ID, ID, MEM_QUERY_ID, TYPE, UPDATETIME) VALUES (0, TO_TIMESTAMP('2200-01-01 00:00:00.0','yyyy-MM-dd HH24:MI:SS.FF'), 'AdHock', '016dec0a-82f2-4d34-ae60-494f252c1955', null, null, TO_TIMESTAMP('2011-08-11 00:00:00.0','yyyy-MM-dd HH24:MI:SS.FF'), 0, 'admin', 'active', 0, 'admin', null, 'bae630a1-3853-4247-ab5e-cbc1a9d1afc5', null, 'kuali.cluSet.type.Course', TO_TIMESTAMP('2011-08-11 00:00:00.0','yyyy-MM-dd HH24:MI:SS.FF'))
/
INSERT INTO KSLU_CLU_SET (VER_NBR, EFF_DT, NAME, OBJ_ID, RT_DESCR_ID, EXPIR_DT, CREATETIME, REFERENCEABLE, UPDATEID, ST, REUSABLE, CREATEID, ADMIN_ORG_ID, ID, MEM_QUERY_ID, TYPE, UPDATETIME) VALUES (1, TO_TIMESTAMP('2200-01-01 00:00:00.0','yyyy-MM-dd HH24:MI:SS.FF'), 'AdHock', '01f578cc-a327-465c-8672-a64c6ab8b891', null, null, TO_TIMESTAMP('2011-08-11 00:00:00.0','yyyy-MM-dd HH24:MI:SS.FF'), 0, 'admin', 'active', 0, 'admin', null, 'f050b7a1-afb7-4921-9483-a1f6479fe652', null, 'kuali.cluSet.type.Course', TO_TIMESTAMP('2011-08-18 00:00:00.0','yyyy-MM-dd HH24:MI:SS.FF'))
/
INSERT INTO KSLU_CLU_SET (VER_NBR, EFF_DT, NAME, OBJ_ID, RT_DESCR_ID, EXPIR_DT, CREATETIME, REFERENCEABLE, UPDATEID, ST, REUSABLE, CREATEID, ADMIN_ORG_ID, ID, MEM_QUERY_ID, TYPE, UPDATETIME) VALUES (1, TO_TIMESTAMP('2200-01-01 00:00:00.0','yyyy-MM-dd HH24:MI:SS.FF'), 'AdHock', '7680c721-626b-402d-846d-3372d320b020', null, null, TO_TIMESTAMP('2011-08-11 00:00:00.0','yyyy-MM-dd HH24:MI:SS.FF'), 0, 'admin', 'active', 0, 'admin', null, 'deab1ddb-1223-4426-8277-6a66d1dd49d6', null, 'kuali.cluSet.type.Course', TO_TIMESTAMP('2011-08-18 00:00:00.0','yyyy-MM-dd HH24:MI:SS.FF'))
/
INSERT INTO KSLU_CLU_SET (VER_NBR, EFF_DT, NAME, OBJ_ID, RT_DESCR_ID, EXPIR_DT, CREATETIME, REFERENCEABLE, UPDATEID, ST, REUSABLE, CREATEID, ADMIN_ORG_ID, ID, MEM_QUERY_ID, TYPE, UPDATETIME) VALUES (0, TO_TIMESTAMP('2200-01-01 00:00:00.0','yyyy-MM-dd HH24:MI:SS.FF'), 'AdHock', '0e32f2a4-fb0f-4ef2-a836-d41617c6a2a4', null, null, TO_TIMESTAMP('2011-08-12 00:00:00.0','yyyy-MM-dd HH24:MI:SS.FF'), 0, 'admin', 'active', 0, 'admin', null, '0dd0f3f1-d07c-4fc0-9889-6dbc94e0e273', null, 'kuali.cluSet.type.Course', TO_TIMESTAMP('2011-08-12 00:00:00.0','yyyy-MM-dd HH24:MI:SS.FF'))
/
INSERT INTO KSLU_CLU_SET (VER_NBR, EFF_DT, NAME, OBJ_ID, RT_DESCR_ID, EXPIR_DT, CREATETIME, REFERENCEABLE, UPDATEID, ST, REUSABLE, CREATEID, ADMIN_ORG_ID, ID, MEM_QUERY_ID, TYPE, UPDATETIME) VALUES (0, TO_TIMESTAMP('2200-01-01 00:00:00.0','yyyy-MM-dd HH24:MI:SS.FF'), 'AdHock', '14fba21c-25a5-488b-b27f-620274e22ca7', null, null, TO_TIMESTAMP('2011-08-18 00:00:00.0','yyyy-MM-dd HH24:MI:SS.FF'), 0, 'admin', 'active', 0, 'admin', null, 'e14d663d-eeb6-48e9-9e2f-9cb7888a62b8', null, 'kuali.cluSet.type.Course', TO_TIMESTAMP('2011-08-18 00:00:00.0','yyyy-MM-dd HH24:MI:SS.FF'))
/
INSERT INTO KSLU_CLU_SET (VER_NBR, EFF_DT, NAME, OBJ_ID, RT_DESCR_ID, EXPIR_DT, CREATETIME, REFERENCEABLE, UPDATEID, ST, REUSABLE, CREATEID, ADMIN_ORG_ID, ID, MEM_QUERY_ID, TYPE, UPDATETIME) VALUES (0, TO_TIMESTAMP('2200-01-01 00:00:00.0','yyyy-MM-dd HH24:MI:SS.FF'), 'AdHock', 'd8d41b4b-af1a-4a09-a4fe-46f4504d5d2f', null, null, TO_TIMESTAMP('2011-08-12 00:00:00.0','yyyy-MM-dd HH24:MI:SS.FF'), 0, 'admin', 'active', 0, 'admin', null, '7e558b5b-30cb-4565-8ec6-2944fb285d10', null, 'kuali.cluSet.type.Course', TO_TIMESTAMP('2011-08-12 00:00:00.0','yyyy-MM-dd HH24:MI:SS.FF'))
/
INSERT INTO KSLU_CLU_SET (VER_NBR, EFF_DT, NAME, OBJ_ID, RT_DESCR_ID, EXPIR_DT, CREATETIME, REFERENCEABLE, UPDATEID, ST, REUSABLE, CREATEID, ADMIN_ORG_ID, ID, MEM_QUERY_ID, TYPE, UPDATETIME) VALUES (0, TO_TIMESTAMP('2200-01-01 00:00:00.0','yyyy-MM-dd HH24:MI:SS.FF'), 'AdHock', '10dca4ac-8ee9-46be-a4c9-a764ae0d8cc8', null, null, TO_TIMESTAMP('2011-08-11 00:00:00.0','yyyy-MM-dd HH24:MI:SS.FF'), 0, 'admin', 'active', 0, 'admin', null, '35d9b671-5ff4-4f5a-901d-d68b7fa0c240', null, 'kuali.cluSet.type.Course', TO_TIMESTAMP('2011-08-11 00:00:00.0','yyyy-MM-dd HH24:MI:SS.FF'))
/
INSERT INTO KSLU_CLU_SET (VER_NBR, EFF_DT, NAME, OBJ_ID, RT_DESCR_ID, EXPIR_DT, CREATETIME, REFERENCEABLE, UPDATEID, ST, REUSABLE, CREATEID, ADMIN_ORG_ID, ID, MEM_QUERY_ID, TYPE, UPDATETIME) VALUES (0, TO_TIMESTAMP('2200-01-01 00:00:00.0','yyyy-MM-dd HH24:MI:SS.FF'), 'AdHock', '867e898d-837f-4717-8968-125c0c13aaed', null, null, TO_TIMESTAMP('2011-08-12 00:00:00.0','yyyy-MM-dd HH24:MI:SS.FF'), 0, 'admin', 'active', 0, 'admin', null, '82ec2ed3-434b-4dee-9886-b64ee0c5db2b', null, 'kuali.cluSet.type.Program', TO_TIMESTAMP('2011-08-12 00:00:00.0','yyyy-MM-dd HH24:MI:SS.FF'))
/
INSERT INTO KSLU_CLU_SET (VER_NBR, EFF_DT, NAME, OBJ_ID, RT_DESCR_ID, EXPIR_DT, CREATETIME, REFERENCEABLE, UPDATEID, ST, REUSABLE, CREATEID, ADMIN_ORG_ID, ID, MEM_QUERY_ID, TYPE, UPDATETIME) VALUES (0, TO_TIMESTAMP('2200-01-01 00:00:00.0','yyyy-MM-dd HH24:MI:SS.FF'), 'AdHock', '15eadee1-812b-4d22-9a87-cec8cd83a472', null, null, TO_TIMESTAMP('2011-08-12 00:00:00.0','yyyy-MM-dd HH24:MI:SS.FF'), 0, 'admin', 'active', 0, 'admin', null, 'd7a34e68-db2e-4376-b03d-4df4279e8cb5', null, 'kuali.cluSet.type.Program', TO_TIMESTAMP('2011-08-12 00:00:00.0','yyyy-MM-dd HH24:MI:SS.FF'))
/
INSERT INTO KSLU_CLU_SET (VER_NBR, EFF_DT, NAME, OBJ_ID, RT_DESCR_ID, EXPIR_DT, CREATETIME, REFERENCEABLE, UPDATEID, ST, REUSABLE, CREATEID, ADMIN_ORG_ID, ID, MEM_QUERY_ID, TYPE, UPDATETIME) VALUES (0, TO_TIMESTAMP('2200-01-01 00:00:00.0','yyyy-MM-dd HH24:MI:SS.FF'), 'AdHock', 'c75bfada-a2ed-475f-86cf-626db6c75894', null, null, TO_TIMESTAMP('2011-08-12 00:00:00.0','yyyy-MM-dd HH24:MI:SS.FF'), 0, 'admin', 'active', 0, 'admin', null, '20ba73ed-a784-4075-ac88-3d509c86af93', null, 'kuali.cluSet.type.Program', TO_TIMESTAMP('2011-08-12 00:00:00.0','yyyy-MM-dd HH24:MI:SS.FF'))
/
INSERT INTO KSLU_CLU_SET (VER_NBR, EFF_DT, NAME, OBJ_ID, RT_DESCR_ID, EXPIR_DT, CREATETIME, REFERENCEABLE, UPDATEID, ST, REUSABLE, CREATEID, ADMIN_ORG_ID, ID, MEM_QUERY_ID, TYPE, UPDATETIME) VALUES (0, TO_TIMESTAMP('2200-01-01 00:00:00.0','yyyy-MM-dd HH24:MI:SS.FF'), 'AdHock', 'ce24e368-44f0-4a1c-b5a7-8d75aeb4eeee', null, null, TO_TIMESTAMP('2011-08-11 00:00:00.0','yyyy-MM-dd HH24:MI:SS.FF'), 0, 'admin', 'active', 0, 'admin', null, 'c983e9e6-ba30-4f75-9162-d13a090325ef', null, 'kuali.cluSet.type.Course', TO_TIMESTAMP('2011-08-11 00:00:00.0','yyyy-MM-dd HH24:MI:SS.FF'))
/
INSERT INTO KSLU_CLU_SET (VER_NBR, EFF_DT, NAME, OBJ_ID, RT_DESCR_ID, EXPIR_DT, CREATETIME, REFERENCEABLE, UPDATEID, ST, REUSABLE, CREATEID, ADMIN_ORG_ID, ID, MEM_QUERY_ID, TYPE, UPDATETIME) VALUES (0, TO_TIMESTAMP('2200-01-01 00:00:00.0','yyyy-MM-dd HH24:MI:SS.FF'), 'AdHock', 'a4b46150-21f1-435a-b29d-862d3cf08853', null, null, TO_TIMESTAMP('2011-08-12 00:00:00.0','yyyy-MM-dd HH24:MI:SS.FF'), 0, 'admin', 'active', 0, 'admin', null, 'fddff3d4-dd5e-4b74-a333-79ccfe1315b3', null, 'kuali.cluSet.type.Course', TO_TIMESTAMP('2011-08-12 00:00:00.0','yyyy-MM-dd HH24:MI:SS.FF'))
/
INSERT INTO KSLU_CLU_SET (VER_NBR, EFF_DT, NAME, OBJ_ID, RT_DESCR_ID, EXPIR_DT, CREATETIME, REFERENCEABLE, UPDATEID, ST, REUSABLE, CREATEID, ADMIN_ORG_ID, ID, MEM_QUERY_ID, TYPE, UPDATETIME) VALUES (0, TO_TIMESTAMP('2200-01-01 00:00:00.0','yyyy-MM-dd HH24:MI:SS.FF'), 'AdHock', '49570e8b-9fcc-4cf4-bd2e-bf7e3f440255', null, null, TO_TIMESTAMP('2011-08-18 00:00:00.0','yyyy-MM-dd HH24:MI:SS.FF'), 0, 'admin', 'active', 0, 'admin', null, '11770bd5-7df1-4a9a-8676-a44633ad96c4', null, 'kuali.cluSet.type.Program', TO_TIMESTAMP('2011-08-18 00:00:00.0','yyyy-MM-dd HH24:MI:SS.FF'))
/
INSERT INTO KSLU_CLU_SET (VER_NBR, EFF_DT, NAME, OBJ_ID, RT_DESCR_ID, EXPIR_DT, CREATETIME, REFERENCEABLE, UPDATEID, ST, REUSABLE, CREATEID, ADMIN_ORG_ID, ID, MEM_QUERY_ID, TYPE, UPDATETIME) VALUES (2, TO_TIMESTAMP('2200-01-01 00:00:00.0','yyyy-MM-dd HH24:MI:SS.FF'), 'AdHock', 'bcd7171f-c23b-497e-bf17-76da0f888562', null, null, TO_TIMESTAMP('2011-08-12 00:00:00.0','yyyy-MM-dd HH24:MI:SS.FF'), 0, 'admin', 'active', 0, 'admin', null, 'a9083dd1-8922-4d18-b1e2-d65a1fb2b3fd', null, 'kuali.cluSet.type.Course', TO_TIMESTAMP('2011-08-12 00:00:00.0','yyyy-MM-dd HH24:MI:SS.FF'))
/
INSERT INTO KSLU_CLU_SET (VER_NBR, EFF_DT, NAME, OBJ_ID, RT_DESCR_ID, EXPIR_DT, CREATETIME, REFERENCEABLE, UPDATEID, ST, REUSABLE, CREATEID, ADMIN_ORG_ID, ID, MEM_QUERY_ID, TYPE, UPDATETIME) VALUES (0, TO_TIMESTAMP('2200-01-01 00:00:00.0','yyyy-MM-dd HH24:MI:SS.FF'), 'AdHock', '014b490a-9656-4281-a0e8-3127d98b19f0', null, null, TO_TIMESTAMP('2011-08-18 00:00:00.0','yyyy-MM-dd HH24:MI:SS.FF'), 0, 'admin', 'active', 0, 'admin', null, '5da8869d-c1cd-4b13-a3e3-9abb63bfa857', null, 'kuali.cluSet.type.Program', TO_TIMESTAMP('2011-08-18 00:00:00.0','yyyy-MM-dd HH24:MI:SS.FF'))
/
INSERT INTO KSLU_CLU_SET (VER_NBR, EFF_DT, NAME, OBJ_ID, RT_DESCR_ID, EXPIR_DT, CREATETIME, REFERENCEABLE, UPDATEID, ST, REUSABLE, CREATEID, ADMIN_ORG_ID, ID, MEM_QUERY_ID, TYPE, UPDATETIME) VALUES (0, TO_TIMESTAMP('2200-01-01 00:00:00.0','yyyy-MM-dd HH24:MI:SS.FF'), 'AdHock', '827379e7-d7ac-4b3f-936f-b16956d2ca63', null, null, TO_TIMESTAMP('2011-08-12 00:00:00.0','yyyy-MM-dd HH24:MI:SS.FF'), 0, 'admin', 'active', 0, 'admin', null, '0e20794b-efab-42b6-a34d-dfd21d8f86d8', null, 'kuali.cluSet.type.Course', TO_TIMESTAMP('2011-08-12 00:00:00.0','yyyy-MM-dd HH24:MI:SS.FF'))
/
INSERT INTO KSLU_CLU_SET (VER_NBR, EFF_DT, NAME, OBJ_ID, RT_DESCR_ID, EXPIR_DT, CREATETIME, REFERENCEABLE, UPDATEID, ST, REUSABLE, CREATEID, ADMIN_ORG_ID, ID, MEM_QUERY_ID, TYPE, UPDATETIME) VALUES (0, TO_TIMESTAMP('2200-01-01 00:00:00.0','yyyy-MM-dd HH24:MI:SS.FF'), 'AdHock', 'e4f4bc7c-7e75-4f09-afb3-69a8f0562fb0', null, null, TO_TIMESTAMP('2011-08-12 00:00:00.0','yyyy-MM-dd HH24:MI:SS.FF'), 0, 'admin', 'active', 0, 'admin', null, '16c3e239-05d9-45f4-a349-cd62cef30813', null, 'kuali.cluSet.type.Course', TO_TIMESTAMP('2011-08-12 00:00:00.0','yyyy-MM-dd HH24:MI:SS.FF'))
/
INSERT INTO KSLU_CLU_SET (VER_NBR, EFF_DT, NAME, OBJ_ID, RT_DESCR_ID, EXPIR_DT, CREATETIME, REFERENCEABLE, UPDATEID, ST, REUSABLE, CREATEID, ADMIN_ORG_ID, ID, MEM_QUERY_ID, TYPE, UPDATETIME) VALUES (0, TO_TIMESTAMP('2200-01-01 00:00:00.0','yyyy-MM-dd HH24:MI:SS.FF'), 'AdHock', '46f16192-f5f4-42ce-a1cc-e6d3a82f50d3', null, null, TO_TIMESTAMP('2011-08-18 00:00:00.0','yyyy-MM-dd HH24:MI:SS.FF'), 0, 'admin', 'active', 0, 'admin', null, 'acc8feed-0e06-471e-9f57-923a82644634', null, 'kuali.cluSet.type.Course', TO_TIMESTAMP('2011-08-18 00:00:00.0','yyyy-MM-dd HH24:MI:SS.FF'))
/
INSERT INTO KSLU_CLU_SET (VER_NBR, EFF_DT, NAME, OBJ_ID, RT_DESCR_ID, EXPIR_DT, CREATETIME, REFERENCEABLE, UPDATEID, ST, REUSABLE, CREATEID, ADMIN_ORG_ID, ID, MEM_QUERY_ID, TYPE, UPDATETIME) VALUES (0, TO_TIMESTAMP('2200-01-01 00:00:00.0','yyyy-MM-dd HH24:MI:SS.FF'), 'AdHock', '85639a6f-9a6b-4809-8ac3-bfb3ae0fe542', null, null, TO_TIMESTAMP('2011-08-12 00:00:00.0','yyyy-MM-dd HH24:MI:SS.FF'), 0, 'admin', 'active', 0, 'admin', null, '26d00f77-efaf-4c93-99f2-3b26bd7942b1', null, 'kuali.cluSet.type.Course', TO_TIMESTAMP('2011-08-12 00:00:00.0','yyyy-MM-dd HH24:MI:SS.FF'))
/
INSERT INTO KSLU_CLU_SET (VER_NBR, EFF_DT, NAME, OBJ_ID, RT_DESCR_ID, EXPIR_DT, CREATETIME, REFERENCEABLE, UPDATEID, ST, REUSABLE, CREATEID, ADMIN_ORG_ID, ID, MEM_QUERY_ID, TYPE, UPDATETIME) VALUES (0, TO_TIMESTAMP('2200-01-01 00:00:00.0','yyyy-MM-dd HH24:MI:SS.FF'), 'AdHock', '64152bec-2793-40b5-846b-3a76d7f1e51f', null, null, TO_TIMESTAMP('2011-08-18 00:00:00.0','yyyy-MM-dd HH24:MI:SS.FF'), 0, 'admin', 'active', 0, 'admin', null, 'ebddb2a1-c109-4d28-8992-6f792f16aea0', null, 'kuali.cluSet.type.Program', TO_TIMESTAMP('2011-08-18 00:00:00.0','yyyy-MM-dd HH24:MI:SS.FF'))
/
INSERT INTO KSLU_CLU_SET (VER_NBR, EFF_DT, NAME, OBJ_ID, RT_DESCR_ID, EXPIR_DT, CREATETIME, REFERENCEABLE, UPDATEID, ST, REUSABLE, CREATEID, ADMIN_ORG_ID, ID, MEM_QUERY_ID, TYPE, UPDATETIME) VALUES (0, TO_TIMESTAMP('2200-01-01 00:00:00.0','yyyy-MM-dd HH24:MI:SS.FF'), 'AdHock', 'b791b87f-3f05-4afc-82ae-01089413b60f', null, null, TO_TIMESTAMP('2011-08-12 00:00:00.0','yyyy-MM-dd HH24:MI:SS.FF'), 0, 'admin', 'active', 0, 'admin', null, '4bc22039-02f1-45cf-a27d-931f9a347ab2', null, 'kuali.cluSet.type.Program', TO_TIMESTAMP('2011-08-12 00:00:00.0','yyyy-MM-dd HH24:MI:SS.FF'))
/
INSERT INTO KSLU_CLU_SET (VER_NBR, EFF_DT, NAME, OBJ_ID, RT_DESCR_ID, EXPIR_DT, CREATETIME, REFERENCEABLE, UPDATEID, ST, REUSABLE, CREATEID, ADMIN_ORG_ID, ID, MEM_QUERY_ID, TYPE, UPDATETIME) VALUES (0, TO_TIMESTAMP('2200-01-01 00:00:00.0','yyyy-MM-dd HH24:MI:SS.FF'), 'AdHock', '8fcf2fa8-3bdd-4dde-8573-166cbdcb51b5', null, null, TO_TIMESTAMP('2011-08-12 00:00:00.0','yyyy-MM-dd HH24:MI:SS.FF'), 0, 'admin', 'active', 0, 'admin', null, 'eea7c801-dadb-451c-a72d-caeba1c7e646', null, 'kuali.cluSet.type.Program', TO_TIMESTAMP('2011-08-12 00:00:00.0','yyyy-MM-dd HH24:MI:SS.FF'))
/
INSERT INTO KSLU_CLU_SET (VER_NBR, EFF_DT, NAME, OBJ_ID, RT_DESCR_ID, EXPIR_DT, CREATETIME, REFERENCEABLE, UPDATEID, ST, REUSABLE, CREATEID, ADMIN_ORG_ID, ID, MEM_QUERY_ID, TYPE, UPDATETIME) VALUES (0, TO_TIMESTAMP('2200-01-01 00:00:00.0','yyyy-MM-dd HH24:MI:SS.FF'), 'AdHock', 'd81ec5e5-2256-4f3a-bfa6-94269917e30b', null, null, TO_TIMESTAMP('2011-08-11 00:00:00.0','yyyy-MM-dd HH24:MI:SS.FF'), 0, 'admin', 'active', 0, 'admin', null, '210e1d7b-8eb9-48db-ab20-db184e8cb640', null, 'kuali.cluSet.type.Course', TO_TIMESTAMP('2011-08-11 00:00:00.0','yyyy-MM-dd HH24:MI:SS.FF'))
/
INSERT INTO KSLU_CLU_SET (VER_NBR, EFF_DT, NAME, OBJ_ID, RT_DESCR_ID, EXPIR_DT, CREATETIME, REFERENCEABLE, UPDATEID, ST, REUSABLE, CREATEID, ADMIN_ORG_ID, ID, MEM_QUERY_ID, TYPE, UPDATETIME) VALUES (0, TO_TIMESTAMP('2200-01-01 00:00:00.0','yyyy-MM-dd HH24:MI:SS.FF'), 'AdHock', '643cc833-626d-43bc-9f2d-d7466d159ab5', null, null, TO_TIMESTAMP('2011-08-17 00:00:00.0','yyyy-MM-dd HH24:MI:SS.FF'), 0, 'admin', 'active', 0, 'admin', null, '046ec03b-7de9-4b3a-aa37-48eedfb7e507', null, 'kuali.cluSet.type.Program', TO_TIMESTAMP('2011-08-17 00:00:00.0','yyyy-MM-dd HH24:MI:SS.FF'))
/
INSERT INTO KSLU_CLU_SET (VER_NBR, EFF_DT, NAME, OBJ_ID, RT_DESCR_ID, EXPIR_DT, CREATETIME, REFERENCEABLE, UPDATEID, ST, REUSABLE, CREATEID, ADMIN_ORG_ID, ID, MEM_QUERY_ID, TYPE, UPDATETIME) VALUES (0, TO_TIMESTAMP('2200-01-01 00:00:00.0','yyyy-MM-dd HH24:MI:SS.FF'), 'AdHock', '07f291ed-2a31-4383-9166-44a9464a4d4f', null, null, TO_TIMESTAMP('2011-08-12 00:00:00.0','yyyy-MM-dd HH24:MI:SS.FF'), 0, 'admin', 'active', 0, 'admin', null, 'e210e3e5-d893-4b38-8a21-beb08db380ef', null, 'kuali.cluSet.type.Course', TO_TIMESTAMP('2011-08-12 00:00:00.0','yyyy-MM-dd HH24:MI:SS.FF'))
/
INSERT INTO KSLU_CLU_SET (VER_NBR, EFF_DT, NAME, OBJ_ID, RT_DESCR_ID, EXPIR_DT, CREATETIME, REFERENCEABLE, UPDATEID, ST, REUSABLE, CREATEID, ADMIN_ORG_ID, ID, MEM_QUERY_ID, TYPE, UPDATETIME) VALUES (0, TO_TIMESTAMP('2200-01-01 00:00:00.0','yyyy-MM-dd HH24:MI:SS.FF'), 'AdHock', 'b4588ede-7ad0-4552-bf36-3ed641c7fcdc', null, null, TO_TIMESTAMP('2011-08-12 00:00:00.0','yyyy-MM-dd HH24:MI:SS.FF'), 0, 'admin', 'active', 0, 'admin', null, '72369f20-bd5f-42fb-9cbe-a9605f192cd2', null, 'kuali.cluSet.type.Course', TO_TIMESTAMP('2011-08-12 00:00:00.0','yyyy-MM-dd HH24:MI:SS.FF'))
/
INSERT INTO KSLU_CLU_SET (VER_NBR, EFF_DT, NAME, OBJ_ID, RT_DESCR_ID, EXPIR_DT, CREATETIME, REFERENCEABLE, UPDATEID, ST, REUSABLE, CREATEID, ADMIN_ORG_ID, ID, MEM_QUERY_ID, TYPE, UPDATETIME) VALUES (0, TO_TIMESTAMP('2200-01-01 00:00:00.0','yyyy-MM-dd HH24:MI:SS.FF'), 'AdHock', '994fed82-28cc-4333-9cfa-35a0e1a8c118', null, null, TO_TIMESTAMP('2011-08-12 00:00:00.0','yyyy-MM-dd HH24:MI:SS.FF'), 0, 'admin', 'active', 0, 'admin', null, '4fa4fd8b-fd21-4560-a75b-36dfbad0ac3b', null, 'kuali.cluSet.type.Course', TO_TIMESTAMP('2011-08-12 00:00:00.0','yyyy-MM-dd HH24:MI:SS.FF'))
/
INSERT INTO KSLU_CLU_SET (VER_NBR, EFF_DT, NAME, OBJ_ID, RT_DESCR_ID, EXPIR_DT, CREATETIME, REFERENCEABLE, UPDATEID, ST, REUSABLE, CREATEID, ADMIN_ORG_ID, ID, MEM_QUERY_ID, TYPE, UPDATETIME) VALUES (0, TO_TIMESTAMP('2200-01-01 00:00:00.0','yyyy-MM-dd HH24:MI:SS.FF'), 'AdHock', 'ae469e47-49c0-4b5f-baea-01b17595946a', null, null, TO_TIMESTAMP('2011-08-12 00:00:00.0','yyyy-MM-dd HH24:MI:SS.FF'), 0, 'admin', 'active', 0, 'admin', null, '4ea77cf1-4306-4172-a29a-a1127ca914ab', null, 'kuali.cluSet.type.Course', TO_TIMESTAMP('2011-08-12 00:00:00.0','yyyy-MM-dd HH24:MI:SS.FF'))
/
INSERT INTO KSLU_CLU_SET (VER_NBR, EFF_DT, NAME, OBJ_ID, RT_DESCR_ID, EXPIR_DT, CREATETIME, REFERENCEABLE, UPDATEID, ST, REUSABLE, CREATEID, ADMIN_ORG_ID, ID, MEM_QUERY_ID, TYPE, UPDATETIME) VALUES (1, TO_TIMESTAMP('2200-01-01 00:00:00.0','yyyy-MM-dd HH24:MI:SS.FF'), 'AdHock', '1c2af778-b1ef-4b02-860c-75f7c496b085', null, null, TO_TIMESTAMP('2011-08-12 00:00:00.0','yyyy-MM-dd HH24:MI:SS.FF'), 0, 'admin', 'active', 0, 'admin', null, '8ad57b3c-d1d4-4700-882d-73836e5278aa', null, 'kuali.cluSet.type.Course', TO_TIMESTAMP('2011-08-18 00:00:00.0','yyyy-MM-dd HH24:MI:SS.FF'))
/
INSERT INTO KSLU_CLU_SET (VER_NBR, EFF_DT, NAME, OBJ_ID, RT_DESCR_ID, EXPIR_DT, CREATETIME, REFERENCEABLE, UPDATEID, ST, REUSABLE, CREATEID, ADMIN_ORG_ID, ID, MEM_QUERY_ID, TYPE, UPDATETIME) VALUES (1, TO_TIMESTAMP('2200-01-01 00:00:00.0','yyyy-MM-dd HH24:MI:SS.FF'), 'AdHock', '1b7c5c18-0be2-43f3-97d9-bbd2796c02da', null, null, TO_TIMESTAMP('2011-08-12 00:00:00.0','yyyy-MM-dd HH24:MI:SS.FF'), 0, 'admin', 'active', 0, 'admin', null, '352cf52c-8ade-4bbd-8639-135100ff2cf2', null, 'kuali.cluSet.type.Course', TO_TIMESTAMP('2011-08-18 00:00:00.0','yyyy-MM-dd HH24:MI:SS.FF'))
/
INSERT INTO KSLU_CLU_SET (VER_NBR, EFF_DT, NAME, OBJ_ID, RT_DESCR_ID, EXPIR_DT, CREATETIME, REFERENCEABLE, UPDATEID, ST, REUSABLE, CREATEID, ADMIN_ORG_ID, ID, MEM_QUERY_ID, TYPE, UPDATETIME) VALUES (0, TO_TIMESTAMP('2200-01-01 00:00:00.0','yyyy-MM-dd HH24:MI:SS.FF'), 'AdHock', '92c1fb4a-6783-4dc3-ad9c-420a30381ba5', null, null, TO_TIMESTAMP('2011-08-18 00:00:00.0','yyyy-MM-dd HH24:MI:SS.FF'), 0, 'admin', 'active', 0, 'admin', null, '50342ded-2fd1-4cf0-81d4-cd46df8e336a', null, 'kuali.cluSet.type.Course', TO_TIMESTAMP('2011-08-18 00:00:00.0','yyyy-MM-dd HH24:MI:SS.FF'))
/
INSERT INTO KSLU_CLU_SET (VER_NBR, EFF_DT, NAME, OBJ_ID, RT_DESCR_ID, EXPIR_DT, CREATETIME, REFERENCEABLE, UPDATEID, ST, REUSABLE, CREATEID, ADMIN_ORG_ID, ID, MEM_QUERY_ID, TYPE, UPDATETIME) VALUES (0, TO_TIMESTAMP('2200-01-01 00:00:00.0','yyyy-MM-dd HH24:MI:SS.FF'), 'AdHock', 'd02e7633-a538-498e-b04c-da6232ecf3d0', null, null, TO_TIMESTAMP('2011-08-12 00:00:00.0','yyyy-MM-dd HH24:MI:SS.FF'), 0, 'admin', 'active', 0, 'admin', null, 'd6161524-9563-4fd8-9e5d-53492788f90f', null, 'kuali.cluSet.type.Course', TO_TIMESTAMP('2011-08-12 00:00:00.0','yyyy-MM-dd HH24:MI:SS.FF'))
/
INSERT INTO KSLU_CLU_SET (VER_NBR, EFF_DT, NAME, OBJ_ID, RT_DESCR_ID, EXPIR_DT, CREATETIME, REFERENCEABLE, UPDATEID, ST, REUSABLE, CREATEID, ADMIN_ORG_ID, ID, MEM_QUERY_ID, TYPE, UPDATETIME) VALUES (0, TO_TIMESTAMP('2200-01-01 00:00:00.0','yyyy-MM-dd HH24:MI:SS.FF'), 'AdHock', 'b830b5f9-963b-48e0-83a1-23aa379461e0', null, null, TO_TIMESTAMP('2011-08-12 00:00:00.0','yyyy-MM-dd HH24:MI:SS.FF'), 0, 'admin', 'active', 0, 'admin', null, '4db4acef-e840-4f19-a18b-444af6a45bb6', null, 'kuali.cluSet.type.Course', TO_TIMESTAMP('2011-08-12 00:00:00.0','yyyy-MM-dd HH24:MI:SS.FF'))
/
INSERT INTO KSLU_CLU_SET (VER_NBR, EFF_DT, NAME, OBJ_ID, RT_DESCR_ID, EXPIR_DT, CREATETIME, REFERENCEABLE, UPDATEID, ST, REUSABLE, CREATEID, ADMIN_ORG_ID, ID, MEM_QUERY_ID, TYPE, UPDATETIME) VALUES (1, TO_TIMESTAMP('2200-01-01 00:00:00.0','yyyy-MM-dd HH24:MI:SS.FF'), 'AdHock', '6000a398-9c40-4c23-89c9-7c861f1944da', null, null, TO_TIMESTAMP('2011-08-18 00:00:00.0','yyyy-MM-dd HH24:MI:SS.FF'), 0, 'admin', 'active', 0, 'admin', null, '621b3b43-cf72-40da-9173-4e2444df4b3d', null, 'kuali.cluSet.type.Program', TO_TIMESTAMP('2011-08-18 00:00:00.0','yyyy-MM-dd HH24:MI:SS.FF'))
/
INSERT INTO KSLU_CLU_SET (VER_NBR, EFF_DT, NAME, OBJ_ID, RT_DESCR_ID, EXPIR_DT, CREATETIME, REFERENCEABLE, UPDATEID, ST, REUSABLE, CREATEID, ADMIN_ORG_ID, ID, MEM_QUERY_ID, TYPE, UPDATETIME) VALUES (0, TO_TIMESTAMP('2200-01-01 00:00:00.0','yyyy-MM-dd HH24:MI:SS.FF'), 'AdHock', '3e90e37b-969b-4fd9-9a44-e739ee8d5a35', null, null, TO_TIMESTAMP('2011-08-12 00:00:00.0','yyyy-MM-dd HH24:MI:SS.FF'), 0, 'admin', 'active', 0, 'admin', null, '5523504c-2528-47f7-83c7-225c1e655584', null, 'kuali.cluSet.type.Course', TO_TIMESTAMP('2011-08-12 00:00:00.0','yyyy-MM-dd HH24:MI:SS.FF'))
/
INSERT INTO KSLU_CLU_SET (VER_NBR, EFF_DT, NAME, OBJ_ID, RT_DESCR_ID, EXPIR_DT, CREATETIME, REFERENCEABLE, UPDATEID, ST, REUSABLE, CREATEID, ADMIN_ORG_ID, ID, MEM_QUERY_ID, TYPE, UPDATETIME) VALUES (1, TO_TIMESTAMP('2200-01-01 00:00:00.0','yyyy-MM-dd HH24:MI:SS.FF'), 'AdHock', '24b966e5-0c4d-4321-8cff-2e09e8c4bd9a', null, null, TO_TIMESTAMP('2011-08-18 00:00:00.0','yyyy-MM-dd HH24:MI:SS.FF'), 0, 'admin', 'active', 0, 'admin', null, '5f49bbff-0c33-4430-825b-a2a34692d224', null, 'kuali.cluSet.type.Course', TO_TIMESTAMP('2011-08-18 00:00:00.0','yyyy-MM-dd HH24:MI:SS.FF'))
/
INSERT INTO KSLU_CLU_SET (VER_NBR, EFF_DT, NAME, OBJ_ID, RT_DESCR_ID, EXPIR_DT, CREATETIME, REFERENCEABLE, UPDATEID, ST, REUSABLE, CREATEID, ADMIN_ORG_ID, ID, MEM_QUERY_ID, TYPE, UPDATETIME) VALUES (1, TO_TIMESTAMP('2200-01-01 00:00:00.0','yyyy-MM-dd HH24:MI:SS.FF'), 'AdHock', '699f3f73-bdb5-4181-a90d-5213af39be18', null, null, TO_TIMESTAMP('2011-08-11 00:00:00.0','yyyy-MM-dd HH24:MI:SS.FF'), 0, 'admin', 'active', 0, 'admin', null, 'c29af19a-3d46-4bc2-b394-bd629ae1ce0d', null, 'kuali.cluSet.type.Course', TO_TIMESTAMP('2011-08-18 00:00:00.0','yyyy-MM-dd HH24:MI:SS.FF'))
/
INSERT INTO KSLU_CLU_SET (VER_NBR, EFF_DT, NAME, OBJ_ID, RT_DESCR_ID, EXPIR_DT, CREATETIME, REFERENCEABLE, UPDATEID, ST, REUSABLE, CREATEID, ADMIN_ORG_ID, ID, MEM_QUERY_ID, TYPE, UPDATETIME) VALUES (4, TO_TIMESTAMP('2200-01-01 00:00:00.0','yyyy-MM-dd HH24:MI:SS.FF'), 'AdHock', 'dace40c9-9762-4491-9d71-7473d6d4692c', null, null, TO_TIMESTAMP('2011-08-11 00:00:00.0','yyyy-MM-dd HH24:MI:SS.FF'), 0, 'admin', 'active', 0, 'admin', null, 'cd9fdba3-b7b0-4a11-94a2-aba1d023cf6c', null, 'kuali.cluSet.type.Course', TO_TIMESTAMP('2011-08-15 00:00:00.0','yyyy-MM-dd HH24:MI:SS.FF'))
/
INSERT INTO KSLU_CLU_SET (VER_NBR, EFF_DT, NAME, OBJ_ID, RT_DESCR_ID, EXPIR_DT, CREATETIME, REFERENCEABLE, UPDATEID, ST, REUSABLE, CREATEID, ADMIN_ORG_ID, ID, MEM_QUERY_ID, TYPE, UPDATETIME) VALUES (0, TO_TIMESTAMP('2200-01-01 00:00:00.0','yyyy-MM-dd HH24:MI:SS.FF'), 'AdHock', '5bf84c7f-d1b2-4822-806f-bea78a255ee8', null, null, TO_TIMESTAMP('2011-08-12 00:00:00.0','yyyy-MM-dd HH24:MI:SS.FF'), 0, 'admin', 'active', 0, 'admin', null, 'e38c8d28-a1ed-4f3e-a361-61bd0bc27a97', null, 'kuali.cluSet.type.Course', TO_TIMESTAMP('2011-08-12 00:00:00.0','yyyy-MM-dd HH24:MI:SS.FF'))
/
INSERT INTO KSLU_CLU_SET (VER_NBR, EFF_DT, NAME, OBJ_ID, RT_DESCR_ID, EXPIR_DT, CREATETIME, REFERENCEABLE, UPDATEID, ST, REUSABLE, CREATEID, ADMIN_ORG_ID, ID, MEM_QUERY_ID, TYPE, UPDATETIME) VALUES (0, TO_TIMESTAMP('2200-01-01 00:00:00.0','yyyy-MM-dd HH24:MI:SS.FF'), 'AdHock', '19f0cba0-b638-4130-b2a0-84dbf4f53e18', null, null, TO_TIMESTAMP('2011-08-11 00:00:00.0','yyyy-MM-dd HH24:MI:SS.FF'), 0, 'admin', 'active', 0, 'admin', null, 'dfcabb1d-9e22-49d8-b7ff-800d1594d925', null, 'kuali.cluSet.type.Course', TO_TIMESTAMP('2011-08-11 00:00:00.0','yyyy-MM-dd HH24:MI:SS.FF'))
/
INSERT INTO KSLU_CLU_SET (VER_NBR, EFF_DT, NAME, OBJ_ID, RT_DESCR_ID, EXPIR_DT, CREATETIME, REFERENCEABLE, UPDATEID, ST, REUSABLE, CREATEID, ADMIN_ORG_ID, ID, MEM_QUERY_ID, TYPE, UPDATETIME) VALUES (0, TO_TIMESTAMP('2200-01-01 00:00:00.0','yyyy-MM-dd HH24:MI:SS.FF'), 'AdHock', '73a9438e-4493-4c68-9a37-0984241ea2a9', null, null, TO_TIMESTAMP('2011-08-12 00:00:00.0','yyyy-MM-dd HH24:MI:SS.FF'), 0, 'admin', 'active', 0, 'admin', null, '17035f0c-a009-4869-8b7d-8ab728d196c4', null, 'kuali.cluSet.type.Course', TO_TIMESTAMP('2011-08-12 00:00:00.0','yyyy-MM-dd HH24:MI:SS.FF'))
/
INSERT INTO KSLU_CLU_SET (VER_NBR, EFF_DT, NAME, OBJ_ID, RT_DESCR_ID, EXPIR_DT, CREATETIME, REFERENCEABLE, UPDATEID, ST, REUSABLE, CREATEID, ADMIN_ORG_ID, ID, MEM_QUERY_ID, TYPE, UPDATETIME) VALUES (0, TO_TIMESTAMP('2200-01-01 00:00:00.0','yyyy-MM-dd HH24:MI:SS.FF'), 'AdHock', 'f057a6ca-7a1e-466f-b179-24e394f88b28', null, null, TO_TIMESTAMP('2011-08-12 00:00:00.0','yyyy-MM-dd HH24:MI:SS.FF'), 0, 'admin', 'active', 0, 'admin', null, '676c9ebc-eb75-44d7-91af-b8ef3cc05ad9', null, 'kuali.cluSet.type.Course', TO_TIMESTAMP('2011-08-12 00:00:00.0','yyyy-MM-dd HH24:MI:SS.FF'))
/
INSERT INTO KSLU_CLU_SET (VER_NBR, EFF_DT, NAME, OBJ_ID, RT_DESCR_ID, EXPIR_DT, CREATETIME, REFERENCEABLE, UPDATEID, ST, REUSABLE, CREATEID, ADMIN_ORG_ID, ID, MEM_QUERY_ID, TYPE, UPDATETIME) VALUES (0, TO_TIMESTAMP('2200-01-01 00:00:00.0','yyyy-MM-dd HH24:MI:SS.FF'), 'AdHock', '9c5f7e6d-ad38-4eac-ac1b-9ef6f121f8cb', null, null, TO_TIMESTAMP('2011-08-18 00:00:00.0','yyyy-MM-dd HH24:MI:SS.FF'), 0, 'admin', 'active', 0, 'admin', null, 'c569310e-ded0-49d3-b13b-28658fe9d531', null, 'kuali.cluSet.type.Course', TO_TIMESTAMP('2011-08-18 00:00:00.0','yyyy-MM-dd HH24:MI:SS.FF'))
/
INSERT INTO KSLU_CLU_SET (VER_NBR, EFF_DT, NAME, OBJ_ID, RT_DESCR_ID, EXPIR_DT, CREATETIME, REFERENCEABLE, UPDATEID, ST, REUSABLE, CREATEID, ADMIN_ORG_ID, ID, MEM_QUERY_ID, TYPE, UPDATETIME) VALUES (0, TO_TIMESTAMP('2200-01-01 00:00:00.0','yyyy-MM-dd HH24:MI:SS.FF'), 'AdHock', 'ed8308c1-e412-42e4-9b01-d51d0be22e0c', null, null, TO_TIMESTAMP('2011-08-18 00:00:00.0','yyyy-MM-dd HH24:MI:SS.FF'), 0, 'admin', 'active', 0, 'admin', null, '2afeee88-a6ad-4518-ba69-cd9c797c7639', null, 'kuali.cluSet.type.Course', TO_TIMESTAMP('2011-08-18 00:00:00.0','yyyy-MM-dd HH24:MI:SS.FF'))
/
INSERT INTO KSLU_CLU_SET (VER_NBR, EFF_DT, NAME, OBJ_ID, RT_DESCR_ID, EXPIR_DT, CREATETIME, REFERENCEABLE, UPDATEID, ST, REUSABLE, CREATEID, ADMIN_ORG_ID, ID, MEM_QUERY_ID, TYPE, UPDATETIME) VALUES (0, TO_TIMESTAMP('2200-01-01 00:00:00.0','yyyy-MM-dd HH24:MI:SS.FF'), 'AdHock', 'fc0678f6-d8bb-450b-a87e-f1a670d09b2c', null, null, TO_TIMESTAMP('2011-08-18 00:00:00.0','yyyy-MM-dd HH24:MI:SS.FF'), 0, 'admin', 'active', 0, 'admin', null, 'a1c7362a-e6b6-408b-8d34-709db7541167', null, 'kuali.cluSet.type.Program', TO_TIMESTAMP('2011-08-18 00:00:00.0','yyyy-MM-dd HH24:MI:SS.FF'))
/
INSERT INTO KSLU_CLU_SET (VER_NBR, EFF_DT, NAME, OBJ_ID, RT_DESCR_ID, EXPIR_DT, CREATETIME, REFERENCEABLE, UPDATEID, ST, REUSABLE, CREATEID, ADMIN_ORG_ID, ID, MEM_QUERY_ID, TYPE, UPDATETIME) VALUES (0, TO_TIMESTAMP('2200-01-01 00:00:00.0','yyyy-MM-dd HH24:MI:SS.FF'), 'AdHock', '1effd804-79b1-45d7-8e3c-6f5f622cea53', null, null, TO_TIMESTAMP('2011-08-15 00:00:00.0','yyyy-MM-dd HH24:MI:SS.FF'), 0, 'admin', 'active', 0, 'admin', null, '2ae64afd-aaa2-465b-bcc8-f3718af2aa2d', null, 'kuali.cluSet.type.Course', TO_TIMESTAMP('2011-08-15 00:00:00.0','yyyy-MM-dd HH24:MI:SS.FF'))
/
INSERT INTO KSLU_CLU_SET (VER_NBR, EFF_DT, NAME, OBJ_ID, RT_DESCR_ID, EXPIR_DT, CREATETIME, REFERENCEABLE, UPDATEID, ST, REUSABLE, CREATEID, ADMIN_ORG_ID, ID, MEM_QUERY_ID, TYPE, UPDATETIME) VALUES (0, TO_TIMESTAMP('2200-01-01 00:00:00.0','yyyy-MM-dd HH24:MI:SS.FF'), 'AdHock', '3b5bbea4-20e5-420d-aca0-f2e8089e71d5', null, null, TO_TIMESTAMP('2011-08-12 00:00:00.0','yyyy-MM-dd HH24:MI:SS.FF'), 0, 'admin', 'active', 0, 'admin', null, '71368016-42de-41b2-9f42-34d1a03d3364', null, 'kuali.cluSet.type.Course', TO_TIMESTAMP('2011-08-12 00:00:00.0','yyyy-MM-dd HH24:MI:SS.FF'))
/
INSERT INTO KSLU_CLU_SET (VER_NBR, EFF_DT, NAME, OBJ_ID, RT_DESCR_ID, EXPIR_DT, CREATETIME, REFERENCEABLE, UPDATEID, ST, REUSABLE, CREATEID, ADMIN_ORG_ID, ID, MEM_QUERY_ID, TYPE, UPDATETIME) VALUES (0, TO_TIMESTAMP('2200-01-01 00:00:00.0','yyyy-MM-dd HH24:MI:SS.FF'), 'AdHock', 'bca858e0-bb06-4ba6-bdf3-483cd9b58168', null, null, TO_TIMESTAMP('2011-08-15 00:00:00.0','yyyy-MM-dd HH24:MI:SS.FF'), 0, 'admin', 'active', 0, 'admin', null, '29d25c9f-47a5-45ba-9935-5e456e9f462a', '7f4210c0-07c8-455f-acf2-cec95bc1b11a', 'kuali.cluSet.type.Course', TO_TIMESTAMP('2011-08-15 00:00:00.0','yyyy-MM-dd HH24:MI:SS.FF'))
/
INSERT INTO KSLU_CLU_SET (VER_NBR, EFF_DT, NAME, OBJ_ID, RT_DESCR_ID, EXPIR_DT, CREATETIME, REFERENCEABLE, UPDATEID, ST, REUSABLE, CREATEID, ADMIN_ORG_ID, ID, MEM_QUERY_ID, TYPE, UPDATETIME) VALUES (0, TO_TIMESTAMP('2200-01-01 00:00:00.0','yyyy-MM-dd HH24:MI:SS.FF'), 'AdHock', '77cd05d5-0148-4ab4-9ba4-c9eadc120dd4', null, null, TO_TIMESTAMP('2011-08-12 00:00:00.0','yyyy-MM-dd HH24:MI:SS.FF'), 0, 'admin', 'active', 0, 'admin', null, 'ba924b4b-23c4-4bf8-b419-86ea23b899c2', null, 'kuali.cluSet.type.Course', TO_TIMESTAMP('2011-08-12 00:00:00.0','yyyy-MM-dd HH24:MI:SS.FF'))
/
INSERT INTO KSLU_CLU_SET (VER_NBR, EFF_DT, NAME, OBJ_ID, RT_DESCR_ID, EXPIR_DT, CREATETIME, REFERENCEABLE, UPDATEID, ST, REUSABLE, CREATEID, ADMIN_ORG_ID, ID, MEM_QUERY_ID, TYPE, UPDATETIME) VALUES (0, TO_TIMESTAMP('2200-01-01 00:00:00.0','yyyy-MM-dd HH24:MI:SS.FF'), 'AdHock', 'cf5e1d92-c01e-4e37-a5ce-44f5d98d2f4b', null, null, TO_TIMESTAMP('2011-08-12 00:00:00.0','yyyy-MM-dd HH24:MI:SS.FF'), 0, 'admin', 'active', 0, 'admin', null, 'd79c455b-9996-4a8b-94ea-a78682fdbb3d', null, 'kuali.cluSet.type.Program', TO_TIMESTAMP('2011-08-12 00:00:00.0','yyyy-MM-dd HH24:MI:SS.FF'))
/
INSERT INTO KSLU_CLU_SET (VER_NBR, EFF_DT, NAME, OBJ_ID, RT_DESCR_ID, EXPIR_DT, CREATETIME, REFERENCEABLE, UPDATEID, ST, REUSABLE, CREATEID, ADMIN_ORG_ID, ID, MEM_QUERY_ID, TYPE, UPDATETIME) VALUES (0, TO_TIMESTAMP('2200-01-01 00:00:00.0','yyyy-MM-dd HH24:MI:SS.FF'), 'AdHock', '36b06e01-7be3-477e-869e-eda9c1390fe2', null, null, TO_TIMESTAMP('2011-08-18 00:00:00.0','yyyy-MM-dd HH24:MI:SS.FF'), 0, 'admin', 'active', 0, 'admin', null, 'c7723a87-10ae-4173-af58-2cc90b8e0a94', null, 'kuali.cluSet.type.Course', TO_TIMESTAMP('2011-08-18 00:00:00.0','yyyy-MM-dd HH24:MI:SS.FF'))
/
INSERT INTO KSLU_CLU_SET (VER_NBR, EFF_DT, NAME, OBJ_ID, RT_DESCR_ID, EXPIR_DT, CREATETIME, REFERENCEABLE, UPDATEID, ST, REUSABLE, CREATEID, ADMIN_ORG_ID, ID, MEM_QUERY_ID, TYPE, UPDATETIME) VALUES (1, TO_TIMESTAMP('2200-01-01 00:00:00.0','yyyy-MM-dd HH24:MI:SS.FF'), 'AdHock', '9dadd369-8206-43ad-bf34-a1ae1cad915b', null, null, TO_TIMESTAMP('2011-08-11 00:00:00.0','yyyy-MM-dd HH24:MI:SS.FF'), 0, 'admin', 'active', 0, 'admin', null, '22c89911-5087-435a-bbb1-13d9f077968c', null, 'kuali.cluSet.type.Course', TO_TIMESTAMP('2011-08-18 00:00:00.0','yyyy-MM-dd HH24:MI:SS.FF'))
/
INSERT INTO KSLU_CLU_SET (VER_NBR, EFF_DT, NAME, OBJ_ID, RT_DESCR_ID, EXPIR_DT, CREATETIME, REFERENCEABLE, UPDATEID, ST, REUSABLE, CREATEID, ADMIN_ORG_ID, ID, MEM_QUERY_ID, TYPE, UPDATETIME) VALUES (0, TO_TIMESTAMP('2200-01-01 00:00:00.0','yyyy-MM-dd HH24:MI:SS.FF'), 'AdHock', '44c393e2-4898-4d98-92b0-73efa8c41b90', null, null, TO_TIMESTAMP('2011-08-12 00:00:00.0','yyyy-MM-dd HH24:MI:SS.FF'), 0, 'admin', 'active', 0, 'admin', null, 'ebc22cc6-4591-46ee-ade5-ed386adcd1e3', null, 'kuali.cluSet.type.Course', TO_TIMESTAMP('2011-08-12 00:00:00.0','yyyy-MM-dd HH24:MI:SS.FF'))
/
INSERT INTO KSLU_CLU_SET (VER_NBR, EFF_DT, NAME, OBJ_ID, RT_DESCR_ID, EXPIR_DT, CREATETIME, REFERENCEABLE, UPDATEID, ST, REUSABLE, CREATEID, ADMIN_ORG_ID, ID, MEM_QUERY_ID, TYPE, UPDATETIME) VALUES (0, TO_TIMESTAMP('2200-01-01 00:00:00.0','yyyy-MM-dd HH24:MI:SS.FF'), 'AdHock', '9715a53a-2727-46cc-ad31-4ca2a2773d7e', null, null, TO_TIMESTAMP('2011-08-18 00:00:00.0','yyyy-MM-dd HH24:MI:SS.FF'), 0, 'admin', 'active', 0, 'admin', null, '2913ff5d-936d-4cc5-be4d-4d35b20dbfb3', null, 'kuali.cluSet.type.Program', TO_TIMESTAMP('2011-08-18 00:00:00.0','yyyy-MM-dd HH24:MI:SS.FF'))
/
INSERT INTO KSLU_CLU_SET (VER_NBR, EFF_DT, NAME, OBJ_ID, RT_DESCR_ID, EXPIR_DT, CREATETIME, REFERENCEABLE, UPDATEID, ST, REUSABLE, CREATEID, ADMIN_ORG_ID, ID, MEM_QUERY_ID, TYPE, UPDATETIME) VALUES (0, TO_TIMESTAMP('2200-01-01 00:00:00.0','yyyy-MM-dd HH24:MI:SS.FF'), 'AdHock', '2043e115-08d3-45d1-a0dc-b53b9a614ad3', null, null, TO_TIMESTAMP('2011-08-12 00:00:00.0','yyyy-MM-dd HH24:MI:SS.FF'), 0, 'admin', 'active', 0, 'admin', null, '30886f77-217c-4c8a-aa94-444439b5bfa0', null, 'kuali.cluSet.type.Course', TO_TIMESTAMP('2011-08-12 00:00:00.0','yyyy-MM-dd HH24:MI:SS.FF'))
/
INSERT INTO KSLU_CLU_SET (VER_NBR, EFF_DT, NAME, OBJ_ID, RT_DESCR_ID, EXPIR_DT, CREATETIME, REFERENCEABLE, UPDATEID, ST, REUSABLE, CREATEID, ADMIN_ORG_ID, ID, MEM_QUERY_ID, TYPE, UPDATETIME) VALUES (2, TO_TIMESTAMP('2200-01-01 00:00:00.0','yyyy-MM-dd HH24:MI:SS.FF'), 'AdHock', '45294860-0b5a-4318-8240-6fc0ba9bde14', null, null, TO_TIMESTAMP('2011-08-12 00:00:00.0','yyyy-MM-dd HH24:MI:SS.FF'), 0, 'admin', 'active', 0, 'admin', null, '6b3ed094-3ea2-4fe5-9e2a-296e3323de84', null, 'kuali.cluSet.type.Course', TO_TIMESTAMP('2011-08-18 00:00:00.0','yyyy-MM-dd HH24:MI:SS.FF'))
/
INSERT INTO KSLU_CLU_SET (VER_NBR, EFF_DT, NAME, OBJ_ID, RT_DESCR_ID, EXPIR_DT, CREATETIME, REFERENCEABLE, UPDATEID, ST, REUSABLE, CREATEID, ADMIN_ORG_ID, ID, MEM_QUERY_ID, TYPE, UPDATETIME) VALUES (1, TO_TIMESTAMP('2200-01-01 00:00:00.0','yyyy-MM-dd HH24:MI:SS.FF'), 'AdHock', 'f2997c66-f278-4a97-a015-7e8bea53dc58', null, null, TO_TIMESTAMP('2011-08-12 00:00:00.0','yyyy-MM-dd HH24:MI:SS.FF'), 0, 'admin', 'active', 0, 'admin', null, 'e720cfda-8870-495b-a349-6d37768d77b8', null, 'kuali.cluSet.type.Course', TO_TIMESTAMP('2011-08-18 00:00:00.0','yyyy-MM-dd HH24:MI:SS.FF'))
/
INSERT INTO KSLU_CLU_SET (VER_NBR, EFF_DT, NAME, OBJ_ID, RT_DESCR_ID, EXPIR_DT, CREATETIME, REFERENCEABLE, UPDATEID, ST, REUSABLE, CREATEID, ADMIN_ORG_ID, ID, MEM_QUERY_ID, TYPE, UPDATETIME) VALUES (0, TO_TIMESTAMP('2200-01-01 00:00:00.0','yyyy-MM-dd HH24:MI:SS.FF'), 'AdHock', '1aa71392-0479-459f-809c-cb083dd6a8e9', null, null, TO_TIMESTAMP('2011-08-12 00:00:00.0','yyyy-MM-dd HH24:MI:SS.FF'), 0, 'admin', 'active', 0, 'admin', null, '6b80241f-bce5-4425-8abd-4076aa95ba20', null, 'kuali.cluSet.type.Program', TO_TIMESTAMP('2011-08-12 00:00:00.0','yyyy-MM-dd HH24:MI:SS.FF'))
/
INSERT INTO KSLU_CLU_SET (VER_NBR, EFF_DT, NAME, OBJ_ID, RT_DESCR_ID, EXPIR_DT, CREATETIME, REFERENCEABLE, UPDATEID, ST, REUSABLE, CREATEID, ADMIN_ORG_ID, ID, MEM_QUERY_ID, TYPE, UPDATETIME) VALUES (0, TO_TIMESTAMP('2200-01-01 00:00:00.0','yyyy-MM-dd HH24:MI:SS.FF'), 'AdHock', '10dd7645-46a6-437f-869b-bbe596ffb6d4', null, null, TO_TIMESTAMP('2011-08-18 00:00:00.0','yyyy-MM-dd HH24:MI:SS.FF'), 0, 'admin', 'active', 0, 'admin', null, '47b44987-e260-4ad0-90e0-890bf074d55f', null, 'kuali.cluSet.type.Course', TO_TIMESTAMP('2011-08-18 00:00:00.0','yyyy-MM-dd HH24:MI:SS.FF'))
/
INSERT INTO KSLU_CLU_SET (VER_NBR, EFF_DT, NAME, OBJ_ID, RT_DESCR_ID, EXPIR_DT, CREATETIME, REFERENCEABLE, UPDATEID, ST, REUSABLE, CREATEID, ADMIN_ORG_ID, ID, MEM_QUERY_ID, TYPE, UPDATETIME) VALUES (0, TO_TIMESTAMP('2200-01-01 00:00:00.0','yyyy-MM-dd HH24:MI:SS.FF'), 'AdHock', 'bac5490d-27f8-4dc1-b5d4-c5baef3478d2', null, null, TO_TIMESTAMP('2011-08-12 00:00:00.0','yyyy-MM-dd HH24:MI:SS.FF'), 0, 'admin', 'active', 0, 'admin', null, 'c137f8b2-153d-43a5-822e-ceacc515a5fe', null, 'kuali.cluSet.type.Course', TO_TIMESTAMP('2011-08-12 00:00:00.0','yyyy-MM-dd HH24:MI:SS.FF'))
/
INSERT INTO KSLU_CLU_SET (VER_NBR, EFF_DT, NAME, OBJ_ID, RT_DESCR_ID, EXPIR_DT, CREATETIME, REFERENCEABLE, UPDATEID, ST, REUSABLE, CREATEID, ADMIN_ORG_ID, ID, MEM_QUERY_ID, TYPE, UPDATETIME) VALUES (1, TO_TIMESTAMP('2200-01-01 00:00:00.0','yyyy-MM-dd HH24:MI:SS.FF'), 'AdHock', 'f89562bd-1e7a-493a-b797-3a8aa278b2b9', null, null, TO_TIMESTAMP('2011-08-11 00:00:00.0','yyyy-MM-dd HH24:MI:SS.FF'), 0, 'admin', 'active', 0, 'admin', null, '2464b918-e703-4fe0-91f8-833277241dfa', '974f2266-3b94-45fd-a2d1-88de52ed06ee', 'kuali.cluSet.type.Course', TO_TIMESTAMP('2011-08-15 00:00:00.0','yyyy-MM-dd HH24:MI:SS.FF'))
/
INSERT INTO KSLU_CLU_SET (VER_NBR, EFF_DT, NAME, OBJ_ID, RT_DESCR_ID, EXPIR_DT, CREATETIME, REFERENCEABLE, UPDATEID, ST, REUSABLE, CREATEID, ADMIN_ORG_ID, ID, MEM_QUERY_ID, TYPE, UPDATETIME) VALUES (0, TO_TIMESTAMP('2200-01-01 00:00:00.0','yyyy-MM-dd HH24:MI:SS.FF'), 'AdHock', 'df0cf5a9-4f9a-4f49-a32e-62f1278b55c5', null, null, TO_TIMESTAMP('2011-08-15 00:00:00.0','yyyy-MM-dd HH24:MI:SS.FF'), 0, 'admin', 'active', 0, 'admin', null, '94ae8c32-bd88-4865-abda-d8781bea8d70', 'f2fa42a3-270b-4f1c-9050-2794bf6fd802', 'kuali.cluSet.type.Course', TO_TIMESTAMP('2011-08-15 00:00:00.0','yyyy-MM-dd HH24:MI:SS.FF'))
/
INSERT INTO KSLU_CLU_SET (VER_NBR, EFF_DT, NAME, OBJ_ID, RT_DESCR_ID, EXPIR_DT, CREATETIME, REFERENCEABLE, UPDATEID, ST, REUSABLE, CREATEID, ADMIN_ORG_ID, ID, MEM_QUERY_ID, TYPE, UPDATETIME) VALUES (1, TO_TIMESTAMP('2200-01-01 00:00:00.0','yyyy-MM-dd HH24:MI:SS.FF'), 'AdHock', '0fe2041e-68ac-4cf1-ac79-f25956436510', null, null, TO_TIMESTAMP('2011-08-11 00:00:00.0','yyyy-MM-dd HH24:MI:SS.FF'), 0, 'admin', 'active', 0, 'admin', null, '0cc5d666-9662-404d-b1bb-19320bfb37ca', null, 'kuali.cluSet.type.Course', TO_TIMESTAMP('2011-08-18 00:00:00.0','yyyy-MM-dd HH24:MI:SS.FF'))
/
INSERT INTO KSLU_CLU_SET (VER_NBR, EFF_DT, NAME, OBJ_ID, RT_DESCR_ID, EXPIR_DT, CREATETIME, REFERENCEABLE, UPDATEID, ST, REUSABLE, CREATEID, ADMIN_ORG_ID, ID, MEM_QUERY_ID, TYPE, UPDATETIME) VALUES (0, TO_TIMESTAMP('2200-01-01 00:00:00.0','yyyy-MM-dd HH24:MI:SS.FF'), 'AdHock', 'ece95503-11cd-4af9-a38b-3dfbf7ec7588', null, null, TO_TIMESTAMP('2011-08-12 00:00:00.0','yyyy-MM-dd HH24:MI:SS.FF'), 0, 'admin', 'active', 0, 'admin', null, 'eaff0689-4b3b-4bf3-bc8c-3884c0ba498b', null, 'kuali.cluSet.type.Course', TO_TIMESTAMP('2011-08-12 00:00:00.0','yyyy-MM-dd HH24:MI:SS.FF'))
/
INSERT INTO KSLU_CLU_SET (VER_NBR, EFF_DT, NAME, OBJ_ID, RT_DESCR_ID, EXPIR_DT, CREATETIME, REFERENCEABLE, UPDATEID, ST, REUSABLE, CREATEID, ADMIN_ORG_ID, ID, MEM_QUERY_ID, TYPE, UPDATETIME) VALUES (0, TO_TIMESTAMP('2200-01-01 00:00:00.0','yyyy-MM-dd HH24:MI:SS.FF'), 'AdHock', '9ec01a81-e9dc-4a63-be88-4781ce917974', null, null, TO_TIMESTAMP('2011-08-12 00:00:00.0','yyyy-MM-dd HH24:MI:SS.FF'), 0, 'admin', 'active', 0, 'admin', null, '5e3d9d69-83fd-41bd-87da-8e03693a2210', null, 'kuali.cluSet.type.Program', TO_TIMESTAMP('2011-08-12 00:00:00.0','yyyy-MM-dd HH24:MI:SS.FF'))
/
INSERT INTO KSLU_CLU_SET (VER_NBR, EFF_DT, NAME, OBJ_ID, RT_DESCR_ID, EXPIR_DT, CREATETIME, REFERENCEABLE, UPDATEID, ST, REUSABLE, CREATEID, ADMIN_ORG_ID, ID, MEM_QUERY_ID, TYPE, UPDATETIME) VALUES (0, TO_TIMESTAMP('2200-01-01 00:00:00.0','yyyy-MM-dd HH24:MI:SS.FF'), 'AdHock', 'bd09018f-0e41-4b68-ba70-3afab6293a74', null, null, TO_TIMESTAMP('2011-08-12 00:00:00.0','yyyy-MM-dd HH24:MI:SS.FF'), 0, 'admin', 'active', 0, 'admin', null, 'b4dbc083-8865-44e1-96dc-462963f9408c', null, 'kuali.cluSet.type.Course', TO_TIMESTAMP('2011-08-12 00:00:00.0','yyyy-MM-dd HH24:MI:SS.FF'))
/
INSERT INTO KSLU_CLU_SET (VER_NBR, EFF_DT, NAME, OBJ_ID, RT_DESCR_ID, EXPIR_DT, CREATETIME, REFERENCEABLE, UPDATEID, ST, REUSABLE, CREATEID, ADMIN_ORG_ID, ID, MEM_QUERY_ID, TYPE, UPDATETIME) VALUES (0, TO_TIMESTAMP('2200-01-01 00:00:00.0','yyyy-MM-dd HH24:MI:SS.FF'), 'AdHock', 'cc0c38fb-6a9f-45bd-b13b-002b2dc6f13f', null, null, TO_TIMESTAMP('2011-08-12 00:00:00.0','yyyy-MM-dd HH24:MI:SS.FF'), 0, 'admin', 'active', 0, 'admin', null, '47a8ac0b-593d-45f4-9126-d64f8daaeeb2', null, 'kuali.cluSet.type.Course', TO_TIMESTAMP('2011-08-12 00:00:00.0','yyyy-MM-dd HH24:MI:SS.FF'))
/
INSERT INTO KSLU_CLU_SET (VER_NBR, EFF_DT, NAME, OBJ_ID, RT_DESCR_ID, EXPIR_DT, CREATETIME, REFERENCEABLE, UPDATEID, ST, REUSABLE, CREATEID, ADMIN_ORG_ID, ID, MEM_QUERY_ID, TYPE, UPDATETIME) VALUES (0, TO_TIMESTAMP('2200-01-01 00:00:00.0','yyyy-MM-dd HH24:MI:SS.FF'), 'AdHock', 'ec4c08d3-9169-4a01-a43a-c5b2ce7e6f88', null, null, TO_TIMESTAMP('2011-08-12 00:00:00.0','yyyy-MM-dd HH24:MI:SS.FF'), 0, 'admin', 'active', 0, 'admin', null, 'b933de70-dc8e-49a6-bc27-93bc018b6873', null, 'kuali.cluSet.type.Course', TO_TIMESTAMP('2011-08-12 00:00:00.0','yyyy-MM-dd HH24:MI:SS.FF'))
/
INSERT INTO KSLU_CLU_SET (VER_NBR, EFF_DT, NAME, OBJ_ID, RT_DESCR_ID, EXPIR_DT, CREATETIME, REFERENCEABLE, UPDATEID, ST, REUSABLE, CREATEID, ADMIN_ORG_ID, ID, MEM_QUERY_ID, TYPE, UPDATETIME) VALUES (0, TO_TIMESTAMP('2200-01-01 00:00:00.0','yyyy-MM-dd HH24:MI:SS.FF'), 'AdHock', '769e5c75-2bf9-41e4-8543-b3daae7e8032', null, null, TO_TIMESTAMP('2011-08-12 00:00:00.0','yyyy-MM-dd HH24:MI:SS.FF'), 0, 'admin', 'active', 0, 'admin', null, '37c4138e-5d99-4c00-85d8-147caf4817ed', null, 'kuali.cluSet.type.Course', TO_TIMESTAMP('2011-08-12 00:00:00.0','yyyy-MM-dd HH24:MI:SS.FF'))
/
INSERT INTO KSLU_CLU_SET (VER_NBR, EFF_DT, NAME, OBJ_ID, RT_DESCR_ID, EXPIR_DT, CREATETIME, REFERENCEABLE, UPDATEID, ST, REUSABLE, CREATEID, ADMIN_ORG_ID, ID, MEM_QUERY_ID, TYPE, UPDATETIME) VALUES (1, TO_TIMESTAMP('2200-01-01 00:00:00.0','yyyy-MM-dd HH24:MI:SS.FF'), 'AdHock', 'b22e8206-235b-483a-afcc-2eff340749af', null, null, TO_TIMESTAMP('2011-08-12 00:00:00.0','yyyy-MM-dd HH24:MI:SS.FF'), 0, 'admin', 'active', 0, 'admin', null, '7afe5d0a-927c-41fd-8bf0-5017de01df19', null, 'kuali.cluSet.type.Course', TO_TIMESTAMP('2011-08-18 00:00:00.0','yyyy-MM-dd HH24:MI:SS.FF'))
/
INSERT INTO KSLU_CLU_SET (VER_NBR, EFF_DT, NAME, OBJ_ID, RT_DESCR_ID, EXPIR_DT, CREATETIME, REFERENCEABLE, UPDATEID, ST, REUSABLE, CREATEID, ADMIN_ORG_ID, ID, MEM_QUERY_ID, TYPE, UPDATETIME) VALUES (0, TO_TIMESTAMP('2200-01-01 00:00:00.0','yyyy-MM-dd HH24:MI:SS.FF'), 'AdHock', 'bbe113b2-3488-4917-a94a-7c68dac80ef3', null, null, TO_TIMESTAMP('2011-08-18 00:00:00.0','yyyy-MM-dd HH24:MI:SS.FF'), 0, 'admin', 'active', 0, 'admin', null, '7a7ae03e-9b11-4a77-af94-bb3744e11294', null, 'kuali.cluSet.type.Program', TO_TIMESTAMP('2011-08-18 00:00:00.0','yyyy-MM-dd HH24:MI:SS.FF'))
/

-- KSLU_CLU_SET_JN_CLU_SET
INSERT INTO KSLU_CLU_SET_JN_CLU_SET (CLU_SET_CHILD_ID, CLU_SET_PARENT_ID) VALUES ('2ae64afd-aaa2-465b-bcc8-f3718af2aa2d', 'cd9fdba3-b7b0-4a11-94a2-aba1d023cf6c')
/
INSERT INTO KSLU_CLU_SET_JN_CLU_SET (CLU_SET_CHILD_ID, CLU_SET_PARENT_ID) VALUES ('94ae8c32-bd88-4865-abda-d8781bea8d70', 'cd9fdba3-b7b0-4a11-94a2-aba1d023cf6c')
/

-- KSLU_CLU_SET_JN_CLU
INSERT INTO KSLU_CLU_SET_JN_CLU (VER_NBR, CLU_SET_ID, OBJ_ID, ID, CLU_VER_IND_ID) VALUES (0, 'c983e9e6-ba30-4f75-9162-d13a090325ef', '77daa94c-c9d2-4a90-9f73-6c18697d75ed', '57c3d7fd-6b99-4500-9b02-f632ab7b85fa', '6350e5d2-d2e3-41b5-a6a3-7ca54f396b14')
/
INSERT INTO KSLU_CLU_SET_JN_CLU (VER_NBR, CLU_SET_ID, OBJ_ID, ID, CLU_VER_IND_ID) VALUES (0, '210e1d7b-8eb9-48db-ab20-db184e8cb640', '4c898aa6-4326-426c-95e7-5e57107fe0b4', 'd214485c-322e-4ab7-a95e-4b6f5697234c', '254877ca-f43a-4f49-87b8-1bcbc510531b')
/
INSERT INTO KSLU_CLU_SET_JN_CLU (VER_NBR, CLU_SET_ID, OBJ_ID, ID, CLU_VER_IND_ID) VALUES (0, '6b3ed094-3ea2-4fe5-9e2a-296e3323de84', 'a788a8a9-4123-47a4-9a6b-162de0c9886c', 'cbe9d6d6-25c9-4e7e-aaa4-52957c9e5974', '1cf69b49-587c-4c33-be1b-46ddd4ca6925')
/
INSERT INTO KSLU_CLU_SET_JN_CLU (VER_NBR, CLU_SET_ID, OBJ_ID, ID, CLU_VER_IND_ID) VALUES (0, 'b4dbc083-8865-44e1-96dc-462963f9408c', 'f2694689-a3d0-4284-a061-4cde4c36d174', '9458bf94-ee03-403a-881d-de1f1f27048b', 'e4bf0561-37a4-4c77-a0cc-f3e2383bb503')
/
INSERT INTO KSLU_CLU_SET_JN_CLU (VER_NBR, CLU_SET_ID, OBJ_ID, ID, CLU_VER_IND_ID) VALUES (0, '676c9ebc-eb75-44d7-91af-b8ef3cc05ad9', '8f5509f5-a67f-499a-88db-f14b2cbaaf7f', '52c49fb1-b589-477b-bf80-85f151cd79cd', '1cc31cce-dc41-4002-866b-c40c043a50e7')
/
INSERT INTO KSLU_CLU_SET_JN_CLU (VER_NBR, CLU_SET_ID, OBJ_ID, ID, CLU_VER_IND_ID) VALUES (0, '676c9ebc-eb75-44d7-91af-b8ef3cc05ad9', 'c9ea5879-8a83-443d-a9ba-77b6cf7f0686', '794c4cab-c665-41fe-af7f-7febcf46d592', 'e555be32-86c6-4dd6-93f8-193ef44a4b47')
/
INSERT INTO KSLU_CLU_SET_JN_CLU (VER_NBR, CLU_SET_ID, OBJ_ID, ID, CLU_VER_IND_ID) VALUES (0, 'fddff3d4-dd5e-4b74-a333-79ccfe1315b3', 'b8527dcb-bc62-4d88-9414-ac38c71a57e3', '82af203f-d45a-4493-8620-91368348e85c', '89f3a502-132f-4078-b3df-cca09f4d095c')
/
INSERT INTO KSLU_CLU_SET_JN_CLU (VER_NBR, CLU_SET_ID, OBJ_ID, ID, CLU_VER_IND_ID) VALUES (0, 'fddff3d4-dd5e-4b74-a333-79ccfe1315b3', '12686682-e496-47ca-a6d4-678ebaf39a80', 'cd625c12-74dd-46f4-beab-29030dfd500b', '7d1c42df-7033-47fd-b876-e087c8b7042a')
/
INSERT INTO KSLU_CLU_SET_JN_CLU (VER_NBR, CLU_SET_ID, OBJ_ID, ID, CLU_VER_IND_ID) VALUES (0, '37c4138e-5d99-4c00-85d8-147caf4817ed', 'ce37b05f-78eb-4d91-8713-d83786c117d9', '5387f610-a03e-473e-8222-42bf6d9618f2', 'd3d03121-6d53-42e3-b07e-2d5295e35a57')
/
INSERT INTO KSLU_CLU_SET_JN_CLU (VER_NBR, CLU_SET_ID, OBJ_ID, ID, CLU_VER_IND_ID) VALUES (0, '621b3b43-cf72-40da-9173-4e2444df4b3d', 'a27a4fcb-e5a2-4230-8772-06a77dfcf511', 'c3aa97c4-a4b4-48a4-bdba-fcd0d647fc2f', 'a062c833-0ae2-4352-93d9-cea6fc7cc807')
/
INSERT INTO KSLU_CLU_SET_JN_CLU (VER_NBR, CLU_SET_ID, OBJ_ID, ID, CLU_VER_IND_ID) VALUES (0, 'acc8feed-0e06-471e-9f57-923a82644634', '6a205e21-a3c7-401f-8fa1-c61e0843164d', 'acbcfe5b-7daf-4138-89cb-22866f1e1395', '4e90755f-d2c0-491e-a5f5-bfa52f5e11c4')
/
INSERT INTO KSLU_CLU_SET_JN_CLU (VER_NBR, CLU_SET_ID, OBJ_ID, ID, CLU_VER_IND_ID) VALUES (0, '5f49bbff-0c33-4430-825b-a2a34692d224', 'ce64a553-149e-4166-9eff-b2eed2fdb476', 'd01ee435-80ac-44b5-a5e1-b3f5628ffe3a', 'dd7bf838-18cf-4132-a7ee-fbcba328413f')
/
INSERT INTO KSLU_CLU_SET_JN_CLU (VER_NBR, CLU_SET_ID, OBJ_ID, ID, CLU_VER_IND_ID) VALUES (0, '17035f0c-a009-4869-8b7d-8ab728d196c4', '7b57016a-f45c-4acc-a360-4ae667270a4d', 'e7a6b412-64e1-47a8-8364-5b508905749a', '86fb273a-acf4-4d86-aa59-afccecf6a2d6')
/
INSERT INTO KSLU_CLU_SET_JN_CLU (VER_NBR, CLU_SET_ID, OBJ_ID, ID, CLU_VER_IND_ID) VALUES (0, '47b44987-e260-4ad0-90e0-890bf074d55f', 'a2b60d16-a510-4f21-8ec9-c688e86fa86e', '7268db58-24c9-47ae-879f-cb950811fca5', 'f56aa93f-9892-406e-929c-3a6ceada115c')
/
INSERT INTO KSLU_CLU_SET_JN_CLU (VER_NBR, CLU_SET_ID, OBJ_ID, ID, CLU_VER_IND_ID) VALUES (0, 'c7723a87-10ae-4173-af58-2cc90b8e0a94', '4bb4d7f4-0d4f-481c-a22e-cc1a22a03425', '6cfa1686-24c3-45a7-9b28-fa041f617505', 'a5a6b409-bf80-4f08-9b20-b2e64976d8d5')
/
INSERT INTO KSLU_CLU_SET_JN_CLU (VER_NBR, CLU_SET_ID, OBJ_ID, ID, CLU_VER_IND_ID) VALUES (0, '11770bd5-7df1-4a9a-8676-a44633ad96c4', 'cb6100d9-b914-4766-831b-1fbb90600a0e', 'f5c0f1d5-9301-438c-920f-455da9e83aad', '4f49c448-a74f-46c8-bbb5-42941aea4af0')
/
INSERT INTO KSLU_CLU_SET_JN_CLU (VER_NBR, CLU_SET_ID, OBJ_ID, ID, CLU_VER_IND_ID) VALUES (0, '0cc5d666-9662-404d-b1bb-19320bfb37ca', '77f4758c-2d8e-471f-a1e1-ba3aff324405', '79ce1417-d533-4d61-a39d-fd33ee982763', 'ce0d814c-2c11-4576-987d-741ea5317af7')
/
INSERT INTO KSLU_CLU_SET_JN_CLU (VER_NBR, CLU_SET_ID, OBJ_ID, ID, CLU_VER_IND_ID) VALUES (0, '22c89911-5087-435a-bbb1-13d9f077968c', 'c8361491-b472-4317-8285-164f9bd1973f', '8b5b27e3-2512-4d7a-93cc-4513d04693e7', '254877ca-f43a-4f49-87b8-1bcbc510531b')
/
INSERT INTO KSLU_CLU_SET_JN_CLU (VER_NBR, CLU_SET_ID, OBJ_ID, ID, CLU_VER_IND_ID) VALUES (0, '210e1d7b-8eb9-48db-ab20-db184e8cb640', '2a0f92dc-662a-4450-a1d1-16052d4a3323', 'd7adae8d-ec2f-444b-8cc2-3d383b0979ec', 'fb4e3445-743f-4d61-aa28-97aa4424356b')
/
INSERT INTO KSLU_CLU_SET_JN_CLU (VER_NBR, CLU_SET_ID, OBJ_ID, ID, CLU_VER_IND_ID) VALUES (0, '7afe5d0a-927c-41fd-8bf0-5017de01df19', '0f57a2a3-2c21-48e7-bb4b-370a1fd6d3c4', 'f116b4b0-46ea-4396-8f12-a7a26c569307', '9337af1c-81b5-4e7d-baaa-1260d69d4538')
/
INSERT INTO KSLU_CLU_SET_JN_CLU (VER_NBR, CLU_SET_ID, OBJ_ID, ID, CLU_VER_IND_ID) VALUES (0, '7afe5d0a-927c-41fd-8bf0-5017de01df19', '52dfac78-8610-47de-bb91-8bba53095535', '4eaa7c91-d3c0-492a-92e6-987f04f1e9b7', 'deb68850-6cbf-45ac-95b9-04f3968080b1')
/
INSERT INTO KSLU_CLU_SET_JN_CLU (VER_NBR, CLU_SET_ID, OBJ_ID, ID, CLU_VER_IND_ID) VALUES (0, '676c9ebc-eb75-44d7-91af-b8ef3cc05ad9', '73206c0b-09fa-4b0c-9e58-879399b366b6', '80c22000-18bf-437a-a707-20a16a47cb96', '52a9a977-f609-407c-aa3e-69877030d550')
/
INSERT INTO KSLU_CLU_SET_JN_CLU (VER_NBR, CLU_SET_ID, OBJ_ID, ID, CLU_VER_IND_ID) VALUES (0, '676c9ebc-eb75-44d7-91af-b8ef3cc05ad9', '16e31c61-c403-4ef0-9907-911b9f780a11', 'c92b147b-eab6-4514-985b-1ae05a3dfe55', '9c571ff9-0e51-4694-9078-55095e889c16')
/
INSERT INTO KSLU_CLU_SET_JN_CLU (VER_NBR, CLU_SET_ID, OBJ_ID, ID, CLU_VER_IND_ID) VALUES (0, '676c9ebc-eb75-44d7-91af-b8ef3cc05ad9', '103f0050-2979-4d58-99cf-013ad2857264', '744bb220-1539-43aa-8dba-3de8cb5e2d8f', '8400b168-1b3c-4970-9c2c-b5291d3e7d58')
/
INSERT INTO KSLU_CLU_SET_JN_CLU (VER_NBR, CLU_SET_ID, OBJ_ID, ID, CLU_VER_IND_ID) VALUES (0, '45558c80-eef4-4a7d-8cc7-461aff6ff646', 'ef946e72-e419-474b-8c51-d4debb2e52a2', '83d0f26a-12dc-4a57-96a8-f9e04cc11fd4', 'd973a117-ae89-4720-9d7b-61fb02b5c657')
/
INSERT INTO KSLU_CLU_SET_JN_CLU (VER_NBR, CLU_SET_ID, OBJ_ID, ID, CLU_VER_IND_ID) VALUES (0, 'ebddb2a1-c109-4d28-8992-6f792f16aea0', 'b24383c5-5833-4cd0-a5d1-dd1457d98b18', 'c949f918-a8c7-4f16-ae6d-e5d8dc0543db', 'd5e5766d-5929-4675-9206-bc3caa553bed')
/
INSERT INTO KSLU_CLU_SET_JN_CLU (VER_NBR, CLU_SET_ID, OBJ_ID, ID, CLU_VER_IND_ID) VALUES (0, 'ebddb2a1-c109-4d28-8992-6f792f16aea0', '88398a30-e4df-47f6-8ed1-eedd48a19815', 'a53f5767-908a-4805-809c-3ea823f67f86', '606d564c-0d02-41f1-990e-1fe5f6dae261')
/
INSERT INTO KSLU_CLU_SET_JN_CLU (VER_NBR, CLU_SET_ID, OBJ_ID, ID, CLU_VER_IND_ID) VALUES (0, '50342ded-2fd1-4cf0-81d4-cd46df8e336a', 'e6384bf3-e7f0-4c64-85e3-e4422145c4d3', '7f5ea06f-9233-4a28-b175-f64f300ae01c', '5a45387e-33b4-4fe6-892b-713dfa8d68cd')
/
INSERT INTO KSLU_CLU_SET_JN_CLU (VER_NBR, CLU_SET_ID, OBJ_ID, ID, CLU_VER_IND_ID) VALUES (0, '82ec2ed3-434b-4dee-9886-b64ee0c5db2b', '45042623-fafd-4186-96e8-404fd736da13', '864ce767-1259-4116-a503-2c434e503588', '446cbf1a-8f0b-44d1-b82d-65cbdaa6b957')
/
INSERT INTO KSLU_CLU_SET_JN_CLU (VER_NBR, CLU_SET_ID, OBJ_ID, ID, CLU_VER_IND_ID) VALUES (0, 'a9083dd1-8922-4d18-b1e2-d65a1fb2b3fd', 'ee8744fd-6d38-446d-946f-4c97e8b728a6', 'e2f84afa-efa4-42cf-8c70-f3c900e8d059', 'a509246c-9d90-4af4-83d2-680fafdb85c7')
/
INSERT INTO KSLU_CLU_SET_JN_CLU (VER_NBR, CLU_SET_ID, OBJ_ID, ID, CLU_VER_IND_ID) VALUES (0, '0e20794b-efab-42b6-a34d-dfd21d8f86d8', 'a9fa8184-ad04-42d9-9158-c89697fe79e8', '340c1c8a-4b27-4587-b39f-621de2ec3c1d', '15465d99-77ad-4642-bc4b-cd7b9d0bb029')
/
INSERT INTO KSLU_CLU_SET_JN_CLU (VER_NBR, CLU_SET_ID, OBJ_ID, ID, CLU_VER_IND_ID) VALUES (0, 'e38c8d28-a1ed-4f3e-a361-61bd0bc27a97', 'd26fc015-f7cc-404b-8cde-ac6514316f72', '6ff68893-f092-4285-b15d-eb180a092211', 'c58558c3-abec-4e4d-958a-7f68b4edbde2')
/
INSERT INTO KSLU_CLU_SET_JN_CLU (VER_NBR, CLU_SET_ID, OBJ_ID, ID, CLU_VER_IND_ID) VALUES (0, '046ec03b-7de9-4b3a-aa37-48eedfb7e507', '35436d5c-24ab-4b3c-ab6a-d7c00f70b4db', 'e178e16d-1384-4d8a-b0a5-a48b0518937b', '446cbf1a-8f0b-44d1-b82d-65cbdaa6b957')
/
INSERT INTO KSLU_CLU_SET_JN_CLU (VER_NBR, CLU_SET_ID, OBJ_ID, ID, CLU_VER_IND_ID) VALUES (0, '47b44987-e260-4ad0-90e0-890bf074d55f', '07e27b89-1f03-4920-aa5e-0124f482d865', '83a64d46-cc00-49e5-ad3d-6a0bc6bb7a99', '337e3cd9-a089-4007-a122-bb7d76eeb5d4')
/
INSERT INTO KSLU_CLU_SET_JN_CLU (VER_NBR, CLU_SET_ID, OBJ_ID, ID, CLU_VER_IND_ID) VALUES (0, '47b44987-e260-4ad0-90e0-890bf074d55f', '4f5c67a1-e1ae-4e45-b52e-2df87fd39654', 'e2847d1b-f6b2-4a13-ad29-a9963ff4441a', 'eb36552d-36cf-4f80-8e82-9b700793c293')
/
INSERT INTO KSLU_CLU_SET_JN_CLU (VER_NBR, CLU_SET_ID, OBJ_ID, ID, CLU_VER_IND_ID) VALUES (0, 'c7723a87-10ae-4173-af58-2cc90b8e0a94', '1ec08ef0-b0e1-4271-ad8f-d40af901afd5', '8bf0c783-06a0-45cd-843b-a48e5fe7b2fc', 'f9b1cc2a-5fde-425d-be05-8a70cd60a2bc')
/
INSERT INTO KSLU_CLU_SET_JN_CLU (VER_NBR, CLU_SET_ID, OBJ_ID, ID, CLU_VER_IND_ID) VALUES (0, 'c7723a87-10ae-4173-af58-2cc90b8e0a94', '1d574a65-27aa-4fd1-9340-8d2231da4fbc', 'e6fbc1ff-0243-4f3e-9397-6b4ddf7acdbf', '6be2eb81-d410-4fe9-a45f-3013f9013a4b')
/
INSERT INTO KSLU_CLU_SET_JN_CLU (VER_NBR, CLU_SET_ID, OBJ_ID, ID, CLU_VER_IND_ID) VALUES (0, '0cc5d666-9662-404d-b1bb-19320bfb37ca', 'a5af3557-10c7-4567-ade1-bfa3615c3f67', '08cde9d9-61e1-4318-b1d8-64b3b777a6d9', 'ac2d62f6-58f3-4d71-90da-a2296a38d3f3')
/
INSERT INTO KSLU_CLU_SET_JN_CLU (VER_NBR, CLU_SET_ID, OBJ_ID, ID, CLU_VER_IND_ID) VALUES (0, '210e1d7b-8eb9-48db-ab20-db184e8cb640', '9050e3d5-5b2d-41de-991b-dbe9f59e9868', '87eec365-b24d-4eab-9330-ea574c11e0b4', '64f1f568-86eb-4752-8d03-56a0e5c48ae1')
/
INSERT INTO KSLU_CLU_SET_JN_CLU (VER_NBR, CLU_SET_ID, OBJ_ID, ID, CLU_VER_IND_ID) VALUES (0, 'deab1ddb-1223-4426-8277-6a66d1dd49d6', '4686a906-0bb8-4a6a-a97e-b6cc9e7275d7', '5322fc58-8fc2-40de-a9a4-cd5a3f65e05f', '0d1e01d7-6fa7-4913-a4ab-042cb5b2c4f0')
/
INSERT INTO KSLU_CLU_SET_JN_CLU (VER_NBR, CLU_SET_ID, OBJ_ID, ID, CLU_VER_IND_ID) VALUES (0, 'deab1ddb-1223-4426-8277-6a66d1dd49d6', '97370e33-8f7b-449e-9feb-3373181acf31', 'b6c0ab63-ee74-4074-a4c3-047397caa3ad', 'dd32f8c8-ccf0-4ed9-be6e-e962e0b46e82')
/
INSERT INTO KSLU_CLU_SET_JN_CLU (VER_NBR, CLU_SET_ID, OBJ_ID, ID, CLU_VER_IND_ID) VALUES (0, '7afe5d0a-927c-41fd-8bf0-5017de01df19', '382b3523-3ac1-439e-b5dd-55f0646b83c6', '2c8d68d4-ce5f-48ce-98a4-06de9f1666e5', '7f77eddb-3018-4529-9cc3-ea6fb6874264')
/
INSERT INTO KSLU_CLU_SET_JN_CLU (VER_NBR, CLU_SET_ID, OBJ_ID, ID, CLU_VER_IND_ID) VALUES (0, '676c9ebc-eb75-44d7-91af-b8ef3cc05ad9', '2dbc2e00-3d7c-4e41-b888-a74c897740dc', '6320058a-7a76-46ab-acee-73031fa04082', '6c4bf46a-f70f-4b79-ac39-6d1fd9bf9751')
/
INSERT INTO KSLU_CLU_SET_JN_CLU (VER_NBR, CLU_SET_ID, OBJ_ID, ID, CLU_VER_IND_ID) VALUES (0, '45558c80-eef4-4a7d-8cc7-461aff6ff646', '468d25dd-6bad-44dd-8794-080a0f8e525d', '50a49eca-faa0-4caf-bfc4-c97325110d56', 'a1f4bd50-35b1-42a9-a0ce-ef56ead9e66d')
/
INSERT INTO KSLU_CLU_SET_JN_CLU (VER_NBR, CLU_SET_ID, OBJ_ID, ID, CLU_VER_IND_ID) VALUES (0, 'ebddb2a1-c109-4d28-8992-6f792f16aea0', '2f93e0be-2bf1-4e15-b929-82f65efbf7c0', 'c591c39b-9d2a-4da9-bb9e-025d5327be47', '87595a86-69ab-4069-b191-18dbd7d92d16')
/
INSERT INTO KSLU_CLU_SET_JN_CLU (VER_NBR, CLU_SET_ID, OBJ_ID, ID, CLU_VER_IND_ID) VALUES (0, 'd7a34e68-db2e-4376-b03d-4df4279e8cb5', '212079f6-b3cb-4659-89ef-15c0f6ee2a03', '193c7f87-0778-474b-bbc7-bf7ccc02b311', 'ca273111-e328-4fc8-a6e8-c873ea98fcef')
/
INSERT INTO KSLU_CLU_SET_JN_CLU (VER_NBR, CLU_SET_ID, OBJ_ID, ID, CLU_VER_IND_ID) VALUES (0, 'ba924b4b-23c4-4bf8-b419-86ea23b899c2', '7ebaa6d9-e04a-45f1-a758-3dafe0cb1a52', '510f2ef7-15ea-4bd5-a9d6-f333c1077895', '4a3f267b-642b-4d21-b55e-87971a1c4279')
/
INSERT INTO KSLU_CLU_SET_JN_CLU (VER_NBR, CLU_SET_ID, OBJ_ID, ID, CLU_VER_IND_ID) VALUES (0, '4db4acef-e840-4f19-a18b-444af6a45bb6', '55c7bee8-d748-475c-b857-e766cda83d90', '01ddc5cc-d6e0-4345-a144-30048d65eb90', 'e8dfa559-b378-4e5b-88c7-b945bcba7fac')
/
INSERT INTO KSLU_CLU_SET_JN_CLU (VER_NBR, CLU_SET_ID, OBJ_ID, ID, CLU_VER_IND_ID) VALUES (0, 'd6161524-9563-4fd8-9e5d-53492788f90f', 'a059bfba-93d5-4ea2-83e8-b654465aeb90', 'b37e0620-a872-424b-b22b-08c9ca74c146', 'f89afd4d-82ce-41fb-9790-23b7a204fdd7')
/
INSERT INTO KSLU_CLU_SET_JN_CLU (VER_NBR, CLU_SET_ID, OBJ_ID, ID, CLU_VER_IND_ID) VALUES (0, 'e720cfda-8870-495b-a349-6d37768d77b8', 'ab24cecf-9c5c-45af-a557-d718afea2428', 'c51a5b3a-4a16-4376-9b63-51186f2e01c9', 'a9853f3d-3d33-404f-a934-555b41313970')
/
INSERT INTO KSLU_CLU_SET_JN_CLU (VER_NBR, CLU_SET_ID, OBJ_ID, ID, CLU_VER_IND_ID) VALUES (0, 'e14d663d-eeb6-48e9-9e2f-9cb7888a62b8', '6ac42ebd-2063-4805-a01f-4d8d8e7e2cf4', 'd265395f-1e46-4122-a187-f4b1ac92031a', 'a5a6b409-bf80-4f08-9b20-b2e64976d8d5')
/
INSERT INTO KSLU_CLU_SET_JN_CLU (VER_NBR, CLU_SET_ID, OBJ_ID, ID, CLU_VER_IND_ID) VALUES (0, '352cf52c-8ade-4bbd-8639-135100ff2cf2', '9902da2a-b49a-496b-9dae-616a86b6d88e', 'ebb9ca98-2030-4d0b-840e-88acac6d7614', '574bdb50-c58b-4798-9a29-c648bcd333ee')
/
INSERT INTO KSLU_CLU_SET_JN_CLU (VER_NBR, CLU_SET_ID, OBJ_ID, ID, CLU_VER_IND_ID) VALUES (0, 'a1c7362a-e6b6-408b-8d34-709db7541167', 'ff2e4457-936c-4df9-b2d5-0e3e17d3584b', '92bbeb2b-9721-48be-8cab-e7c2c071ce12', 'a062c833-0ae2-4352-93d9-cea6fc7cc807')
/
INSERT INTO KSLU_CLU_SET_JN_CLU (VER_NBR, CLU_SET_ID, OBJ_ID, ID, CLU_VER_IND_ID) VALUES (0, 'eea7c801-dadb-451c-a72d-caeba1c7e646', 'e8022144-75ff-46bd-b101-b3ed7fb2b3a1', 'aa033ffb-3f5b-484b-b843-acc9191eba9a', 'dd65fb38-5f64-4dbe-bc67-c793ec5bc229')
/
INSERT INTO KSLU_CLU_SET_JN_CLU (VER_NBR, CLU_SET_ID, OBJ_ID, ID, CLU_VER_IND_ID) VALUES (0, '11770bd5-7df1-4a9a-8676-a44633ad96c4', 'ad2b68cc-d89c-49a5-836b-e8ff3f70d976', '9caac6ca-9dba-45ef-be7b-c83bbb3efb47', '5e5d7987-7001-4e08-af52-71fc6e7b7fd8')
/
INSERT INTO KSLU_CLU_SET_JN_CLU (VER_NBR, CLU_SET_ID, OBJ_ID, ID, CLU_VER_IND_ID) VALUES (0, 'c29af19a-3d46-4bc2-b394-bd629ae1ce0d', '1ce6dd4c-2ce5-4322-bce9-947ea834a9de', 'e0d7220d-6f5d-434b-bbb8-64067558e990', '3573737f-143b-4862-85de-dc5b9d9392f1')
/
INSERT INTO KSLU_CLU_SET_JN_CLU (VER_NBR, CLU_SET_ID, OBJ_ID, ID, CLU_VER_IND_ID) VALUES (0, 'deab1ddb-1223-4426-8277-6a66d1dd49d6', '5bce1dbc-48af-4fe9-b726-1c7ad4c26daf', '5780e412-8ddc-4f7e-9715-fb02c5f49182', 'd451b03d-2523-4402-a501-93c78159ba20')
/
INSERT INTO KSLU_CLU_SET_JN_CLU (VER_NBR, CLU_SET_ID, OBJ_ID, ID, CLU_VER_IND_ID) VALUES (0, 'deab1ddb-1223-4426-8277-6a66d1dd49d6', 'ad42e747-e704-4726-bd0e-b5a340fd3e9e', 'ab54324e-ace6-4725-8365-bb010189fb90', '8bb1f456-0472-4cec-98a9-a896fb4d9db5')
/
INSERT INTO KSLU_CLU_SET_JN_CLU (VER_NBR, CLU_SET_ID, OBJ_ID, ID, CLU_VER_IND_ID) VALUES (0, 'deab1ddb-1223-4426-8277-6a66d1dd49d6', 'b02c9ba4-37ee-475f-9c8c-3e0e8c883c42', '3b4c5329-7103-43e4-a475-81c92eea9a58', 'c9a3a4c3-e2ae-4c0b-bc82-05f7cd6752f4')
/
INSERT INTO KSLU_CLU_SET_JN_CLU (VER_NBR, CLU_SET_ID, OBJ_ID, ID, CLU_VER_IND_ID) VALUES (0, '7afe5d0a-927c-41fd-8bf0-5017de01df19', '94d4ece2-d595-4151-b4b4-1650eb604d1f', '3ae0a0d6-4b34-4508-9b7a-28c405d7a6ab', 'd62e74f9-2b37-4d0d-bdad-26b0717dbac9')
/
INSERT INTO KSLU_CLU_SET_JN_CLU (VER_NBR, CLU_SET_ID, OBJ_ID, ID, CLU_VER_IND_ID) VALUES (0, '7afe5d0a-927c-41fd-8bf0-5017de01df19', 'b8ccbc9c-2aad-45fa-a606-136ba8ec3f0a', '08eeb1b9-badb-4d4a-a157-3325e50de0a7', '5fca201a-45bb-4098-b146-d6d290b05e0d')
/
INSERT INTO KSLU_CLU_SET_JN_CLU (VER_NBR, CLU_SET_ID, OBJ_ID, ID, CLU_VER_IND_ID) VALUES (0, '676c9ebc-eb75-44d7-91af-b8ef3cc05ad9', 'bc0eb642-3c68-4afe-898f-2156f66be9b1', 'b11abcdf-4ee9-40b1-8372-75e0a3601c59', 'db9c60f6-0b47-42d2-ab3e-450d4d6f0865')
/
INSERT INTO KSLU_CLU_SET_JN_CLU (VER_NBR, CLU_SET_ID, OBJ_ID, ID, CLU_VER_IND_ID) VALUES (0, '676c9ebc-eb75-44d7-91af-b8ef3cc05ad9', '06d07f19-f30e-4aa8-852e-46784746f3f3', '31d7bf3a-cd5d-4e45-8150-a67f5666141b', 'c748f658-1997-4e78-953c-aede06a3bcca')
/
INSERT INTO KSLU_CLU_SET_JN_CLU (VER_NBR, CLU_SET_ID, OBJ_ID, ID, CLU_VER_IND_ID) VALUES (0, '30886f77-217c-4c8a-aa94-444439b5bfa0', 'f8376ff7-2f73-4689-8935-1600845079e4', '35bfa3da-807c-46e9-9e36-f83d5ac249d7', '89f3a502-132f-4078-b3df-cca09f4d095c')
/
INSERT INTO KSLU_CLU_SET_JN_CLU (VER_NBR, CLU_SET_ID, OBJ_ID, ID, CLU_VER_IND_ID) VALUES (0, '45558c80-eef4-4a7d-8cc7-461aff6ff646', 'a40e06f5-1745-49a7-aa01-7acaace4462f', '3409c10a-7025-42c3-bd70-991773bd3821', '7d1c42df-7033-47fd-b876-e087c8b7042a')
/
INSERT INTO KSLU_CLU_SET_JN_CLU (VER_NBR, CLU_SET_ID, OBJ_ID, ID, CLU_VER_IND_ID) VALUES (0, 'ebc22cc6-4591-46ee-ade5-ed386adcd1e3', '4dcd5088-516c-400b-a7d9-53027a3cdcf5', 'dc51f2f0-de11-4305-9eee-dc292207d101', 'd3d03121-6d53-42e3-b07e-2d5295e35a57')
/
INSERT INTO KSLU_CLU_SET_JN_CLU (VER_NBR, CLU_SET_ID, OBJ_ID, ID, CLU_VER_IND_ID) VALUES (0, 'ebddb2a1-c109-4d28-8992-6f792f16aea0', '7cd31cf6-f8f9-4284-9bf0-cad197c69b4b', 'b63d3354-ce1e-41d2-9c83-3ec6690c56e8', '8c32c984-68fd-4ece-b1a4-af40c4129f38')
/
INSERT INTO KSLU_CLU_SET_JN_CLU (VER_NBR, CLU_SET_ID, OBJ_ID, ID, CLU_VER_IND_ID) VALUES (0, 'ebddb2a1-c109-4d28-8992-6f792f16aea0', 'e33a20aa-d8cf-4902-8cf5-a491f24f34e9', 'db33e149-4ac2-4f7f-bf3a-678d73418f74', '16fdf401-8141-4536-aa6f-5712dc12c803')
/
INSERT INTO KSLU_CLU_SET_JN_CLU (VER_NBR, CLU_SET_ID, OBJ_ID, ID, CLU_VER_IND_ID) VALUES (0, '2913ff5d-936d-4cc5-be4d-4d35b20dbfb3', '04d6f6ee-ce49-48a7-ae6b-bbabc4d0cfd8', 'edb39783-e70b-42a1-aae0-1b1c6500cfc8', 'a062c833-0ae2-4352-93d9-cea6fc7cc807')
/
INSERT INTO KSLU_CLU_SET_JN_CLU (VER_NBR, CLU_SET_ID, OBJ_ID, ID, CLU_VER_IND_ID) VALUES (0, '71368016-42de-41b2-9f42-34d1a03d3364', 'd678a369-938d-4f23-addc-c814659d8c5d', 'a5445b8f-e736-4aaf-8c15-d8a566b79c7c', 'e541cded-1491-47b5-961d-6c9945a0ba56')
/
INSERT INTO KSLU_CLU_SET_JN_CLU (VER_NBR, CLU_SET_ID, OBJ_ID, ID, CLU_VER_IND_ID) VALUES (0, 'b933de70-dc8e-49a6-bc27-93bc018b6873', '3f07a094-34fa-4c11-b5e6-3449e03d7b87', '52bbe07b-ae2c-4a99-80bd-960de2549b98', 'e541cded-1491-47b5-961d-6c9945a0ba56')
/
INSERT INTO KSLU_CLU_SET_JN_CLU (VER_NBR, CLU_SET_ID, OBJ_ID, ID, CLU_VER_IND_ID) VALUES (0, '7e558b5b-30cb-4565-8ec6-2944fb285d10', '8b9a34fc-7854-4ca6-bd10-0510a41492ed', '23a1a560-7fcf-4721-a234-b8b9ec6af99c', 'd3d03121-6d53-42e3-b07e-2d5295e35a57')
/
INSERT INTO KSLU_CLU_SET_JN_CLU (VER_NBR, CLU_SET_ID, OBJ_ID, ID, CLU_VER_IND_ID) VALUES (0, 'acc8feed-0e06-471e-9f57-923a82644634', '04ea59ea-59b0-4b13-b1c3-8f5d00e83176', 'db8cbbe1-dae0-4179-8f6a-6bfe2772cb1a', '76028e75-b5d5-47cc-9c9b-24fcc238aaeb')
/
INSERT INTO KSLU_CLU_SET_JN_CLU (VER_NBR, CLU_SET_ID, OBJ_ID, ID, CLU_VER_IND_ID) VALUES (0, 'c137f8b2-153d-43a5-822e-ceacc515a5fe', 'b76933f2-6224-4368-bb39-5f978a2e1d43', '5b61d4a9-f1d3-4c5b-97c5-2d920bac99aa', 'bcc8431c-9b3a-42bd-a528-763064f13cf7')
/
INSERT INTO KSLU_CLU_SET_JN_CLU (VER_NBR, CLU_SET_ID, OBJ_ID, ID, CLU_VER_IND_ID) VALUES (0, '0e20794b-efab-42b6-a34d-dfd21d8f86d8', '4ba212ba-15b2-45f8-a219-3387ec557326', '70ba1f33-a0f6-4b99-8de0-1360ba42de26', '9a6600ba-7a06-479c-863b-afb05d729646')
/
INSERT INTO KSLU_CLU_SET_JN_CLU (VER_NBR, CLU_SET_ID, OBJ_ID, ID, CLU_VER_IND_ID) VALUES (0, 'e720cfda-8870-495b-a349-6d37768d77b8', '647b1947-aac3-4b4e-892c-ee30dc651587', 'a310693a-cb2b-437d-b08a-5e60a14f24ae', '15465d99-77ad-4642-bc4b-cd7b9d0bb029')
/
INSERT INTO KSLU_CLU_SET_JN_CLU (VER_NBR, CLU_SET_ID, OBJ_ID, ID, CLU_VER_IND_ID) VALUES (0, 'e14d663d-eeb6-48e9-9e2f-9cb7888a62b8', 'b527d409-b66e-440b-b94a-fa90ebcb6401', 'cb5e4cc8-d871-4900-a921-59c173e40b32', '46601528-f32c-4df3-8b40-a350f71bb593')
/
INSERT INTO KSLU_CLU_SET_JN_CLU (VER_NBR, CLU_SET_ID, OBJ_ID, ID, CLU_VER_IND_ID) VALUES (0, '5523504c-2528-47f7-83c7-225c1e655584', '7d7930b9-dcd7-46e8-8bc8-4a69edfe2bb7', '93379189-0db7-4757-a74d-7e40fb54acfc', 'a509246c-9d90-4af4-83d2-680fafdb85c7')
/
INSERT INTO KSLU_CLU_SET_JN_CLU (VER_NBR, CLU_SET_ID, OBJ_ID, ID, CLU_VER_IND_ID) VALUES (0, '67b4e2cf-54ac-4571-be33-fc26ec425a1a', '4836f51a-c497-4db5-ae95-69219b2dbf9e', '653e7d9c-6292-4c6d-a1f6-441637b2fd7c', 'a9954e19-826d-425b-b4bf-15b8c026ab68')
/
INSERT INTO KSLU_CLU_SET_JN_CLU (VER_NBR, CLU_SET_ID, OBJ_ID, ID, CLU_VER_IND_ID) VALUES (0, '046ec03b-7de9-4b3a-aa37-48eedfb7e507', '51d8dacf-eee3-41dc-8ca2-3b4df9d94430', 'dc0ef4b8-d384-4dbc-8171-4c0de8ee416a', '6345508b-4a7e-4c2d-90bb-c000bed69aa8')
/
INSERT INTO KSLU_CLU_SET_JN_CLU (VER_NBR, CLU_SET_ID, OBJ_ID, ID, CLU_VER_IND_ID) VALUES (0, '4bc22039-02f1-45cf-a27d-931f9a347ab2', '4485851d-250f-406f-86ca-cabbb8cd024b', '8dbb4668-5139-4ea5-a5d6-f875e65c0a0a', '606d564c-0d02-41f1-990e-1fe5f6dae261')
/
INSERT INTO KSLU_CLU_SET_JN_CLU (VER_NBR, CLU_SET_ID, OBJ_ID, ID, CLU_VER_IND_ID) VALUES (0, '20ba73ed-a784-4075-ac88-3d509c86af93', 'd46cfc6b-dab4-4fe5-b406-73308dbda246', '546e6b7e-02df-4e89-8249-b3a5f4088d09', '8c32c984-68fd-4ece-b1a4-af40c4129f38')
/
INSERT INTO KSLU_CLU_SET_JN_CLU (VER_NBR, CLU_SET_ID, OBJ_ID, ID, CLU_VER_IND_ID) VALUES (0, '2afeee88-a6ad-4518-ba69-cd9c797c7639', 'dd699cd6-33cc-4f8e-8a77-e932be0d5818', '7d8a23d4-7641-43fe-98c2-5cc48c511c8f', 'd3b84c5d-0867-45d2-81f8-9d664b5d46f1')
/
INSERT INTO KSLU_CLU_SET_JN_CLU (VER_NBR, CLU_SET_ID, OBJ_ID, ID, CLU_VER_IND_ID) VALUES (0, '22c89911-5087-435a-bbb1-13d9f077968c', '5265a307-46c0-4925-a847-c08a10801a68', '66d2d936-5f49-449f-80c4-d7b318ea5d5b', 'fb4e3445-743f-4d61-aa28-97aa4424356b')
/
INSERT INTO KSLU_CLU_SET_JN_CLU (VER_NBR, CLU_SET_ID, OBJ_ID, ID, CLU_VER_IND_ID) VALUES (0, 'dfcabb1d-9e22-49d8-b7ff-800d1594d925', '974ebe17-1e42-4448-8fa5-4a8b7ee53315', '1a37c79e-22ff-4428-952b-456fa2240b35', '709c6759-5c26-4548-aff4-d0512c2468da')
/
INSERT INTO KSLU_CLU_SET_JN_CLU (VER_NBR, CLU_SET_ID, OBJ_ID, ID, CLU_VER_IND_ID) VALUES (0, 'deab1ddb-1223-4426-8277-6a66d1dd49d6', 'e019519a-ab31-483a-8322-ccb2ee62b2c9', 'b24e6fd7-6a95-4d1f-9dc2-f97b63c8b40f', '106c0f21-4a83-4f0d-9839-c4e4661f1406')
/
INSERT INTO KSLU_CLU_SET_JN_CLU (VER_NBR, CLU_SET_ID, OBJ_ID, ID, CLU_VER_IND_ID) VALUES (0, 'e210e3e5-d893-4b38-8a21-beb08db380ef', 'f7796956-9364-423e-b099-23b86b2be48f', '6165ae2c-97f8-4f39-8f06-b652bd79d2b1', '575488c0-74a1-45c4-b5b6-7485376162eb')
/
INSERT INTO KSLU_CLU_SET_JN_CLU (VER_NBR, CLU_SET_ID, OBJ_ID, ID, CLU_VER_IND_ID) VALUES (0, '6b3ed094-3ea2-4fe5-9e2a-296e3323de84', 'ceb13628-336d-4039-8a80-25924cb1c0b3', '3c3d8547-ea2b-476d-ad5a-f6fd70a49b40', '3af9f7b1-a134-411b-91df-07b67f393fd8')
/
INSERT INTO KSLU_CLU_SET_JN_CLU (VER_NBR, CLU_SET_ID, OBJ_ID, ID, CLU_VER_IND_ID) VALUES (0, 'b4dbc083-8865-44e1-96dc-462963f9408c', 'e99191e4-78f8-4bd2-a5f6-24b8246e38e4', '98e14d41-a63e-443e-9b5f-1978b3922436', '72671686-1749-4875-b439-95aa72e742b3')
/
INSERT INTO KSLU_CLU_SET_JN_CLU (VER_NBR, CLU_SET_ID, OBJ_ID, ID, CLU_VER_IND_ID) VALUES (0, '676c9ebc-eb75-44d7-91af-b8ef3cc05ad9', '0e232814-cdcd-46ac-9299-aeac5bfa37d5', '7b50516d-ac71-49ad-b60f-76d5ffa11735', 'e4ff5b0c-c15a-4ee4-b198-aaa0845639b0')
/
INSERT INTO KSLU_CLU_SET_JN_CLU (VER_NBR, CLU_SET_ID, OBJ_ID, ID, CLU_VER_IND_ID) VALUES (0, 'fddff3d4-dd5e-4b74-a333-79ccfe1315b3', '0cd6a1f3-25b6-4276-955d-99584bf041bb', 'ec8c6e38-3e44-4df1-8240-b3f81e00e24f', 'c5d57e7a-6e31-4644-84a6-23691a46ddb8')
/
INSERT INTO KSLU_CLU_SET_JN_CLU (VER_NBR, CLU_SET_ID, OBJ_ID, ID, CLU_VER_IND_ID) VALUES (0, '4fa4fd8b-fd21-4560-a75b-36dfbad0ac3b', 'fbfe585c-cd8b-4bb3-903b-246bacef5c29', 'aba50446-47eb-4e40-b0f3-0d5836413325', '07bbe7a6-e57f-45ae-a903-848ac9408eb5')
/
INSERT INTO KSLU_CLU_SET_JN_CLU (VER_NBR, CLU_SET_ID, OBJ_ID, ID, CLU_VER_IND_ID) VALUES (0, '4fa4fd8b-fd21-4560-a75b-36dfbad0ac3b', '3fe0d82c-a8da-4068-b303-ed9bf4b9b752', '5aa2d536-164f-4faa-9f9c-faa870ae5914', '124804c5-46a5-45a1-a6f2-3d553e1ec19e')
/
INSERT INTO KSLU_CLU_SET_JN_CLU (VER_NBR, CLU_SET_ID, OBJ_ID, ID, CLU_VER_IND_ID) VALUES (0, '4fa4fd8b-fd21-4560-a75b-36dfbad0ac3b', 'c543a373-52c0-41e5-8c08-483cd82062e5', 'e1335707-a4ee-41fb-aff4-7c822f577ab6', '9be75e4c-5045-449b-95a5-c00e9264a57d')
/
INSERT INTO KSLU_CLU_SET_JN_CLU (VER_NBR, CLU_SET_ID, OBJ_ID, ID, CLU_VER_IND_ID) VALUES (0, '4fa4fd8b-fd21-4560-a75b-36dfbad0ac3b', 'ed134cdc-850f-4279-98e5-525cd057d9d4', '8afd8bf2-cc23-4242-b2d9-da9a1fcc29d4', '2e76cdc1-793b-4e99-9de8-6d6e69625733')
/
INSERT INTO KSLU_CLU_SET_JN_CLU (VER_NBR, CLU_SET_ID, OBJ_ID, ID, CLU_VER_IND_ID) VALUES (0, '5f49bbff-0c33-4430-825b-a2a34692d224', '970cb4a0-d2c6-4bbb-b19f-44460cb041d0', 'efe9fe42-fb52-4b9d-8f16-bf49540a09dd', '68d5a4d6-65c5-4e16-be2e-b2d34ea9757c')
/
INSERT INTO KSLU_CLU_SET_JN_CLU (VER_NBR, CLU_SET_ID, OBJ_ID, ID, CLU_VER_IND_ID) VALUES (0, 'e14d663d-eeb6-48e9-9e2f-9cb7888a62b8', '506ae837-43cc-442a-a85a-964dcb2bac45', 'e4db1bb2-8030-44ef-bcf5-859c44c6ba81', 'f9b1cc2a-5fde-425d-be05-8a70cd60a2bc')
/
INSERT INTO KSLU_CLU_SET_JN_CLU (VER_NBR, CLU_SET_ID, OBJ_ID, ID, CLU_VER_IND_ID) VALUES (0, 'd79c455b-9996-4a8b-94ea-a78682fdbb3d', '75c667b0-2e67-4c14-963a-801d229dc482', '42fb74f1-9f59-4b4b-8f68-e55a52a11ce8', 'd5e5766d-5929-4675-9206-bc3caa553bed')
/
INSERT INTO KSLU_CLU_SET_JN_CLU (VER_NBR, CLU_SET_ID, OBJ_ID, ID, CLU_VER_IND_ID) VALUES (0, '47a8ac0b-593d-45f4-9126-d64f8daaeeb2', 'c86cb309-310b-4f62-a03d-db18148040bf', 'dd8012c8-030f-4001-8a0e-15476361e76d', 'd3d03121-6d53-42e3-b07e-2d5295e35a57')
/
INSERT INTO KSLU_CLU_SET_JN_CLU (VER_NBR, CLU_SET_ID, OBJ_ID, ID, CLU_VER_IND_ID) VALUES (0, '2afeee88-a6ad-4518-ba69-cd9c797c7639', '39e4df21-1a13-4868-9c69-d9ee5f5f76ae', 'f2d0841a-fd45-4707-b85e-a8b2845cac70', 'a4f19a58-90e0-462f-85d1-e186f4bdcfe9')
/
INSERT INTO KSLU_CLU_SET_JN_CLU (VER_NBR, CLU_SET_ID, OBJ_ID, ID, CLU_VER_IND_ID) VALUES (0, '0cc5d666-9662-404d-b1bb-19320bfb37ca', '584fd980-b913-4b81-a42a-f9dfe4d258f3', 'bb933ba2-d779-4e46-b41a-65b5ab9d9eec', '13789ff2-119b-413a-9647-0b07c5781a89')
/
INSERT INTO KSLU_CLU_SET_JN_CLU (VER_NBR, CLU_SET_ID, OBJ_ID, ID, CLU_VER_IND_ID) VALUES (0, '22c89911-5087-435a-bbb1-13d9f077968c', '78cbb8cf-f957-45ba-8bdd-3165322545bd', 'c61af4da-5018-47fc-9553-d5ccc56898ae', '64f1f568-86eb-4752-8d03-56a0e5c48ae1')
/
INSERT INTO KSLU_CLU_SET_JN_CLU (VER_NBR, CLU_SET_ID, OBJ_ID, ID, CLU_VER_IND_ID) VALUES (0, '35d9b671-5ff4-4f5a-901d-d68b7fa0c240', '94e24554-2443-45a8-8025-fd6328d061ce', '5f69c6a0-1a32-4bdf-8835-b54638bb02f5', '6e90b509-bd2f-4d89-a0f6-d9db48cd4b35')
/
INSERT INTO KSLU_CLU_SET_JN_CLU (VER_NBR, CLU_SET_ID, OBJ_ID, ID, CLU_VER_IND_ID) VALUES (0, 'deab1ddb-1223-4426-8277-6a66d1dd49d6', '8c4b0148-0613-400a-8627-7915b3ca73ee', 'ac87d256-e24a-48f0-8a23-925022e614f4', 'f60d54ad-449b-4571-8e9d-8348992cb57f')
/
INSERT INTO KSLU_CLU_SET_JN_CLU (VER_NBR, CLU_SET_ID, OBJ_ID, ID, CLU_VER_IND_ID) VALUES (0, '7afe5d0a-927c-41fd-8bf0-5017de01df19', 'b3794537-0476-460b-8e51-861fbd96633f', 'aa7b9e74-c860-4d52-9b36-0f9229fc64a5', '95daf98e-f9e2-4924-9518-0457df0ebc32')
/
INSERT INTO KSLU_CLU_SET_JN_CLU (VER_NBR, CLU_SET_ID, OBJ_ID, ID, CLU_VER_IND_ID) VALUES (0, '8ad57b3c-d1d4-4700-882d-73836e5278aa', 'c4ce4ab7-a60e-4129-900c-67cf0c257794', '3baa5ff8-4dcb-4065-8558-87f473a9dc2f', '95daf98e-f9e2-4924-9518-0457df0ebc32')
/
INSERT INTO KSLU_CLU_SET_JN_CLU (VER_NBR, CLU_SET_ID, OBJ_ID, ID, CLU_VER_IND_ID) VALUES (0, '7a7ae03e-9b11-4a77-af94-bb3744e11294', '692ade0b-1ae3-44b0-b3f4-455bf6acfe77', '2fbc7205-5f03-40af-8699-7a96029aa1ff', 'a062c833-0ae2-4352-93d9-cea6fc7cc807')
/
INSERT INTO KSLU_CLU_SET_JN_CLU (VER_NBR, CLU_SET_ID, OBJ_ID, ID, CLU_VER_IND_ID) VALUES (0, '6b80241f-bce5-4425-8abd-4076aa95ba20', 'e83e30ca-db17-4fc3-aa91-91c878152aa3', 'd70a7dcf-672f-4b22-b5ee-9326fe1beec1', '6345508b-4a7e-4c2d-90bb-c000bed69aa8')
/
INSERT INTO KSLU_CLU_SET_JN_CLU (VER_NBR, CLU_SET_ID, OBJ_ID, ID, CLU_VER_IND_ID) VALUES (0, 'd6161524-9563-4fd8-9e5d-53492788f90f', 'b75f9181-6435-4d15-a735-a6babfef60ec', 'e5ceb1a1-69ef-4347-9ea2-82a8e54c72da', '89f3a502-132f-4078-b3df-cca09f4d095c')
/
INSERT INTO KSLU_CLU_SET_JN_CLU (VER_NBR, CLU_SET_ID, OBJ_ID, ID, CLU_VER_IND_ID) VALUES (0, 'c137f8b2-153d-43a5-822e-ceacc515a5fe', '7486c45d-3063-47e1-8df9-77b60adb9a08', '3c6e9400-4d92-4d47-b562-c69fb1fa8068', '89f3a502-132f-4078-b3df-cca09f4d095c')
/
INSERT INTO KSLU_CLU_SET_JN_CLU (VER_NBR, CLU_SET_ID, OBJ_ID, ID, CLU_VER_IND_ID) VALUES (0, '0e20794b-efab-42b6-a34d-dfd21d8f86d8', '301cc353-764a-4c4a-a07f-1d9380777ab9', 'd558a5c7-76b9-4676-9b77-2a3822899b15', 'a9853f3d-3d33-404f-a934-555b41313970')
/
INSERT INTO KSLU_CLU_SET_JN_CLU (VER_NBR, CLU_SET_ID, OBJ_ID, ID, CLU_VER_IND_ID) VALUES (0, '4fa4fd8b-fd21-4560-a75b-36dfbad0ac3b', '70d2e342-d576-421c-9f34-370cae25c3e7', 'a7830d06-00b0-4abd-828e-bd3a6208b716', '8d8bba22-0e54-4255-9d23-d17d21a805de')
/
INSERT INTO KSLU_CLU_SET_JN_CLU (VER_NBR, CLU_SET_ID, OBJ_ID, ID, CLU_VER_IND_ID) VALUES (0, '4fa4fd8b-fd21-4560-a75b-36dfbad0ac3b', '9b9608b4-291e-4cc1-ae9c-9d4e0a833fe5', 'bbbfd65a-ef68-41be-b53f-2a37fbfcc290', '06c34425-9ea7-43f7-a079-daf5e9b99ce0')
/
INSERT INTO KSLU_CLU_SET_JN_CLU (VER_NBR, CLU_SET_ID, OBJ_ID, ID, CLU_VER_IND_ID) VALUES (0, 'eaff0689-4b3b-4bf3-bc8c-3884c0ba498b', 'e2b9ad91-4bd9-476a-8417-1202ef70407b', 'fd5e9f09-ad92-4381-8a2b-5b488d758260', '79fcb075-ffea-44b6-ac76-f6cd74f50d79')
/
INSERT INTO KSLU_CLU_SET_JN_CLU (VER_NBR, CLU_SET_ID, OBJ_ID, ID, CLU_VER_IND_ID) VALUES (0, '5f49bbff-0c33-4430-825b-a2a34692d224', '135a8198-abad-405a-913d-fa486e37d194', '0ea8914a-fe14-4ee1-9d38-c1877cf63f85', 'f56aa93f-9892-406e-929c-3a6ceada115c')
/
INSERT INTO KSLU_CLU_SET_JN_CLU (VER_NBR, CLU_SET_ID, OBJ_ID, ID, CLU_VER_IND_ID) VALUES (0, '5f49bbff-0c33-4430-825b-a2a34692d224', '3d4550e4-2b64-4860-8889-eba44146edd8', '0455c165-2e4e-4769-960c-48eafe8f73cb', 'eb36552d-36cf-4f80-8e82-9b700793c293')
/
INSERT INTO KSLU_CLU_SET_JN_CLU (VER_NBR, CLU_SET_ID, OBJ_ID, ID, CLU_VER_IND_ID) VALUES (0, '17035f0c-a009-4869-8b7d-8ab728d196c4', '909b5da7-393d-4435-bf05-d399083425e0', '7c85f1a1-c9b6-4c85-b35f-63c93f0cac78', 'eebed695-c0db-45e4-9e22-380537674baf')
/
INSERT INTO KSLU_CLU_SET_JN_CLU (VER_NBR, CLU_SET_ID, OBJ_ID, ID, CLU_VER_IND_ID) VALUES (0, '47b44987-e260-4ad0-90e0-890bf074d55f', '4f645de6-9ae0-446d-99de-c92c24c14b1c', '28c74e99-3629-4112-b057-d6b2df8f6bc6', 'dd7bf838-18cf-4132-a7ee-fbcba328413f')
/
INSERT INTO KSLU_CLU_SET_JN_CLU (VER_NBR, CLU_SET_ID, OBJ_ID, ID, CLU_VER_IND_ID) VALUES (0, 'c7723a87-10ae-4173-af58-2cc90b8e0a94', 'a60ed02c-baf8-41e1-b746-dc8c17b54244', 'd0cc8200-cadf-4c08-bd42-e56c95f6f532', 'd973a117-ae89-4720-9d7b-61fb02b5c657')
/
INSERT INTO KSLU_CLU_SET_JN_CLU (VER_NBR, CLU_SET_ID, OBJ_ID, ID, CLU_VER_IND_ID) VALUES (0, '2afeee88-a6ad-4518-ba69-cd9c797c7639', 'b25bb127-6a8d-4aa6-844f-7ab3ad2c2ae5', '59ed42c1-bc7d-4b59-b5c2-5d15f7c1a6b6', '709522b3-8ba7-4293-a29f-cd3b0bec8d3b')
/
INSERT INTO KSLU_CLU_SET_JN_CLU (VER_NBR, CLU_SET_ID, OBJ_ID, ID, CLU_VER_IND_ID) VALUES (0, '2afeee88-a6ad-4518-ba69-cd9c797c7639', 'a6a5a587-8c3c-4c46-b816-2e43d6b7114b', 'c9b6034a-3910-4786-a4b5-35d26f75d52d', '46bfe82b-7c9f-4831-9ea8-ed3fb31fcb15')
/
INSERT INTO KSLU_CLU_SET_JN_CLU (VER_NBR, CLU_SET_ID, OBJ_ID, ID, CLU_VER_IND_ID) VALUES (0, 'deab1ddb-1223-4426-8277-6a66d1dd49d6', 'c9100ba1-4c77-4bb4-a242-07e8c463b391', '5273aac8-92aa-426e-8e1d-cb2d334ff6cd', '1ab15c58-c70a-40f5-b7c8-eb444d6b7090')
/
INSERT INTO KSLU_CLU_SET_JN_CLU (VER_NBR, CLU_SET_ID, OBJ_ID, ID, CLU_VER_IND_ID) VALUES (0, '8ad57b3c-d1d4-4700-882d-73836e5278aa', '7f20815e-7613-4389-b9e6-af35e80954ac', '23874068-0b35-4182-a64e-7d7586f12942', 'c77c222b-5f22-4b97-8b52-4353c8bca6a8')
/
INSERT INTO KSLU_CLU_SET_JN_CLU (VER_NBR, CLU_SET_ID, OBJ_ID, ID, CLU_VER_IND_ID) VALUES (0, 'b4dbc083-8865-44e1-96dc-462963f9408c', 'b7aa70da-e0ac-4480-adb5-0699ea49f10e', '51935f2d-493e-44cd-90e5-4222f3fd2dd2', '575488c0-74a1-45c4-b5b6-7485376162eb')
/
INSERT INTO KSLU_CLU_SET_JN_CLU (VER_NBR, CLU_SET_ID, OBJ_ID, ID, CLU_VER_IND_ID) VALUES (0, '676c9ebc-eb75-44d7-91af-b8ef3cc05ad9', '0a5e99bb-5707-4cc9-a1a7-3a7fabd30a48', '499de759-7280-45ee-b065-7d85e536afa0', '594bd002-9eb2-4230-97d6-6902f27aadbc')
/
INSERT INTO KSLU_CLU_SET_JN_CLU (VER_NBR, CLU_SET_ID, OBJ_ID, ID, CLU_VER_IND_ID) VALUES (0, '676c9ebc-eb75-44d7-91af-b8ef3cc05ad9', '8baff632-6886-42a5-a468-9aa38a945e16', 'd1915a4f-477f-4980-a3cf-df9099c57703', '5ce5bdbc-25d4-4bb1-8588-463c01cb9c2d')
/
INSERT INTO KSLU_CLU_SET_JN_CLU (VER_NBR, CLU_SET_ID, OBJ_ID, ID, CLU_VER_IND_ID) VALUES (0, '72369f20-bd5f-42fb-9cbe-a9605f192cd2', '40d7dc7a-9d14-43cb-98d3-f8c8307474b4', '5cac9383-51c2-4184-9cd5-e547ea77bfb0', 'b0cadb69-40b2-41e1-b36d-0939df4724ad')
/
INSERT INTO KSLU_CLU_SET_JN_CLU (VER_NBR, CLU_SET_ID, OBJ_ID, ID, CLU_VER_IND_ID) VALUES (0, '45558c80-eef4-4a7d-8cc7-461aff6ff646', 'e312b085-3860-4cbd-b5f4-5c10a5864d57', '572af8a3-6936-4735-835d-125cb5217008', '1f12e113-4625-4641-b8ba-bb5c2f754f8a')
/
INSERT INTO KSLU_CLU_SET_JN_CLU (VER_NBR, CLU_SET_ID, OBJ_ID, ID, CLU_VER_IND_ID) VALUES (0, 'd6161524-9563-4fd8-9e5d-53492788f90f', 'c80ff5cb-e453-4a35-a681-afce3968de4a', '42c2e8ae-d2d7-4f18-8f4f-7ce826af4b52', 'd3d03121-6d53-42e3-b07e-2d5295e35a57')
/
INSERT INTO KSLU_CLU_SET_JN_CLU (VER_NBR, CLU_SET_ID, OBJ_ID, ID, CLU_VER_IND_ID) VALUES (0, '4fa4fd8b-fd21-4560-a75b-36dfbad0ac3b', '083e0f1f-2031-474f-88e1-4cced23b9ae2', 'f1827719-f89c-4555-a894-1804824485d0', 'ab644a2d-23a2-4eee-a0a6-9cc843606067')
/
INSERT INTO KSLU_CLU_SET_JN_CLU (VER_NBR, CLU_SET_ID, OBJ_ID, ID, CLU_VER_IND_ID) VALUES (0, '4fa4fd8b-fd21-4560-a75b-36dfbad0ac3b', '86a86878-a08a-4c8b-b32d-fc61520f7ad5', 'f709d00a-8bf6-4903-bff8-802ae56344d0', 'eebed695-c0db-45e4-9e22-380537674baf')
/
INSERT INTO KSLU_CLU_SET_JN_CLU (VER_NBR, CLU_SET_ID, OBJ_ID, ID, CLU_VER_IND_ID) VALUES (0, '4fa4fd8b-fd21-4560-a75b-36dfbad0ac3b', 'e5cb8e49-d54d-4401-b104-b027ff3a6461', 'f07025b2-864a-4add-8592-501bb316d57e', '86fb273a-acf4-4d86-aa59-afccecf6a2d6')
/
INSERT INTO KSLU_CLU_SET_JN_CLU (VER_NBR, CLU_SET_ID, OBJ_ID, ID, CLU_VER_IND_ID) VALUES (0, 'e720cfda-8870-495b-a349-6d37768d77b8', '8753c3e3-5a9e-4bc4-965e-95496fee8962', '09da6154-8382-4095-a0a4-73a8560953fe', '8d8bba22-0e54-4255-9d23-d17d21a805de')
/
INSERT INTO KSLU_CLU_SET_JN_CLU (VER_NBR, CLU_SET_ID, OBJ_ID, ID, CLU_VER_IND_ID) VALUES (0, '17035f0c-a009-4869-8b7d-8ab728d196c4', '85e76ff6-dbe1-4e2b-aa84-5543aa66d2e9', 'e9bbf85f-6965-4b54-a67f-c1a32dc6902a', '8c87088b-5ebb-4049-bd1b-5da08284ec96')
/
INSERT INTO KSLU_CLU_SET_JN_CLU (VER_NBR, CLU_SET_ID, OBJ_ID, ID, CLU_VER_IND_ID) VALUES (0, '0dd0f3f1-d07c-4fc0-9889-6dbc94e0e273', '745270f1-fe3c-495a-b307-bfa72309d505', '5c5ac074-e5fe-4afe-b99a-0e893d3417f9', '7d1c42df-7033-47fd-b876-e087c8b7042a')
/
INSERT INTO KSLU_CLU_SET_JN_CLU (VER_NBR, CLU_SET_ID, OBJ_ID, ID, CLU_VER_IND_ID) VALUES (0, '046ec03b-7de9-4b3a-aa37-48eedfb7e507', 'c64eaf56-2ded-4ee8-94cb-6022ba8927ad', '58e9295d-1785-4598-9aa3-3944c0ee5427', 'ca273111-e328-4fc8-a6e8-c873ea98fcef')
/
INSERT INTO KSLU_CLU_SET_JN_CLU (VER_NBR, CLU_SET_ID, OBJ_ID, ID, CLU_VER_IND_ID) VALUES (0, '5e3d9d69-83fd-41bd-87da-8e03693a2210', 'ebc656da-0b52-41bc-a1dc-3890e9a9e63d', '76d6ffb6-f458-4e58-b158-5e60e03104c4', '16fdf401-8141-4536-aa6f-5712dc12c803')
/
INSERT INTO KSLU_CLU_SET_JN_CLU (VER_NBR, CLU_SET_ID, OBJ_ID, ID, CLU_VER_IND_ID) VALUES (0, '469a40f0-4014-439f-b951-ac0e8f425f6d', 'e49e5832-471d-4a85-bc4b-efee351e6faf', '075f0f8f-3717-4a13-8fe1-25922b8a631a', '87595a86-69ab-4069-b191-18dbd7d92d16')
/
INSERT INTO KSLU_CLU_SET_JN_CLU (VER_NBR, CLU_SET_ID, OBJ_ID, ID, CLU_VER_IND_ID) VALUES (0, '26d00f77-efaf-4c93-99f2-3b26bd7942b1', '2941e6da-46f1-4905-b9b3-e8ad43ee9940', 'c3238323-3374-4eab-af62-63ec452d9aa4', 'd3d03121-6d53-42e3-b07e-2d5295e35a57')
/
INSERT INTO KSLU_CLU_SET_JN_CLU (VER_NBR, CLU_SET_ID, OBJ_ID, ID, CLU_VER_IND_ID) VALUES (0, 'c29af19a-3d46-4bc2-b394-bd629ae1ce0d', '388bea09-61f1-4f63-a36b-af2edcd957fb', '31886e03-b36a-4cf7-94f8-b2d7a90ae564', 'b798e3ca-e32e-472c-afbc-2af73e684494')
/
INSERT INTO KSLU_CLU_SET_JN_CLU (VER_NBR, CLU_SET_ID, OBJ_ID, ID, CLU_VER_IND_ID) VALUES (0, 'f050b7a1-afb7-4921-9483-a1f6479fe652', '6772975b-25b6-4401-965e-6bf744bd33de', 'de9224f7-2a8a-4fc1-8783-d85f0015639e', '9bc5f228-12fb-4cde-b37a-fecc31c8c8e8')
/
INSERT INTO KSLU_CLU_SET_JN_CLU (VER_NBR, CLU_SET_ID, OBJ_ID, ID, CLU_VER_IND_ID) VALUES (0, 'deab1ddb-1223-4426-8277-6a66d1dd49d6', 'bec971e1-158b-4bed-bf01-90299da30063', '758ac4c5-c126-444b-a9f5-69057a6afb1f', '1e77074f-5f4a-4e08-9e9a-2ac48c30badb')
/
INSERT INTO KSLU_CLU_SET_JN_CLU (VER_NBR, CLU_SET_ID, OBJ_ID, ID, CLU_VER_IND_ID) VALUES (0, 'bae630a1-3853-4247-ab5e-cbc1a9d1afc5', '89253080-a1e5-477f-9c5b-1dc5fe01722c', '3122caf5-ff16-44d8-b280-a82d5b226d35', '786b5557-6bf4-4daf-b48a-80331662e39e')
/
INSERT INTO KSLU_CLU_SET_JN_CLU (VER_NBR, CLU_SET_ID, OBJ_ID, ID, CLU_VER_IND_ID) VALUES (0, 'e210e3e5-d893-4b38-8a21-beb08db380ef', 'ae1d8493-3762-4812-8025-9733fb4ec17c', '181d1620-090c-40a5-a009-37ac7c7da2f2', '72671686-1749-4875-b439-95aa72e742b3')
/
INSERT INTO KSLU_CLU_SET_JN_CLU (VER_NBR, CLU_SET_ID, OBJ_ID, ID, CLU_VER_IND_ID) VALUES (0, 'e210e3e5-d893-4b38-8a21-beb08db380ef', '24e494df-8ad3-4961-b7d5-124294085430', 'd0351b20-ec90-43da-b705-d17909019f53', 'e4bf0561-37a4-4c77-a0cc-f3e2383bb503')
/
INSERT INTO KSLU_CLU_SET_JN_CLU (VER_NBR, CLU_SET_ID, OBJ_ID, ID, CLU_VER_IND_ID) VALUES (0, '8ad57b3c-d1d4-4700-882d-73836e5278aa', '6a86f24a-067d-4394-b515-c54b468c2471', 'b9afd608-05ed-4333-90c1-682213473e96', 'bbdfe636-9056-4819-98f2-75447a9694c2')
/
INSERT INTO KSLU_CLU_SET_JN_CLU (VER_NBR, CLU_SET_ID, OBJ_ID, ID, CLU_VER_IND_ID) VALUES (0, 'ebddb2a1-c109-4d28-8992-6f792f16aea0', 'c3185be5-6bb3-4061-a110-3b5719e20d82', '5e72b031-97d6-41e8-81c0-269a0775bfd3', 'dd65fb38-5f64-4dbe-bc67-c793ec5bc229')
/
INSERT INTO KSLU_CLU_SET_JN_CLU (VER_NBR, CLU_SET_ID, OBJ_ID, ID, CLU_VER_IND_ID) VALUES (0, 'c569310e-ded0-49d3-b13b-28658fe9d531', 'c34c4919-7cd2-4437-acaf-066124f9307d', '736dc0cc-4c99-4bd2-90a3-885cd1806845', 'fb4e3445-743f-4d61-aa28-97aa4424356b')
/
INSERT INTO KSLU_CLU_SET_JN_CLU (VER_NBR, CLU_SET_ID, OBJ_ID, ID, CLU_VER_IND_ID) VALUES (0, '4fa4fd8b-fd21-4560-a75b-36dfbad0ac3b', '3bfe2daf-6280-493e-9bb4-aed8916bc406', '54982835-5f41-4f11-ad1a-56c165bc58fc', '15465d99-77ad-4642-bc4b-cd7b9d0bb029')
/
INSERT INTO KSLU_CLU_SET_JN_CLU (VER_NBR, CLU_SET_ID, OBJ_ID, ID, CLU_VER_IND_ID) VALUES (0, '16c3e239-05d9-45f4-a349-cd62cef30813', 'cdebd15b-3f40-47d0-a395-ac3821612015', 'f4baf4e7-98de-4eb3-8664-b0b0ba43153b', '6364fc27-6ddf-4a88-8cb9-52ea554a281f')
/
INSERT INTO KSLU_CLU_SET_JN_CLU (VER_NBR, CLU_SET_ID, OBJ_ID, ID, CLU_VER_IND_ID) VALUES (0, 'e14d663d-eeb6-48e9-9e2f-9cb7888a62b8', 'a8851b57-5de4-4596-b043-ef9e44749ecc', 'a9458e30-9f76-4317-a7fe-382ee50fe117', '6be2eb81-d410-4fe9-a45f-3013f9013a4b')
/
INSERT INTO KSLU_CLU_SET_JN_CLU (VER_NBR, CLU_SET_ID, OBJ_ID, ID, CLU_VER_IND_ID) VALUES (0, 'e14d663d-eeb6-48e9-9e2f-9cb7888a62b8', 'f1ec1124-06dd-440a-8236-f2890db51db7', 'b8a2422a-69f1-4820-b2b7-b675959ef970', 'de0d8231-908c-4577-ba08-63d4abf627c7')
/
INSERT INTO KSLU_CLU_SET_JN_CLU (VER_NBR, CLU_SET_ID, OBJ_ID, ID, CLU_VER_IND_ID) VALUES (0, '5f49bbff-0c33-4430-825b-a2a34692d224', '41ea5629-4591-483a-8e2e-1ce8ca41f4db', '24cf5006-b262-4d1c-9cf7-2a7f9a5d134e', '337e3cd9-a089-4007-a122-bb7d76eeb5d4')
/
INSERT INTO KSLU_CLU_SET_JN_CLU (VER_NBR, CLU_SET_ID, OBJ_ID, ID, CLU_VER_IND_ID) VALUES (0, '352cf52c-8ade-4bbd-8639-135100ff2cf2', 'ce6cc7d8-e6f4-4e77-9491-c82eb424185a', 'e17f191b-4bb6-43d5-93f8-af9faccd228d', '15465d99-77ad-4642-bc4b-cd7b9d0bb029')
/
INSERT INTO KSLU_CLU_SET_JN_CLU (VER_NBR, CLU_SET_ID, OBJ_ID, ID, CLU_VER_IND_ID) VALUES (0, '17035f0c-a009-4869-8b7d-8ab728d196c4', 'bad1c221-2b73-456f-8065-4b3f7900d2f0', 'a6fc023b-48dc-4ad6-9582-4656b2965cf6', '06c34425-9ea7-43f7-a079-daf5e9b99ce0')
/
INSERT INTO KSLU_CLU_SET_JN_CLU (VER_NBR, CLU_SET_ID, OBJ_ID, ID, CLU_VER_IND_ID) VALUES (0, '4ea77cf1-4306-4172-a29a-a1127ca914ab', '8f1f2b81-5181-49c3-8e33-f1ae5e502700', '6bb58772-b2e7-47d8-a944-b212cbbb7d08', '4ec7409a-767e-4342-b0e2-8e088bf62834')
/
INSERT INTO KSLU_CLU_SET_JN_CLU (VER_NBR, CLU_SET_ID, OBJ_ID, ID, CLU_VER_IND_ID) VALUES (0, '47b44987-e260-4ad0-90e0-890bf074d55f', '77c545da-10c3-42b9-8a32-5d2aee5e149c', '2f6c47f1-9b95-40db-8bc5-ef28dd4e1d01', '68d5a4d6-65c5-4e16-be2e-b2d34ea9757c')
/
INSERT INTO KSLU_CLU_SET_JN_CLU (VER_NBR, CLU_SET_ID, OBJ_ID, ID, CLU_VER_IND_ID) VALUES (0, 'c7723a87-10ae-4173-af58-2cc90b8e0a94', '366b5f50-7cda-4b2d-b240-a01c5882944c', '1f4a35ea-a477-4196-bf38-4dd065139195', 'de0d8231-908c-4577-ba08-63d4abf627c7')
/
INSERT INTO KSLU_CLU_SET_JN_CLU (VER_NBR, CLU_SET_ID, OBJ_ID, ID, CLU_VER_IND_ID) VALUES (0, '5da8869d-c1cd-4b13-a3e3-9abb63bfa857', '87111ca9-55df-46dc-bc85-d55a64218891', '74405eaf-580a-416a-a62d-bcf86f3d6d9c', 'a062c833-0ae2-4352-93d9-cea6fc7cc807')
/
insert into KSLU_CLU_SET_JN_CLU (CLU_SET_ID, CLU_VER_IND_ID, ID, VER_NBR, OBJ_ID) values ('12ff806e-938c-4f2a-977b-cb2dabea78f7', '9e9e291d-6d27-404a-a0d4-de4d31186766', '9e1cba24-bb35-48e7-affb-2fae6e2ae81a', 0, '32beca4f-149e-4130-9c2a-2412dc865343')
/
insert into KSLU_CLU_SET_JN_CLU (CLU_SET_ID, CLU_VER_IND_ID, ID, VER_NBR, OBJ_ID) values ('12ff806e-938c-4f2a-977b-cb2dabea78f7', 'f409a651-fe7f-4aef-931d-851f88359183', '26d07611-64c5-480c-bf05-fc54ecd3a0b7', 0, 'ac85a2da-5a02-4c35-870f-906ade954afc')
/
insert into KSLU_CLU_SET_JN_CLU (CLU_SET_ID, CLU_VER_IND_ID, ID, VER_NBR, OBJ_ID) values ('bb33b0a4-289e-4589-b63e-e08186781c36', '96afbebc-e541-430e-a654-0b27b2f64a00', 'f2f97fae-d762-4343-b3b8-b4d405dc4beb', 0, '73bd2409-0c80-4927-879d-097621c07ee6')
/
insert into KSLU_CLU_SET_JN_CLU (CLU_SET_ID, CLU_VER_IND_ID, ID, VER_NBR, OBJ_ID) values ('bb33b0a4-289e-4589-b63e-e08186781c36', 'f409a651-fe7f-4aef-931d-851f88359183', 'bbe1cf38-997f-4dda-a71a-ccc5024be511', 0, '6b251fc8-3ee2-4838-bd82-7cc678bad850')
/
insert into KSLU_CLU_SET_JN_CLU (CLU_SET_ID, CLU_VER_IND_ID, ID, VER_NBR, OBJ_ID) values ('6a7bfd53-54df-4c0c-ba89-f81d539d5cda', '96afbebc-e541-430e-a654-0b27b2f64a00', '7947e5f1-06fc-4912-ad0e-b03874cc1cfb', 0, 'f2a8dab3-be97-41d2-a126-bcdfa420a571')
/
insert into KSLU_CLU_SET_JN_CLU (CLU_SET_ID, CLU_VER_IND_ID, ID, VER_NBR, OBJ_ID) values ('6a7bfd53-54df-4c0c-ba89-f81d539d5cda', '9e9e291d-6d27-404a-a0d4-de4d31186766', '90b6ccdd-e6ad-41b2-938c-431878de5c0f', 0, '13fefa79-b80f-4efd-9353-f8fe912b46d4')
/
insert into KSLU_CLU_SET_JN_CLU (CLU_SET_ID, CLU_VER_IND_ID, ID, VER_NBR, OBJ_ID) values ('750ae9d6-f65a-4af1-b101-a79f81338c45', '9e9e291d-6d27-404a-a0d4-de4d31186766', '6977f27d-6058-420d-abf8-2092c5d4012b', 0, 'ea637730-5b79-47f1-b970-dc8d8eb5e996')
/
insert into KSLU_CLU_SET_JN_CLU (CLU_SET_ID, CLU_VER_IND_ID, ID, VER_NBR, OBJ_ID) values ('750ae9d6-f65a-4af1-b101-a79f81338c45', 'f409a651-fe7f-4aef-931d-851f88359183', 'e209d2b0-27e7-46d0-a092-6a1a237c6fcb', 0, '57e88962-b0bd-406c-8918-5c9dfdaa6912')
/
insert into KSLU_CLU_SET_JN_CLU (CLU_SET_ID, CLU_VER_IND_ID, ID, VER_NBR, OBJ_ID) values ('6037ecc6-3746-4aee-9c0b-a198d6f0684d', '9e9e291d-6d27-404a-a0d4-de4d31186766', '27dee21e-522b-46d8-8ca9-ca9ba7c5e90f', 0, '91c5271f-205d-4dc1-b12a-bae2f951e862')
/
insert into KSLU_CLU_SET_JN_CLU (CLU_SET_ID, CLU_VER_IND_ID, ID, VER_NBR, OBJ_ID) values ('6037ecc6-3746-4aee-9c0b-a198d6f0684d', 'f409a651-fe7f-4aef-931d-851f88359183', 'aa45c778-06f3-4d5b-809a-9e93b12827ae', 0, 'bb0fb207-bc0d-4da3-8c30-6b378a7679d8')
/
insert into KSLU_CLU_SET_JN_CLU (CLU_SET_ID, CLU_VER_IND_ID, ID, VER_NBR, OBJ_ID) values ('00ad0bf1-6891-4408-8700-d0c10759d47a', '9e9e291d-6d27-404a-a0d4-de4d31186766', 'a6beb918-7ea0-4d62-a380-0dec4e72db7a', 0, '3381fc79-4cfe-4f05-af6a-4cccf7626dca')
/
insert into KSLU_CLU_SET_JN_CLU (CLU_SET_ID, CLU_VER_IND_ID, ID, VER_NBR, OBJ_ID) values ('00ad0bf1-6891-4408-8700-d0c10759d47a', 'f409a651-fe7f-4aef-931d-851f88359183', 'ffea2f2e-cfb5-420f-bb6a-e51dd64583cb', 0, '6cd7b8a6-6d08-4038-8526-05321ed6f0ab')
/
insert into KSLU_CLU_SET_JN_CLU (CLU_SET_ID, CLU_VER_IND_ID, ID, VER_NBR, OBJ_ID) values ('08cae8cc-86af-41b5-a332-5e3b9d3cf19d', '9e9e291d-6d27-404a-a0d4-de4d31186766', '5e793916-8b0e-4822-b72f-4b6b4c80a2d4', 0, '04d23f75-eb7c-400b-ae6f-abb73c4bbd4a')
/
insert into KSLU_CLU_SET_JN_CLU (CLU_SET_ID, CLU_VER_IND_ID, ID, VER_NBR, OBJ_ID) values ('c6d4d85b-7a71-4fee-826a-52e497a1b201', '7c5e08f2-5ab6-409a-9d35-fba0184e5a13', 'beceebbd-6df7-40c5-85ce-79a4f5eac583', 0, '2f9ba021-1437-4ec9-a8d5-07c161fe1364')
/
insert into KSLU_CLU_SET_JN_CLU (CLU_SET_ID, CLU_VER_IND_ID, ID, VER_NBR, OBJ_ID) values ('c6d4d85b-7a71-4fee-826a-52e497a1b201', 'b7c0ffab-aa1f-4335-8ad1-b581d3b95740', '235fa2a5-01ab-4159-ae17-68f8c49d4c3a', 0, 'b58291fc-59e5-4625-961b-64069dbc4197')
/
insert into KSLU_CLU_SET_JN_CLU (CLU_SET_ID, CLU_VER_IND_ID, ID, VER_NBR, OBJ_ID) values ('1ea8dd3b-669c-4ab6-948d-dfb511f89815', '96afbebc-e541-430e-a654-0b27b2f64a00', '2ad00761-0cbf-4407-b1d4-d0e3ebbb30ee', 0, '6d7cdaf9-5a75-47bf-9331-4ac20c4d6fa5')
/
insert into KSLU_CLU_SET_JN_CLU (CLU_SET_ID, CLU_VER_IND_ID, ID, VER_NBR, OBJ_ID) values ('1ea8dd3b-669c-4ab6-948d-dfb511f89815', '9e9e291d-6d27-404a-a0d4-de4d31186766', 'd9d33709-c565-4cc6-a0d1-7cd2806e4fd3', 0, '86cd4d65-42d9-4418-8ebb-06bcd03b0017')
/
insert into KSLU_CLU_SET_JN_CLU (CLU_SET_ID, CLU_VER_IND_ID, ID, VER_NBR, OBJ_ID) values ('1ea8dd3b-669c-4ab6-948d-dfb511f89815', 'f409a651-fe7f-4aef-931d-851f88359183', 'ae35d5d7-9324-48bf-a569-ad0c3081b933', 0, '60ef98c1-4082-4f70-b2ba-60ce524fee8d')
/
