Insert into KSLU_RICH_TEXT_T (FORMATTED,ID,OBJ_ID,PLAIN,VER_NBR) values (null,'e62b8794-2343-dfb1-e040-007f01010d6f','e62b8794-2355-dfb1-e040-007f01010d6f',null,0)
/
Insert into KSLU_RICH_TEXT_T (FORMATTED,ID,OBJ_ID,PLAIN,VER_NBR) values (null,'e62b8794-2344-dfb1-e040-007f01010d6f','e62b8794-2356-dfb1-e040-007f01010d6f',null,0)
/


--Day 1 Session 3
Insert into KSLU_CLU_SET (ADMIN_ORG_ID,CREATEID,CREATETIME,EFF_DT,EXPIR_DT,ID,MEM_QUERY_ID,NAME,OBJ_ID,REFERENCEABLE,REUSABLE,RT_DESCR_ID,ST,TYPE,UPDATEID,UPDATETIME,VER_NBR) values
(null,'FE-RefData',TO_DATE ('01/01/2012', 'MM/DD/YYYY'),TO_DATE ('01/01/2012', 'MM/DD/YYYY'),null,'e5f1c380-04ea-c548-e040-007f0101104a',null,'MATH',SYS_GUID(),0,1,'e62b8794-2343-dfb1-e040-007f01010d6f','active','kuali.cluSet.type.CreditCourse',null,TO_DATE ('01/01/2012', 'MM/DD/YYYY'),1)
/
Insert into KSLU_CLU_SET_JN_CLU (CLU_SET_ID,CLU_VER_IND_ID,ID,OBJ_ID,VER_NBR) values ('e5f1c380-04ea-c548-e040-007f0101104a','67e05fed-df7f-4a48-8cdc-4c73d9bb3198',SYS_GUID(),SYS_GUID(),0)
/
Insert into KSLU_CLU_SET_JN_CLU (CLU_SET_ID,CLU_VER_IND_ID,ID,OBJ_ID,VER_NBR) values ('e5f1c380-04ea-c548-e040-007f0101104a','cf56efc4-de21-4752-a032-e030b1d5383b',SYS_GUID(),SYS_GUID(),0)
/
Insert into KSLU_CLU_SET_JN_CLU (CLU_SET_ID,CLU_VER_IND_ID,ID,OBJ_ID,VER_NBR) values ('e5f1c380-04ea-c548-e040-007f0101104a','7a296b85-9eff-4919-a170-ddae508b9452',SYS_GUID(),SYS_GUID(),0)
/
Insert into KSLU_CLU_SET_JN_CLU (CLU_SET_ID,CLU_VER_IND_ID,ID,OBJ_ID,VER_NBR) values ('e5f1c380-04ea-c548-e040-007f0101104a','f3979fe7-1ca3-46f0-b8bf-56e0e032c776',SYS_GUID(),SYS_GUID(),0)
/
Insert into KSLU_CLU_SET_JN_CLU (CLU_SET_ID,CLU_VER_IND_ID,ID,OBJ_ID,VER_NBR) values ('e5f1c380-04ea-c548-e040-007f0101104a','27cd0dd4-1198-4a16-80ef-274e4fc04311',SYS_GUID(),SYS_GUID(),0)
/
Insert into KSLU_CLU_SET_JN_CLU (CLU_SET_ID,CLU_VER_IND_ID,ID,OBJ_ID,VER_NBR) values ('e5f1c380-04ea-c548-e040-007f0101104a','8a5742cd-9903-4fb7-bd50-ba1c60151c43',SYS_GUID(),SYS_GUID(),0)
/
Insert into KSLU_CLU_SET_JN_CLU (CLU_SET_ID,CLU_VER_IND_ID,ID,OBJ_ID,VER_NBR) values ('e5f1c380-04ea-c548-e040-007f0101104a','059c8ad1-9ed1-4e0c-b854-b16b52144d46',SYS_GUID(),SYS_GUID(),0)
/

--Day 2 Session 2
Insert into KSLU_CLU_SET (ADMIN_ORG_ID,CREATEID,CREATETIME,EFF_DT,EXPIR_DT,ID,MEM_QUERY_ID,NAME,OBJ_ID,REFERENCEABLE,REUSABLE,RT_DESCR_ID,ST,TYPE,UPDATEID,UPDATETIME,VER_NBR) values
(null,'FE-RefData',TO_DATE ('01/01/2012', 'MM/DD/YYYY'),TO_DATE ('01/01/2012', 'MM/DD/YYYY'),null,'e5f1c380-04eb-c548-e040-007f0101104a',null,'CHEM',SYS_GUID(),0,1,'e62b8794-2344-dfb1-e040-007f01010d6f','active','kuali.cluSet.type.CreditCourse',null,TO_DATE ('01/01/2012', 'MM/DD/YYYY'),1)
/
Insert into KSLU_CLU_SET_JN_CLU (CLU_SET_ID,CLU_VER_IND_ID,ID,OBJ_ID,VER_NBR) values ('e5f1c380-04eb-c548-e040-007f0101104a','a0c9f8fd-1b17-4ba2-8e39-886febd2fd75',SYS_GUID(),SYS_GUID(),0)
/
Insert into KSLU_CLU_SET_JN_CLU (CLU_SET_ID,CLU_VER_IND_ID,ID,OBJ_ID,VER_NBR) values ('e5f1c380-04eb-c548-e040-007f0101104a','2b0a936d-0e2e-44a9-aeb1-ba33063baf96',SYS_GUID(),SYS_GUID(),0)
/
Insert into KSLU_CLU_SET_JN_CLU (CLU_SET_ID,CLU_VER_IND_ID,ID,OBJ_ID,VER_NBR) values ('e5f1c380-04eb-c548-e040-007f0101104a','5e51aae0-6588-4eff-9afb-bb7c90e5bdfa',SYS_GUID(),SYS_GUID(),0)
/
Insert into KSLU_CLU_SET_JN_CLU (CLU_SET_ID,CLU_VER_IND_ID,ID,OBJ_ID,VER_NBR) values ('e5f1c380-04eb-c548-e040-007f0101104a','fd9058b2-29dd-48d9-be47-d5422ad9b33b',SYS_GUID(),SYS_GUID(),0)
/
Insert into KSLU_CLU_SET_JN_CLU (CLU_SET_ID,CLU_VER_IND_ID,ID,OBJ_ID,VER_NBR) values ('e5f1c380-04eb-c548-e040-007f0101104a','2b440b28-34bf-4d37-9cf7-00df3d3c64b5',SYS_GUID(),SYS_GUID(),0)
/
Insert into KSLU_CLU_SET_JN_CLU (CLU_SET_ID,CLU_VER_IND_ID,ID,OBJ_ID,VER_NBR) values ('e5f1c380-04eb-c548-e040-007f0101104a','c8dd1b36-b354-4790-8516-2cb2cc4f5660',SYS_GUID(),SYS_GUID(),0)
/
Insert into KSLU_CLU_SET_JN_CLU (CLU_SET_ID,CLU_VER_IND_ID,ID,OBJ_ID,VER_NBR) values ('e5f1c380-04eb-c548-e040-007f0101104a','e5d6d7b1-b620-456a-b4b2-6b2991fb138d',SYS_GUID(),SYS_GUID(),0)
/

-- Matrix 1 ad-hoc sets
--Day 1 Session 3
Insert into KSLU_CLU_SET (ADMIN_ORG_ID,CREATEID,CREATETIME,EFF_DT,EXPIR_DT,ID,MEM_QUERY_ID,NAME,OBJ_ID,REFERENCEABLE,REUSABLE,RT_DESCR_ID,ST,TYPE,UPDATEID,UPDATETIME,VER_NBR) values
(null,'FE-RefData',TO_DATE ('01/01/2012', 'MM/DD/YYYY'),TO_DATE ('01/01/2012', 'MM/DD/YYYY'),null,'e5f1c380-04ex-c548-e040-007f0101104a',null,'AdHocFallDay1Session3',SYS_GUID(),0,0,null,'active','kuali.cluSet.type.Course',null,TO_DATE ('01/01/2012', 'MM/DD/YYYY'),0)
/
Insert into kslu_clu_set_jn_clu_set (CLU_SET_CHILD_ID,CLU_SET_PARENT_ID) values ('e5f1c380-04ea-c548-e040-007f0101104a','e5f1c380-04ex-c548-e040-007f0101104a')
/

--Day 1 Session 4
Insert into KSLU_CLU_SET (ADMIN_ORG_ID,CREATEID,CREATETIME,EFF_DT,EXPIR_DT,ID,MEM_QUERY_ID,NAME,OBJ_ID,REFERENCEABLE,REUSABLE,RT_DESCR_ID,ST,TYPE,UPDATEID,UPDATETIME,VER_NBR) values
(null,'FE-RefData',TO_DATE ('01/01/2012', 'MM/DD/YYYY'),TO_DATE ('01/01/2012', 'MM/DD/YYYY'),null,'e5f1c380-04ec-c548-e040-007f0101104a',null,'AdHocFallDay1Session4',SYS_GUID(),0,0,null,'active','kuali.cluSet.type.Course',null,TO_DATE ('01/01/2012', 'MM/DD/YYYY'),0)
/
Insert into KSLU_CLU_SET_JN_CLU (CLU_SET_ID,CLU_VER_IND_ID,ID,OBJ_ID,VER_NBR) values ('e5f1c380-04ec-c548-e040-007f0101104a','f9b37df3-d11c-42cc-92f7-9b5e01f9bc9a',SYS_GUID(),SYS_GUID(),0)
/
Insert into KSLU_CLU_SET_JN_CLU (CLU_SET_ID,CLU_VER_IND_ID,ID,OBJ_ID,VER_NBR) values ('e5f1c380-04ec-c548-e040-007f0101104a','c1bcda3e-ad3f-4595-9f8e-eb1097eeef30',SYS_GUID(),SYS_GUID(),0)
/
Insert into KSLU_CLU_SET_JN_CLU (CLU_SET_ID,CLU_VER_IND_ID,ID,OBJ_ID,VER_NBR) values ('e5f1c380-04ec-c548-e040-007f0101104a','72639f9c-0a3d-4717-835b-586ab2eca02d',SYS_GUID(),SYS_GUID(),0)
/
Insert into KSLU_CLU_SET_JN_CLU (CLU_SET_ID,CLU_VER_IND_ID,ID,OBJ_ID,VER_NBR) values ('e5f1c380-04ec-c548-e040-007f0101104a','ac7c9d94-6849-4d50-97a2-6d92abbce35c',SYS_GUID(),SYS_GUID(),0)
/
Insert into KSLU_CLU_SET_JN_CLU (CLU_SET_ID,CLU_VER_IND_ID,ID,OBJ_ID,VER_NBR) values ('e5f1c380-04ec-c548-e040-007f0101104a','cd07f6a8-42f1-414f-a470-c38999ac8d9d',SYS_GUID(),SYS_GUID(),0)
/

--Day 2 Session 2
Insert into KSLU_CLU_SET (ADMIN_ORG_ID,CREATEID,CREATETIME,EFF_DT,EXPIR_DT,ID,MEM_QUERY_ID,NAME,OBJ_ID,REFERENCEABLE,REUSABLE,RT_DESCR_ID,ST,TYPE,UPDATEID,UPDATETIME,VER_NBR) values
(null,'FE-RefData',TO_DATE ('01/01/2012', 'MM/DD/YYYY'),TO_DATE ('01/01/2012', 'MM/DD/YYYY'),null,'e5f1c380-04ey-c548-e040-007f0101104a',null,'AdHocFallDay2Session2',SYS_GUID(),0,0,null,'active','kuali.cluSet.type.Course',null,TO_DATE ('01/01/2012', 'MM/DD/YYYY'),0)
/
Insert into kslu_clu_set_jn_clu_set (CLU_SET_CHILD_ID,CLU_SET_PARENT_ID) values ('e5f1c380-04eb-c548-e040-007f0101104a','e5f1c380-04ey-c548-e040-007f0101104a')
/

--Day 2 Session 4
Insert into KSLU_CLU_SET (ADMIN_ORG_ID,CREATEID,CREATETIME,EFF_DT,EXPIR_DT,ID,MEM_QUERY_ID,NAME,OBJ_ID,REFERENCEABLE,REUSABLE,RT_DESCR_ID,ST,TYPE,UPDATEID,UPDATETIME,VER_NBR) values
(null,'FE-RefData',TO_DATE ('01/01/2012', 'MM/DD/YYYY'),TO_DATE ('01/01/2012', 'MM/DD/YYYY'),null,'e5f1c380-04ed-c548-e040-007f0101104a',null,'AdHocFallDay2Session4',SYS_GUID(),0,0,null,'active','kuali.cluSet.type.Course',null,TO_DATE ('01/01/2012', 'MM/DD/YYYY'),0)
/
Insert into KSLU_CLU_SET_JN_CLU (CLU_SET_ID,CLU_VER_IND_ID,ID,OBJ_ID,VER_NBR) values ('e5f1c380-04ed-c548-e040-007f0101104a','6d4a5e5b-7eef-4d79-b1d2-0f7c4dcd43f2',SYS_GUID(),SYS_GUID(),0)
/
Insert into KSLU_CLU_SET_JN_CLU (CLU_SET_ID,CLU_VER_IND_ID,ID,OBJ_ID,VER_NBR) values ('e5f1c380-04ed-c548-e040-007f0101104a','a7ce4be1-b2e8-43cb-8602-ba50342caf46',SYS_GUID(),SYS_GUID(),0)
/
Insert into KSLU_CLU_SET_JN_CLU (CLU_SET_ID,CLU_VER_IND_ID,ID,OBJ_ID,VER_NBR) values ('e5f1c380-04ed-c548-e040-007f0101104a','be1309f9-1fa2-4c11-a0ae-ca9d9f643b4a',SYS_GUID(),SYS_GUID(),0)
/
Insert into KSLU_CLU_SET_JN_CLU (CLU_SET_ID,CLU_VER_IND_ID,ID,OBJ_ID,VER_NBR) values ('e5f1c380-04ed-c548-e040-007f0101104a','ad91ff03-3365-4922-a77c-9ed4b202aea2',SYS_GUID(),SYS_GUID(),0)
/

--Day 2 Session 5
Insert into KSLU_CLU_SET (ADMIN_ORG_ID,CREATEID,CREATETIME,EFF_DT,EXPIR_DT,ID,MEM_QUERY_ID,NAME,OBJ_ID,REFERENCEABLE,REUSABLE,RT_DESCR_ID,ST,TYPE,UPDATEID,UPDATETIME,VER_NBR) values
(null,'FE-RefData',TO_DATE ('01/01/2012', 'MM/DD/YYYY'),TO_DATE ('01/01/2012', 'MM/DD/YYYY'),null,'e5f1c380-04ee-c548-e040-007f0101104a',null,'AdHocFallDay2Session5',SYS_GUID(),0,0,null,'active','kuali.cluSet.type.Course',null,TO_DATE ('01/01/2012', 'MM/DD/YYYY'),0)
/
Insert into KSLU_CLU_SET_JN_CLU (CLU_SET_ID,CLU_VER_IND_ID,ID,OBJ_ID,VER_NBR) values ('e5f1c380-04ee-c548-e040-007f0101104a','95aed53b-055d-41c6-8ddc-18578fb8fe36',SYS_GUID(),SYS_GUID(),0)
/
Insert into KSLU_CLU_SET_JN_CLU (CLU_SET_ID,CLU_VER_IND_ID,ID,OBJ_ID,VER_NBR) values ('e5f1c380-04ee-c548-e040-007f0101104a','8af491cf-9c23-409e-adc8-dc184dcbced6',SYS_GUID(),SYS_GUID(),0)
/

--Day 3 Session 2
Insert into KSLU_CLU_SET (ADMIN_ORG_ID,CREATEID,CREATETIME,EFF_DT,EXPIR_DT,ID,MEM_QUERY_ID,NAME,OBJ_ID,REFERENCEABLE,REUSABLE,RT_DESCR_ID,ST,TYPE,UPDATEID,UPDATETIME,VER_NBR) values
(null,'FE-RefData',TO_DATE ('01/01/2012', 'MM/DD/YYYY'),TO_DATE ('01/01/2012', 'MM/DD/YYYY'),null,'e5f1c380-04ef-c548-e040-007f0101104a',null,'AdHocFallDay3Session2',SYS_GUID(),0,0,null,'active','kuali.cluSet.type.Course',null,TO_DATE ('01/01/2012', 'MM/DD/YYYY'),0)
/
Insert into KSLU_CLU_SET_JN_CLU (CLU_SET_ID,CLU_VER_IND_ID,ID,OBJ_ID,VER_NBR) values ('e5f1c380-04ef-c548-e040-007f0101104a','6415e84e-92cc-44f8-bda3-2f840b50feec',SYS_GUID(),SYS_GUID(),0)
/
Insert into KSLU_CLU_SET_JN_CLU (CLU_SET_ID,CLU_VER_IND_ID,ID,OBJ_ID,VER_NBR) values ('e5f1c380-04ef-c548-e040-007f0101104a','ab555551-3f64-4a80-93ce-54469a71dd43',SYS_GUID(),SYS_GUID(),0)
/

--Day 3 Session 4
Insert into KSLU_CLU_SET (ADMIN_ORG_ID,CREATEID,CREATETIME,EFF_DT,EXPIR_DT,ID,MEM_QUERY_ID,NAME,OBJ_ID,REFERENCEABLE,REUSABLE,RT_DESCR_ID,ST,TYPE,UPDATEID,UPDATETIME,VER_NBR) values
(null,'FE-RefData',TO_DATE ('01/01/2012', 'MM/DD/YYYY'),TO_DATE ('01/01/2012', 'MM/DD/YYYY'),null,'e5f1c380-04f0-c548-e040-007f0101104a',null,'AdHocFallDay3Session4',SYS_GUID(),0,0,null,'active','kuali.cluSet.type.Course',null,TO_DATE ('01/01/2012', 'MM/DD/YYYY'),0)
/
Insert into KSLU_CLU_SET_JN_CLU (CLU_SET_ID,CLU_VER_IND_ID,ID,OBJ_ID,VER_NBR) values ('e5f1c380-04f0-c548-e040-007f0101104a','f4026805-5508-484a-98c9-80a176464178',SYS_GUID(),SYS_GUID(),0)
/
Insert into KSLU_CLU_SET_JN_CLU (CLU_SET_ID,CLU_VER_IND_ID,ID,OBJ_ID,VER_NBR) values ('e5f1c380-04f0-c548-e040-007f0101104a','38a00f4c-0be0-4f40-b50a-cdd2c7b80773',SYS_GUID(),SYS_GUID(),0)
/
Insert into KSLU_CLU_SET_JN_CLU (CLU_SET_ID,CLU_VER_IND_ID,ID,OBJ_ID,VER_NBR) values ('e5f1c380-04f0-c548-e040-007f0101104a','75d829c8-a493-4cb2-9175-3a6e0af0a0e5',SYS_GUID(),SYS_GUID(),0)
/
Insert into KSLU_CLU_SET_JN_CLU (CLU_SET_ID,CLU_VER_IND_ID,ID,OBJ_ID,VER_NBR) values ('e5f1c380-04f0-c548-e040-007f0101104a','f52241f0-3cbd-4ab3-a690-cd129222aff8',SYS_GUID(),SYS_GUID(),0)
/
Insert into KSLU_CLU_SET_JN_CLU (CLU_SET_ID,CLU_VER_IND_ID,ID,OBJ_ID,VER_NBR) values ('e5f1c380-04f0-c548-e040-007f0101104a','f78af709-ecdb-4133-bfc5-7ca9d0d11bdd',SYS_GUID(),SYS_GUID(),0)
/

--Matrix 2 ad-hoc sets
--Day 1 Session 3
Insert into KSLU_CLU_SET (ADMIN_ORG_ID,CREATEID,CREATETIME,EFF_DT,EXPIR_DT,ID,MEM_QUERY_ID,NAME,OBJ_ID,REFERENCEABLE,REUSABLE,RT_DESCR_ID,ST,TYPE,UPDATEID,UPDATETIME,VER_NBR) values
(null,'FE-RefData',TO_DATE ('01/01/2012', 'MM/DD/YYYY'),TO_DATE ('01/01/2012', 'MM/DD/YYYY'),null,'e5f1c380-04ez-c548-e040-007f0101104a',null,'AdHocSpringDay1Session3',SYS_GUID(),0,0,null,'active','kuali.cluSet.type.Course',null,TO_DATE ('01/01/2012', 'MM/DD/YYYY'),0)
/
Insert into kslu_clu_set_jn_clu_set (CLU_SET_CHILD_ID,CLU_SET_PARENT_ID) values ('e5f1c380-04ea-c548-e040-007f0101104a','e5f1c380-04ez-c548-e040-007f0101104a')
/

--Day 1 Session 4
Insert into KSLU_CLU_SET (ADMIN_ORG_ID,CREATEID,CREATETIME,EFF_DT,EXPIR_DT,ID,MEM_QUERY_ID,NAME,OBJ_ID,REFERENCEABLE,REUSABLE,RT_DESCR_ID,ST,TYPE,UPDATEID,UPDATETIME,VER_NBR) values
(null,'FE-RefData',TO_DATE ('01/01/2012', 'MM/DD/YYYY'),TO_DATE ('01/01/2012', 'MM/DD/YYYY'),null,'e5f1c380-04f1-c548-e040-007f0101104a',null,'AdHocSpringDay1Session4',SYS_GUID(),0,0,null,'active','kuali.cluSet.type.Course',null,TO_DATE ('01/01/2012', 'MM/DD/YYYY'),0)
/
Insert into KSLU_CLU_SET_JN_CLU (CLU_SET_ID,CLU_VER_IND_ID,ID,OBJ_ID,VER_NBR) values ('e5f1c380-04f1-c548-e040-007f0101104a','f9b37df3-d11c-42cc-92f7-9b5e01f9bc9a',SYS_GUID(),SYS_GUID(),0)
/
Insert into KSLU_CLU_SET_JN_CLU (CLU_SET_ID,CLU_VER_IND_ID,ID,OBJ_ID,VER_NBR) values ('e5f1c380-04f1-c548-e040-007f0101104a','c1bcda3e-ad3f-4595-9f8e-eb1097eeef30',SYS_GUID(),SYS_GUID(),0)
/
Insert into KSLU_CLU_SET_JN_CLU (CLU_SET_ID,CLU_VER_IND_ID,ID,OBJ_ID,VER_NBR) values ('e5f1c380-04f1-c548-e040-007f0101104a','72639f9c-0a3d-4717-835b-586ab2eca02d',SYS_GUID(),SYS_GUID(),0)
/
Insert into KSLU_CLU_SET_JN_CLU (CLU_SET_ID,CLU_VER_IND_ID,ID,OBJ_ID,VER_NBR) values ('e5f1c380-04f1-c548-e040-007f0101104a','ac7c9d94-6849-4d50-97a2-6d92abbce35c',SYS_GUID(),SYS_GUID(),0)
/
Insert into KSLU_CLU_SET_JN_CLU (CLU_SET_ID,CLU_VER_IND_ID,ID,OBJ_ID,VER_NBR) values ('e5f1c380-04f1-c548-e040-007f0101104a','cd07f6a8-42f1-414f-a470-c38999ac8d9d',SYS_GUID(),SYS_GUID(),0)
/

--Day 2 Session 2
Insert into KSLU_CLU_SET (ADMIN_ORG_ID,CREATEID,CREATETIME,EFF_DT,EXPIR_DT,ID,MEM_QUERY_ID,NAME,OBJ_ID,REFERENCEABLE,REUSABLE,RT_DESCR_ID,ST,TYPE,UPDATEID,UPDATETIME,VER_NBR) values
(null,'FE-RefData',TO_DATE ('01/01/2012', 'MM/DD/YYYY'),TO_DATE ('01/01/2012', 'MM/DD/YYYY'),null,'e5f1c380-04es-c548-e040-007f0101104a',null,'AdHocSpringDay2Session2',SYS_GUID(),0,0,null,'active','kuali.cluSet.type.Course',null,TO_DATE ('01/01/2012', 'MM/DD/YYYY'),0)
/
Insert into kslu_clu_set_jn_clu_set (CLU_SET_CHILD_ID,CLU_SET_PARENT_ID) values ('e5f1c380-04eb-c548-e040-007f0101104a','e5f1c380-04es-c548-e040-007f0101104a')
/

--Day 2 Session 4
Insert into KSLU_CLU_SET (ADMIN_ORG_ID,CREATEID,CREATETIME,EFF_DT,EXPIR_DT,ID,MEM_QUERY_ID,NAME,OBJ_ID,REFERENCEABLE,REUSABLE,RT_DESCR_ID,ST,TYPE,UPDATEID,UPDATETIME,VER_NBR) values
(null,'FE-RefData',TO_DATE ('01/01/2012', 'MM/DD/YYYY'),TO_DATE ('01/01/2012', 'MM/DD/YYYY'),null,'e5f1c380-04f2-c548-e040-007f0101104a',null,'AdHocSpringDay2Session4',SYS_GUID(),0,0,null,'active','kuali.cluSet.type.Course',null,TO_DATE ('01/01/2012', 'MM/DD/YYYY'),0)
/
Insert into KSLU_CLU_SET_JN_CLU (CLU_SET_ID,CLU_VER_IND_ID,ID,OBJ_ID,VER_NBR) values ('e5f1c380-04f2-c548-e040-007f0101104a','6d4a5e5b-7eef-4d79-b1d2-0f7c4dcd43f2',SYS_GUID(),SYS_GUID(),0)
/
Insert into KSLU_CLU_SET_JN_CLU (CLU_SET_ID,CLU_VER_IND_ID,ID,OBJ_ID,VER_NBR) values ('e5f1c380-04f2-c548-e040-007f0101104a','a7ce4be1-b2e8-43cb-8602-ba50342caf46',SYS_GUID(),SYS_GUID(),0)
/
Insert into KSLU_CLU_SET_JN_CLU (CLU_SET_ID,CLU_VER_IND_ID,ID,OBJ_ID,VER_NBR) values ('e5f1c380-04f2-c548-e040-007f0101104a','be1309f9-1fa2-4c11-a0ae-ca9d9f643b4a',SYS_GUID(),SYS_GUID(),0)
/
Insert into KSLU_CLU_SET_JN_CLU (CLU_SET_ID,CLU_VER_IND_ID,ID,OBJ_ID,VER_NBR) values ('e5f1c380-04f2-c548-e040-007f0101104a','ad91ff03-3365-4922-a77c-9ed4b202aea2',SYS_GUID(),SYS_GUID(),0)
/

--Day 2 Session 5
Insert into KSLU_CLU_SET (ADMIN_ORG_ID,CREATEID,CREATETIME,EFF_DT,EXPIR_DT,ID,MEM_QUERY_ID,NAME,OBJ_ID,REFERENCEABLE,REUSABLE,RT_DESCR_ID,ST,TYPE,UPDATEID,UPDATETIME,VER_NBR) values
(null,'FE-RefData',TO_DATE ('01/01/2012', 'MM/DD/YYYY'),TO_DATE ('01/01/2012', 'MM/DD/YYYY'),null,'e5f1c380-04f3-c548-e040-007f0101104a',null,'AdHocSpringDay2Session5',SYS_GUID(),0,0,null,'active','kuali.cluSet.type.Course',null,TO_DATE ('01/01/2012', 'MM/DD/YYYY'),0)
/
Insert into KSLU_CLU_SET_JN_CLU (CLU_SET_ID,CLU_VER_IND_ID,ID,OBJ_ID,VER_NBR) values ('e5f1c380-04f3-c548-e040-007f0101104a','95aed53b-055d-41c6-8ddc-18578fb8fe36',SYS_GUID(),SYS_GUID(),0)
/
Insert into KSLU_CLU_SET_JN_CLU (CLU_SET_ID,CLU_VER_IND_ID,ID,OBJ_ID,VER_NBR) values ('e5f1c380-04f3-c548-e040-007f0101104a','8af491cf-9c23-409e-adc8-dc184dcbced6',SYS_GUID(),SYS_GUID(),0)
/

--Day 3 Session 2
Insert into KSLU_CLU_SET (ADMIN_ORG_ID,CREATEID,CREATETIME,EFF_DT,EXPIR_DT,ID,MEM_QUERY_ID,NAME,OBJ_ID,REFERENCEABLE,REUSABLE,RT_DESCR_ID,ST,TYPE,UPDATEID,UPDATETIME,VER_NBR) values
(null,'FE-RefData',TO_DATE ('01/01/2012', 'MM/DD/YYYY'),TO_DATE ('01/01/2012', 'MM/DD/YYYY'),null,'e5f1c380-04f4-c548-e040-007f0101104a',null,'AdHocSpringDay3Session2',SYS_GUID(),0,0,null,'active','kuali.cluSet.type.Course',null,TO_DATE ('01/01/2012', 'MM/DD/YYYY'),0)
/
Insert into KSLU_CLU_SET_JN_CLU (CLU_SET_ID,CLU_VER_IND_ID,ID,OBJ_ID,VER_NBR) values ('e5f1c380-04f4-c548-e040-007f0101104a','6415e84e-92cc-44f8-bda3-2f840b50feec',SYS_GUID(),SYS_GUID(),0)
/
Insert into KSLU_CLU_SET_JN_CLU (CLU_SET_ID,CLU_VER_IND_ID,ID,OBJ_ID,VER_NBR) values ('e5f1c380-04f4-c548-e040-007f0101104a','ab555551-3f64-4a80-93ce-54469a71dd43',SYS_GUID(),SYS_GUID(),0)
/

--Day 3 Session 4
Insert into KSLU_CLU_SET (ADMIN_ORG_ID,CREATEID,CREATETIME,EFF_DT,EXPIR_DT,ID,MEM_QUERY_ID,NAME,OBJ_ID,REFERENCEABLE,REUSABLE,RT_DESCR_ID,ST,TYPE,UPDATEID,UPDATETIME,VER_NBR) values
(null,'FE-RefData',TO_DATE ('01/01/2012', 'MM/DD/YYYY'),TO_DATE ('01/01/2012', 'MM/DD/YYYY'),null,'e5f1c380-04f5-c548-e040-007f0101104a',null,'AdHocSpringDay3Session4',SYS_GUID(),0,0,null,'active','kuali.cluSet.type.Course',null,TO_DATE ('01/01/2012', 'MM/DD/YYYY'),0)
/
Insert into KSLU_CLU_SET_JN_CLU (CLU_SET_ID,CLU_VER_IND_ID,ID,OBJ_ID,VER_NBR) values ('e5f1c380-04f5-c548-e040-007f0101104a','f4026805-5508-484a-98c9-80a176464178',SYS_GUID(),SYS_GUID(),0)
/
Insert into KSLU_CLU_SET_JN_CLU (CLU_SET_ID,CLU_VER_IND_ID,ID,OBJ_ID,VER_NBR) values ('e5f1c380-04f5-c548-e040-007f0101104a','38a00f4c-0be0-4f40-b50a-cdd2c7b80773',SYS_GUID(),SYS_GUID(),0)
/
Insert into KSLU_CLU_SET_JN_CLU (CLU_SET_ID,CLU_VER_IND_ID,ID,OBJ_ID,VER_NBR) values ('e5f1c380-04f5-c548-e040-007f0101104a','75d829c8-a493-4cb2-9175-3a6e0af0a0e5',SYS_GUID(),SYS_GUID(),0)
/
Insert into KSLU_CLU_SET_JN_CLU (CLU_SET_ID,CLU_VER_IND_ID,ID,OBJ_ID,VER_NBR) values ('e5f1c380-04f5-c548-e040-007f0101104a','f52241f0-3cbd-4ab3-a690-cd129222aff8',SYS_GUID(),SYS_GUID(),0)
/
Insert into KSLU_CLU_SET_JN_CLU (CLU_SET_ID,CLU_VER_IND_ID,ID,OBJ_ID,VER_NBR) values ('e5f1c380-04f5-c548-e040-007f0101104a','f78af709-ecdb-4133-bfc5-7ca9d0d11bdd',SYS_GUID(),SYS_GUID(),0)
/