// LU LU RelationType
INSERT INTO KSLU_LULU_RELTN_TYPE (ID, NAME, DESCR, REV_NAME, REV_DESC, EFF_DT, EXPIR_DT, VERSIONIND) values ('luLuType.type1', 'bob', 'my desc1', 'rev name1', 'rev desc1', {ts '2008-01-01 00:00:00.0'}, {ts '2010-01-01 00:00:00.0'}, 0)
INSERT INTO KSLU_LULU_RELTN_TYPE (ID, NAME, DESCR, REV_NAME, REV_DESC, EFF_DT, EXPIR_DT, VERSIONIND) values ('luLuType.type2', 'santiago', 'my desc2', 'rev name2', 'rev desc2', {ts '2008-01-01 00:00:00.0'}, {ts '2010-01-01 00:00:00.0'}, 0)
INSERT INTO KSLU_LULU_RELTN_TYPE (ID, NAME, DESCR, REV_NAME, REV_DESC, EFF_DT, EXPIR_DT, VERSIONIND) values ('luLuType.type3', 'manolin', 'my desc3', 'rev name3', 'rev desc3', {ts '2008-01-01 00:00:00.0'}, {ts '2010-01-01 00:00:00.0'}, 0)

// LU Type
INSERT INTO KSLU_LUTYPE (TYPE_KEY, TYPE_DESC, EFF_DT, EXPIR_DT, NAME) values ('luType.shell.course', 'A Shell Course', {ts '2000-01-01 00:00:00.0'}, {ts '2000-12-31 00:00:00.0'}, 'Course')
INSERT INTO KSLU_LUTYPE (TYPE_KEY, TYPE_DESC, EFF_DT, EXPIR_DT, NAME) values ('luType.shell.program', 'A Shell Program', {ts '2000-01-01 00:00:00.0'}, {ts '2000-12-31 00:00:00.0'}, 'Program')


// CluInstructor
INSERT INTO KSLU_CLU_INSTR (ID, ORG_ID, PERS_ID) VALUES ('INSTR-1', 'ORG-1', 'PersonID')
INSERT INTO KSLU_CLU_INSTR (ID, ORG_ID, PERS_ID) VALUES ('INSTR-2', 'ORG-2', 'PersonID')

// CluPublishing
INSERT INTO KSLU_CLU_PUBL (ID, END_CYCLE, START_CYCLE, ST, TYPE, PRI_INSTR_ID) VALUES ('PUBL-1', 'Fall', 'Spring', 'State', 'Type', 'INSTR-1')
INSERT INTO KSLU_CLU_PUBL (ID, END_CYCLE, START_CYCLE, ST, TYPE, PRI_INSTR_ID) VALUES ('PUBL-2', 'Fall', 'Summer', 'State', 'Type', 'INSTR-2')

// RichText
INSERT INTO KS_RICH_TEXT_T (ID, FORMATTED, PLAIN) VALUES ('RICHTEXT-1', '<p>Desc</p>', 'Desc')
INSERT INTO KS_RICH_TEXT_T (ID, FORMATTED, PLAIN) VALUES ('RICHTEXT-2', '<p>Marketing Desc</p>', 'Marketing Desc')
INSERT INTO KS_RICH_TEXT_T (ID, FORMATTED, PLAIN) VALUES ('RICHTEXT-3', '<p>Desc2</p>', 'Desc2')
INSERT INTO KS_RICH_TEXT_T (ID, FORMATTED, PLAIN) VALUES ('RICHTEXT-4', '<p>Marketing Desc2</p>', 'Marketing Desc2')
INSERT INTO KS_RICH_TEXT_T (ID, FORMATTED, PLAIN) VALUES ('RICHTEXT-5', '<p>Core CluSet</p>', 'Core CluSet')
INSERT INTO KS_RICH_TEXT_T (ID, FORMATTED, PLAIN) VALUES ('RICHTEXT-6', '<p>CoreEnglish CluSet</p>', 'CoreEnglish CluSet')
INSERT INTO KS_RICH_TEXT_T (ID, FORMATTED, PLAIN) VALUES ('RICHTEXT-7', '<p>First year science CluSet</p>', 'First year science CluSet')
INSERT INTO KS_RICH_TEXT_T (ID, FORMATTED, PLAIN) VALUES ('RICHTEXT-8', '<p>First year arts CluSet</p>', 'First year arts CluSet')

insert into KS_RICH_TEXT_T (ID, FORMATTED, PLAIN) values ('ab5e6b15-3ac3-46e3-bf9f-0f6bdd86df58', null, 'Students are required to prepare papers based upon current scientific publications relating to animal science, or upon their research work, for presentation before and discussion by the class; (1) recent advances; (2) nutrition; (3) physiology; (4) biochemistry.')
insert into KS_RICH_TEXT_T (ID, FORMATTED, PLAIN) values ('2573199d-4f3e-4a32-88d5-458463711774', null, 'Human biological evolution, including the biology of contemporary human groups, non-human primate social behavior, and the fossil, biochemical, and molecular evidence for human evolution. Includes a laboratory study of human population genetics, biochemical variation, and anatomical diversity in modern and fossil human and non-human primate groups.')
insert into KS_RICH_TEXT_T (ID, FORMATTED, PLAIN) values ('ba6da522-8aa0-467e-97d9-2daecdc4b9cc', null, 'Exploration of the variety of past human societies and cultures through archaeology, from the emergence of anatomically modern humans to the more recent historical past.')
insert into KS_RICH_TEXT_T (ID, FORMATTED, PLAIN) values ('63e3270d-4bb8-4e97-9fa8-2f8be03cf053', null, 'Culture and social relationships in a wide variety of settings from small-scale to complex societies. An overview of how anthropology analyzes human behavior. Particular attention to the relationship between language and culture.')
insert into KS_RICH_TEXT_T (ID, FORMATTED, PLAIN) values ('d7dad0db-b6e3-4c28-a779-c457d0e0936c', null, 'Culture and social relationships in a wide variety of settings from small-scale to complex societies. An overview of how anthropology analyzes human behavior. Particular attention to the relationship between language and culture.')
insert into KS_RICH_TEXT_T (ID, FORMATTED, PLAIN) values ('2dbe8dd0-321b-4ff2-aea4-792183901888', null, 'Theoretical and methodological overview of biological anthropology, including evolutionary anthropology, anthropological genetics, physiological anthropology, human biology, primatology, paleoanthropology, human biodiversity, and comtemporary selective challenges to modern humanity. Emphasis on core concepts and their research applications.')
insert into KS_RICH_TEXT_T (ID, FORMATTED, PLAIN) values ('c7389c9f-4f0a-45ca-a1d6-e92da27d823b', null, 'Theory, method, and practice which guides modern anthropological archaeology. Includes research design and execution (from survey through excavation and interpretation), the reconstruction of aspects of past cultures, and the understanding of cultural change and meaning.')
insert into KS_RICH_TEXT_T (ID, FORMATTED, PLAIN) values ('b0a86a82-287e-4fe4-a8cf-e6de2218aa65', null, 'Theoretical approaches and research methods in sociocultural anthropology. Emphasis on current debates, new directions, and their historical antecedents.')
insert into KS_RICH_TEXT_T (ID, FORMATTED, PLAIN) values ('c70cf13a-f01c-4498-a96a-e813fb422c9b', null, 'Examination of the cultures native to North America, including the land areas of Canada, the United States of America, and the major portion of the Republic of Mexico.')
insert into KS_RICH_TEXT_T (ID, FORMATTED, PLAIN) values ('6cf35c8b-b39d-4476-bf98-864506e461f5', null, 'Examination of the cultures native to North America, including the land areas of Canada, the United States of America, and the major portion of the Republic of Mexico.')
insert into KS_RICH_TEXT_T (ID, FORMATTED, PLAIN) values ('dc07c541-b9e4-4508-bee2-a99f4c7b5540', null, 'American humor from the Colonial era through the present in genres including literature, journalism, graphic arts, performance, and modern media. How humor expresses and mediates important social and cultural concerns including politics, religion, race and ethnicity, gender and topical issues.')
insert into KS_RICH_TEXT_T (ID, FORMATTED, PLAIN) values ('ba41a0d1-da7c-47f4-a7df-3ed91749e60d', null, 'Developments in theories and methods of American Studies scholarship, with emphasis upon interaction between the humanities and the social sciences in the process of cultural analysis and evaluation.')
insert into KS_RICH_TEXT_T (ID, FORMATTED, PLAIN) values ('772aef36-652e-432b-bfe3-c8c73dcdd9bc', null, 'Topics of special interest.')
insert into KS_RICH_TEXT_T (ID, FORMATTED, PLAIN) values ('408d6490-5868-460f-96c2-29cbdf6c436f', null, 'Explores the formative literature, theories, research approaches, and history of American Studies.')
insert into KS_RICH_TEXT_T (ID, FORMATTED, PLAIN) values ('f3266b66-6020-4ffc-bc23-31d01d40ce08', null, 'Advanced instruction interdisciplinary research strategies, bibliography, and the structure of systems of scholarly communication in the fields and subfields of American Studies.')
insert into KS_RICH_TEXT_T (ID, FORMATTED, PLAIN) values ('95679153-55aa-4979-8161-292e8f8c1019', null, 'Builds on AMST601 and explores contemporary literature, theory, and intellectual issues in American Studies.')
insert into KS_RICH_TEXT_T (ID, FORMATTED, PLAIN) values ('a588b92c-4b95-4c05-8a29-a438e2f87b5a', null, 'Provides students a basic understanding of museums as culturarl and intellectual institutions. Topics include the historical development of museums, museums as resources for scholarly study, and the museum exhibition as medium for presentation of scholarship.')
insert into KS_RICH_TEXT_T (ID, FORMATTED, PLAIN) values ('bf1032e9-360d-4080-8b93-e2e46dec7c96', null, 'This course is designed to provide students with the opportunity to pursue independent, interdisciplinary research and reading in specific aspects of American culture under the supervision of a faculty member.')
insert into KS_RICH_TEXT_T (ID, FORMATTED, PLAIN) values ('f59edf29-51b5-4dfe-a757-79cc75ab60e3', null, 'A research writing seminar that provides students with an opportunity to complete an original research project to gain experience in related scholarly activities (proposing and configuring research and making conference-style presentation).')
insert into KS_RICH_TEXT_T (ID, FORMATTED, PLAIN) values ('3070ff0f-6974-4d1d-a339-d5abb3e27fa5', null, 'A research seminar that provides students an opportunity to survey the principal approaches to studying a cultural landscape, learn how to apply and adapt a field research method, and produce a primary research report on a cultural landscape of their choice.')
insert into KS_RICH_TEXT_T (ID, FORMATTED, PLAIN) values ('140ca2e5-499a-45e5-a957-ee03603621b3', null, 'A research seminar focusing on the practice and presentation of cultura  and historical scholarship in museums and historical sites. Students will complete an original research project on the challenges and opportunities of public exhibition and interpretation of cultural and historical research.')
insert into KS_RICH_TEXT_T (ID, FORMATTED, PLAIN) values ('af23c2c0-4018-4313-bdfb-7776a5c5a1c7', null, 'Students devise and carry out a research program using the collections at the Smithsonian Institution or some other cooperating museum, working under joint supervision of a museum professional and a university faculty member.')
insert into KS_RICH_TEXT_T (ID, FORMATTED, PLAIN) values ('dc137f92-5340-43bf-9009-4a951e7d315c', null, 'A survey of Asian American literature with an emphasis on recurrent themes and historical context.')
insert into KS_RICH_TEXT_T (ID, FORMATTED, PLAIN) values ('bb10e06c-985c-4578-959a-014925adedb5', null, 'An introductory multidisciplinary and interdisciplinary educational experience to explore issues relevant to Asian American life, cultural experiences, and political, economic, and artistic development.')
insert into KS_RICH_TEXT_T (ID, FORMATTED, PLAIN) values ('ad21e6fc-a57d-457c-81a4-1858c361889d', null, 'Field experience in professional organizations and appropriate private and governmental agencies serving the Asian American community.')
insert into KS_RICH_TEXT_T (ID, FORMATTED, PLAIN) values ('276dd520-a3cf-430b-9122-90595ab38f43', null, 'Directed research in Asian American Studies resulting in the completion of a thesis.')
insert into KS_RICH_TEXT_T (ID, FORMATTED, PLAIN) values ('95626421-5208-4607-bd14-3bd5eac1732d', null, 'Study of a specific theme or issue involving the Asian America experience.')
insert into KS_RICH_TEXT_T (ID, FORMATTED, PLAIN) values ('2784f0ba-6240-4dea-bc06-1946248a8de0', null, 'Analysis of race-related issues, with a primary focus on American society. The historical emergence, development, and institutionalization of racism; the impact of racism on its victims; and racially based conflict.')
insert into KS_RICH_TEXT_T (ID, FORMATTED, PLAIN) values ('d4b8f13a-0132-4143-bca6-5e6218f2d701', null, 'Advanced study of the cultural and historical antecedents of contemporary Asian American society. Emphasis on the social, political, economic, and behavioral factors affecting Asian Americans and their communities.')
insert into KS_RICH_TEXT_T (ID, FORMATTED, PLAIN) values ('110e43c9-e51f-464f-893c-d21d5153b81b', null, 'Significant aspects of the history of African Americans with particular emphasis on the evolution and development of black communities from slavery to the present. Interdisciplinary introduction to social, political, legal and economic roots of contemporary problems faced by blacks in the United States with applications to the lives of other racial and ethnic minorities in the Americas and in other societies.')
insert into KS_RICH_TEXT_T (ID, FORMATTED, PLAIN) values ('94c048e6-3208-401c-bd2d-b0bb8127b10e', null, 'The impact of public policies on the black community and the role of the policy process in affecting the social, economic and political well-being of minorities. Particular attention given to the post-1960 to present era.')
insert into KS_RICH_TEXT_T (ID, FORMATTED, PLAIN) values ('4a7721fc-b10d-497a-b713-e6d1b8bcdd24', null, 'A survey of African civilizations from 4500 B.C. to present. Analysis of traditional social systems. Discussion of the impact of European colonization on these civilizations. Analysis of the influence of traditional African social systems on modern African institutions as well as discussion of contemporary processes of Africanization.')
insert into KS_RICH_TEXT_T (ID, FORMATTED, PLAIN) values ('1ccd09dd-8a12-4561-9567-6aafe94f342e', null, 'The course examines important aspects of African American life and thought which are reflected in African American literature, drama, music and art. Beginning with the cultural heritage of slavery, the course surveys the changing modes of black creative expression from the 19th-century to the present.')
insert into KS_RICH_TEXT_T (ID, FORMATTED, PLAIN) values ('3e5c8adc-ce48-4bbf-ab89-8c6bab8f3dc2', null, 'Introduces African American Studies majors to the basic research skills methodologies, sources, and repositories for studying African Diaspora. Students will be required to select a research topic, write a research proposal, develop an annotated bibliography, and in the process will be prepared for completing their senior thesis or other significant writing projects necessary to fulfill the requirements of the major.')
insert into KS_RICH_TEXT_T (ID, FORMATTED, PLAIN) values ('58171da1-d680-455c-87be-0eeab2db5a59', null, 'An introductory multi-disciplinary and inter-disciplinary educational experience to explore issues relevant to black life, cultural experiences, and political, economic, and artistic development.')
insert into KS_RICH_TEXT_T (ID, FORMATTED, PLAIN) values ('9ef9b696-88dd-46d6-b5d2-3580510427bc', null, 'Development and application of the tools needed for examining the effectiveness of alternative policy options confronting minority communities. Review policy research methods used in forming and evaluating policies. Examination of the policy process.')
insert into KS_RICH_TEXT_T (ID, FORMATTED, PLAIN) values ('48b56c12-dfba-404a-956d-34e848cc26b9', null, 'Introduction to statistics and database processing software used in model estimation and simulation in policy analysis. Special emphasis on applications for applied research on policy problems confronting minority communities.')
insert into KS_RICH_TEXT_T (ID, FORMATTED, PLAIN) values ('dff540a4-bac1-4712-9776-7040ae923588', null, 'Theories and concepts in the social and behavioral sciences relating to problems in minority communities. Issues include validity and soundness of theoretical arguments, epistemological questions of various methodologies and the relationship between policy making and policy research.')
insert into KS_RICH_TEXT_T (ID, FORMATTED, PLAIN) values ('093eaffb-0f61-4bfe-8a68-f0d4f69bf711', null, 'The relationship of the slave trade of Africans to the development of British capitalism and its industrial revolution; and to the economic and social development of the Americas.')
insert into KS_RICH_TEXT_T (ID, FORMATTED, PLAIN) values ('3248e505-410d-49c1-bd49-0d216c9acb2c', null, 'Black American women''s history is examined from slavery to the present. The principal focus of the readings discussions and student assignments will be based upon gaining a fuller understanding of the effect of race, class and gender on the life cycles and multiple roles of Black women as mothers, daughters, wives, workers and social change agents. A variety of primary source materials on black women''s experiences will be utilized.')
insert into KS_RICH_TEXT_T (ID, FORMATTED, PLAIN) values ('45ffc1f6-324f-4fc8-a403-8343f50e8686', null, 'Survey of the twentieth century civil rights movement from the desegregation of UM Law School through the National Black Political Congress in Gary in 1972. Major themes include leadership, legal and constitutional challenges, non-violence, Black Power, Pan-Africanism.')
insert into KS_RICH_TEXT_T (ID, FORMATTED, PLAIN) values ('0d015871-2a71-4471-a695-09de5cb32713', null, 'A research seminar that allows African American Studies majors to complete an independent study research project in lieu of completing the AASP397: Senior Thesis. Students will examine various concepts of race, gender, labor and ethnicity in the seminar lecture component to be applied toward their specific research projects.')
insert into KS_RICH_TEXT_T (ID, FORMATTED, PLAIN) values ('22d1eac6-c431-4816-b3e4-2c81fa1581ce', null, 'Directed research in African American Studies resulting in the completion and defense of a senior thesis.')
insert into KS_RICH_TEXT_T (ID, FORMATTED, PLAIN) values ('7bc2b809-3701-402c-b292-f90f09c492b2', null, 'Analysis of the historical experiences and cultures of Africans in the diaspora.')
insert into KS_RICH_TEXT_T (ID, FORMATTED, PLAIN) values ('a4e52312-e762-423c-901b-af200e907088', null, 'The readings will be directed by the faculty of African American Studies. Topics to be covered will be chosen to meet the needs and interests of individual students.')
insert into KS_RICH_TEXT_T (ID, FORMATTED, PLAIN) values ('55effe34-4478-4006-965e-0f0fba601c50', null, 'Classic readings of the social, economic and political status of blacks and other minorities in the United States and the Americas.')
insert into KS_RICH_TEXT_T (ID, FORMATTED, PLAIN) values ('472da2bc-c593-425c-b95e-ddad27d5c8ae', null, 'Scientific knowledge and skills in solving technological and social problems, particularly those faced by the black community. Examines the evolution and development of African and African American contributions to science. Surveys the impact of technological changes on minority communities.')
insert into KS_RICH_TEXT_T (ID, FORMATTED, PLAIN) values ('56863ff2-7b31-47eb-8d5d-6d9f04177e30', null, 'The relationship between black Americans and the law, particularly criminal law, criminal institutions and the criminal justice system. Examines historical changes in the legal status of blacks and changes in the causes of racial disparities in criminal involvement and punishments.')
insert into KS_RICH_TEXT_T (ID, FORMATTED, PLAIN) values ('dd0a09cf-d0f8-453c-9605-72661f1cb15f', null, 'Cultural, historical and artistic dimensions of the African experience in Africa and the Americas.')
insert into KS_RICH_TEXT_T (ID, FORMATTED, PLAIN) values ('a674dd70-6036-4637-92a8-021c7d2dea51', null, 'Examining the historical, economic, social, and scholarly construction of African American family structures. The problematization of "Black matriarchy," hetero- and homosexuality, bi-racialism, and other efforts to "normalize" African Americans to conform to Eurocentric and religious concepts of family will be critically analyzed.')
insert into KS_RICH_TEXT_T (ID, FORMATTED, PLAIN) values ('272b6264-86b2-4455-848b-987ac4e0e173', null, 'Advanced study of the cultural and historical antecedents of contemporary African and African American society. Emphasis on the social, political, economic and behavioral factors affecting blacks and their communities. Topics vary.')
insert into KS_RICH_TEXT_T (ID, FORMATTED, PLAIN) values ('8681e7fb-9fd1-4901-9a6f-2854b1de0ae5', null, 'Examination of specific areas of policy development and evaluation in black and other communities. Application of advanced tools of policy analysis, especially quantitative, statistical and micro-economic analysis.')
insert into KS_RICH_TEXT_T (ID, FORMATTED, PLAIN) values ('094e8490-197e-4d81-8e9b-6bcbff542758', null, 'This course explores the role of race in social policy formation and emphasizes the importance of both political institutions and economic relations as determinants of the policy making process and context.')
insert into KS_RICH_TEXT_T (ID, FORMATTED, PLAIN) values ('1b2eb5ff-333a-44a3-9864-299230e550b7', null, 'The aggregate experience of Asian Pacific Americans, from developments in the countries of origin to their contemporary issues. The histories of Asian Pacific American groups as well as culture, politics, the media, and stereotypes, viewed from an interdisciplinary perspective.')
insert into KS_RICH_TEXT_T (ID, FORMATTED, PLAIN) values ('3bd70ed8-d64e-47e3-8264-6addd266c54d', null, 'Introduction to the history of Asian Americans in the United States and the Americas and to the field of Asian American Studies, from an interdisciplinary perspective. Topics include theories of race and ethnicity; Asian migration and diaspora to the Americas; Asian American work and labor issues; gender, family, and communities; nationalism and nativism, and anti-Asian movements; Asian Americans, World War II, the Cold War, and the issues in the civil rights & post-civil rights era.')
insert into KS_RICH_TEXT_T (ID, FORMATTED, PLAIN) values ('bc000951-3e49-4f85-a864-f7688b201e5e', null, 'Introduction to the history of Asian Americans in the United States and the Americas and to the field of Asian American Studies, from an interdisciplinary perspective. Topics include theories of race and ethnicity; Asian migration and diaspora to the Americas; Asian American work and labor issues; gender, family, and communities; nationalism and nativism, and anti-Asian movements; Asian Americans, World War II, the Cold War, and the issues in the civil rights & post-civil rights era.')
insert into KS_RICH_TEXT_T (ID, FORMATTED, PLAIN) values ('edd11737-aa46-43fe-b4b2-5a429649efd8', null, 'Concepts involved in planning and executing nonformal educational programs developed to meet the needs of youth. Emphasize the identification of opportunities; needs, and problems of youth in all socioeconomic levels; analysis of methods of working with youth groups and developing volunteer staff.')
insert into KS_RICH_TEXT_T (ID, FORMATTED, PLAIN) values ('601002d1-2cab-424b-a551-ab9025eccb5e', null, 'A survey reading course. Plots the global progression of agriculture toward industrialization and conflicts along the way. Reviews major trends, highlights contrasting perspectives, and reviews contemporary issues in agriculture and agricultural development.')
insert into KS_RICH_TEXT_T (ID, FORMATTED, PLAIN) values ('adc153f9-b9a9-421d-87a9-b725c52c5b53', null, 'Undergraduate honors thesis research conducted under the direction of an AGNR faculty member in partial fulfillment of the requirements of the College of AGNR Honors Program. The thesis will be defended to a faculty committee.')
insert into KS_RICH_TEXT_T (ID, FORMATTED, PLAIN) values ('f412c3e0-d601-4db6-bf55-bb2172c6f0a5', null, 'Examination of the social and ethical issues that shape extension''s rol in the agriculture sector of countries worldwide and that determine its contribution to international development. Review of a wide range of literature from scholars, governments, and international organizations.')
insert into KS_RICH_TEXT_T (ID, FORMATTED, PLAIN) values ('792616b6-6ce3-4cb1-92bf-6002996ca4c9', null, 'Immersion-based, intensive course of study in a foreign agricultural education setting. UM Students will study with local students in a variety of University classes and field experiences in agriculture, natural resources and environmental sciences, laboratory science, economics, education technology, etc. Students will learn customs, culture and language of the host country.')
insert into KS_RICH_TEXT_T (ID, FORMATTED, PLAIN) values ('21d6e3c3-cde3-41fc-9b83-6ebbad3557ed', null, 'Immersion-based, intensive course of study in a foreign agricultural setting. Students may expect to have university classes and field experiences in one or more agriculture and natural resource disciplines. Students will learn about the culture and customs of the host country as well as undertake at least an introductory language course.')
insert into KS_RICH_TEXT_T (ID, FORMATTED, PLAIN) values ('9f47a080-d111-4096-84a8-c390e851163e', null, 'Credit according to time scheduled and organization of the course. A lecture series organized to study in depth a selected phase of agriculture not normally associated with one of the existing programs.')
insert into KS_RICH_TEXT_T (ID, FORMATTED, PLAIN) values ('5261cea7-c3f1-4413-a219-d8ba6b7a3a0e', null, 'An introduction to American popular culture, its historical development, and its role as a reflection of and influence on our culture and society.')
insert into KS_RICH_TEXT_T (ID, FORMATTED, PLAIN) values ('b0766694-5d6c-42db-9b20-3473fe182c1d', null, 'Exploration of the American film from a historical perspective, illustrating the motion picture''s role as an institutional phenomenon, as a form of communication, and as a source of cross-cultural study.')
insert into KS_RICH_TEXT_T (ID, FORMATTED, PLAIN) values ('c6743655-7369-4480-bd77-9030fca49c92', null, 'Historical survey of American material culture. Ways of describing and interpreting accumulated material evidence (e.g., buildings, town plans) introduced by stressing relationship between artifact and culture.')
insert into KS_RICH_TEXT_T (ID, FORMATTED, PLAIN) values ('3986fe0a-f2ab-4443-be4e-3cffc70534f3', null, 'World views, values, and social systems of contemporary American cultures explored through readings on selected groups such as middle-class suburbanites, old order Amish, and urban tramps.')
insert into KS_RICH_TEXT_T (ID, FORMATTED, PLAIN) values ('fa4c2fe9-5960-4f36-98d5-710f9fa03fce', null, 'Exploration of the role of diversity in the shaping of American culture. Special emphasis will be placed on the multicultural origins of American popular and material culture, such as foodways and entertainment, and on the experience of "Americanization."')
insert into KS_RICH_TEXT_T (ID, FORMATTED, PLAIN) values ('823d8a67-415a-477e-af6b-1d5950b08603', null, 'Examines the ways in which content and form of public information interact with the culture, families & individuals.')
insert into KS_RICH_TEXT_T (ID, FORMATTED, PLAIN) values ('0adbc3d5-1b91-43c1-aa9f-237d374daf86', null, 'Cultural study of a specific theme or issue involving artifacts and documents from both past and contemporary American experience.')
insert into KS_RICH_TEXT_T (ID, FORMATTED, PLAIN) values ('c4cb56e4-512e-43a0-b7ad-fe73557fe10e', null, 'Philosophies of American social purpose and promise. Readings from "classical" American thinkers, contemporary social commentators, and American studies scholars.')
insert into KS_RICH_TEXT_T (ID, FORMATTED, PLAIN) values ('2a6e92cb-e793-4789-bb37-bbfbf92db867', null, 'Introduction to the process of interdisciplinary research, including research literatures, questions, first-hand sources and library and analytic methods in American Studies. Each student will craft a prospectus for original research.')
insert into KS_RICH_TEXT_T (ID, FORMATTED, PLAIN) values ('a28be30b-1286-4c40-a4b0-0e6dcf1486a4', null, 'Individual research, thesis and oral defense. The research project will be conducted under the supervision of a faculty member.')
insert into KS_RICH_TEXT_T (ID, FORMATTED, PLAIN) values ('8a6edbe9-de60-452a-877e-d513ba3581d1', null, 'Provides the student with the opportunity to pursue independent, interdisciplinary research and reading in specific areas of American culture studies.')
insert into KS_RICH_TEXT_T (ID, FORMATTED, PLAIN) values ('d5e59d71-fac4-4695-910c-5937f819dec7', null, 'Examination of structure and development of American culture through themes such as "growing up American," "culture and mental disorders," "race," "ethnicity," "regionalism," "landscape," and "humor."')
insert into KS_RICH_TEXT_T (ID, FORMATTED, PLAIN) values ('1ad02a8a-621b-4eb1-840d-93a393846653', null, 'Topics in popular culture studies, including the examination of particular genres, themes, and issues.')
insert into KS_RICH_TEXT_T (ID, FORMATTED, PLAIN) values ('e513ae6e-bd86-43e0-9629-b56e14596223', null, 'An introduction to mathematical dynamics and chaos. Orbits, bifurcations, Cantor sets and horseshoes, symbolic dynamics, fractal dimension, notions of stability, flows and chaos. Includes motivation and historical perspectives, as well as examples of fundamental maps studied in dynamics and applications of dynamics.')
insert into KS_RICH_TEXT_T (ID, FORMATTED, PLAIN) values ('e1e24570-ebb8-4eca-aa18-a1ec61636928', null, 'Basic computational methods for interpolation, least squares, approximation, numerical quadrature, numerical solution of polynomial and transcendental equations, systems of linear equations and initial value problems for ordinary differential equations. Emphasis on methods and their computational properties rather than their analytic aspects. Intended primarily for students in the physical and engineering sciences.')
insert into KS_RICH_TEXT_T (ID, FORMATTED, PLAIN) values ('d5b428f6-8e91-47ad-acfb-4d91677797e4', null, 'Floating point computations, direct methods for linear systems, interpolation, solution of nonlinear equations.')
insert into KS_RICH_TEXT_T (ID, FORMATTED, PLAIN) values ('60608680-942c-4ff9-aa14-4b0163a588d4', null, 'Advanced topics in numerical linear algebra, such as dense eigenvalue problems, sparse elimination, iterative methods, and other topics.')
insert into KS_RICH_TEXT_T (ID, FORMATTED, PLAIN) values ('5bca8955-b0a8-42cf-aac0-e6e39e2faca2', null, 'Modern numerical methods for solving unconstrained and constrained nonlinear optimization problems in finite dimensions. Design of computational algorithms and the analysis of their properties.')
insert into KS_RICH_TEXT_T (ID, FORMATTED, PLAIN) values ('47bfd8c8-b624-4e7a-9bfc-55ba1b62df21', null, 'Finite difference methods for elliptic, parabolic, and hyperbolic partial differential equations. Additional topics such as spectral methods, variational methods for elliptic problems, stability theory for hyperbolic initial-boundary value problems, and solution methods for conservation laws.')
insert into KS_RICH_TEXT_T (ID, FORMATTED, PLAIN) values ('9ff34f6e-994a-484a-9284-bca710c3a97e', null, 'Tools and techniques of computational linear algebra for applications. Topics include: linear systems and least squares problems, error analysis, accuracy and stability, matrix decompositions, iterative solvers, Krylov subspace methods, symmetric and non-symmetric eigenvalue problems, singular value decomposition.')
insert into KS_RICH_TEXT_T (ID, FORMATTED, PLAIN) values ('a05fbec9-c1ba-42b6-8aff-b8fe7ba23084', null, 'Variational formulations of linear and nonlinear elliptic boundary value problems; formulation of the finite element method; construction of finite element subspaces; error estimates; eigenvalue problems; time dependent problems.')
insert into KS_RICH_TEXT_T (ID, FORMATTED, PLAIN) values ('32ad88ad-a819-43ff-8b65-c4e03ae6ce14', null, 'Introduction to current signal/image processing techniques, including wavelets and frames, in the context of applied and numerical harmonic analysis. Topics include time-frequency and time-scale representations, sub-band filterbanks, and applications to compression and denoising.')
insert into KS_RICH_TEXT_T (ID, FORMATTED, PLAIN) values ('632ba631-ba27-469e-ab43-7f17fb5e6609', null, 'Monte Carlo simulation, numerical linear algebra, nonlinear systems and continuation method, optimization, ordinary differential equations. Fundamental techniques in scientific computation with an introduction to the theory and software of each topic.')
insert into KS_RICH_TEXT_T (ID, FORMATTED, PLAIN) values ('7f9c7a84-1e25-43ca-925f-200ce1ca0892', null, 'Fourier and wavelet transform methods, numerical methods for elliptic partial differential equations, numerical linear algebra for sparse matrices. Finite element methods, numerical methods for tiem dependent partia l differential equations. Techniques for scientific computation with an introduction to the theory and software for each topic. Course is part of a two course sequence (660 and 661), but can be taken independently.')
insert into KS_RICH_TEXT_T (ID, FORMATTED, PLAIN) values ('59628c72-f3f3-4e3e-b3d2-c9531cd1b2c1', null, 'This course presents fundamental issues of computer hardware, software, parallel computing, and scientific data management for programming for scientific computation.')
insert into KS_RICH_TEXT_T (ID, FORMATTED, PLAIN) values ('7d7b8605-3f67-4429-be93-5021d753a322', null, 'In the sequence MAPL 663, MAPL 664 students work on a year-long individual project to develop software for a scientific task in a high perfomance computing environment. Lectures will be given on available computational environments, code development, implementation of parallel algorithms.')
insert into KS_RICH_TEXT_T (ID, FORMATTED, PLAIN) values ('903a9bb2-c3cd-4660-b84a-b05ae6bd8992', null, 'In the sequence MAPL 663, MAPL 664 students work on a year-long individual project to develop software for a scientific task in a high perfomance computing environment. Lectures will be given on available computational environments, code development, implementation of parallel algorithms.')
insert into KS_RICH_TEXT_T (ID, FORMATTED, PLAIN) values ('60047f4d-b18c-4e0b-96a7-60c242c8e1a0', null, 'In the sequence MAPL 663, MAPL 664 students work on a year-long individual project to develop software for a scientific task in a high performance computing environment. Lectures will be given on code development and validation, parallel algorithms for partial differential equations, nonlinear systems, optimization.')
insert into KS_RICH_TEXT_T (ID, FORMATTED, PLAIN) values ('53980ee9-6063-46f7-a43d-5c259b9ff952', null, 'Iterative methods for linear systems, piecewise interpolation, eigenvalue problems, numerical integration.')
insert into KS_RICH_TEXT_T (ID, FORMATTED, PLAIN) values ('abd7318c-fd3d-4aa9-ac30-332554b6aeb2', null, 'Nonlinear systems of equations, ordinary differential equations, boundary value problems.')
insert into KS_RICH_TEXT_T (ID, FORMATTED, PLAIN) values ('993715a1-0d43-4688-b174-63f94c397c97', null, 'Existence and uniqueness, linear systems usually with Floquet theory for periodic systems, linearization and stability, planar systems usually with Poincare-Bendixson theorem.')
insert into KS_RICH_TEXT_T (ID, FORMATTED, PLAIN) values ('c2586334-2f80-4891-aeb4-3ac617ce871b', null, 'The content of this course varies with the interests of the instructor and the class. Stability theory, control, time delay systems, Hamiltonian systems, bifurcation theory, and boundary value problems.')
insert into KS_RICH_TEXT_T (ID, FORMATTED, PLAIN) values ('4ef2aad6-dfbc-4ea0-bc08-302c1653f647', null, 'Analysis of boundary value problems for Laplace''s equation, initial value problems for the heat and wave equations. Fundamental solutions, maximum principles, energy methods. First order nonlinear PDE, conservation laws. Characteristics, shock formation, weak solutions. Distributions, Fourier transform.')
insert into KS_RICH_TEXT_T (ID, FORMATTED, PLAIN) values ('ee0a76ec-002d-4e38-9934-202154b7ebab', null, 'Boundary value problems for elliptic partial differential equations via operator-theoretic methods. Hilbert spaces of functions. Duality, weak convergence. Sobolev spaces. Spectral theory of compact operators. Eigenfunction expansions.')
insert into KS_RICH_TEXT_T (ID, FORMATTED, PLAIN) values ('baa98141-3fd9-45f9-8e1b-afca879cd618', null, 'The students participate in a vertically integrated (undergraduate, graduate and/or postdoctoral, faculty) research group. Format varies, but includes regular meetings, readings and presentations of material. See graduate program''s online syllabus or contact the graduate program director for more information.')
insert into KS_RICH_TEXT_T (ID, FORMATTED, PLAIN) values ('cf94f50b-3313-4f1d-a654-acfb751f7f07', null, 'Lectures, experimental courses, and other special subjects in the fields of animal sciences and veterinary medicine.')


// CluIdentifier
INSERT INTO KSLU_CLU_IDENT (ID, CD, DIV, LVL, LNG_NAME, SHRT_NAME, ST, TYPE, VARTN) VALUES ('IDENT-1', 'Code', 'Division', 'Level', 'Long Name', 'Shortname', 'State', 'Type', 'Variation')
INSERT INTO KSLU_CLU_IDENT (ID, CD, DIV, LVL, LNG_NAME, SHRT_NAME, ST, TYPE, VARTN) VALUES ('IDENT-2', 'Code', 'Division', 'Level', 'Long Name', 'Shortname', 'State', 'Type', 'Variation')
insert into KSLU_CLU_IDENT (ID, CD, DIV, LVL, LNG_NAME, SHRT_NAME, ST, TYPE, VARTN) values ('37ecfd9e-b65d-4909-bdc5-6b1300447889', 'AAST233', null, '200', 'Introduction to Asian American Literature', 'INTRO ASIAN AMERICAN LIT', null, null, null)
insert into KSLU_CLU_IDENT (ID, CD, DIV, LVL, LNG_NAME, SHRT_NAME, ST, TYPE, VARTN) values ('4abfaa4f-fce3-44db-83ec-e3845f9b5749', 'AAST298', null, '200', 'Special Topics in Asian American Studies; Filipino American Studies', 'FILIPINO AMER STUDIES', null, null, null)
insert into KSLU_CLU_IDENT (ID, CD, DIV, LVL, LNG_NAME, SHRT_NAME, ST, TYPE, VARTN) values ('050e4960-e099-4fba-b0dc-37fadb0e7a1a', 'AAST378', null, '300', 'Experiential Learning', 'EXPERIENTIAL LEARNING', null, null, null)
insert into KSLU_CLU_IDENT (ID, CD, DIV, LVL, LNG_NAME, SHRT_NAME, ST, TYPE, VARTN) values ('d54ab513-eb6e-4d6d-9099-6bc75472d526', 'AAST388', null, '300', 'Independent Research', 'INDEPENDENT RESEARCH', null, null, null)
insert into KSLU_CLU_IDENT (ID, CD, DIV, LVL, LNG_NAME, SHRT_NAME, ST, TYPE, VARTN) values ('8f3f30c3-7fe1-43e2-84dc-10a038f520ad', 'AAST398', null, '300', 'Selected Topics in Asian American Studies; Filipino American History and Biography', 'FILLIPINO AM HIST BIO', null, null, null)
insert into KSLU_CLU_IDENT (ID, CD, DIV, LVL, LNG_NAME, SHRT_NAME, ST, TYPE, VARTN) values ('45d2364e-77db-4953-9204-7adf461ff25e', 'AAST424', null, '400', 'Sociology of Race Relations', 'SOCY OF RACE RELATIONS', null, null, null)
insert into KSLU_CLU_IDENT (ID, CD, DIV, LVL, LNG_NAME, SHRT_NAME, ST, TYPE, VARTN) values ('76a9c21c-cfd4-47d7-a653-f104e648b575', 'AAST498', null, '400', 'Advanced Topics in Asian American Studies; Model Minorities and Black Americans', 'MDL MINORITIES & BLK AM', null, null, null)
insert into KSLU_CLU_IDENT (ID, CD, DIV, LVL, LNG_NAME, SHRT_NAME, ST, TYPE, VARTN) values ('ea41403d-6db1-44d5-a423-0aabffdeb90b', 'AASP100', null, '100', 'Introduction to African American Studies', 'INTRO AFRICAN AMER STUDY', null, null, null)
insert into KSLU_CLU_IDENT (ID, CD, DIV, LVL, LNG_NAME, SHRT_NAME, ST, TYPE, VARTN) values ('d1ae67c7-93a6-4163-836b-2fe2646e61bb', 'AASP101', null, '100', 'Public Policy and the Black Community', 'PUB POL&BLACK COMMUNITY', null, null, null)
insert into KSLU_CLU_IDENT (ID, CD, DIV, LVL, LNG_NAME, SHRT_NAME, ST, TYPE, VARTN) values ('7c1a6962-b2d5-4c45-b200-fc159b18ad11', 'AASP200', null, '200', 'African Civilization', 'AFRICAN CIVILIZATION', null, null, null)
insert into KSLU_CLU_IDENT (ID, CD, DIV, LVL, LNG_NAME, SHRT_NAME, ST, TYPE, VARTN) values ('763177cc-1770-42c8-bb24-988e1a648b1c', 'AASP202', null, '200', 'Black Culture in the United States', 'BLACK CULTURE IN US', null, null, null)
insert into KSLU_CLU_IDENT (ID, CD, DIV, LVL, LNG_NAME, SHRT_NAME, ST, TYPE, VARTN) values ('8ed5ea45-55f8-4bd3-bcf1-7f0e22e5e327', 'AASP297', null, '200', 'Research Methods in African American Studies', 'RESEARCH METHODS IN AASP', null, null, null)
insert into KSLU_CLU_IDENT (ID, CD, DIV, LVL, LNG_NAME, SHRT_NAME, ST, TYPE, VARTN) values ('4115971e-b188-4be8-be79-b249c159ab44', 'AASP298', null, '200', 'Special Topics in African American Studies; Jazz as a Cultural Art Form', 'JAZZ AS ART FORM', null, null, null)
insert into KSLU_CLU_IDENT (ID, CD, DIV, LVL, LNG_NAME, SHRT_NAME, ST, TYPE, VARTN) values ('3f9f8e43-ca37-4187-bcda-337052fd4c2c', 'AASP301', null, '300', 'Applied Policy Analysis and the Black Community', 'APP POL ANLYS&BLCK COMM', null, null, null)
insert into KSLU_CLU_IDENT (ID, CD, DIV, LVL, LNG_NAME, SHRT_NAME, ST, TYPE, VARTN) values ('47451dc5-63a4-46b8-9df6-e55fece0c28a', 'AASP303', null, '300', 'Computer Applications in African American Studies', 'COMPUTER APPL AASP', null, null, null)
insert into KSLU_CLU_IDENT (ID, CD, DIV, LVL, LNG_NAME, SHRT_NAME, ST, TYPE, VARTN) values ('410cfd1f-417e-4d33-9a1c-82cdf9ec530e', 'AASP305', null, '300', 'Theoretical, Methodological and Policy Research Issues in African American Studies', 'THEOR,METH,POL RSRCH', null, null, null)
insert into KSLU_CLU_IDENT (ID, CD, DIV, LVL, LNG_NAME, SHRT_NAME, ST, TYPE, VARTN) values ('322d6982-60d2-4e4c-9f74-5312c2307511', 'AASP310', null, '300', 'African Slave Trade', 'AFR SLAVE TRADE', null, null, null)
insert into KSLU_CLU_IDENT (ID, CD, DIV, LVL, LNG_NAME, SHRT_NAME, ST, TYPE, VARTN) values ('268dcbfc-16b9-492a-9db0-e1bf912c53a4', 'AASP313', null, '300', 'Black Women in United States History', 'BLK WOMEN IN US HISTORY', null, null, null)
insert into KSLU_CLU_IDENT (ID, CD, DIV, LVL, LNG_NAME, SHRT_NAME, ST, TYPE, VARTN) values ('da283406-b9ac-4976-9795-20086827549d', 'AASP314', null, '300', 'The Civil Rights Movement', 'CIVIL RIGHTS MOVEMENT', null, null, null)
insert into KSLU_CLU_IDENT (ID, CD, DIV, LVL, LNG_NAME, SHRT_NAME, ST, TYPE, VARTN) values ('bfd64eb3-1d93-462e-9528-a69af1f443f2', 'AASP396', null, '300', 'Independent Study Non-Thesis Option', 'IND STUDY NON-THESIS OPT', null, null, null)
insert into KSLU_CLU_IDENT (ID, CD, DIV, LVL, LNG_NAME, SHRT_NAME, ST, TYPE, VARTN) values ('6a985b70-3ad7-4d4f-ab9a-be0df8ef3f86', 'AASP397', null, '300', 'Senior Thesis', 'SENIOR THESIS', null, null, null)
insert into KSLU_CLU_IDENT (ID, CD, DIV, LVL, LNG_NAME, SHRT_NAME, ST, TYPE, VARTN) values ('5588beb4-2f9f-44f0-9623-b6d132e72156', 'AASP398', null, '300', 'Selected Topics in the African Diaspora; Issues in African Development', 'ISSUES IN AFR DEVELP', null, null, null)
insert into KSLU_CLU_IDENT (ID, CD, DIV, LVL, LNG_NAME, SHRT_NAME, ST, TYPE, VARTN) values ('cdf983c3-f30b-4a00-b2b3-b4659435549a', 'AASP400', null, '400', 'Directed Readings in African American Studies', 'RDGS AFRICAN AM STUDY', null, null, null)
insert into KSLU_CLU_IDENT (ID, CD, DIV, LVL, LNG_NAME, SHRT_NAME, ST, TYPE, VARTN) values ('d17d1126-1463-404e-9258-eee8752c7965', 'AASP402', null, '400', 'Classic Readings in African American Studies', 'CLASSIC RDG AASP', null, null, null)
insert into KSLU_CLU_IDENT (ID, CD, DIV, LVL, LNG_NAME, SHRT_NAME, ST, TYPE, VARTN) values ('86a1c5e2-2218-4cf6-a563-8d1e7039b5a9', 'AASP441', null, '400', 'Science, Technology, and the Black Community', 'SCI TECH&BLACK COMMUNITY', null, null, null)
insert into KSLU_CLU_IDENT (ID, CD, DIV, LVL, LNG_NAME, SHRT_NAME, ST, TYPE, VARTN) values ('082a0869-7b5b-4ffe-bc83-fbfd553caaa4', 'AASP443', null, '400', 'Blacks and the Law', 'BLACKS & THE LAW', null, null, null)
insert into KSLU_CLU_IDENT (ID, CD, DIV, LVL, LNG_NAME, SHRT_NAME, ST, TYPE, VARTN) values ('b7b09665-96d5-43fd-92e7-299a48d0f2c3', 'AASP468', null, '400', 'Special Topics in Africa and the Americas; Social Inequalities and Health in the African Diaspora', 'SOCIL INEQUALTIES & HLTH', null, null, null)
insert into KSLU_CLU_IDENT (ID, CD, DIV, LVL, LNG_NAME, SHRT_NAME, ST, TYPE, VARTN) values ('de23d5f3-12e1-42ae-b442-866ff97dfeff', 'AASP483', null, '400', 'Gender, Sexuality and the Black Family', 'GENDER, SEX & BLK FAMILY', null, null, null)
insert into KSLU_CLU_IDENT (ID, CD, DIV, LVL, LNG_NAME, SHRT_NAME, ST, TYPE, VARTN) values ('51080ae7-8e92-4466-9a2d-5efacb7a1a31', 'AASP498', null, '400', 'Special Topics in Black Culture; Washington and Prince George''s History, Culture, and Public Policy', 'DC AND PG HIST,CULT,POL', null, null, null)
insert into KSLU_CLU_IDENT (ID, CD, DIV, LVL, LNG_NAME, SHRT_NAME, ST, TYPE, VARTN) values ('3ca65e2c-e7ee-44b6-8a65-5fe404a6f0ae', 'AASP499', null, '400', 'Advanced Topics in Public Policy and the Black Community; Race, Poverty, Violence and the Juvenile Justice System: A The', 'JUVENILE JUSTICE SYSTEM', null, null, null)
insert into KSLU_CLU_IDENT (ID, CD, DIV, LVL, LNG_NAME, SHRT_NAME, ST, TYPE, VARTN) values ('41ef5b58-3b43-4c07-84fc-cfd54e083d73', 'AASP621', null, '600', 'Public Policy and Black Communities', 'PUB PLCY & BLACK COMM', null, null, null)
insert into KSLU_CLU_IDENT (ID, CD, DIV, LVL, LNG_NAME, SHRT_NAME, ST, TYPE, VARTN) values ('ccede96c-f989-4ccc-b9e0-71aa5f7c2ba7', 'AAST200', null, '200', 'Introduction to Asian American Studies', 'INTRO ASIAN AM STUDIES', null, null, null)
insert into KSLU_CLU_IDENT (ID, CD, DIV, LVL, LNG_NAME, SHRT_NAME, ST, TYPE, VARTN) values ('1c7719cc-a9d6-46d4-9722-7e8e658edec1', 'AAST201', null, '200', 'Asian American History', 'ASIAN AMERICAN HISTORY', null, null, null)
insert into KSLU_CLU_IDENT (ID, CD, DIV, LVL, LNG_NAME, SHRT_NAME, ST, TYPE, VARTN) values ('b0ba68f0-a167-480a-99c8-1d411c0a96a8', 'AAST201', null, '200', 'Asian American History', 'ASIAN AMERICAN HISTORY', null, null, null)
insert into KSLU_CLU_IDENT (ID, CD, DIV, LVL, LNG_NAME, SHRT_NAME, ST, TYPE, VARTN) values ('abfcd1a7-e11e-40d9-b13b-3c93447593f6', 'AGNR323', null, '300', 'Developing Youth Programs', 'DEVELOP YOUTH PROG', null, null, null)
insert into KSLU_CLU_IDENT (ID, CD, DIV, LVL, LNG_NAME, SHRT_NAME, ST, TYPE, VARTN) values ('a496ff91-f689-4ae9-bf33-3c5d813907d8', 'AGNR333', null, '300', 'Agriculture''s Progression toward Industrialization', 'AGRICULTURE''S PROGRESS', null, null, null)
insert into KSLU_CLU_IDENT (ID, CD, DIV, LVL, LNG_NAME, SHRT_NAME, ST, TYPE, VARTN) values ('42ec4a1b-882a-4c44-a4a8-e5f2c8e281e7', 'AGNR388', null, '300', 'Honors Thesis Research', 'HONORS THESIS RESEARCH', null, null, null)
insert into KSLU_CLU_IDENT (ID, CD, DIV, LVL, LNG_NAME, SHRT_NAME, ST, TYPE, VARTN) values ('4860ac38-685c-4274-b7db-a7cf39bc5071', 'AGNR400', null, '400', 'International Agricultural Extension and Development', 'INTL AG EXT & DEV', null, null, null)
insert into KSLU_CLU_IDENT (ID, CD, DIV, LVL, LNG_NAME, SHRT_NAME, ST, TYPE, VARTN) values ('ee785f14-ad4c-42c4-a726-8df3d6bd0c65', 'AGNR422', null, '400', 'International Agriculture Science and Culture', 'INTERNTNL AG SCIENCE', null, null, null)
insert into KSLU_CLU_IDENT (ID, CD, DIV, LVL, LNG_NAME, SHRT_NAME, ST, TYPE, VARTN) values ('f47616ec-c385-4ed8-9616-6cf8a7bf2909', 'AGNR423', null, '400', 'Exploring International Agriculture', 'AG ABROAD', null, null, null)
insert into KSLU_CLU_IDENT (ID, CD, DIV, LVL, LNG_NAME, SHRT_NAME, ST, TYPE, VARTN) values ('b97e60b0-ed49-4a60-9b8d-012a1db64a44', 'AGNR489', null, '400', 'Field Experience; Travel Study Seminar', 'TRAVEL STUDY SEMINAR', null, null, null)
insert into KSLU_CLU_IDENT (ID, CD, DIV, LVL, LNG_NAME, SHRT_NAME, ST, TYPE, VARTN) values ('ba9dd226-eafb-4bf0-8f5b-2619923ad590', 'AMST203', null, '200', 'Popular Culture in America', 'POP CULTUR IN AMER', null, null, null)
insert into KSLU_CLU_IDENT (ID, CD, DIV, LVL, LNG_NAME, SHRT_NAME, ST, TYPE, VARTN) values ('1267e3dd-efa7-4a23-97d5-a88d13de08d5', 'AMST204', null, '200', 'Film and American Culture Studies', 'FILM & AM CULTURE', null, null, null)
insert into KSLU_CLU_IDENT (ID, CD, DIV, LVL, LNG_NAME, SHRT_NAME, ST, TYPE, VARTN) values ('3870a90d-3975-4587-8e0b-17f8424cdee5', 'AMST205', null, '200', 'Material Aspects of American Life', 'MATERIAL ASPECTS AM LIFE', null, null, null)
insert into KSLU_CLU_IDENT (ID, CD, DIV, LVL, LNG_NAME, SHRT_NAME, ST, TYPE, VARTN) values ('cc32cf07-f7ae-4e2a-9b0c-fed65da9778f', 'AMST207', null, '200', 'Contemporary American Cultures', 'CONTEMP AMER CULTR', null, null, null)
insert into KSLU_CLU_IDENT (ID, CD, DIV, LVL, LNG_NAME, SHRT_NAME, ST, TYPE, VARTN) values ('071f1791-fcf1-4994-8409-02f1d9f6732a', 'AMST212', null, '200', 'Diversity in American Culture', 'DIVERSITY AMER CULTURE', null, null, null)
insert into KSLU_CLU_IDENT (ID, CD, DIV, LVL, LNG_NAME, SHRT_NAME, ST, TYPE, VARTN) values ('b313c150-3a14-4fdf-9984-8d30e2417957', 'AMST260', null, '200', 'American Culture in the Information Age', 'AM CULTURE IN INFO AGE', null, null, null)
insert into KSLU_CLU_IDENT (ID, CD, DIV, LVL, LNG_NAME, SHRT_NAME, ST, TYPE, VARTN) values ('da0e88c1-c022-4e1b-abe6-5089f876ca3c', 'AMST298', null, '200', 'Selected Topics in American Studies; Hip-Hop and Cultural Consciousness', 'HIP-HOP & CLTRL CNSCNSS', null, null, null)
insert into KSLU_CLU_IDENT (ID, CD, DIV, LVL, LNG_NAME, SHRT_NAME, ST, TYPE, VARTN) values ('8bb6e785-0c9f-4eeb-b0ec-8cf18b7af077', 'AMST330', null, '300', 'Critics of American Culture', 'CRITICS OF AM CULT', null, null, null)
insert into KSLU_CLU_IDENT (ID, CD, DIV, LVL, LNG_NAME, SHRT_NAME, ST, TYPE, VARTN) values ('ade4d0c6-4cd3-4e57-9d25-97fecf0e4c79', 'AMST340', null, '300', 'Introduction to History, Theories and Methods in American Studies', 'HIST RSRCH & MTHDS AMST', null, null, null)
insert into KSLU_CLU_IDENT (ID, CD, DIV, LVL, LNG_NAME, SHRT_NAME, ST, TYPE, VARTN) values ('e3dd9006-e851-45ca-ac7b-9504c29596b9', 'AMST388', null, '300', 'Honors Thesis', 'HONORS THESIS', null, null, null)
insert into KSLU_CLU_IDENT (ID, CD, DIV, LVL, LNG_NAME, SHRT_NAME, ST, TYPE, VARTN) values ('61930772-3059-4056-8403-23e8d63328d0', 'AMST398', null, '300', 'Independent Studies', 'INDEPENDENT STUDY', null, null, null)
insert into KSLU_CLU_IDENT (ID, CD, DIV, LVL, LNG_NAME, SHRT_NAME, ST, TYPE, VARTN) values ('588eb62b-4ff4-4760-8559-56e1d46db34d', 'AMST418', null, '400', 'Cultural Themes in America; The Civil Rights Movement: An Awakened America', 'CIVIL RIGHTS MOVEMENT', null, null, null)
insert into KSLU_CLU_IDENT (ID, CD, DIV, LVL, LNG_NAME, SHRT_NAME, ST, TYPE, VARTN) values ('42cbe058-3926-49ee-bea4-261872e8d1d1', 'AMST429', null, '400', 'Perspectives on Popular Culture; Global Concerns/Global Cities', 'GLOBAL CONCERNS/CITIES', null, null, null)
insert into KSLU_CLU_IDENT (ID, CD, DIV, LVL, LNG_NAME, SHRT_NAME, ST, TYPE, VARTN) values ('a47e2d88-cb6d-4c52-901c-cc7b630a0d24', 'AMSC452', null, '400', 'Introduction to Dynamics and Chaos', 'INTRO TO DYNAMICS&CHAOS', null, null, null)
insert into KSLU_CLU_IDENT (ID, CD, DIV, LVL, LNG_NAME, SHRT_NAME, ST, TYPE, VARTN) values ('12d0fd2d-6a3c-4597-a190-6cc79968890f', 'AMSC460', null, '400', 'Computational Methods', 'COMPUTATIONAL METHODS', null, null, null)
insert into KSLU_CLU_IDENT (ID, CD, DIV, LVL, LNG_NAME, SHRT_NAME, ST, TYPE, VARTN) values ('74a409fc-a5c6-485e-8888-84fe8a0849a2', 'AMSC466', null, '400', 'Introduction to Numerical Analysis I', 'INTRO NUMERICAL ANLYS I', null, null, null)
insert into KSLU_CLU_IDENT (ID, CD, DIV, LVL, LNG_NAME, SHRT_NAME, ST, TYPE, VARTN) values ('ccb116d5-a7b5-45df-8384-0265c9d19588', 'AMSC600', null, '600', 'Advanced Linear Numerical Analysis', 'ADV LINR NUM ANALY', null, null, null)
insert into KSLU_CLU_IDENT (ID, CD, DIV, LVL, LNG_NAME, SHRT_NAME, ST, TYPE, VARTN) values ('34688872-a5fe-4635-9c0f-e2113336edea', 'AMSC607', null, '600', 'Advanced Numerical Optimization', 'ADV NUMRCL OPTIMIZ', null, null, null)
insert into KSLU_CLU_IDENT (ID, CD, DIV, LVL, LNG_NAME, SHRT_NAME, ST, TYPE, VARTN) values ('4c235419-64f1-431a-8bc1-7041c4659c2b', 'AMSC612', null, '600', 'Numerical Methods in Partial Differential Equations', 'PARTIAL DIFF EQUATIONS', null, null, null)
insert into KSLU_CLU_IDENT (ID, CD, DIV, LVL, LNG_NAME, SHRT_NAME, ST, TYPE, VARTN) values ('aedd2672-448b-4c40-9efc-60f2915c4b38', 'AMSC613', null, '600', 'Advanced Applied Linear Algebra', 'ADV APPLIED LIN ALGEBRA', null, null, null)
insert into KSLU_CLU_IDENT (ID, CD, DIV, LVL, LNG_NAME, SHRT_NAME, ST, TYPE, VARTN) values ('d245f7f5-447f-4b72-96af-9ebdd9c6eed3', 'AMSC614', null, '600', 'Mathematics of the Finite Element Method', 'FINITE ELEMNT METH', null, null, null)
insert into KSLU_CLU_IDENT (ID, CD, DIV, LVL, LNG_NAME, SHRT_NAME, ST, TYPE, VARTN) values ('b5bfc271-7f83-4657-ad8b-8e889f05ff2d', 'AMSC623', null, '600', 'Modern Mathematical Methods of Signal and Image Processing I', 'MATH MTHDS FOR SIG PRO I', null, null, null)
insert into KSLU_CLU_IDENT (ID, CD, DIV, LVL, LNG_NAME, SHRT_NAME, ST, TYPE, VARTN) values ('dcc7a2e7-47bc-4ba2-a3c1-478abd025bec', 'AMSC660', null, '600', 'Scientific Computing I', 'SCIENTIFIC COMPUTING I', null, null, null)
insert into KSLU_CLU_IDENT (ID, CD, DIV, LVL, LNG_NAME, SHRT_NAME, ST, TYPE, VARTN) values ('55e4bb5c-b909-490d-ae77-76acb1667fca', 'AMSC661', null, '600', 'Scientific Computing II', 'SCIENTIFIC COMPUTING II', null, null, null)
insert into KSLU_CLU_IDENT (ID, CD, DIV, LVL, LNG_NAME, SHRT_NAME, ST, TYPE, VARTN) values ('a0670a4d-a029-4210-9428-c78504d5dc6a', 'AMSC662', null, '600', 'Computer Organization and Programming for Scientific Computing', 'COMP ORG PRGRM SCI COMP', null, null, null)
insert into KSLU_CLU_IDENT (ID, CD, DIV, LVL, LNG_NAME, SHRT_NAME, ST, TYPE, VARTN) values ('8ac70c72-e98e-490c-b84a-600969c93e7f', 'AMSC663', null, '600', 'Advanced Scientific Computing I', 'ADV SCI COMPUTING I', null, null, null)
insert into KSLU_CLU_IDENT (ID, CD, DIV, LVL, LNG_NAME, SHRT_NAME, ST, TYPE, VARTN) values ('59dc5d9b-2d27-46f8-9ce5-8b8b131c3655', 'AMSC663', null, '600', 'Advanced Scientific Computing I', 'ADV SCI COMPUTING I', null, null, null)
insert into KSLU_CLU_IDENT (ID, CD, DIV, LVL, LNG_NAME, SHRT_NAME, ST, TYPE, VARTN) values ('14c045f6-750c-4cc5-99ac-aef5fc691ede', 'AMSC664', null, '600', 'Advanced Scientific Computing II', 'ADV SCI COMPUTING II', null, null, null)
insert into KSLU_CLU_IDENT (ID, CD, DIV, LVL, LNG_NAME, SHRT_NAME, ST, TYPE, VARTN) values ('be4fa38d-35d6-4990-94af-48eabf9c19ed', 'AMSC666', null, '600', 'Numerical Analysis I', 'NUMERICAL ANALYSIS I', null, null, null)
insert into KSLU_CLU_IDENT (ID, CD, DIV, LVL, LNG_NAME, SHRT_NAME, ST, TYPE, VARTN) values ('75c77e9c-72f6-4e50-b3b4-74a5ee66b391', 'AMSC667', null, '600', 'Numerical Analysis II', 'NUMERICAL ANALYSIS II', null, null, null)
insert into KSLU_CLU_IDENT (ID, CD, DIV, LVL, LNG_NAME, SHRT_NAME, ST, TYPE, VARTN) values ('85ee39a1-6f43-4ba2-b437-5202253f2178', 'AMSC670', null, '600', 'Ordinary Differential Equations I', 'ORDNRY DIFF EQUATIONS I', null, null, null)
insert into KSLU_CLU_IDENT (ID, CD, DIV, LVL, LNG_NAME, SHRT_NAME, ST, TYPE, VARTN) values ('e710046f-fa40-4ddb-8a7e-31ce5965b92b', 'AMSC671', null, '600', 'Ordinary Differential Equations II', 'ORDNRY DIFFR EQ II', null, null, null)
insert into KSLU_CLU_IDENT (ID, CD, DIV, LVL, LNG_NAME, SHRT_NAME, ST, TYPE, VARTN) values ('826cbe0b-eef3-47fd-8cf6-f904815664e4', 'AMSC673', null, '600', 'Partial Differential Equations I', 'PARTIAL DIFF EQUATIONS I', null, null, null)
insert into KSLU_CLU_IDENT (ID, CD, DIV, LVL, LNG_NAME, SHRT_NAME, ST, TYPE, VARTN) values ('0043840f-566b-40e6-a30a-b652b889c0af', 'AMSC674', null, '600', 'Partial Differential Equations II', 'PARTIAL DIFF EQUAT II', null, null, null)
insert into KSLU_CLU_IDENT (ID, CD, DIV, LVL, LNG_NAME, SHRT_NAME, ST, TYPE, VARTN) values ('ffd217e3-8a6b-40fc-b3c4-af82493c6baa', 'AMSC689', null, '600', 'Research Interactions in Applied Mathematics and Scientific Computation; Fast Multipole Methods: Fundamentals and Applic', 'FAST MULTIPOLE METH: F&A', null, null, null)
insert into KSLU_CLU_IDENT (ID, CD, DIV, LVL, LNG_NAME, SHRT_NAME, ST, TYPE, VARTN) values ('7365f290-0c6e-46e3-9b04-61d0ab68b4d5', 'ANSC688', null, '600', 'Special Topics; Protein Nutrition and Metabolism', 'SPECIAL TOPICS', null, null, null)
insert into KSLU_CLU_IDENT (ID, CD, DIV, LVL, LNG_NAME, SHRT_NAME, ST, TYPE, VARTN) values ('dd9c4661-271e-4e2e-b8e3-3def782b0306', 'ANSC698', null, '600', 'Seminar; Developing Presentation Skills', 'DEVEL PRES SKILLS', null, null, null)
insert into KSLU_CLU_IDENT (ID, CD, DIV, LVL, LNG_NAME, SHRT_NAME, ST, TYPE, VARTN) values ('a6e9cfce-2dff-41e1-a29c-30555e3b886d', 'ANTH220', null, '200', 'Introduction to Biological Anthropology', 'INTRO BIOLOGICAL ANTH', null, null, null)
insert into KSLU_CLU_IDENT (ID, CD, DIV, LVL, LNG_NAME, SHRT_NAME, ST, TYPE, VARTN) values ('fc2e2016-9e45-4f53-b1aa-f111441b1d66', 'ANTH240', null, '200', 'Introduction to Archaeology', 'INTRO ARCHAEOLOGY', null, null, null)
insert into KSLU_CLU_IDENT (ID, CD, DIV, LVL, LNG_NAME, SHRT_NAME, ST, TYPE, VARTN) values ('ac9d68c7-999c-4c5d-805d-342051e060d6', 'ANTH260', null, '200', 'Introduction to Sociocultural Anthropology and Linguistics', 'INTRO SOCIO ANTH & LING', null, null, null)
insert into KSLU_CLU_IDENT (ID, CD, DIV, LVL, LNG_NAME, SHRT_NAME, ST, TYPE, VARTN) values ('386d5be7-395d-408f-8ca1-4e36e4d5f500', 'ANTH260', null, '200', 'Introduction to Sociocultural Anthropology and Linguistics', 'INTRO SOCIO ANTH & LING', null, null, null)
insert into KSLU_CLU_IDENT (ID, CD, DIV, LVL, LNG_NAME, SHRT_NAME, ST, TYPE, VARTN) values ('4f3ad9c8-5fd2-4ca5-9cba-4c9fa5b64efe', 'ANTH320', null, '300', 'Method and Theory in Biological Anthropology', 'METHOD & THEORY BIO-ANTH', null, null, null)
insert into KSLU_CLU_IDENT (ID, CD, DIV, LVL, LNG_NAME, SHRT_NAME, ST, TYPE, VARTN) values ('ea7072a2-8910-4626-8691-ffafd0bde1f8', 'ANTH340', null, '300', 'Method and Theory in Archaeology', 'METHOD & THEORY ARCHLGY', null, null, null)
insert into KSLU_CLU_IDENT (ID, CD, DIV, LVL, LNG_NAME, SHRT_NAME, ST, TYPE, VARTN) values ('04ee47f3-393b-43f6-a248-d8d7be11fddd', 'ANTH360', null, '300', 'Method and Theory in Sociocultural Anthropology', 'METH THRY SOCIAL ANTH', null, null, null)
insert into KSLU_CLU_IDENT (ID, CD, DIV, LVL, LNG_NAME, SHRT_NAME, ST, TYPE, VARTN) values ('c9bb8399-1c89-4312-97fb-ae6d8d6db851', 'ANTH361', null, '300', 'Cultures of Native North America', 'CULTRS NATIVE N AMERICA', null, null, null)
insert into KSLU_CLU_IDENT (ID, CD, DIV, LVL, LNG_NAME, SHRT_NAME, ST, TYPE, VARTN) values ('db520021-1a9e-4de2-ad00-83f3be50af6a', 'ANTH361', null, '300', 'Cultures of Native North America', 'CULTRS NATIVE N AMERICA', null, null, null)
insert into KSLU_CLU_IDENT (ID, CD, DIV, LVL, LNG_NAME, SHRT_NAME, ST, TYPE, VARTN) values ('554fbc4b-75a3-42d7-ab9e-f816efd1d11f', 'AMST433', null, '400', 'American Humor', 'AMERICAN HUMOR', null, null, null)
insert into KSLU_CLU_IDENT (ID, CD, DIV, LVL, LNG_NAME, SHRT_NAME, ST, TYPE, VARTN) values ('31b02573-7959-4afd-a88e-2f8a8581bac8', 'AMST450', null, '400', 'Seminar in American Studies', 'SEMINAR AMER STUDY', null, null, null)
insert into KSLU_CLU_IDENT (ID, CD, DIV, LVL, LNG_NAME, SHRT_NAME, ST, TYPE, VARTN) values ('c30acc70-127f-46d8-8675-45479da8ab56', 'AMST498', null, '400', 'Special Topics in American Studies; Women, Food and Identity', 'WOMEN, FOOD & IDENTITY', null, null, null)
insert into KSLU_CLU_IDENT (ID, CD, DIV, LVL, LNG_NAME, SHRT_NAME, ST, TYPE, VARTN) values ('b743ea45-0baa-403d-b1f4-c04723321472', 'AMST601', null, '600', 'Introductory Theories and History in American Studies', 'INTRO SEM AM STUDIES', null, null, null)
insert into KSLU_CLU_IDENT (ID, CD, DIV, LVL, LNG_NAME, SHRT_NAME, ST, TYPE, VARTN) values ('82492002-418f-4c61-9345-f338667235c6', 'AMST602', null, '600', 'Interdisciplinary Research Methods and Bibliographic Instruction', 'INTER RSRCH & BIBL', null, null, null)
insert into KSLU_CLU_IDENT (ID, CD, DIV, LVL, LNG_NAME, SHRT_NAME, ST, TYPE, VARTN) values ('7fcdbc57-eeea-4971-9500-2e0760bf6114', 'AMST603', null, '600', 'Current Approaches to American Studies', 'CURRENT APPROACHES AMST', null, null, null)
insert into KSLU_CLU_IDENT (ID, CD, DIV, LVL, LNG_NAME, SHRT_NAME, ST, TYPE, VARTN) values ('fbe6cf3e-6b5c-4782-8295-322fdceddbbe', 'AMST655', null, '600', 'Introduction to Museum Scholarship', 'INTRO MUSEUM SCHOLARSHIP', null, null, null)
insert into KSLU_CLU_IDENT (ID, CD, DIV, LVL, LNG_NAME, SHRT_NAME, ST, TYPE, VARTN) values ('eeeeae79-d8ea-4a64-83d8-a03c82d8e74c', 'AMST698', null, '600', 'Directed Readings in American Studies', 'DIR RDNGS AMER STD', null, null, null)
insert into KSLU_CLU_IDENT (ID, CD, DIV, LVL, LNG_NAME, SHRT_NAME, ST, TYPE, VARTN) values ('2b6eef24-89e1-4ec8-91e1-b991dbaefc19', 'AMST801', null, '800', 'Research Seminar in American Life and Culture', 'RESEARCH SEMINAR', null, null, null)
insert into KSLU_CLU_IDENT (ID, CD, DIV, LVL, LNG_NAME, SHRT_NAME, ST, TYPE, VARTN) values ('ddaf48f6-15a1-4c6f-90ef-3bcde235769c', 'AMST851', null, '800', 'Interpretation of Cultural Landscapes', 'INTERP CULTRL LNDSCAPES', null, null, null)
insert into KSLU_CLU_IDENT (ID, CD, DIV, LVL, LNG_NAME, SHRT_NAME, ST, TYPE, VARTN) values ('9caa02ff-4b4a-4caa-94da-d81113fcbb5f', 'AMST856', null, '800', 'Museum Research Seminar', 'MUSEUM RSRCH SEMINAR', null, null, null)
insert into KSLU_CLU_IDENT (ID, CD, DIV, LVL, LNG_NAME, SHRT_NAME, ST, TYPE, VARTN) values ('cca4eb70-c4af-4f14-894f-d89b6810605c', 'AMST857', null, '800', 'Museum Scholarship Practicum', 'MUSEUM SCHLRSHP PRACT', null, null, null)



// CluCredit
INSERT INTO KSLU_CLU_CR (ID, INSTR_UNIT, MAX_ALOW_INACV_ATP, MAX_ALOW_INACV_TMQ, MAX_TM_RSLT_RCGZ_ATP, MAX_TM_RSLT_RCGZ_TMQ, MAX_TM_TO_COMP_ATP, MAX_TM_TO_COMP_TMQ, MAX_TOT_UNIT, MIN_TM_TO_COMP_ATP, MIN_TM_TO_COMP_TMQ, MIN_TOT_UNIT, REPEAT_CNT, REPEAT_TM_ATP, REPEAT_TM_TMQ, REPEAT_UNIT) VALUES ('CR-1', 0, 'ATP-INACT-1', 0, 'ATP-RECOG-1', 0, 'ATP-MAXCOMPLETE-1', 0, 0, 'ATP-MINCOMPLETE-1', 0, 0, 'Repeat Count', 'ATP-REPEAT-1', 0, 'Repeat Units')
INSERT INTO KSLU_CLU_CR (ID, INSTR_UNIT, MAX_ALOW_INACV_ATP, MAX_ALOW_INACV_TMQ, MAX_TM_RSLT_RCGZ_ATP, MAX_TM_RSLT_RCGZ_TMQ, MAX_TM_TO_COMP_ATP, MAX_TM_TO_COMP_TMQ, MAX_TOT_UNIT, MIN_TM_TO_COMP_ATP, MIN_TM_TO_COMP_TMQ, MIN_TOT_UNIT, REPEAT_CNT, REPEAT_TM_ATP, REPEAT_TM_TMQ, REPEAT_UNIT) VALUES ('CR-2', 0, 'ATP-INACT-2', 0, 'ATP-RECOG-2', 0, 'ATP-MAXCOMPLETE-2', 0, 0, 'ATP-MINCOMPLETE-2', 0, 0, 'Repeat Count', 'ATP-REPEAT-2', 0, 'Repeat Units')

// CluAccounting
INSERT INTO KSLU_CLU_ACCT (ID) VALUES ('ACCT-1')
INSERT INTO KSLU_CLU_ACCT (ID) VALUES ('ACCT-2')

// CluFee
INSERT INTO KSLU_CLU_FEE (ID) VALUES ('FEE-1')
INSERT INTO KSLU_CLU_FEE (ID) VALUES ('FEE-2')

// Clu
insert into KSLU_CLU (ID, CREATEID, CREATETIME, UPDATEID, UPDATETIME, VERSIONIND, ACCRED_ORG_ID, ADMIN_ORG_ID, CAN_CREATE_LUI, DEF_ENRL_EST, DEF_MAX_ENRL, EFF_DT, EXPIR_DT, HAS_EARLY_DROP_DEDLN, IS_ENRL, IS_HAZR_DISBLD_STU, NEXT_REVIEW_PRD, REF_URL, ST, ATPDURATIONTYPEKEY, TIMEQUANTITY, STDY_SUBJ_AREA, ACCT_ID, CR_ID, RT_DESCR_ID, FEE_ID, LUTYPE_ID, RT_MKTG_DESCR_ID, OFFIC_CLU_ID, PRI_INSTR_ID, PUBL_ID) values ('CLU-1', 'CREATEID', {ts '2000-01-01 00:00:00.0'}, 'UPDATEID', {ts '2001-01-01 00:00:00.0'}, 1, 'ACCRED_ORG_ID', 'ADMIN_ORG_ID', 1, 1, 42, {ts '2002-01-01 00:00:00.0'}, {ts '2003-01-01 00:00:00.0'}, 1, 1, 0, 'NEXT_REVIEW_PRD', 'REF_URL', 'STATE1', 'ATPDURATIONTYPEKEY', 3, 'STDY_SUBJ_AREA', 'ACCT-1', 'CR-1', 'RICHTEXT-1', 'FEE-1', 'luType.shell.course', 'RICHTEXT-2', 'IDENT-1', 'INSTR-1', 'PUBL-1')
insert into KSLU_CLU (ID, CREATEID, CREATETIME, UPDATEID, UPDATETIME, VERSIONIND, ACCRED_ORG_ID, ADMIN_ORG_ID, CAN_CREATE_LUI, DEF_ENRL_EST, DEF_MAX_ENRL, EFF_DT, EXPIR_DT, HAS_EARLY_DROP_DEDLN, IS_ENRL, IS_HAZR_DISBLD_STU, NEXT_REVIEW_PRD, REF_URL, ST, ATPDURATIONTYPEKEY, TIMEQUANTITY, STDY_SUBJ_AREA, ACCT_ID, CR_ID, RT_DESCR_ID, FEE_ID, LUTYPE_ID, RT_MKTG_DESCR_ID, OFFIC_CLU_ID, PRI_INSTR_ID, PUBL_ID) values ('CLU-2', 'CREATEID', {ts '2000-01-01 00:00:00.0'}, 'UPDATEID', {ts '2001-01-01 00:00:00.0'}, 1, 'ACCRED_ORG_ID', 'ADMIN_ORG_ID', 1, 1, 42, {ts '2002-01-01 00:00:00.0'}, {ts '2003-01-01 00:00:00.0'}, 1, 1, 0, 'NEXT_REVIEW_PRD', 'REF_URL', 'STATE2', 'ATPDURATIONTYPEKEY', 3, 'STDY_SUBJ_AREA', 'ACCT-2', 'CR-2', 'RICHTEXT-2', 'FEE-2', 'luType.shell.program', 'RICHTEXT-2', 'IDENT-2', 'INSTR-2', 'PUBL-2')
insert into KSLU_CLU (ID, CREATEID, CREATETIME, UPDATEID, UPDATETIME, VERSIONIND, ACCRED_ORG_ID, ADMIN_ORG_ID, CAN_CREATE_LUI, DEF_ENRL_EST, DEF_MAX_ENRL, EFF_DT, EXPIR_DT, HAS_EARLY_DROP_DEDLN, IS_ENRL, IS_HAZR_DISBLD_STU, NEXT_REVIEW_PRD, REF_URL, ST, ATPDURATIONTYPEKEY, TIMEQUANTITY, STDY_SUBJ_AREA, ACCT_ID, CR_ID, RT_DESCR_ID, FEE_ID, LUTYPE_ID, RT_MKTG_DESCR_ID, OFFIC_CLU_ID, PRI_INSTR_ID, PUBL_ID) values ('CLU-3', 'CREATEID', {ts '2000-01-01 00:00:00.0'}, 'UPDATEID', {ts '2001-01-01 00:00:00.0'}, 1, 'ACCRED_ORG_ID', 'ADMIN_ORG_ID', 1, 1, 42, {ts '2002-01-01 00:00:00.0'}, {ts '2003-01-01 00:00:00.0'}, 1, 1, 0, 'NEXT_REVIEW_PRD', 'REF_URL', 'STATE2', 'ATPDURATIONTYPEKEY', 3, 'STDY_SUBJ_AREA', 'ACCT-2', 'CR-2', 'RICHTEXT-2', 'FEE-2', 'luType.shell.course', 'RICHTEXT-2', 'IDENT-2', 'INSTR-2', 'PUBL-2')
insert into KSLU_CLU (ID, CREATEID, CREATETIME, UPDATEID, UPDATETIME, VERSIONIND, ACCRED_ORG_ID, ADMIN_ORG_ID, CAN_CREATE_LUI, DEF_ENRL_EST, DEF_MAX_ENRL, EFF_DT, EXPIR_DT, HAS_EARLY_DROP_DEDLN, IS_ENRL, IS_HAZR_DISBLD_STU, NEXT_REVIEW_PRD, REF_URL, ST, ATPDURATIONTYPEKEY, TIMEQUANTITY, STDY_SUBJ_AREA, ACCT_ID, CR_ID, RT_DESCR_ID, FEE_ID, LUTYPE_ID, RT_MKTG_DESCR_ID, OFFIC_CLU_ID, PRI_INSTR_ID, PUBL_ID) values ('CLU-4', 'CREATEID', {ts '2000-01-01 00:00:00.0'}, 'UPDATEID', {ts '2001-01-01 00:00:00.0'}, 1, 'ACCRED_ORG_ID', 'ADMIN_ORG_ID', 1, 1, 42, {ts '2002-01-01 00:00:00.0'}, {ts '2003-01-01 00:00:00.0'}, 1, 1, 0, 'NEXT_REVIEW_PRD', 'REF_URL', 'STATE1', 'ATPDURATIONTYPEKEY', 3, 'STDY_SUBJ_AREA', 'ACCT-1', 'CR-1', 'RICHTEXT-1', 'FEE-1', 'luType.shell.course', 'RICHTEXT-2', 'IDENT-1', 'INSTR-1', 'PUBL-1')
insert into KSLU_CLU (ID, CREATEID, CREATETIME, UPDATEID, UPDATETIME, VERSIONIND, ACCRED_ORG_ID, ADMIN_ORG_ID, CAN_CREATE_LUI, DEF_ENRL_EST, DEF_MAX_ENRL, EFF_DT, EXPIR_DT, HAS_EARLY_DROP_DEDLN, IS_ENRL, IS_HAZR_DISBLD_STU, NEXT_REVIEW_PRD, REF_URL, ST, ATPDURATIONTYPEKEY, TIMEQUANTITY, STDY_SUBJ_AREA, ACCT_ID, CR_ID, RT_DESCR_ID, FEE_ID, LUTYPE_ID, RT_MKTG_DESCR_ID, OFFIC_CLU_ID, PRI_INSTR_ID, PUBL_ID) values ('83e46ae9-875e-4970-811f-0719a6b260a2', null, {ts '2009-05-07 12:05:36.0'}, null, {ts '2009-05-07 12:05:36.0'}, 1, null, null, 0, 0, 0, {ts '1994-08-01 00:00:00.0'}, null, 0, 0, 0, null, null, 'A', null, null, null, null, 'CR-1', 'd7dad0db-b6e3-4c28-a779-c457d0e0936c', null, 'luType.shell.course', null, '386d5be7-395d-408f-8ca1-4e36e4d5f500', 'INSTR-1', null)
insert into KSLU_CLU (ID, CREATEID, CREATETIME, UPDATEID, UPDATETIME, VERSIONIND, ACCRED_ORG_ID, ADMIN_ORG_ID, CAN_CREATE_LUI, DEF_ENRL_EST, DEF_MAX_ENRL, EFF_DT, EXPIR_DT, HAS_EARLY_DROP_DEDLN, IS_ENRL, IS_HAZR_DISBLD_STU, NEXT_REVIEW_PRD, REF_URL, ST, ATPDURATIONTYPEKEY, TIMEQUANTITY, STDY_SUBJ_AREA, ACCT_ID, CR_ID, RT_DESCR_ID, FEE_ID, LUTYPE_ID, RT_MKTG_DESCR_ID, OFFIC_CLU_ID, PRI_INSTR_ID, PUBL_ID) values ('101bca1a-cac0-4e64-89d9-ebc41bb9a467', null, {ts '2009-05-07 12:05:37.0'}, null, {ts '2009-05-07 12:05:37.0'}, 1, null, null, 0, 0, 0, {ts '2008-01-01 00:00:00.0'}, null, 0, 0, 0, null, null, 'A', null, null, null, null, 'CR-1', '2dbe8dd0-321b-4ff2-aea4-792183901888', null, 'luType.shell.course', null, '4f3ad9c8-5fd2-4ca5-9cba-4c9fa5b64efe', 'INSTR-1', null)
insert into KSLU_CLU (ID, CREATEID, CREATETIME, UPDATEID, UPDATETIME, VERSIONIND, ACCRED_ORG_ID, ADMIN_ORG_ID, CAN_CREATE_LUI, DEF_ENRL_EST, DEF_MAX_ENRL, EFF_DT, EXPIR_DT, HAS_EARLY_DROP_DEDLN, IS_ENRL, IS_HAZR_DISBLD_STU, NEXT_REVIEW_PRD, REF_URL, ST, ATPDURATIONTYPEKEY, TIMEQUANTITY, STDY_SUBJ_AREA, ACCT_ID, CR_ID, RT_DESCR_ID, FEE_ID, LUTYPE_ID, RT_MKTG_DESCR_ID, OFFIC_CLU_ID, PRI_INSTR_ID, PUBL_ID) values ('48c15bf1-d857-4173-b517-b1e3ce2de354', null, {ts '2009-05-07 12:05:37.0'}, null, {ts '2009-05-07 12:05:37.0'}, 1, null, null, 0, 0, 0, {ts '1994-08-01 00:00:00.0'}, null, 0, 0, 0, null, null, 'A', null, null, null, null, 'CR-1', 'c7389c9f-4f0a-45ca-a1d6-e92da27d823b', null, 'luType.shell.course', null, 'ea7072a2-8910-4626-8691-ffafd0bde1f8', 'INSTR-1', null)
insert into KSLU_CLU (ID, CREATEID, CREATETIME, UPDATEID, UPDATETIME, VERSIONIND, ACCRED_ORG_ID, ADMIN_ORG_ID, CAN_CREATE_LUI, DEF_ENRL_EST, DEF_MAX_ENRL, EFF_DT, EXPIR_DT, HAS_EARLY_DROP_DEDLN, IS_ENRL, IS_HAZR_DISBLD_STU, NEXT_REVIEW_PRD, REF_URL, ST, ATPDURATIONTYPEKEY, TIMEQUANTITY, STDY_SUBJ_AREA, ACCT_ID, CR_ID, RT_DESCR_ID, FEE_ID, LUTYPE_ID, RT_MKTG_DESCR_ID, OFFIC_CLU_ID, PRI_INSTR_ID, PUBL_ID) values ('270f1b5a-a6f8-4472-8b4a-cf7e4fd5a203', null, {ts '2009-05-07 12:05:37.0'}, null, {ts '2009-05-07 12:05:37.0'}, 1, null, null, 0, 0, 0, {ts '1994-08-01 00:00:00.0'}, null, 0, 0, 0, null, null, 'A', null, null, null, null, 'CR-1', 'b0a86a82-287e-4fe4-a8cf-e6de2218aa65', null, 'luType.shell.course', null, '04ee47f3-393b-43f6-a248-d8d7be11fddd', 'INSTR-1', null)
insert into KSLU_CLU (ID, CREATEID, CREATETIME, UPDATEID, UPDATETIME, VERSIONIND, ACCRED_ORG_ID, ADMIN_ORG_ID, CAN_CREATE_LUI, DEF_ENRL_EST, DEF_MAX_ENRL, EFF_DT, EXPIR_DT, HAS_EARLY_DROP_DEDLN, IS_ENRL, IS_HAZR_DISBLD_STU, NEXT_REVIEW_PRD, REF_URL, ST, ATPDURATIONTYPEKEY, TIMEQUANTITY, STDY_SUBJ_AREA, ACCT_ID, CR_ID, RT_DESCR_ID, FEE_ID, LUTYPE_ID, RT_MKTG_DESCR_ID, OFFIC_CLU_ID, PRI_INSTR_ID, PUBL_ID) values ('d99d392b-d6a3-4a8d-96db-97a380ffa36f', null, {ts '2009-05-07 12:05:37.0'}, null, {ts '2009-05-07 12:05:37.0'}, 1, null, null, 0, 0, 0, {ts '2002-01-01 00:00:00.0'}, null, 0, 0, 0, null, null, 'A', null, null, null, null, 'CR-1', 'c70cf13a-f01c-4498-a96a-e813fb422c9b', null, 'luType.shell.course', null, 'c9bb8399-1c89-4312-97fb-ae6d8d6db851', 'INSTR-1', null)
insert into KSLU_CLU (ID, CREATEID, CREATETIME, UPDATEID, UPDATETIME, VERSIONIND, ACCRED_ORG_ID, ADMIN_ORG_ID, CAN_CREATE_LUI, DEF_ENRL_EST, DEF_MAX_ENRL, EFF_DT, EXPIR_DT, HAS_EARLY_DROP_DEDLN, IS_ENRL, IS_HAZR_DISBLD_STU, NEXT_REVIEW_PRD, REF_URL, ST, ATPDURATIONTYPEKEY, TIMEQUANTITY, STDY_SUBJ_AREA, ACCT_ID, CR_ID, RT_DESCR_ID, FEE_ID, LUTYPE_ID, RT_MKTG_DESCR_ID, OFFIC_CLU_ID, PRI_INSTR_ID, PUBL_ID) values ('2b613c2c-55f4-4d4e-a013-8b3d22bbf823', null, {ts '2009-05-07 12:05:37.0'}, null, {ts '2009-05-07 12:05:37.0'}, 1, null, null, 0, 0, 0, {ts '2002-01-01 00:00:00.0'}, null, 0, 0, 0, null, null, 'A', null, null, null, null, 'CR-1', '6cf35c8b-b39d-4476-bf98-864506e461f5', null, 'luType.shell.course', null, 'db520021-1a9e-4de2-ad00-83f3be50af6a', 'INSTR-1', null)
insert into KSLU_CLU (ID, CREATEID, CREATETIME, UPDATEID, UPDATETIME, VERSIONIND, ACCRED_ORG_ID, ADMIN_ORG_ID, CAN_CREATE_LUI, DEF_ENRL_EST, DEF_MAX_ENRL, EFF_DT, EXPIR_DT, HAS_EARLY_DROP_DEDLN, IS_ENRL, IS_HAZR_DISBLD_STU, NEXT_REVIEW_PRD, REF_URL, ST, ATPDURATIONTYPEKEY, TIMEQUANTITY, STDY_SUBJ_AREA, ACCT_ID, CR_ID, RT_DESCR_ID, FEE_ID, LUTYPE_ID, RT_MKTG_DESCR_ID, OFFIC_CLU_ID, PRI_INSTR_ID, PUBL_ID) values ('2393eac7-5a58-44d8-8b75-3cab166149a8', null, {ts '2009-05-07 12:05:37.0'}, null, {ts '2009-05-07 12:05:37.0'}, 1, null, null, 0, 0, 0, {ts '2002-08-01 00:00:00.0'}, null, 0, 0, 0, null, null, 'A', null, null, null, null, 'CR-1', 'dc07c541-b9e4-4508-bee2-a99f4c7b5540', null, 'luType.shell.course', null, '554fbc4b-75a3-42d7-ab9e-f816efd1d11f', 'INSTR-1', null)
insert into KSLU_CLU (ID, CREATEID, CREATETIME, UPDATEID, UPDATETIME, VERSIONIND, ACCRED_ORG_ID, ADMIN_ORG_ID, CAN_CREATE_LUI, DEF_ENRL_EST, DEF_MAX_ENRL, EFF_DT, EXPIR_DT, HAS_EARLY_DROP_DEDLN, IS_ENRL, IS_HAZR_DISBLD_STU, NEXT_REVIEW_PRD, REF_URL, ST, ATPDURATIONTYPEKEY, TIMEQUANTITY, STDY_SUBJ_AREA, ACCT_ID, CR_ID, RT_DESCR_ID, FEE_ID, LUTYPE_ID, RT_MKTG_DESCR_ID, OFFIC_CLU_ID, PRI_INSTR_ID, PUBL_ID) values ('67201b7c-4c27-4046-bb89-9b94dbe1ba35', null, {ts '2009-05-07 12:05:37.0'}, null, {ts '2009-05-07 12:05:37.0'}, 1, null, null, 0, 0, 0, {ts '2005-01-01 00:00:00.0'}, null, 0, 0, 0, null, null, 'A', null, null, null, null, 'CR-1', 'ba41a0d1-da7c-47f4-a7df-3ed91749e60d', null, 'luType.shell.course', null, '31b02573-7959-4afd-a88e-2f8a8581bac8', 'INSTR-1', null)
insert into KSLU_CLU (ID, CREATEID, CREATETIME, UPDATEID, UPDATETIME, VERSIONIND, ACCRED_ORG_ID, ADMIN_ORG_ID, CAN_CREATE_LUI, DEF_ENRL_EST, DEF_MAX_ENRL, EFF_DT, EXPIR_DT, HAS_EARLY_DROP_DEDLN, IS_ENRL, IS_HAZR_DISBLD_STU, NEXT_REVIEW_PRD, REF_URL, ST, ATPDURATIONTYPEKEY, TIMEQUANTITY, STDY_SUBJ_AREA, ACCT_ID, CR_ID, RT_DESCR_ID, FEE_ID, LUTYPE_ID, RT_MKTG_DESCR_ID, OFFIC_CLU_ID, PRI_INSTR_ID, PUBL_ID) values ('673df69e-edeb-40b5-a097-5019beb8aab3', null, {ts '2009-05-07 12:05:37.0'}, null, {ts '2009-05-07 12:05:37.0'}, 1, null, null, 0, 0, 0, {ts '2001-08-01 00:00:00.0'}, null, 0, 0, 0, null, null, 'A', null, null, null, null, 'CR-1', '772aef36-652e-432b-bfe3-c8c73dcdd9bc', null, 'luType.shell.course', null, 'c30acc70-127f-46d8-8675-45479da8ab56', 'INSTR-1', null)
insert into KSLU_CLU (ID, CREATEID, CREATETIME, UPDATEID, UPDATETIME, VERSIONIND, ACCRED_ORG_ID, ADMIN_ORG_ID, CAN_CREATE_LUI, DEF_ENRL_EST, DEF_MAX_ENRL, EFF_DT, EXPIR_DT, HAS_EARLY_DROP_DEDLN, IS_ENRL, IS_HAZR_DISBLD_STU, NEXT_REVIEW_PRD, REF_URL, ST, ATPDURATIONTYPEKEY, TIMEQUANTITY, STDY_SUBJ_AREA, ACCT_ID, CR_ID, RT_DESCR_ID, FEE_ID, LUTYPE_ID, RT_MKTG_DESCR_ID, OFFIC_CLU_ID, PRI_INSTR_ID, PUBL_ID) values ('f64cbab2-3b1c-4113-bcfb-218155fa1b06', null, {ts '2009-05-07 12:05:38.0'}, null, {ts '2009-05-07 12:05:38.0'}, 1, null, null, 0, 0, 0, {ts '2006-01-01 00:00:00.0'}, null, 0, 0, 0, null, null, 'A', null, null, null, null, 'CR-1', '408d6490-5868-460f-96c2-29cbdf6c436f', null, 'luType.shell.course', null, 'b743ea45-0baa-403d-b1f4-c04723321472', 'INSTR-1', null)
insert into KSLU_CLU (ID, CREATEID, CREATETIME, UPDATEID, UPDATETIME, VERSIONIND, ACCRED_ORG_ID, ADMIN_ORG_ID, CAN_CREATE_LUI, DEF_ENRL_EST, DEF_MAX_ENRL, EFF_DT, EXPIR_DT, HAS_EARLY_DROP_DEDLN, IS_ENRL, IS_HAZR_DISBLD_STU, NEXT_REVIEW_PRD, REF_URL, ST, ATPDURATIONTYPEKEY, TIMEQUANTITY, STDY_SUBJ_AREA, ACCT_ID, CR_ID, RT_DESCR_ID, FEE_ID, LUTYPE_ID, RT_MKTG_DESCR_ID, OFFIC_CLU_ID, PRI_INSTR_ID, PUBL_ID) values ('17e80e93-8839-4ac5-a7a8-affd5a615feb', null, {ts '2009-05-07 12:05:38.0'}, null, {ts '2009-05-07 12:05:38.0'}, 1, null, null, 0, 0, 0, {ts '1991-01-01 00:00:00.0'}, null, 0, 0, 0, null, null, 'A', null, null, null, null, 'CR-1', 'f3266b66-6020-4ffc-bc23-31d01d40ce08', null, 'luType.shell.course', null, '82492002-418f-4c61-9345-f338667235c6', 'INSTR-1', null)
insert into KSLU_CLU (ID, CREATEID, CREATETIME, UPDATEID, UPDATETIME, VERSIONIND, ACCRED_ORG_ID, ADMIN_ORG_ID, CAN_CREATE_LUI, DEF_ENRL_EST, DEF_MAX_ENRL, EFF_DT, EXPIR_DT, HAS_EARLY_DROP_DEDLN, IS_ENRL, IS_HAZR_DISBLD_STU, NEXT_REVIEW_PRD, REF_URL, ST, ATPDURATIONTYPEKEY, TIMEQUANTITY, STDY_SUBJ_AREA, ACCT_ID, CR_ID, RT_DESCR_ID, FEE_ID, LUTYPE_ID, RT_MKTG_DESCR_ID, OFFIC_CLU_ID, PRI_INSTR_ID, PUBL_ID) values ('e1ec62dc-28c7-434f-9939-2bdfdc70ce6e', null, {ts '2009-05-07 12:05:38.0'}, null, {ts '2009-05-07 12:05:38.0'}, 1, null, null, 0, 0, 0, {ts '2001-01-01 00:00:00.0'}, null, 0, 0, 0, null, null, 'A', null, null, null, null, 'CR-1', '95679153-55aa-4979-8161-292e8f8c1019', null, 'luType.shell.course', null, '7fcdbc57-eeea-4971-9500-2e0760bf6114', 'INSTR-1', null)
insert into KSLU_CLU (ID, CREATEID, CREATETIME, UPDATEID, UPDATETIME, VERSIONIND, ACCRED_ORG_ID, ADMIN_ORG_ID, CAN_CREATE_LUI, DEF_ENRL_EST, DEF_MAX_ENRL, EFF_DT, EXPIR_DT, HAS_EARLY_DROP_DEDLN, IS_ENRL, IS_HAZR_DISBLD_STU, NEXT_REVIEW_PRD, REF_URL, ST, ATPDURATIONTYPEKEY, TIMEQUANTITY, STDY_SUBJ_AREA, ACCT_ID, CR_ID, RT_DESCR_ID, FEE_ID, LUTYPE_ID, RT_MKTG_DESCR_ID, OFFIC_CLU_ID, PRI_INSTR_ID, PUBL_ID) values ('a2e6bec4-e4e9-4637-a94c-13d4c633dc52', null, {ts '2009-05-07 12:05:38.0'}, null, {ts '2009-05-07 12:05:38.0'}, 1, null, null, 0, 0, 0, {ts '2002-01-01 00:00:00.0'}, null, 0, 0, 0, null, null, 'A', null, null, null, null, 'CR-1', 'a588b92c-4b95-4c05-8a29-a438e2f87b5a', null, 'luType.shell.course', null, 'fbe6cf3e-6b5c-4782-8295-322fdceddbbe', 'INSTR-1', null)
insert into KSLU_CLU (ID, CREATEID, CREATETIME, UPDATEID, UPDATETIME, VERSIONIND, ACCRED_ORG_ID, ADMIN_ORG_ID, CAN_CREATE_LUI, DEF_ENRL_EST, DEF_MAX_ENRL, EFF_DT, EXPIR_DT, HAS_EARLY_DROP_DEDLN, IS_ENRL, IS_HAZR_DISBLD_STU, NEXT_REVIEW_PRD, REF_URL, ST, ATPDURATIONTYPEKEY, TIMEQUANTITY, STDY_SUBJ_AREA, ACCT_ID, CR_ID, RT_DESCR_ID, FEE_ID, LUTYPE_ID, RT_MKTG_DESCR_ID, OFFIC_CLU_ID, PRI_INSTR_ID, PUBL_ID) values ('7429b8d8-1272-4468-b8bc-ea98e7967ac0', null, {ts '2009-05-07 12:05:38.0'}, null, {ts '2009-05-07 12:05:38.0'}, 1, null, null, 0, 0, 0, {ts '1980-01-01 00:00:00.0'}, null, 0, 0, 0, null, null, 'A', null, null, null, null, 'CR-1', 'bf1032e9-360d-4080-8b93-e2e46dec7c96', null, 'luType.shell.course', null, 'eeeeae79-d8ea-4a64-83d8-a03c82d8e74c', 'INSTR-1', null)
insert into KSLU_CLU (ID, CREATEID, CREATETIME, UPDATEID, UPDATETIME, VERSIONIND, ACCRED_ORG_ID, ADMIN_ORG_ID, CAN_CREATE_LUI, DEF_ENRL_EST, DEF_MAX_ENRL, EFF_DT, EXPIR_DT, HAS_EARLY_DROP_DEDLN, IS_ENRL, IS_HAZR_DISBLD_STU, NEXT_REVIEW_PRD, REF_URL, ST, ATPDURATIONTYPEKEY, TIMEQUANTITY, STDY_SUBJ_AREA, ACCT_ID, CR_ID, RT_DESCR_ID, FEE_ID, LUTYPE_ID, RT_MKTG_DESCR_ID, OFFIC_CLU_ID, PRI_INSTR_ID, PUBL_ID) values ('f77befe3-c76c-4963-b4c2-104197f51e96', null, {ts '2009-05-07 12:05:38.0'}, null, {ts '2009-05-07 12:05:38.0'}, 1, null, null, 0, 0, 0, {ts '2001-08-01 00:00:00.0'}, null, 0, 0, 0, null, null, 'A', null, null, null, null, 'CR-1', 'f59edf29-51b5-4dfe-a757-79cc75ab60e3', null, 'luType.shell.course', null, '2b6eef24-89e1-4ec8-91e1-b991dbaefc19', 'INSTR-1', null)
insert into KSLU_CLU (ID, CREATEID, CREATETIME, UPDATEID, UPDATETIME, VERSIONIND, ACCRED_ORG_ID, ADMIN_ORG_ID, CAN_CREATE_LUI, DEF_ENRL_EST, DEF_MAX_ENRL, EFF_DT, EXPIR_DT, HAS_EARLY_DROP_DEDLN, IS_ENRL, IS_HAZR_DISBLD_STU, NEXT_REVIEW_PRD, REF_URL, ST, ATPDURATIONTYPEKEY, TIMEQUANTITY, STDY_SUBJ_AREA, ACCT_ID, CR_ID, RT_DESCR_ID, FEE_ID, LUTYPE_ID, RT_MKTG_DESCR_ID, OFFIC_CLU_ID, PRI_INSTR_ID, PUBL_ID) values ('c2c2141d-4860-4eff-ba84-86e972619e43', null, {ts '2009-05-07 12:05:38.0'}, null, {ts '2009-05-07 12:05:38.0'}, 1, null, null, 0, 0, 0, {ts '2001-08-01 00:00:00.0'}, null, 0, 0, 0, null, null, 'A', null, null, null, null, 'CR-1', '3070ff0f-6974-4d1d-a339-d5abb3e27fa5', null, 'luType.shell.course', null, 'ddaf48f6-15a1-4c6f-90ef-3bcde235769c', 'INSTR-1', null)
insert into KSLU_CLU (ID, CREATEID, CREATETIME, UPDATEID, UPDATETIME, VERSIONIND, ACCRED_ORG_ID, ADMIN_ORG_ID, CAN_CREATE_LUI, DEF_ENRL_EST, DEF_MAX_ENRL, EFF_DT, EXPIR_DT, HAS_EARLY_DROP_DEDLN, IS_ENRL, IS_HAZR_DISBLD_STU, NEXT_REVIEW_PRD, REF_URL, ST, ATPDURATIONTYPEKEY, TIMEQUANTITY, STDY_SUBJ_AREA, ACCT_ID, CR_ID, RT_DESCR_ID, FEE_ID, LUTYPE_ID, RT_MKTG_DESCR_ID, OFFIC_CLU_ID, PRI_INSTR_ID, PUBL_ID) values ('92c80705-013d-44cd-a921-05360db498f2', null, {ts '2009-05-07 12:05:39.0'}, null, {ts '2009-05-07 12:05:39.0'}, 1, null, null, 0, 0, 0, {ts '2002-08-01 00:00:00.0'}, null, 0, 0, 0, null, null, 'A', null, null, null, null, 'CR-1', '140ca2e5-499a-45e5-a957-ee03603621b3', null, 'luType.shell.course', null, '9caa02ff-4b4a-4caa-94da-d81113fcbb5f', 'INSTR-1', null)
insert into KSLU_CLU (ID, CREATEID, CREATETIME, UPDATEID, UPDATETIME, VERSIONIND, ACCRED_ORG_ID, ADMIN_ORG_ID, CAN_CREATE_LUI, DEF_ENRL_EST, DEF_MAX_ENRL, EFF_DT, EXPIR_DT, HAS_EARLY_DROP_DEDLN, IS_ENRL, IS_HAZR_DISBLD_STU, NEXT_REVIEW_PRD, REF_URL, ST, ATPDURATIONTYPEKEY, TIMEQUANTITY, STDY_SUBJ_AREA, ACCT_ID, CR_ID, RT_DESCR_ID, FEE_ID, LUTYPE_ID, RT_MKTG_DESCR_ID, OFFIC_CLU_ID, PRI_INSTR_ID, PUBL_ID) values ('3b2c7a7e-84bb-4c43-8eaa-520301469799', null, {ts '2009-05-07 12:05:39.0'}, null, {ts '2009-05-07 12:05:39.0'}, 1, null, null, 0, 0, 0, {ts '2003-01-01 00:00:00.0'}, null, 0, 0, 0, null, null, 'A', null, null, null, null, 'CR-1', 'af23c2c0-4018-4313-bdfb-7776a5c5a1c7', null, 'luType.shell.course', null, 'cca4eb70-c4af-4f14-894f-d89b6810605c', 'INSTR-1', null)
insert into KSLU_CLU (ID, CREATEID, CREATETIME, UPDATEID, UPDATETIME, VERSIONIND, ACCRED_ORG_ID, ADMIN_ORG_ID, CAN_CREATE_LUI, DEF_ENRL_EST, DEF_MAX_ENRL, EFF_DT, EXPIR_DT, HAS_EARLY_DROP_DEDLN, IS_ENRL, IS_HAZR_DISBLD_STU, NEXT_REVIEW_PRD, REF_URL, ST, ATPDURATIONTYPEKEY, TIMEQUANTITY, STDY_SUBJ_AREA, ACCT_ID, CR_ID, RT_DESCR_ID, FEE_ID, LUTYPE_ID, RT_MKTG_DESCR_ID, OFFIC_CLU_ID, PRI_INSTR_ID, PUBL_ID) values ('d9dbf300-b75a-4c50-ae18-d45f7cc81cc7', null, {ts '2009-05-07 12:05:25.0'}, null, {ts '2009-05-07 12:05:25.0'}, 1, null, null, 0, 0, 0, {ts '2005-01-01 00:00:00.0'}, null, 0, 0, 0, null, null, 'A', null, null, null, null, 'CR-1', 'dc137f92-5340-43bf-9009-4a951e7d315c', null, 'luType.shell.course', null, '37ecfd9e-b65d-4909-bdc5-6b1300447889', 'INSTR-1', null)
insert into KSLU_CLU (ID, CREATEID, CREATETIME, UPDATEID, UPDATETIME, VERSIONIND, ACCRED_ORG_ID, ADMIN_ORG_ID, CAN_CREATE_LUI, DEF_ENRL_EST, DEF_MAX_ENRL, EFF_DT, EXPIR_DT, HAS_EARLY_DROP_DEDLN, IS_ENRL, IS_HAZR_DISBLD_STU, NEXT_REVIEW_PRD, REF_URL, ST, ATPDURATIONTYPEKEY, TIMEQUANTITY, STDY_SUBJ_AREA, ACCT_ID, CR_ID, RT_DESCR_ID, FEE_ID, LUTYPE_ID, RT_MKTG_DESCR_ID, OFFIC_CLU_ID, PRI_INSTR_ID, PUBL_ID) values ('8e108d5e-44d0-40eb-bd3e-01c4e8dd7472', null, {ts '2009-05-07 12:05:25.0'}, null, {ts '2009-05-07 12:05:25.0'}, 1, null, null, 0, 0, 0, {ts '2001-08-01 00:00:00.0'}, null, 0, 0, 0, null, null, 'A', null, null, null, null, 'CR-1', 'bb10e06c-985c-4578-959a-014925adedb5', null, 'luType.shell.course', null, '4abfaa4f-fce3-44db-83ec-e3845f9b5749', 'INSTR-1', null)
insert into KSLU_CLU (ID, CREATEID, CREATETIME, UPDATEID, UPDATETIME, VERSIONIND, ACCRED_ORG_ID, ADMIN_ORG_ID, CAN_CREATE_LUI, DEF_ENRL_EST, DEF_MAX_ENRL, EFF_DT, EXPIR_DT, HAS_EARLY_DROP_DEDLN, IS_ENRL, IS_HAZR_DISBLD_STU, NEXT_REVIEW_PRD, REF_URL, ST, ATPDURATIONTYPEKEY, TIMEQUANTITY, STDY_SUBJ_AREA, ACCT_ID, CR_ID, RT_DESCR_ID, FEE_ID, LUTYPE_ID, RT_MKTG_DESCR_ID, OFFIC_CLU_ID, PRI_INSTR_ID, PUBL_ID) values ('3b55f963-2ba1-4783-8ae4-2e34ac72bc68', null, {ts '2009-05-07 12:05:25.0'}, null, {ts '2009-05-07 12:05:25.0'}, 1, null, null, 0, 0, 0, {ts '2004-08-01 00:00:00.0'}, null, 0, 0, 0, null, null, 'A', null, null, null, null, 'CR-1', 'ad21e6fc-a57d-457c-81a4-1858c361889d', null, 'luType.shell.course', null, '050e4960-e099-4fba-b0dc-37fadb0e7a1a', 'INSTR-1', null)
insert into KSLU_CLU (ID, CREATEID, CREATETIME, UPDATEID, UPDATETIME, VERSIONIND, ACCRED_ORG_ID, ADMIN_ORG_ID, CAN_CREATE_LUI, DEF_ENRL_EST, DEF_MAX_ENRL, EFF_DT, EXPIR_DT, HAS_EARLY_DROP_DEDLN, IS_ENRL, IS_HAZR_DISBLD_STU, NEXT_REVIEW_PRD, REF_URL, ST, ATPDURATIONTYPEKEY, TIMEQUANTITY, STDY_SUBJ_AREA, ACCT_ID, CR_ID, RT_DESCR_ID, FEE_ID, LUTYPE_ID, RT_MKTG_DESCR_ID, OFFIC_CLU_ID, PRI_INSTR_ID, PUBL_ID) values ('f8d09b66-9052-48b7-8cae-0d26ce2b771e', null, {ts '2009-05-07 12:05:25.0'}, null, {ts '2009-05-07 12:05:25.0'}, 1, null, null, 0, 0, 0, {ts '2004-01-01 00:00:00.0'}, null, 0, 0, 0, null, null, 'A', null, null, null, null, 'CR-1', '276dd520-a3cf-430b-9122-90595ab38f43', null, 'luType.shell.course', null, 'd54ab513-eb6e-4d6d-9099-6bc75472d526', 'INSTR-1', null)
insert into KSLU_CLU (ID, CREATEID, CREATETIME, UPDATEID, UPDATETIME, VERSIONIND, ACCRED_ORG_ID, ADMIN_ORG_ID, CAN_CREATE_LUI, DEF_ENRL_EST, DEF_MAX_ENRL, EFF_DT, EXPIR_DT, HAS_EARLY_DROP_DEDLN, IS_ENRL, IS_HAZR_DISBLD_STU, NEXT_REVIEW_PRD, REF_URL, ST, ATPDURATIONTYPEKEY, TIMEQUANTITY, STDY_SUBJ_AREA, ACCT_ID, CR_ID, RT_DESCR_ID, FEE_ID, LUTYPE_ID, RT_MKTG_DESCR_ID, OFFIC_CLU_ID, PRI_INSTR_ID, PUBL_ID) values ('0bdb8bf4-d647-4952-a754-f371c4772988', null, {ts '2009-05-07 12:05:25.0'}, null, {ts '2009-05-07 12:05:25.0'}, 1, null, null, 0, 0, 0, {ts '2001-08-01 00:00:00.0'}, null, 0, 0, 0, null, null, 'A', null, null, null, null, 'CR-1', '95626421-5208-4607-bd14-3bd5eac1732d', null, 'luType.shell.course', null, '8f3f30c3-7fe1-43e2-84dc-10a038f520ad', 'INSTR-1', null)
insert into KSLU_CLU (ID, CREATEID, CREATETIME, UPDATEID, UPDATETIME, VERSIONIND, ACCRED_ORG_ID, ADMIN_ORG_ID, CAN_CREATE_LUI, DEF_ENRL_EST, DEF_MAX_ENRL, EFF_DT, EXPIR_DT, HAS_EARLY_DROP_DEDLN, IS_ENRL, IS_HAZR_DISBLD_STU, NEXT_REVIEW_PRD, REF_URL, ST, ATPDURATIONTYPEKEY, TIMEQUANTITY, STDY_SUBJ_AREA, ACCT_ID, CR_ID, RT_DESCR_ID, FEE_ID, LUTYPE_ID, RT_MKTG_DESCR_ID, OFFIC_CLU_ID, PRI_INSTR_ID, PUBL_ID) values ('ed5fc964-bd35-4968-a638-a1865ec0c4f3', null, {ts '2009-05-07 12:05:26.0'}, null, {ts '2009-05-07 12:05:26.0'}, 1, null, null, 0, 0, 0, {ts '2004-08-01 00:00:00.0'}, null, 0, 0, 0, null, null, 'A', null, null, null, null, 'CR-1', '2784f0ba-6240-4dea-bc06-1946248a8de0', null, 'luType.shell.course', null, '45d2364e-77db-4953-9204-7adf461ff25e', 'INSTR-1', null)
insert into KSLU_CLU (ID, CREATEID, CREATETIME, UPDATEID, UPDATETIME, VERSIONIND, ACCRED_ORG_ID, ADMIN_ORG_ID, CAN_CREATE_LUI, DEF_ENRL_EST, DEF_MAX_ENRL, EFF_DT, EXPIR_DT, HAS_EARLY_DROP_DEDLN, IS_ENRL, IS_HAZR_DISBLD_STU, NEXT_REVIEW_PRD, REF_URL, ST, ATPDURATIONTYPEKEY, TIMEQUANTITY, STDY_SUBJ_AREA, ACCT_ID, CR_ID, RT_DESCR_ID, FEE_ID, LUTYPE_ID, RT_MKTG_DESCR_ID, OFFIC_CLU_ID, PRI_INSTR_ID, PUBL_ID) values ('288d77fc-f03d-48d8-a1a3-e96af7cbdcc2', null, {ts '2009-05-07 12:05:26.0'}, null, {ts '2009-05-07 12:05:26.0'}, 1, null, null, 0, 0, 0, {ts '2001-08-01 00:00:00.0'}, null, 0, 0, 0, null, null, 'A', null, null, null, null, 'CR-1', 'd4b8f13a-0132-4143-bca6-5e6218f2d701', null, 'luType.shell.course', null, '76a9c21c-cfd4-47d7-a653-f104e648b575', 'INSTR-1', null)
insert into KSLU_CLU (ID, CREATEID, CREATETIME, UPDATEID, UPDATETIME, VERSIONIND, ACCRED_ORG_ID, ADMIN_ORG_ID, CAN_CREATE_LUI, DEF_ENRL_EST, DEF_MAX_ENRL, EFF_DT, EXPIR_DT, HAS_EARLY_DROP_DEDLN, IS_ENRL, IS_HAZR_DISBLD_STU, NEXT_REVIEW_PRD, REF_URL, ST, ATPDURATIONTYPEKEY, TIMEQUANTITY, STDY_SUBJ_AREA, ACCT_ID, CR_ID, RT_DESCR_ID, FEE_ID, LUTYPE_ID, RT_MKTG_DESCR_ID, OFFIC_CLU_ID, PRI_INSTR_ID, PUBL_ID) values ('2f68e422-a54f-4f10-9cf2-37dd4083ce5d', null, {ts '2009-05-07 12:05:26.0'}, null, {ts '2009-05-07 12:05:26.0'}, 1, null, null, 0, 0, 0, {ts '2007-08-01 00:00:00.0'}, null, 0, 0, 0, null, null, 'A', null, null, null, null, 'CR-1', '110e43c9-e51f-464f-893c-d21d5153b81b', null, 'luType.shell.course', null, 'ea41403d-6db1-44d5-a423-0aabffdeb90b', 'INSTR-1', null)
insert into KSLU_CLU (ID, CREATEID, CREATETIME, UPDATEID, UPDATETIME, VERSIONIND, ACCRED_ORG_ID, ADMIN_ORG_ID, CAN_CREATE_LUI, DEF_ENRL_EST, DEF_MAX_ENRL, EFF_DT, EXPIR_DT, HAS_EARLY_DROP_DEDLN, IS_ENRL, IS_HAZR_DISBLD_STU, NEXT_REVIEW_PRD, REF_URL, ST, ATPDURATIONTYPEKEY, TIMEQUANTITY, STDY_SUBJ_AREA, ACCT_ID, CR_ID, RT_DESCR_ID, FEE_ID, LUTYPE_ID, RT_MKTG_DESCR_ID, OFFIC_CLU_ID, PRI_INSTR_ID, PUBL_ID) values ('a1c35e82-8a24-495b-aa91-98d9317e3604', null, {ts '2009-05-07 12:05:26.0'}, null, {ts '2009-05-07 12:05:26.0'}, 1, null, null, 0, 0, 0, {ts '1990-08-01 00:00:00.0'}, null, 0, 0, 0, null, null, 'A', null, null, null, null, 'CR-1', '94c048e6-3208-401c-bd2d-b0bb8127b10e', null, 'luType.shell.course', null, 'd1ae67c7-93a6-4163-836b-2fe2646e61bb', 'INSTR-1', null)
insert into KSLU_CLU (ID, CREATEID, CREATETIME, UPDATEID, UPDATETIME, VERSIONIND, ACCRED_ORG_ID, ADMIN_ORG_ID, CAN_CREATE_LUI, DEF_ENRL_EST, DEF_MAX_ENRL, EFF_DT, EXPIR_DT, HAS_EARLY_DROP_DEDLN, IS_ENRL, IS_HAZR_DISBLD_STU, NEXT_REVIEW_PRD, REF_URL, ST, ATPDURATIONTYPEKEY, TIMEQUANTITY, STDY_SUBJ_AREA, ACCT_ID, CR_ID, RT_DESCR_ID, FEE_ID, LUTYPE_ID, RT_MKTG_DESCR_ID, OFFIC_CLU_ID, PRI_INSTR_ID, PUBL_ID) values ('10594a78-58f8-418c-b11e-312124f23fb8', null, {ts '2009-05-07 12:05:26.0'}, null, {ts '2009-05-07 12:05:26.0'}, 1, null, null, 0, 0, 0, {ts '2007-08-01 00:00:00.0'}, null, 0, 0, 0, null, null, 'A', null, null, null, null, 'CR-1', '4a7721fc-b10d-497a-b713-e6d1b8bcdd24', null, 'luType.shell.course', null, '7c1a6962-b2d5-4c45-b200-fc159b18ad11', 'INSTR-1', null)
insert into KSLU_CLU (ID, CREATEID, CREATETIME, UPDATEID, UPDATETIME, VERSIONIND, ACCRED_ORG_ID, ADMIN_ORG_ID, CAN_CREATE_LUI, DEF_ENRL_EST, DEF_MAX_ENRL, EFF_DT, EXPIR_DT, HAS_EARLY_DROP_DEDLN, IS_ENRL, IS_HAZR_DISBLD_STU, NEXT_REVIEW_PRD, REF_URL, ST, ATPDURATIONTYPEKEY, TIMEQUANTITY, STDY_SUBJ_AREA, ACCT_ID, CR_ID, RT_DESCR_ID, FEE_ID, LUTYPE_ID, RT_MKTG_DESCR_ID, OFFIC_CLU_ID, PRI_INSTR_ID, PUBL_ID) values ('fc7a2687-232b-42f5-bfa1-1056b1b92e6b', null, {ts '2009-05-07 12:05:26.0'}, null, {ts '2009-05-07 12:05:26.0'}, 1, null, null, 0, 0, 0, {ts '1996-08-01 00:00:00.0'}, null, 0, 0, 0, null, null, 'A', null, null, null, null, 'CR-1', '1ccd09dd-8a12-4561-9567-6aafe94f342e', null, 'luType.shell.course', null, '763177cc-1770-42c8-bb24-988e1a648b1c', 'INSTR-1', null)
insert into KSLU_CLU (ID, CREATEID, CREATETIME, UPDATEID, UPDATETIME, VERSIONIND, ACCRED_ORG_ID, ADMIN_ORG_ID, CAN_CREATE_LUI, DEF_ENRL_EST, DEF_MAX_ENRL, EFF_DT, EXPIR_DT, HAS_EARLY_DROP_DEDLN, IS_ENRL, IS_HAZR_DISBLD_STU, NEXT_REVIEW_PRD, REF_URL, ST, ATPDURATIONTYPEKEY, TIMEQUANTITY, STDY_SUBJ_AREA, ACCT_ID, CR_ID, RT_DESCR_ID, FEE_ID, LUTYPE_ID, RT_MKTG_DESCR_ID, OFFIC_CLU_ID, PRI_INSTR_ID, PUBL_ID) values ('549f5b3e-85de-417e-8a7d-49c09960bfa0', null, {ts '2009-05-07 12:05:27.0'}, null, {ts '2009-05-07 12:05:27.0'}, 1, null, null, 0, 0, 0, {ts '2002-08-01 00:00:00.0'}, null, 0, 0, 0, null, null, 'A', null, null, null, null, 'CR-1', '3e5c8adc-ce48-4bbf-ab89-8c6bab8f3dc2', null, 'luType.shell.course', null, '8ed5ea45-55f8-4bd3-bcf1-7f0e22e5e327', 'INSTR-1', null)
insert into KSLU_CLU (ID, CREATEID, CREATETIME, UPDATEID, UPDATETIME, VERSIONIND, ACCRED_ORG_ID, ADMIN_ORG_ID, CAN_CREATE_LUI, DEF_ENRL_EST, DEF_MAX_ENRL, EFF_DT, EXPIR_DT, HAS_EARLY_DROP_DEDLN, IS_ENRL, IS_HAZR_DISBLD_STU, NEXT_REVIEW_PRD, REF_URL, ST, ATPDURATIONTYPEKEY, TIMEQUANTITY, STDY_SUBJ_AREA, ACCT_ID, CR_ID, RT_DESCR_ID, FEE_ID, LUTYPE_ID, RT_MKTG_DESCR_ID, OFFIC_CLU_ID, PRI_INSTR_ID, PUBL_ID) values ('d7ce6948-be48-49fd-b0b8-d2718f6fa71b', null, {ts '2009-05-07 12:05:27.0'}, null, {ts '2009-05-07 12:05:27.0'}, 1, null, null, 0, 0, 0, {ts '1992-01-01 00:00:00.0'}, null, 0, 0, 0, null, null, 'A', null, null, null, null, 'CR-1', '58171da1-d680-455c-87be-0eeab2db5a59', null, 'luType.shell.course', null, '4115971e-b188-4be8-be79-b249c159ab44', 'INSTR-1', null)
insert into KSLU_CLU (ID, CREATEID, CREATETIME, UPDATEID, UPDATETIME, VERSIONIND, ACCRED_ORG_ID, ADMIN_ORG_ID, CAN_CREATE_LUI, DEF_ENRL_EST, DEF_MAX_ENRL, EFF_DT, EXPIR_DT, HAS_EARLY_DROP_DEDLN, IS_ENRL, IS_HAZR_DISBLD_STU, NEXT_REVIEW_PRD, REF_URL, ST, ATPDURATIONTYPEKEY, TIMEQUANTITY, STDY_SUBJ_AREA, ACCT_ID, CR_ID, RT_DESCR_ID, FEE_ID, LUTYPE_ID, RT_MKTG_DESCR_ID, OFFIC_CLU_ID, PRI_INSTR_ID, PUBL_ID) values ('a31836fd-cd2f-448a-b429-7e56c41f0ba5', null, {ts '2009-05-07 12:05:27.0'}, null, {ts '2009-05-07 12:05:27.0'}, 1, null, null, 0, 0, 0, {ts '1995-08-01 00:00:00.0'}, null, 0, 0, 0, null, null, 'A', null, null, null, null, 'CR-1', '9ef9b696-88dd-46d6-b5d2-3580510427bc', null, 'luType.shell.course', null, '3f9f8e43-ca37-4187-bcda-337052fd4c2c', 'INSTR-1', null)
insert into KSLU_CLU (ID, CREATEID, CREATETIME, UPDATEID, UPDATETIME, VERSIONIND, ACCRED_ORG_ID, ADMIN_ORG_ID, CAN_CREATE_LUI, DEF_ENRL_EST, DEF_MAX_ENRL, EFF_DT, EXPIR_DT, HAS_EARLY_DROP_DEDLN, IS_ENRL, IS_HAZR_DISBLD_STU, NEXT_REVIEW_PRD, REF_URL, ST, ATPDURATIONTYPEKEY, TIMEQUANTITY, STDY_SUBJ_AREA, ACCT_ID, CR_ID, RT_DESCR_ID, FEE_ID, LUTYPE_ID, RT_MKTG_DESCR_ID, OFFIC_CLU_ID, PRI_INSTR_ID, PUBL_ID) values ('e4c7c8b0-fee2-49ab-ba39-4c4b43787524', null, {ts '2009-05-07 12:05:27.0'}, null, {ts '2009-05-07 12:05:27.0'}, 1, null, null, 0, 0, 0, {ts '1994-08-01 00:00:00.0'}, null, 0, 0, 0, null, null, 'A', null, null, null, null, 'CR-1', '48b56c12-dfba-404a-956d-34e848cc26b9', null, 'luType.shell.course', null, '47451dc5-63a4-46b8-9df6-e55fece0c28a', 'INSTR-1', null)
insert into KSLU_CLU (ID, CREATEID, CREATETIME, UPDATEID, UPDATETIME, VERSIONIND, ACCRED_ORG_ID, ADMIN_ORG_ID, CAN_CREATE_LUI, DEF_ENRL_EST, DEF_MAX_ENRL, EFF_DT, EXPIR_DT, HAS_EARLY_DROP_DEDLN, IS_ENRL, IS_HAZR_DISBLD_STU, NEXT_REVIEW_PRD, REF_URL, ST, ATPDURATIONTYPEKEY, TIMEQUANTITY, STDY_SUBJ_AREA, ACCT_ID, CR_ID, RT_DESCR_ID, FEE_ID, LUTYPE_ID, RT_MKTG_DESCR_ID, OFFIC_CLU_ID, PRI_INSTR_ID, PUBL_ID) values ('a3a4e652-f814-4083-b598-4913f5c4214f', null, {ts '2009-05-07 12:05:27.0'}, null, {ts '2009-05-07 12:05:27.0'}, 1, null, null, 0, 0, 0, {ts '1995-08-01 00:00:00.0'}, null, 0, 0, 0, null, null, 'A', null, null, null, null, 'CR-1', 'dff540a4-bac1-4712-9776-7040ae923588', null, 'luType.shell.course', null, '410cfd1f-417e-4d33-9a1c-82cdf9ec530e', 'INSTR-1', null)
insert into KSLU_CLU (ID, CREATEID, CREATETIME, UPDATEID, UPDATETIME, VERSIONIND, ACCRED_ORG_ID, ADMIN_ORG_ID, CAN_CREATE_LUI, DEF_ENRL_EST, DEF_MAX_ENRL, EFF_DT, EXPIR_DT, HAS_EARLY_DROP_DEDLN, IS_ENRL, IS_HAZR_DISBLD_STU, NEXT_REVIEW_PRD, REF_URL, ST, ATPDURATIONTYPEKEY, TIMEQUANTITY, STDY_SUBJ_AREA, ACCT_ID, CR_ID, RT_DESCR_ID, FEE_ID, LUTYPE_ID, RT_MKTG_DESCR_ID, OFFIC_CLU_ID, PRI_INSTR_ID, PUBL_ID) values ('d42a31e8-ec85-445f-86ab-cab5a7ea437b', null, {ts '2009-05-07 12:05:27.0'}, null, {ts '2009-05-07 12:05:27.0'}, 1, null, null, 0, 0, 0, {ts '1995-08-01 00:00:00.0'}, null, 0, 0, 0, null, null, 'A', null, null, null, null, 'CR-1', '093eaffb-0f61-4bfe-8a68-f0d4f69bf711', null, 'luType.shell.course', null, '322d6982-60d2-4e4c-9f74-5312c2307511', 'INSTR-1', null)
insert into KSLU_CLU (ID, CREATEID, CREATETIME, UPDATEID, UPDATETIME, VERSIONIND, ACCRED_ORG_ID, ADMIN_ORG_ID, CAN_CREATE_LUI, DEF_ENRL_EST, DEF_MAX_ENRL, EFF_DT, EXPIR_DT, HAS_EARLY_DROP_DEDLN, IS_ENRL, IS_HAZR_DISBLD_STU, NEXT_REVIEW_PRD, REF_URL, ST, ATPDURATIONTYPEKEY, TIMEQUANTITY, STDY_SUBJ_AREA, ACCT_ID, CR_ID, RT_DESCR_ID, FEE_ID, LUTYPE_ID, RT_MKTG_DESCR_ID, OFFIC_CLU_ID, PRI_INSTR_ID, PUBL_ID) values ('bf52885f-6dbc-4dd1-9a21-f299c531eb01', null, {ts '2009-05-07 12:05:27.0'}, null, {ts '2009-05-07 12:05:27.0'}, 1, null, null, 0, 0, 0, {ts '2005-01-01 00:00:00.0'}, null, 0, 0, 0, null, null, 'A', null, null, null, null, 'CR-1', '3248e505-410d-49c1-bd49-0d216c9acb2c', null, 'luType.shell.course', null, '268dcbfc-16b9-492a-9db0-e1bf912c53a4', 'INSTR-1', null)
insert into KSLU_CLU (ID, CREATEID, CREATETIME, UPDATEID, UPDATETIME, VERSIONIND, ACCRED_ORG_ID, ADMIN_ORG_ID, CAN_CREATE_LUI, DEF_ENRL_EST, DEF_MAX_ENRL, EFF_DT, EXPIR_DT, HAS_EARLY_DROP_DEDLN, IS_ENRL, IS_HAZR_DISBLD_STU, NEXT_REVIEW_PRD, REF_URL, ST, ATPDURATIONTYPEKEY, TIMEQUANTITY, STDY_SUBJ_AREA, ACCT_ID, CR_ID, RT_DESCR_ID, FEE_ID, LUTYPE_ID, RT_MKTG_DESCR_ID, OFFIC_CLU_ID, PRI_INSTR_ID, PUBL_ID) values ('676d3dbc-d0bc-47cb-bfc5-c22db5c9d0b4', null, {ts '2009-05-07 12:05:28.0'}, null, {ts '2009-05-07 12:05:28.0'}, 1, null, null, 0, 0, 0, {ts '1995-08-01 00:00:00.0'}, null, 0, 0, 0, null, null, 'A', null, null, null, null, 'CR-1', '45ffc1f6-324f-4fc8-a403-8343f50e8686', null, 'luType.shell.course', null, 'da283406-b9ac-4976-9795-20086827549d', 'INSTR-1', null)
insert into KSLU_CLU (ID, CREATEID, CREATETIME, UPDATEID, UPDATETIME, VERSIONIND, ACCRED_ORG_ID, ADMIN_ORG_ID, CAN_CREATE_LUI, DEF_ENRL_EST, DEF_MAX_ENRL, EFF_DT, EXPIR_DT, HAS_EARLY_DROP_DEDLN, IS_ENRL, IS_HAZR_DISBLD_STU, NEXT_REVIEW_PRD, REF_URL, ST, ATPDURATIONTYPEKEY, TIMEQUANTITY, STDY_SUBJ_AREA, ACCT_ID, CR_ID, RT_DESCR_ID, FEE_ID, LUTYPE_ID, RT_MKTG_DESCR_ID, OFFIC_CLU_ID, PRI_INSTR_ID, PUBL_ID) values ('6a4faea9-37b7-4bf3-8d4c-3fc173e6a61d', null, {ts '2009-05-07 12:05:28.0'}, null, {ts '2009-05-07 12:05:28.0'}, 1, null, null, 0, 0, 0, {ts '2002-08-01 00:00:00.0'}, null, 0, 0, 0, null, null, 'A', null, null, null, null, 'CR-1', '0d015871-2a71-4471-a695-09de5cb32713', null, 'luType.shell.course', null, 'bfd64eb3-1d93-462e-9528-a69af1f443f2', 'INSTR-1', null)
insert into KSLU_CLU (ID, CREATEID, CREATETIME, UPDATEID, UPDATETIME, VERSIONIND, ACCRED_ORG_ID, ADMIN_ORG_ID, CAN_CREATE_LUI, DEF_ENRL_EST, DEF_MAX_ENRL, EFF_DT, EXPIR_DT, HAS_EARLY_DROP_DEDLN, IS_ENRL, IS_HAZR_DISBLD_STU, NEXT_REVIEW_PRD, REF_URL, ST, ATPDURATIONTYPEKEY, TIMEQUANTITY, STDY_SUBJ_AREA, ACCT_ID, CR_ID, RT_DESCR_ID, FEE_ID, LUTYPE_ID, RT_MKTG_DESCR_ID, OFFIC_CLU_ID, PRI_INSTR_ID, PUBL_ID) values ('4fcad988-64e4-4a97-89fc-b938b55584bd', null, {ts '2009-05-07 12:05:28.0'}, null, {ts '2009-05-07 12:05:28.0'}, 1, null, null, 0, 0, 0, {ts '1989-08-01 00:00:00.0'}, null, 0, 0, 0, null, null, 'A', null, null, null, null, 'CR-1', '22d1eac6-c431-4816-b3e4-2c81fa1581ce', null, 'luType.shell.course', null, '6a985b70-3ad7-4d4f-ab9a-be0df8ef3f86', 'INSTR-1', null)
insert into KSLU_CLU (ID, CREATEID, CREATETIME, UPDATEID, UPDATETIME, VERSIONIND, ACCRED_ORG_ID, ADMIN_ORG_ID, CAN_CREATE_LUI, DEF_ENRL_EST, DEF_MAX_ENRL, EFF_DT, EXPIR_DT, HAS_EARLY_DROP_DEDLN, IS_ENRL, IS_HAZR_DISBLD_STU, NEXT_REVIEW_PRD, REF_URL, ST, ATPDURATIONTYPEKEY, TIMEQUANTITY, STDY_SUBJ_AREA, ACCT_ID, CR_ID, RT_DESCR_ID, FEE_ID, LUTYPE_ID, RT_MKTG_DESCR_ID, OFFIC_CLU_ID, PRI_INSTR_ID, PUBL_ID) values ('e3a93699-b7e5-46d7-ae13-23e414c30138', null, {ts '2009-05-07 12:05:28.0'}, null, {ts '2009-05-07 12:05:28.0'}, 1, null, null, 0, 0, 0, {ts '1992-01-01 00:00:00.0'}, null, 0, 0, 0, null, null, 'A', null, null, null, null, 'CR-1', '7bc2b809-3701-402c-b292-f90f09c492b2', null, 'luType.shell.course', null, '5588beb4-2f9f-44f0-9623-b6d132e72156', 'INSTR-1', null)
insert into KSLU_CLU (ID, CREATEID, CREATETIME, UPDATEID, UPDATETIME, VERSIONIND, ACCRED_ORG_ID, ADMIN_ORG_ID, CAN_CREATE_LUI, DEF_ENRL_EST, DEF_MAX_ENRL, EFF_DT, EXPIR_DT, HAS_EARLY_DROP_DEDLN, IS_ENRL, IS_HAZR_DISBLD_STU, NEXT_REVIEW_PRD, REF_URL, ST, ATPDURATIONTYPEKEY, TIMEQUANTITY, STDY_SUBJ_AREA, ACCT_ID, CR_ID, RT_DESCR_ID, FEE_ID, LUTYPE_ID, RT_MKTG_DESCR_ID, OFFIC_CLU_ID, PRI_INSTR_ID, PUBL_ID) values ('219a410b-f0b9-4ce0-bcf8-57e83c0ba720', null, {ts '2009-05-07 12:05:28.0'}, null, {ts '2009-05-07 12:05:28.0'}, 1, null, null, 0, 0, 0, {ts '1995-08-01 00:00:00.0'}, null, 0, 0, 0, null, null, 'A', null, null, null, null, 'CR-1', 'a4e52312-e762-423c-901b-af200e907088', null, 'luType.shell.course', null, 'cdf983c3-f30b-4a00-b2b3-b4659435549a', 'INSTR-1', null)
insert into KSLU_CLU (ID, CREATEID, CREATETIME, UPDATEID, UPDATETIME, VERSIONIND, ACCRED_ORG_ID, ADMIN_ORG_ID, CAN_CREATE_LUI, DEF_ENRL_EST, DEF_MAX_ENRL, EFF_DT, EXPIR_DT, HAS_EARLY_DROP_DEDLN, IS_ENRL, IS_HAZR_DISBLD_STU, NEXT_REVIEW_PRD, REF_URL, ST, ATPDURATIONTYPEKEY, TIMEQUANTITY, STDY_SUBJ_AREA, ACCT_ID, CR_ID, RT_DESCR_ID, FEE_ID, LUTYPE_ID, RT_MKTG_DESCR_ID, OFFIC_CLU_ID, PRI_INSTR_ID, PUBL_ID) values ('718a741e-fbab-4595-8f79-48760b647c51', null, {ts '2009-05-07 12:05:28.0'}, null, {ts '2009-05-07 12:05:28.0'}, 1, null, null, 0, 0, 0, {ts '1995-08-01 00:00:00.0'}, null, 0, 0, 0, null, null, 'A', null, null, null, null, 'CR-1', '55effe34-4478-4006-965e-0f0fba601c50', null, 'luType.shell.course', null, 'd17d1126-1463-404e-9258-eee8752c7965', 'INSTR-1', null)
insert into KSLU_CLU (ID, CREATEID, CREATETIME, UPDATEID, UPDATETIME, VERSIONIND, ACCRED_ORG_ID, ADMIN_ORG_ID, CAN_CREATE_LUI, DEF_ENRL_EST, DEF_MAX_ENRL, EFF_DT, EXPIR_DT, HAS_EARLY_DROP_DEDLN, IS_ENRL, IS_HAZR_DISBLD_STU, NEXT_REVIEW_PRD, REF_URL, ST, ATPDURATIONTYPEKEY, TIMEQUANTITY, STDY_SUBJ_AREA, ACCT_ID, CR_ID, RT_DESCR_ID, FEE_ID, LUTYPE_ID, RT_MKTG_DESCR_ID, OFFIC_CLU_ID, PRI_INSTR_ID, PUBL_ID) values ('f2a816b9-7de0-4162-8d08-388d88de74f5', null, {ts '2009-05-07 12:05:28.0'}, null, {ts '2009-05-07 12:05:28.0'}, 1, null, null, 0, 0, 0, {ts '1994-08-01 00:00:00.0'}, null, 0, 0, 0, null, null, 'A', null, null, null, null, 'CR-1', '472da2bc-c593-425c-b95e-ddad27d5c8ae', null, 'luType.shell.course', null, '86a1c5e2-2218-4cf6-a563-8d1e7039b5a9', 'INSTR-1', null)
insert into KSLU_CLU (ID, CREATEID, CREATETIME, UPDATEID, UPDATETIME, VERSIONIND, ACCRED_ORG_ID, ADMIN_ORG_ID, CAN_CREATE_LUI, DEF_ENRL_EST, DEF_MAX_ENRL, EFF_DT, EXPIR_DT, HAS_EARLY_DROP_DEDLN, IS_ENRL, IS_HAZR_DISBLD_STU, NEXT_REVIEW_PRD, REF_URL, ST, ATPDURATIONTYPEKEY, TIMEQUANTITY, STDY_SUBJ_AREA, ACCT_ID, CR_ID, RT_DESCR_ID, FEE_ID, LUTYPE_ID, RT_MKTG_DESCR_ID, OFFIC_CLU_ID, PRI_INSTR_ID, PUBL_ID) values ('00cf3341-e5f7-4d02-b9e3-cde4df2f4603', null, {ts '2009-05-07 12:05:29.0'}, null, {ts '2009-05-07 12:05:29.0'}, 1, null, null, 0, 0, 0, {ts '1990-08-01 00:00:00.0'}, null, 0, 0, 0, null, null, 'A', null, null, null, null, 'CR-1', '56863ff2-7b31-47eb-8d5d-6d9f04177e30', null, 'luType.shell.course', null, '082a0869-7b5b-4ffe-bc83-fbfd553caaa4', 'INSTR-1', null)
insert into KSLU_CLU (ID, CREATEID, CREATETIME, UPDATEID, UPDATETIME, VERSIONIND, ACCRED_ORG_ID, ADMIN_ORG_ID, CAN_CREATE_LUI, DEF_ENRL_EST, DEF_MAX_ENRL, EFF_DT, EXPIR_DT, HAS_EARLY_DROP_DEDLN, IS_ENRL, IS_HAZR_DISBLD_STU, NEXT_REVIEW_PRD, REF_URL, ST, ATPDURATIONTYPEKEY, TIMEQUANTITY, STDY_SUBJ_AREA, ACCT_ID, CR_ID, RT_DESCR_ID, FEE_ID, LUTYPE_ID, RT_MKTG_DESCR_ID, OFFIC_CLU_ID, PRI_INSTR_ID, PUBL_ID) values ('a079e6e4-9d4c-4296-8db3-5fa353fcfec9', null, {ts '2009-05-07 12:05:29.0'}, null, {ts '2009-05-07 12:05:29.0'}, 1, null, null, 0, 0, 0, {ts '1992-01-01 00:00:00.0'}, null, 0, 0, 0, null, null, 'A', null, null, null, null, 'CR-1', 'dd0a09cf-d0f8-453c-9605-72661f1cb15f', null, 'luType.shell.course', null, 'b7b09665-96d5-43fd-92e7-299a48d0f2c3', 'INSTR-1', null)
insert into KSLU_CLU (ID, CREATEID, CREATETIME, UPDATEID, UPDATETIME, VERSIONIND, ACCRED_ORG_ID, ADMIN_ORG_ID, CAN_CREATE_LUI, DEF_ENRL_EST, DEF_MAX_ENRL, EFF_DT, EXPIR_DT, HAS_EARLY_DROP_DEDLN, IS_ENRL, IS_HAZR_DISBLD_STU, NEXT_REVIEW_PRD, REF_URL, ST, ATPDURATIONTYPEKEY, TIMEQUANTITY, STDY_SUBJ_AREA, ACCT_ID, CR_ID, RT_DESCR_ID, FEE_ID, LUTYPE_ID, RT_MKTG_DESCR_ID, OFFIC_CLU_ID, PRI_INSTR_ID, PUBL_ID) values ('f34877b7-4303-4e43-8611-c8b120af59f3', null, {ts '2009-05-07 12:05:29.0'}, null, {ts '2009-05-07 12:05:29.0'}, 1, null, null, 0, 0, 0, {ts '2005-01-01 00:00:00.0'}, null, 0, 0, 0, null, null, 'A', null, null, null, null, 'CR-1', 'a674dd70-6036-4637-92a8-021c7d2dea51', null, 'luType.shell.course', null, 'de23d5f3-12e1-42ae-b442-866ff97dfeff', 'INSTR-1', null)
insert into KSLU_CLU (ID, CREATEID, CREATETIME, UPDATEID, UPDATETIME, VERSIONIND, ACCRED_ORG_ID, ADMIN_ORG_ID, CAN_CREATE_LUI, DEF_ENRL_EST, DEF_MAX_ENRL, EFF_DT, EXPIR_DT, HAS_EARLY_DROP_DEDLN, IS_ENRL, IS_HAZR_DISBLD_STU, NEXT_REVIEW_PRD, REF_URL, ST, ATPDURATIONTYPEKEY, TIMEQUANTITY, STDY_SUBJ_AREA, ACCT_ID, CR_ID, RT_DESCR_ID, FEE_ID, LUTYPE_ID, RT_MKTG_DESCR_ID, OFFIC_CLU_ID, PRI_INSTR_ID, PUBL_ID) values ('550cf473-91dd-4ae5-9185-85635e0086bc', null, {ts '2009-05-07 12:05:29.0'}, null, {ts '2009-05-07 12:05:29.0'}, 1, null, null, 0, 0, 0, {ts '1989-08-01 00:00:00.0'}, null, 0, 0, 0, null, null, 'A', null, null, null, null, 'CR-1', '272b6264-86b2-4455-848b-987ac4e0e173', null, 'luType.shell.course', null, '51080ae7-8e92-4466-9a2d-5efacb7a1a31', 'INSTR-1', null)
insert into KSLU_CLU (ID, CREATEID, CREATETIME, UPDATEID, UPDATETIME, VERSIONIND, ACCRED_ORG_ID, ADMIN_ORG_ID, CAN_CREATE_LUI, DEF_ENRL_EST, DEF_MAX_ENRL, EFF_DT, EXPIR_DT, HAS_EARLY_DROP_DEDLN, IS_ENRL, IS_HAZR_DISBLD_STU, NEXT_REVIEW_PRD, REF_URL, ST, ATPDURATIONTYPEKEY, TIMEQUANTITY, STDY_SUBJ_AREA, ACCT_ID, CR_ID, RT_DESCR_ID, FEE_ID, LUTYPE_ID, RT_MKTG_DESCR_ID, OFFIC_CLU_ID, PRI_INSTR_ID, PUBL_ID) values ('daaecf1d-f4fa-4dad-8246-c60d362eaa68', null, {ts '2009-05-07 12:05:29.0'}, null, {ts '2009-05-07 12:05:29.0'}, 1, null, null, 0, 0, 0, {ts '1991-01-01 00:00:00.0'}, null, 0, 0, 0, null, null, 'A', null, null, null, null, 'CR-1', '8681e7fb-9fd1-4901-9a6f-2854b1de0ae5', null, 'luType.shell.course', null, '3ca65e2c-e7ee-44b6-8a65-5fe404a6f0ae', 'INSTR-1', null)
insert into KSLU_CLU (ID, CREATEID, CREATETIME, UPDATEID, UPDATETIME, VERSIONIND, ACCRED_ORG_ID, ADMIN_ORG_ID, CAN_CREATE_LUI, DEF_ENRL_EST, DEF_MAX_ENRL, EFF_DT, EXPIR_DT, HAS_EARLY_DROP_DEDLN, IS_ENRL, IS_HAZR_DISBLD_STU, NEXT_REVIEW_PRD, REF_URL, ST, ATPDURATIONTYPEKEY, TIMEQUANTITY, STDY_SUBJ_AREA, ACCT_ID, CR_ID, RT_DESCR_ID, FEE_ID, LUTYPE_ID, RT_MKTG_DESCR_ID, OFFIC_CLU_ID, PRI_INSTR_ID, PUBL_ID) values ('e2dd8520-2799-43a3-a240-322530da54a6', null, {ts '2009-05-07 12:05:29.0'}, null, {ts '2009-05-07 12:05:29.0'}, 1, null, null, 0, 0, 0, {ts '2001-08-01 00:00:00.0'}, null, 0, 0, 0, null, null, 'A', null, null, null, null, 'CR-1', '094e8490-197e-4d81-8e9b-6bcbff542758', null, 'luType.shell.course', null, '41ef5b58-3b43-4c07-84fc-cfd54e083d73', 'INSTR-1', null)
insert into KSLU_CLU (ID, CREATEID, CREATETIME, UPDATEID, UPDATETIME, VERSIONIND, ACCRED_ORG_ID, ADMIN_ORG_ID, CAN_CREATE_LUI, DEF_ENRL_EST, DEF_MAX_ENRL, EFF_DT, EXPIR_DT, HAS_EARLY_DROP_DEDLN, IS_ENRL, IS_HAZR_DISBLD_STU, NEXT_REVIEW_PRD, REF_URL, ST, ATPDURATIONTYPEKEY, TIMEQUANTITY, STDY_SUBJ_AREA, ACCT_ID, CR_ID, RT_DESCR_ID, FEE_ID, LUTYPE_ID, RT_MKTG_DESCR_ID, OFFIC_CLU_ID, PRI_INSTR_ID, PUBL_ID) values ('d3a5b8d8-1159-4820-a60b-5cdcc9cdea38', null, {ts '2009-05-07 12:05:29.0'}, null, {ts '2009-05-07 12:05:29.0'}, 1, null, null, 0, 0, 0, {ts '2001-08-01 00:00:00.0'}, null, 0, 0, 0, null, null, 'A', null, null, null, null, 'CR-1', '1b2eb5ff-333a-44a3-9864-299230e550b7', null, 'luType.shell.course', null, 'ccede96c-f989-4ccc-b9e0-71aa5f7c2ba7', 'INSTR-1', null)
insert into KSLU_CLU (ID, CREATEID, CREATETIME, UPDATEID, UPDATETIME, VERSIONIND, ACCRED_ORG_ID, ADMIN_ORG_ID, CAN_CREATE_LUI, DEF_ENRL_EST, DEF_MAX_ENRL, EFF_DT, EXPIR_DT, HAS_EARLY_DROP_DEDLN, IS_ENRL, IS_HAZR_DISBLD_STU, NEXT_REVIEW_PRD, REF_URL, ST, ATPDURATIONTYPEKEY, TIMEQUANTITY, STDY_SUBJ_AREA, ACCT_ID, CR_ID, RT_DESCR_ID, FEE_ID, LUTYPE_ID, RT_MKTG_DESCR_ID, OFFIC_CLU_ID, PRI_INSTR_ID, PUBL_ID) values ('99018f9d-e713-434f-8b91-037a9a617660', null, {ts '2009-05-07 12:05:29.0'}, null, {ts '2009-05-07 12:05:29.0'}, 1, null, null, 0, 0, 0, {ts '2005-01-01 00:00:00.0'}, null, 0, 0, 0, null, null, 'A', null, null, null, null, 'CR-1', '3bd70ed8-d64e-47e3-8264-6addd266c54d', null, 'luType.shell.course', null, '1c7719cc-a9d6-46d4-9722-7e8e658edec1', 'INSTR-1', null)
insert into KSLU_CLU (ID, CREATEID, CREATETIME, UPDATEID, UPDATETIME, VERSIONIND, ACCRED_ORG_ID, ADMIN_ORG_ID, CAN_CREATE_LUI, DEF_ENRL_EST, DEF_MAX_ENRL, EFF_DT, EXPIR_DT, HAS_EARLY_DROP_DEDLN, IS_ENRL, IS_HAZR_DISBLD_STU, NEXT_REVIEW_PRD, REF_URL, ST, ATPDURATIONTYPEKEY, TIMEQUANTITY, STDY_SUBJ_AREA, ACCT_ID, CR_ID, RT_DESCR_ID, FEE_ID, LUTYPE_ID, RT_MKTG_DESCR_ID, OFFIC_CLU_ID, PRI_INSTR_ID, PUBL_ID) values ('ffd3b0ae-debf-4206-b0ae-9459df9a58da', null, {ts '2009-05-07 12:05:30.0'}, null, {ts '2009-05-07 12:05:30.0'}, 1, null, null, 0, 0, 0, {ts '2005-01-01 00:00:00.0'}, null, 0, 0, 0, null, null, 'A', null, null, null, null, 'CR-1', 'bc000951-3e49-4f85-a864-f7688b201e5e', null, 'luType.shell.course', null, 'b0ba68f0-a167-480a-99c8-1d411c0a96a8', 'INSTR-1', null)
insert into KSLU_CLU (ID, CREATEID, CREATETIME, UPDATEID, UPDATETIME, VERSIONIND, ACCRED_ORG_ID, ADMIN_ORG_ID, CAN_CREATE_LUI, DEF_ENRL_EST, DEF_MAX_ENRL, EFF_DT, EXPIR_DT, HAS_EARLY_DROP_DEDLN, IS_ENRL, IS_HAZR_DISBLD_STU, NEXT_REVIEW_PRD, REF_URL, ST, ATPDURATIONTYPEKEY, TIMEQUANTITY, STDY_SUBJ_AREA, ACCT_ID, CR_ID, RT_DESCR_ID, FEE_ID, LUTYPE_ID, RT_MKTG_DESCR_ID, OFFIC_CLU_ID, PRI_INSTR_ID, PUBL_ID) values ('a33f5b4b-127d-4854-9ce1-2e27aeeac394', null, {ts '2009-05-07 12:05:30.0'}, null, {ts '2009-05-07 12:05:30.0'}, 1, null, null, 0, 0, 0, {ts '1998-08-01 00:00:00.0'}, null, 0, 0, 0, null, null, 'A', null, null, null, null, 'CR-1', 'edd11737-aa46-43fe-b4b2-5a429649efd8', null, 'luType.shell.course', null, 'abfcd1a7-e11e-40d9-b13b-3c93447593f6', 'INSTR-1', null)
insert into KSLU_CLU (ID, CREATEID, CREATETIME, UPDATEID, UPDATETIME, VERSIONIND, ACCRED_ORG_ID, ADMIN_ORG_ID, CAN_CREATE_LUI, DEF_ENRL_EST, DEF_MAX_ENRL, EFF_DT, EXPIR_DT, HAS_EARLY_DROP_DEDLN, IS_ENRL, IS_HAZR_DISBLD_STU, NEXT_REVIEW_PRD, REF_URL, ST, ATPDURATIONTYPEKEY, TIMEQUANTITY, STDY_SUBJ_AREA, ACCT_ID, CR_ID, RT_DESCR_ID, FEE_ID, LUTYPE_ID, RT_MKTG_DESCR_ID, OFFIC_CLU_ID, PRI_INSTR_ID, PUBL_ID) values ('781e2ace-acc4-41da-b1b2-72ac3217bf08', null, {ts '2009-05-07 12:05:30.0'}, null, {ts '2009-05-07 12:05:30.0'}, 1, null, null, 0, 0, 0, {ts '2006-01-01 00:00:00.0'}, null, 0, 0, 0, null, null, 'A', null, null, null, null, 'CR-1', '601002d1-2cab-424b-a551-ab9025eccb5e', null, 'luType.shell.course', null, 'a496ff91-f689-4ae9-bf33-3c5d813907d8', 'INSTR-1', null)
insert into KSLU_CLU (ID, CREATEID, CREATETIME, UPDATEID, UPDATETIME, VERSIONIND, ACCRED_ORG_ID, ADMIN_ORG_ID, CAN_CREATE_LUI, DEF_ENRL_EST, DEF_MAX_ENRL, EFF_DT, EXPIR_DT, HAS_EARLY_DROP_DEDLN, IS_ENRL, IS_HAZR_DISBLD_STU, NEXT_REVIEW_PRD, REF_URL, ST, ATPDURATIONTYPEKEY, TIMEQUANTITY, STDY_SUBJ_AREA, ACCT_ID, CR_ID, RT_DESCR_ID, FEE_ID, LUTYPE_ID, RT_MKTG_DESCR_ID, OFFIC_CLU_ID, PRI_INSTR_ID, PUBL_ID) values ('0c1a69b6-90b5-4a35-bd33-b10344d5871e', null, {ts '2009-05-07 12:05:30.0'}, null, {ts '2009-05-07 12:05:30.0'}, 1, null, null, 0, 0, 0, {ts '1998-08-01 00:00:00.0'}, null, 0, 0, 0, null, null, 'A', null, null, null, null, 'CR-1', 'adc153f9-b9a9-421d-87a9-b725c52c5b53', null, 'luType.shell.course', null, '42ec4a1b-882a-4c44-a4a8-e5f2c8e281e7', 'INSTR-1', null)
insert into KSLU_CLU (ID, CREATEID, CREATETIME, UPDATEID, UPDATETIME, VERSIONIND, ACCRED_ORG_ID, ADMIN_ORG_ID, CAN_CREATE_LUI, DEF_ENRL_EST, DEF_MAX_ENRL, EFF_DT, EXPIR_DT, HAS_EARLY_DROP_DEDLN, IS_ENRL, IS_HAZR_DISBLD_STU, NEXT_REVIEW_PRD, REF_URL, ST, ATPDURATIONTYPEKEY, TIMEQUANTITY, STDY_SUBJ_AREA, ACCT_ID, CR_ID, RT_DESCR_ID, FEE_ID, LUTYPE_ID, RT_MKTG_DESCR_ID, OFFIC_CLU_ID, PRI_INSTR_ID, PUBL_ID) values ('9ac8942a-55e3-404a-929a-b58ff258b7ab', null, {ts '2009-05-07 12:05:30.0'}, null, {ts '2009-05-07 12:05:30.0'}, 1, null, null, 0, 0, 0, {ts '1998-08-01 00:00:00.0'}, null, 0, 0, 0, null, null, 'A', null, null, null, null, 'CR-1', 'f412c3e0-d601-4db6-bf55-bb2172c6f0a5', null, 'luType.shell.course', null, '4860ac38-685c-4274-b7db-a7cf39bc5071', 'INSTR-1', null)
insert into KSLU_CLU (ID, CREATEID, CREATETIME, UPDATEID, UPDATETIME, VERSIONIND, ACCRED_ORG_ID, ADMIN_ORG_ID, CAN_CREATE_LUI, DEF_ENRL_EST, DEF_MAX_ENRL, EFF_DT, EXPIR_DT, HAS_EARLY_DROP_DEDLN, IS_ENRL, IS_HAZR_DISBLD_STU, NEXT_REVIEW_PRD, REF_URL, ST, ATPDURATIONTYPEKEY, TIMEQUANTITY, STDY_SUBJ_AREA, ACCT_ID, CR_ID, RT_DESCR_ID, FEE_ID, LUTYPE_ID, RT_MKTG_DESCR_ID, OFFIC_CLU_ID, PRI_INSTR_ID, PUBL_ID) values ('790879f5-f930-4ea1-ac19-6e3279272043', null, {ts '2009-05-07 12:05:30.0'}, null, {ts '2009-05-07 12:05:30.0'}, 1, null, null, 0, 0, 0, {ts '2003-01-01 00:00:00.0'}, null, 0, 0, 0, null, null, 'A', null, null, null, null, 'CR-1', '792616b6-6ce3-4cb1-92bf-6002996ca4c9', null, 'luType.shell.course', null, 'ee785f14-ad4c-42c4-a726-8df3d6bd0c65', 'INSTR-1', null)
insert into KSLU_CLU (ID, CREATEID, CREATETIME, UPDATEID, UPDATETIME, VERSIONIND, ACCRED_ORG_ID, ADMIN_ORG_ID, CAN_CREATE_LUI, DEF_ENRL_EST, DEF_MAX_ENRL, EFF_DT, EXPIR_DT, HAS_EARLY_DROP_DEDLN, IS_ENRL, IS_HAZR_DISBLD_STU, NEXT_REVIEW_PRD, REF_URL, ST, ATPDURATIONTYPEKEY, TIMEQUANTITY, STDY_SUBJ_AREA, ACCT_ID, CR_ID, RT_DESCR_ID, FEE_ID, LUTYPE_ID, RT_MKTG_DESCR_ID, OFFIC_CLU_ID, PRI_INSTR_ID, PUBL_ID) values ('b0eda2e7-4380-49c6-8578-af7145e77f5f', null, {ts '2009-05-07 12:05:30.0'}, null, {ts '2009-05-07 12:05:30.0'}, 1, null, null, 0, 0, 0, {ts '2004-05-01 00:00:00.0'}, null, 0, 0, 0, null, null, 'A', null, null, null, null, 'CR-1', '21d6e3c3-cde3-41fc-9b83-6ebbad3557ed', null, 'luType.shell.course', null, 'f47616ec-c385-4ed8-9616-6cf8a7bf2909', 'INSTR-1', null)
insert into KSLU_CLU (ID, CREATEID, CREATETIME, UPDATEID, UPDATETIME, VERSIONIND, ACCRED_ORG_ID, ADMIN_ORG_ID, CAN_CREATE_LUI, DEF_ENRL_EST, DEF_MAX_ENRL, EFF_DT, EXPIR_DT, HAS_EARLY_DROP_DEDLN, IS_ENRL, IS_HAZR_DISBLD_STU, NEXT_REVIEW_PRD, REF_URL, ST, ATPDURATIONTYPEKEY, TIMEQUANTITY, STDY_SUBJ_AREA, ACCT_ID, CR_ID, RT_DESCR_ID, FEE_ID, LUTYPE_ID, RT_MKTG_DESCR_ID, OFFIC_CLU_ID, PRI_INSTR_ID, PUBL_ID) values ('bc095f16-489d-4f5c-ae95-797b0c17f9b5', null, {ts '2009-05-07 12:05:31.0'}, null, {ts '2009-05-07 12:05:31.0'}, 1, null, null, 0, 0, 0, {ts '1998-08-01 00:00:00.0'}, null, 0, 0, 0, null, null, 'A', null, null, null, null, 'CR-1', '9f47a080-d111-4096-84a8-c390e851163e', null, 'luType.shell.course', null, 'b97e60b0-ed49-4a60-9b8d-012a1db64a44', 'INSTR-1', null)
insert into KSLU_CLU (ID, CREATEID, CREATETIME, UPDATEID, UPDATETIME, VERSIONIND, ACCRED_ORG_ID, ADMIN_ORG_ID, CAN_CREATE_LUI, DEF_ENRL_EST, DEF_MAX_ENRL, EFF_DT, EXPIR_DT, HAS_EARLY_DROP_DEDLN, IS_ENRL, IS_HAZR_DISBLD_STU, NEXT_REVIEW_PRD, REF_URL, ST, ATPDURATIONTYPEKEY, TIMEQUANTITY, STDY_SUBJ_AREA, ACCT_ID, CR_ID, RT_DESCR_ID, FEE_ID, LUTYPE_ID, RT_MKTG_DESCR_ID, OFFIC_CLU_ID, PRI_INSTR_ID, PUBL_ID) values ('ed77e9b0-ca6e-4b1c-8c01-aa9f14690e20', null, {ts '2009-05-07 12:05:31.0'}, null, {ts '2009-05-07 12:05:31.0'}, 1, null, null, 0, 0, 0, {ts '2007-08-01 00:00:00.0'}, null, 0, 0, 0, null, null, 'A', null, null, null, null, 'CR-1', '5261cea7-c3f1-4413-a219-d8ba6b7a3a0e', null, 'luType.shell.course', null, 'ba9dd226-eafb-4bf0-8f5b-2619923ad590', 'INSTR-1', null)
insert into KSLU_CLU (ID, CREATEID, CREATETIME, UPDATEID, UPDATETIME, VERSIONIND, ACCRED_ORG_ID, ADMIN_ORG_ID, CAN_CREATE_LUI, DEF_ENRL_EST, DEF_MAX_ENRL, EFF_DT, EXPIR_DT, HAS_EARLY_DROP_DEDLN, IS_ENRL, IS_HAZR_DISBLD_STU, NEXT_REVIEW_PRD, REF_URL, ST, ATPDURATIONTYPEKEY, TIMEQUANTITY, STDY_SUBJ_AREA, ACCT_ID, CR_ID, RT_DESCR_ID, FEE_ID, LUTYPE_ID, RT_MKTG_DESCR_ID, OFFIC_CLU_ID, PRI_INSTR_ID, PUBL_ID) values ('e81d87c9-00aa-4a96-b6b9-380d75391a6a', null, {ts '2009-05-07 12:05:31.0'}, null, {ts '2009-05-07 12:05:31.0'}, 1, null, null, 0, 0, 0, {ts '1996-08-01 00:00:00.0'}, null, 0, 0, 0, null, null, 'A', null, null, null, null, 'CR-1', 'b0766694-5d6c-42db-9b20-3473fe182c1d', null, 'luType.shell.course', null, '1267e3dd-efa7-4a23-97d5-a88d13de08d5', 'INSTR-1', null)
insert into KSLU_CLU (ID, CREATEID, CREATETIME, UPDATEID, UPDATETIME, VERSIONIND, ACCRED_ORG_ID, ADMIN_ORG_ID, CAN_CREATE_LUI, DEF_ENRL_EST, DEF_MAX_ENRL, EFF_DT, EXPIR_DT, HAS_EARLY_DROP_DEDLN, IS_ENRL, IS_HAZR_DISBLD_STU, NEXT_REVIEW_PRD, REF_URL, ST, ATPDURATIONTYPEKEY, TIMEQUANTITY, STDY_SUBJ_AREA, ACCT_ID, CR_ID, RT_DESCR_ID, FEE_ID, LUTYPE_ID, RT_MKTG_DESCR_ID, OFFIC_CLU_ID, PRI_INSTR_ID, PUBL_ID) values ('f95a305d-ef4d-46cf-b9cf-f1e9ce88b949', null, {ts '2009-05-07 12:05:31.0'}, null, {ts '2009-05-07 12:05:31.0'}, 1, null, null, 0, 0, 0, {ts '2007-08-01 00:00:00.0'}, null, 0, 0, 0, null, null, 'A', null, null, null, null, 'CR-1', 'c6743655-7369-4480-bd77-9030fca49c92', null, 'luType.shell.course', null, '3870a90d-3975-4587-8e0b-17f8424cdee5', 'INSTR-1', null)
insert into KSLU_CLU (ID, CREATEID, CREATETIME, UPDATEID, UPDATETIME, VERSIONIND, ACCRED_ORG_ID, ADMIN_ORG_ID, CAN_CREATE_LUI, DEF_ENRL_EST, DEF_MAX_ENRL, EFF_DT, EXPIR_DT, HAS_EARLY_DROP_DEDLN, IS_ENRL, IS_HAZR_DISBLD_STU, NEXT_REVIEW_PRD, REF_URL, ST, ATPDURATIONTYPEKEY, TIMEQUANTITY, STDY_SUBJ_AREA, ACCT_ID, CR_ID, RT_DESCR_ID, FEE_ID, LUTYPE_ID, RT_MKTG_DESCR_ID, OFFIC_CLU_ID, PRI_INSTR_ID, PUBL_ID) values ('8b207ee7-5d78-430f-a916-4348a0192d3c', null, {ts '2009-05-07 12:05:31.0'}, null, {ts '2009-05-07 12:05:31.0'}, 1, null, null, 0, 0, 0, {ts '2007-08-01 00:00:00.0'}, null, 0, 0, 0, null, null, 'A', null, null, null, null, 'CR-1', '3986fe0a-f2ab-4443-be4e-3cffc70534f3', null, 'luType.shell.course', null, 'cc32cf07-f7ae-4e2a-9b0c-fed65da9778f', 'INSTR-1', null)
insert into KSLU_CLU (ID, CREATEID, CREATETIME, UPDATEID, UPDATETIME, VERSIONIND, ACCRED_ORG_ID, ADMIN_ORG_ID, CAN_CREATE_LUI, DEF_ENRL_EST, DEF_MAX_ENRL, EFF_DT, EXPIR_DT, HAS_EARLY_DROP_DEDLN, IS_ENRL, IS_HAZR_DISBLD_STU, NEXT_REVIEW_PRD, REF_URL, ST, ATPDURATIONTYPEKEY, TIMEQUANTITY, STDY_SUBJ_AREA, ACCT_ID, CR_ID, RT_DESCR_ID, FEE_ID, LUTYPE_ID, RT_MKTG_DESCR_ID, OFFIC_CLU_ID, PRI_INSTR_ID, PUBL_ID) values ('2756dfa5-35da-468d-a273-4b47b0b2d6a8', null, {ts '2009-05-07 12:05:31.0'}, null, {ts '2009-05-07 12:05:31.0'}, 1, null, null, 0, 0, 0, {ts '1997-08-01 00:00:00.0'}, null, 0, 0, 0, null, null, 'A', null, null, null, null, 'CR-1', 'fa4c2fe9-5960-4f36-98d5-710f9fa03fce', null, 'luType.shell.course', null, '071f1791-fcf1-4994-8409-02f1d9f6732a', 'INSTR-1', null)
insert into KSLU_CLU (ID, CREATEID, CREATETIME, UPDATEID, UPDATETIME, VERSIONIND, ACCRED_ORG_ID, ADMIN_ORG_ID, CAN_CREATE_LUI, DEF_ENRL_EST, DEF_MAX_ENRL, EFF_DT, EXPIR_DT, HAS_EARLY_DROP_DEDLN, IS_ENRL, IS_HAZR_DISBLD_STU, NEXT_REVIEW_PRD, REF_URL, ST, ATPDURATIONTYPEKEY, TIMEQUANTITY, STDY_SUBJ_AREA, ACCT_ID, CR_ID, RT_DESCR_ID, FEE_ID, LUTYPE_ID, RT_MKTG_DESCR_ID, OFFIC_CLU_ID, PRI_INSTR_ID, PUBL_ID) values ('b45f3bad-9350-4efa-b99d-09505850e450', null, {ts '2009-05-07 12:05:31.0'}, null, {ts '2009-05-07 12:05:31.0'}, 1, null, null, 0, 0, 0, {ts '2003-01-01 00:00:00.0'}, null, 0, 0, 0, null, null, 'A', null, null, null, null, 'CR-1', '823d8a67-415a-477e-af6b-1d5950b08603', null, 'luType.shell.course', null, 'b313c150-3a14-4fdf-9984-8d30e2417957', 'INSTR-1', null)
insert into KSLU_CLU (ID, CREATEID, CREATETIME, UPDATEID, UPDATETIME, VERSIONIND, ACCRED_ORG_ID, ADMIN_ORG_ID, CAN_CREATE_LUI, DEF_ENRL_EST, DEF_MAX_ENRL, EFF_DT, EXPIR_DT, HAS_EARLY_DROP_DEDLN, IS_ENRL, IS_HAZR_DISBLD_STU, NEXT_REVIEW_PRD, REF_URL, ST, ATPDURATIONTYPEKEY, TIMEQUANTITY, STDY_SUBJ_AREA, ACCT_ID, CR_ID, RT_DESCR_ID, FEE_ID, LUTYPE_ID, RT_MKTG_DESCR_ID, OFFIC_CLU_ID, PRI_INSTR_ID, PUBL_ID) values ('506f9478-969a-4cbd-8a21-f35479aa8e06', null, {ts '2009-05-07 12:05:31.0'}, null, {ts '2009-05-07 12:05:31.0'}, 1, null, null, 0, 0, 0, {ts '1980-01-01 00:00:00.0'}, null, 0, 0, 0, null, null, 'A', null, null, null, null, 'CR-1', '0adbc3d5-1b91-43c1-aa9f-237d374daf86', null, 'luType.shell.course', null, 'da0e88c1-c022-4e1b-abe6-5089f876ca3c', 'INSTR-1', null)
insert into KSLU_CLU (ID, CREATEID, CREATETIME, UPDATEID, UPDATETIME, VERSIONIND, ACCRED_ORG_ID, ADMIN_ORG_ID, CAN_CREATE_LUI, DEF_ENRL_EST, DEF_MAX_ENRL, EFF_DT, EXPIR_DT, HAS_EARLY_DROP_DEDLN, IS_ENRL, IS_HAZR_DISBLD_STU, NEXT_REVIEW_PRD, REF_URL, ST, ATPDURATIONTYPEKEY, TIMEQUANTITY, STDY_SUBJ_AREA, ACCT_ID, CR_ID, RT_DESCR_ID, FEE_ID, LUTYPE_ID, RT_MKTG_DESCR_ID, OFFIC_CLU_ID, PRI_INSTR_ID, PUBL_ID) values ('d04d4d91-f434-4050-a5b3-9c0f31d435e6', null, {ts '2009-05-07 12:05:32.0'}, null, {ts '2009-05-07 12:05:32.0'}, 1, null, null, 0, 0, 0, {ts '1994-08-01 00:00:00.0'}, null, 0, 0, 0, null, null, 'A', null, null, null, null, 'CR-1', 'c4cb56e4-512e-43a0-b7ad-fe73557fe10e', null, 'luType.shell.course', null, '8bb6e785-0c9f-4eeb-b0ec-8cf18b7af077', 'INSTR-1', null)
insert into KSLU_CLU (ID, CREATEID, CREATETIME, UPDATEID, UPDATETIME, VERSIONIND, ACCRED_ORG_ID, ADMIN_ORG_ID, CAN_CREATE_LUI, DEF_ENRL_EST, DEF_MAX_ENRL, EFF_DT, EXPIR_DT, HAS_EARLY_DROP_DEDLN, IS_ENRL, IS_HAZR_DISBLD_STU, NEXT_REVIEW_PRD, REF_URL, ST, ATPDURATIONTYPEKEY, TIMEQUANTITY, STDY_SUBJ_AREA, ACCT_ID, CR_ID, RT_DESCR_ID, FEE_ID, LUTYPE_ID, RT_MKTG_DESCR_ID, OFFIC_CLU_ID, PRI_INSTR_ID, PUBL_ID) values ('c9ea95cf-9330-4e2a-b626-243d43e7d64f', null, {ts '2009-05-07 12:05:32.0'}, null, {ts '2009-05-07 12:05:32.0'}, 1, null, null, 0, 0, 0, {ts '2006-08-01 00:00:00.0'}, null, 0, 0, 0, null, null, 'A', null, null, null, null, 'CR-1', '2a6e92cb-e793-4789-bb37-bbfbf92db867', null, 'luType.shell.course', null, 'ade4d0c6-4cd3-4e57-9d25-97fecf0e4c79', 'INSTR-1', null)
insert into KSLU_CLU (ID, CREATEID, CREATETIME, UPDATEID, UPDATETIME, VERSIONIND, ACCRED_ORG_ID, ADMIN_ORG_ID, CAN_CREATE_LUI, DEF_ENRL_EST, DEF_MAX_ENRL, EFF_DT, EXPIR_DT, HAS_EARLY_DROP_DEDLN, IS_ENRL, IS_HAZR_DISBLD_STU, NEXT_REVIEW_PRD, REF_URL, ST, ATPDURATIONTYPEKEY, TIMEQUANTITY, STDY_SUBJ_AREA, ACCT_ID, CR_ID, RT_DESCR_ID, FEE_ID, LUTYPE_ID, RT_MKTG_DESCR_ID, OFFIC_CLU_ID, PRI_INSTR_ID, PUBL_ID) values ('bdc0180e-d658-4ecd-a478-f381be5c0e1d', null, {ts '2009-05-07 12:05:32.0'}, null, {ts '2009-05-07 12:05:32.0'}, 1, null, null, 0, 0, 0, {ts '2005-08-01 00:00:00.0'}, null, 0, 0, 0, null, null, 'A', null, null, null, null, 'CR-1', 'a28be30b-1286-4c40-a4b0-0e6dcf1486a4', null, 'luType.shell.course', null, 'e3dd9006-e851-45ca-ac7b-9504c29596b9', 'INSTR-1', null)
insert into KSLU_CLU (ID, CREATEID, CREATETIME, UPDATEID, UPDATETIME, VERSIONIND, ACCRED_ORG_ID, ADMIN_ORG_ID, CAN_CREATE_LUI, DEF_ENRL_EST, DEF_MAX_ENRL, EFF_DT, EXPIR_DT, HAS_EARLY_DROP_DEDLN, IS_ENRL, IS_HAZR_DISBLD_STU, NEXT_REVIEW_PRD, REF_URL, ST, ATPDURATIONTYPEKEY, TIMEQUANTITY, STDY_SUBJ_AREA, ACCT_ID, CR_ID, RT_DESCR_ID, FEE_ID, LUTYPE_ID, RT_MKTG_DESCR_ID, OFFIC_CLU_ID, PRI_INSTR_ID, PUBL_ID) values ('bb3ededc-5450-41ef-8400-0860fbac5a29', null, {ts '2009-05-07 12:05:32.0'}, null, {ts '2009-05-07 12:05:32.0'}, 1, null, null, 0, 0, 0, {ts '1980-01-01 00:00:00.0'}, null, 0, 0, 0, null, null, 'A', null, null, null, null, 'CR-1', '8a6edbe9-de60-452a-877e-d513ba3581d1', null, 'luType.shell.course', null, '61930772-3059-4056-8403-23e8d63328d0', 'INSTR-1', null)
insert into KSLU_CLU (ID, CREATEID, CREATETIME, UPDATEID, UPDATETIME, VERSIONIND, ACCRED_ORG_ID, ADMIN_ORG_ID, CAN_CREATE_LUI, DEF_ENRL_EST, DEF_MAX_ENRL, EFF_DT, EXPIR_DT, HAS_EARLY_DROP_DEDLN, IS_ENRL, IS_HAZR_DISBLD_STU, NEXT_REVIEW_PRD, REF_URL, ST, ATPDURATIONTYPEKEY, TIMEQUANTITY, STDY_SUBJ_AREA, ACCT_ID, CR_ID, RT_DESCR_ID, FEE_ID, LUTYPE_ID, RT_MKTG_DESCR_ID, OFFIC_CLU_ID, PRI_INSTR_ID, PUBL_ID) values ('2d19d931-70e7-45c3-8f0d-f963c6adb22e', null, {ts '2009-05-07 12:05:32.0'}, null, {ts '2009-05-07 12:05:32.0'}, 1, null, null, 0, 0, 0, {ts '1980-08-01 00:00:00.0'}, null, 0, 0, 0, null, null, 'A', null, null, null, null, 'CR-1', 'd5e59d71-fac4-4695-910c-5937f819dec7', null, 'luType.shell.course', null, '588eb62b-4ff4-4760-8559-56e1d46db34d', 'INSTR-1', null)
insert into KSLU_CLU (ID, CREATEID, CREATETIME, UPDATEID, UPDATETIME, VERSIONIND, ACCRED_ORG_ID, ADMIN_ORG_ID, CAN_CREATE_LUI, DEF_ENRL_EST, DEF_MAX_ENRL, EFF_DT, EXPIR_DT, HAS_EARLY_DROP_DEDLN, IS_ENRL, IS_HAZR_DISBLD_STU, NEXT_REVIEW_PRD, REF_URL, ST, ATPDURATIONTYPEKEY, TIMEQUANTITY, STDY_SUBJ_AREA, ACCT_ID, CR_ID, RT_DESCR_ID, FEE_ID, LUTYPE_ID, RT_MKTG_DESCR_ID, OFFIC_CLU_ID, PRI_INSTR_ID, PUBL_ID) values ('738033f1-a2ee-4220-99aa-937ed5cfd735', null, {ts '2009-05-07 12:05:32.0'}, null, {ts '2009-05-07 12:05:32.0'}, 1, null, null, 0, 0, 0, {ts '1980-08-01 00:00:00.0'}, null, 0, 0, 0, null, null, 'A', null, null, null, null, 'CR-1', '1ad02a8a-621b-4eb1-840d-93a393846653', null, 'luType.shell.course', null, '42cbe058-3926-49ee-bea4-261872e8d1d1', 'INSTR-1', null)
insert into KSLU_CLU (ID, CREATEID, CREATETIME, UPDATEID, UPDATETIME, VERSIONIND, ACCRED_ORG_ID, ADMIN_ORG_ID, CAN_CREATE_LUI, DEF_ENRL_EST, DEF_MAX_ENRL, EFF_DT, EXPIR_DT, HAS_EARLY_DROP_DEDLN, IS_ENRL, IS_HAZR_DISBLD_STU, NEXT_REVIEW_PRD, REF_URL, ST, ATPDURATIONTYPEKEY, TIMEQUANTITY, STDY_SUBJ_AREA, ACCT_ID, CR_ID, RT_DESCR_ID, FEE_ID, LUTYPE_ID, RT_MKTG_DESCR_ID, OFFIC_CLU_ID, PRI_INSTR_ID, PUBL_ID) values ('ceab936e-cd25-4207-8c63-28bc85d67db2', null, {ts '2009-05-07 12:05:32.0'}, null, {ts '2009-05-07 12:05:32.0'}, 1, null, null, 0, 0, 0, {ts '2001-08-01 00:00:00.0'}, null, 0, 0, 0, null, null, 'A', null, null, null, null, 'CR-1', 'e513ae6e-bd86-43e0-9629-b56e14596223', null, 'luType.shell.course', null, 'a47e2d88-cb6d-4c52-901c-cc7b630a0d24', 'INSTR-1', null)
insert into KSLU_CLU (ID, CREATEID, CREATETIME, UPDATEID, UPDATETIME, VERSIONIND, ACCRED_ORG_ID, ADMIN_ORG_ID, CAN_CREATE_LUI, DEF_ENRL_EST, DEF_MAX_ENRL, EFF_DT, EXPIR_DT, HAS_EARLY_DROP_DEDLN, IS_ENRL, IS_HAZR_DISBLD_STU, NEXT_REVIEW_PRD, REF_URL, ST, ATPDURATIONTYPEKEY, TIMEQUANTITY, STDY_SUBJ_AREA, ACCT_ID, CR_ID, RT_DESCR_ID, FEE_ID, LUTYPE_ID, RT_MKTG_DESCR_ID, OFFIC_CLU_ID, PRI_INSTR_ID, PUBL_ID) values ('2b280b6b-9d7b-4c51-a270-d83b2f1a5f9e', null, {ts '2009-05-07 12:05:33.0'}, null, {ts '2009-05-07 12:05:33.0'}, 1, null, null, 0, 0, 0, {ts '2001-08-01 00:00:00.0'}, null, 0, 0, 0, null, null, 'A', null, null, null, null, 'CR-1', 'e1e24570-ebb8-4eca-aa18-a1ec61636928', null, 'luType.shell.course', null, '12d0fd2d-6a3c-4597-a190-6cc79968890f', 'INSTR-1', null)
insert into KSLU_CLU (ID, CREATEID, CREATETIME, UPDATEID, UPDATETIME, VERSIONIND, ACCRED_ORG_ID, ADMIN_ORG_ID, CAN_CREATE_LUI, DEF_ENRL_EST, DEF_MAX_ENRL, EFF_DT, EXPIR_DT, HAS_EARLY_DROP_DEDLN, IS_ENRL, IS_HAZR_DISBLD_STU, NEXT_REVIEW_PRD, REF_URL, ST, ATPDURATIONTYPEKEY, TIMEQUANTITY, STDY_SUBJ_AREA, ACCT_ID, CR_ID, RT_DESCR_ID, FEE_ID, LUTYPE_ID, RT_MKTG_DESCR_ID, OFFIC_CLU_ID, PRI_INSTR_ID, PUBL_ID) values ('1f897a71-2bc2-48ba-aa79-541f9b07b797', null, {ts '2009-05-07 12:05:33.0'}, null, {ts '2009-05-07 12:05:33.0'}, 1, null, null, 0, 0, 0, {ts '2001-08-01 00:00:00.0'}, null, 0, 0, 0, null, null, 'A', null, null, null, null, 'CR-1', 'd5b428f6-8e91-47ad-acfb-4d91677797e4', null, 'luType.shell.course', null, '74a409fc-a5c6-485e-8888-84fe8a0849a2', 'INSTR-1', null)
insert into KSLU_CLU (ID, CREATEID, CREATETIME, UPDATEID, UPDATETIME, VERSIONIND, ACCRED_ORG_ID, ADMIN_ORG_ID, CAN_CREATE_LUI, DEF_ENRL_EST, DEF_MAX_ENRL, EFF_DT, EXPIR_DT, HAS_EARLY_DROP_DEDLN, IS_ENRL, IS_HAZR_DISBLD_STU, NEXT_REVIEW_PRD, REF_URL, ST, ATPDURATIONTYPEKEY, TIMEQUANTITY, STDY_SUBJ_AREA, ACCT_ID, CR_ID, RT_DESCR_ID, FEE_ID, LUTYPE_ID, RT_MKTG_DESCR_ID, OFFIC_CLU_ID, PRI_INSTR_ID, PUBL_ID) values ('39045233-2015-49ff-9f29-e4fa09567127', null, {ts '2009-05-07 12:05:33.0'}, null, {ts '2009-05-07 12:05:33.0'}, 1, null, null, 0, 0, 0, {ts '2001-08-01 00:00:00.0'}, null, 0, 0, 0, null, null, 'A', null, null, null, null, 'CR-1', '60608680-942c-4ff9-aa14-4b0163a588d4', null, 'luType.shell.course', null, 'ccb116d5-a7b5-45df-8384-0265c9d19588', 'INSTR-1', null)
insert into KSLU_CLU (ID, CREATEID, CREATETIME, UPDATEID, UPDATETIME, VERSIONIND, ACCRED_ORG_ID, ADMIN_ORG_ID, CAN_CREATE_LUI, DEF_ENRL_EST, DEF_MAX_ENRL, EFF_DT, EXPIR_DT, HAS_EARLY_DROP_DEDLN, IS_ENRL, IS_HAZR_DISBLD_STU, NEXT_REVIEW_PRD, REF_URL, ST, ATPDURATIONTYPEKEY, TIMEQUANTITY, STDY_SUBJ_AREA, ACCT_ID, CR_ID, RT_DESCR_ID, FEE_ID, LUTYPE_ID, RT_MKTG_DESCR_ID, OFFIC_CLU_ID, PRI_INSTR_ID, PUBL_ID) values ('675c97c7-9dbb-4fd1-b445-74fe7b9fed24', null, {ts '2009-05-07 12:05:33.0'}, null, {ts '2009-05-07 12:05:33.0'}, 1, null, null, 0, 0, 0, {ts '2001-08-01 00:00:00.0'}, null, 0, 0, 0, null, null, 'A', null, null, null, null, 'CR-1', '5bca8955-b0a8-42cf-aac0-e6e39e2faca2', null, 'luType.shell.course', null, '34688872-a5fe-4635-9c0f-e2113336edea', 'INSTR-1', null)
insert into KSLU_CLU (ID, CREATEID, CREATETIME, UPDATEID, UPDATETIME, VERSIONIND, ACCRED_ORG_ID, ADMIN_ORG_ID, CAN_CREATE_LUI, DEF_ENRL_EST, DEF_MAX_ENRL, EFF_DT, EXPIR_DT, HAS_EARLY_DROP_DEDLN, IS_ENRL, IS_HAZR_DISBLD_STU, NEXT_REVIEW_PRD, REF_URL, ST, ATPDURATIONTYPEKEY, TIMEQUANTITY, STDY_SUBJ_AREA, ACCT_ID, CR_ID, RT_DESCR_ID, FEE_ID, LUTYPE_ID, RT_MKTG_DESCR_ID, OFFIC_CLU_ID, PRI_INSTR_ID, PUBL_ID) values ('110d557c-9059-4ff7-adc2-a0dad8e427c7', null, {ts '2009-05-07 12:05:33.0'}, null, {ts '2009-05-07 12:05:33.0'}, 1, null, null, 0, 0, 0, {ts '2001-08-01 00:00:00.0'}, null, 0, 0, 0, null, null, 'A', null, null, null, null, 'CR-1', '47bfd8c8-b624-4e7a-9bfc-55ba1b62df21', null, 'luType.shell.course', null, '4c235419-64f1-431a-8bc1-7041c4659c2b', 'INSTR-1', null)
insert into KSLU_CLU (ID, CREATEID, CREATETIME, UPDATEID, UPDATETIME, VERSIONIND, ACCRED_ORG_ID, ADMIN_ORG_ID, CAN_CREATE_LUI, DEF_ENRL_EST, DEF_MAX_ENRL, EFF_DT, EXPIR_DT, HAS_EARLY_DROP_DEDLN, IS_ENRL, IS_HAZR_DISBLD_STU, NEXT_REVIEW_PRD, REF_URL, ST, ATPDURATIONTYPEKEY, TIMEQUANTITY, STDY_SUBJ_AREA, ACCT_ID, CR_ID, RT_DESCR_ID, FEE_ID, LUTYPE_ID, RT_MKTG_DESCR_ID, OFFIC_CLU_ID, PRI_INSTR_ID, PUBL_ID) values ('00000000-a389-4fd0-b349-1e649c20fd08', null, {ts '2009-05-07 12:05:33.0'}, null, {ts '2009-05-07 12:05:33.0'}, 1, null, null, 0, 0, 0, {ts '2006-08-01 00:00:00.0'}, null, 0, 0, 0, null, null, 'A', null, null, null, null, 'CR-1', '9ff34f6e-994a-484a-9284-bca710c3a97e', null, 'luType.shell.course', null, 'aedd2672-448b-4c40-9efc-60f2915c4b38', 'INSTR-1', null)
insert into KSLU_CLU (ID, CREATEID, CREATETIME, UPDATEID, UPDATETIME, VERSIONIND, ACCRED_ORG_ID, ADMIN_ORG_ID, CAN_CREATE_LUI, DEF_ENRL_EST, DEF_MAX_ENRL, EFF_DT, EXPIR_DT, HAS_EARLY_DROP_DEDLN, IS_ENRL, IS_HAZR_DISBLD_STU, NEXT_REVIEW_PRD, REF_URL, ST, ATPDURATIONTYPEKEY, TIMEQUANTITY, STDY_SUBJ_AREA, ACCT_ID, CR_ID, RT_DESCR_ID, FEE_ID, LUTYPE_ID, RT_MKTG_DESCR_ID, OFFIC_CLU_ID, PRI_INSTR_ID, PUBL_ID) values ('6d2ea8af-9f06-490f-8fe6-5f61bc0fcd86', null, {ts '2009-05-07 12:05:33.0'}, null, {ts '2009-05-07 12:05:33.0'}, 1, null, null, 0, 0, 0, {ts '2001-08-01 00:00:00.0'}, null, 0, 0, 0, null, null, 'A', null, null, null, null, 'CR-1', 'a05fbec9-c1ba-42b6-8aff-b8fe7ba23084', null, 'luType.shell.course', null, 'd245f7f5-447f-4b72-96af-9ebdd9c6eed3', 'INSTR-1', null)
insert into KSLU_CLU (ID, CREATEID, CREATETIME, UPDATEID, UPDATETIME, VERSIONIND, ACCRED_ORG_ID, ADMIN_ORG_ID, CAN_CREATE_LUI, DEF_ENRL_EST, DEF_MAX_ENRL, EFF_DT, EXPIR_DT, HAS_EARLY_DROP_DEDLN, IS_ENRL, IS_HAZR_DISBLD_STU, NEXT_REVIEW_PRD, REF_URL, ST, ATPDURATIONTYPEKEY, TIMEQUANTITY, STDY_SUBJ_AREA, ACCT_ID, CR_ID, RT_DESCR_ID, FEE_ID, LUTYPE_ID, RT_MKTG_DESCR_ID, OFFIC_CLU_ID, PRI_INSTR_ID, PUBL_ID) values ('0a0b8234-ca81-4a0e-906b-7a8ae55ef48c', null, {ts '2009-05-07 12:05:33.0'}, null, {ts '2009-05-07 12:05:33.0'}, 1, null, null, 0, 0, 0, {ts '2006-08-01 00:00:00.0'}, null, 0, 0, 0, null, null, 'A', null, null, null, null, 'CR-1', '32ad88ad-a819-43ff-8b65-c4e03ae6ce14', null, 'luType.shell.course', null, 'b5bfc271-7f83-4657-ad8b-8e889f05ff2d', 'INSTR-1', null)
insert into KSLU_CLU (ID, CREATEID, CREATETIME, UPDATEID, UPDATETIME, VERSIONIND, ACCRED_ORG_ID, ADMIN_ORG_ID, CAN_CREATE_LUI, DEF_ENRL_EST, DEF_MAX_ENRL, EFF_DT, EXPIR_DT, HAS_EARLY_DROP_DEDLN, IS_ENRL, IS_HAZR_DISBLD_STU, NEXT_REVIEW_PRD, REF_URL, ST, ATPDURATIONTYPEKEY, TIMEQUANTITY, STDY_SUBJ_AREA, ACCT_ID, CR_ID, RT_DESCR_ID, FEE_ID, LUTYPE_ID, RT_MKTG_DESCR_ID, OFFIC_CLU_ID, PRI_INSTR_ID, PUBL_ID) values ('03e0e186-24ff-4b39-bad8-8a922b798250', null, {ts '2009-05-07 12:05:34.0'}, null, {ts '2009-05-07 12:05:34.0'}, 1, null, null, 0, 0, 0, {ts '2001-08-01 00:00:00.0'}, null, 0, 0, 0, null, null, 'A', null, null, null, null, 'CR-1', '632ba631-ba27-469e-ab43-7f17fb5e6609', null, 'luType.shell.course', null, 'dcc7a2e7-47bc-4ba2-a3c1-478abd025bec', 'INSTR-1', null)
insert into KSLU_CLU (ID, CREATEID, CREATETIME, UPDATEID, UPDATETIME, VERSIONIND, ACCRED_ORG_ID, ADMIN_ORG_ID, CAN_CREATE_LUI, DEF_ENRL_EST, DEF_MAX_ENRL, EFF_DT, EXPIR_DT, HAS_EARLY_DROP_DEDLN, IS_ENRL, IS_HAZR_DISBLD_STU, NEXT_REVIEW_PRD, REF_URL, ST, ATPDURATIONTYPEKEY, TIMEQUANTITY, STDY_SUBJ_AREA, ACCT_ID, CR_ID, RT_DESCR_ID, FEE_ID, LUTYPE_ID, RT_MKTG_DESCR_ID, OFFIC_CLU_ID, PRI_INSTR_ID, PUBL_ID) values ('5fa70b82-f596-4e92-8ea8-feacc3579a2e', null, {ts '2009-05-07 12:05:34.0'}, null, {ts '2009-05-07 12:05:34.0'}, 1, null, null, 0, 0, 0, {ts '2001-08-01 00:00:00.0'}, null, 0, 0, 0, null, null, 'A', null, null, null, null, 'CR-1', '7f9c7a84-1e25-43ca-925f-200ce1ca0892', null, 'luType.shell.course', null, '55e4bb5c-b909-490d-ae77-76acb1667fca', 'INSTR-1', null)
insert into KSLU_CLU (ID, CREATEID, CREATETIME, UPDATEID, UPDATETIME, VERSIONIND, ACCRED_ORG_ID, ADMIN_ORG_ID, CAN_CREATE_LUI, DEF_ENRL_EST, DEF_MAX_ENRL, EFF_DT, EXPIR_DT, HAS_EARLY_DROP_DEDLN, IS_ENRL, IS_HAZR_DISBLD_STU, NEXT_REVIEW_PRD, REF_URL, ST, ATPDURATIONTYPEKEY, TIMEQUANTITY, STDY_SUBJ_AREA, ACCT_ID, CR_ID, RT_DESCR_ID, FEE_ID, LUTYPE_ID, RT_MKTG_DESCR_ID, OFFIC_CLU_ID, PRI_INSTR_ID, PUBL_ID) values ('f4dec265-a866-4559-b19a-16c503f49786', null, {ts '2009-05-07 12:05:34.0'}, null, {ts '2009-05-07 12:05:34.0'}, 1, null, null, 0, 0, 0, {ts '2001-08-01 00:00:00.0'}, null, 0, 0, 0, null, null, 'A', null, null, null, null, 'CR-1', '59628c72-f3f3-4e3e-b3d2-c9531cd1b2c1', null, 'luType.shell.course', null, 'a0670a4d-a029-4210-9428-c78504d5dc6a', 'INSTR-1', null)
insert into KSLU_CLU (ID, CREATEID, CREATETIME, UPDATEID, UPDATETIME, VERSIONIND, ACCRED_ORG_ID, ADMIN_ORG_ID, CAN_CREATE_LUI, DEF_ENRL_EST, DEF_MAX_ENRL, EFF_DT, EXPIR_DT, HAS_EARLY_DROP_DEDLN, IS_ENRL, IS_HAZR_DISBLD_STU, NEXT_REVIEW_PRD, REF_URL, ST, ATPDURATIONTYPEKEY, TIMEQUANTITY, STDY_SUBJ_AREA, ACCT_ID, CR_ID, RT_DESCR_ID, FEE_ID, LUTYPE_ID, RT_MKTG_DESCR_ID, OFFIC_CLU_ID, PRI_INSTR_ID, PUBL_ID) values ('e09788d8-79a0-4e1f-aae9-309bec132d23', null, {ts '2009-05-07 12:05:34.0'}, null, {ts '2009-05-07 12:05:34.0'}, 1, null, null, 0, 0, 0, {ts '2001-08-01 00:00:00.0'}, null, 0, 0, 0, null, null, 'A', null, null, null, null, 'CR-1', '7d7b8605-3f67-4429-be93-5021d753a322', null, 'luType.shell.course', null, '8ac70c72-e98e-490c-b84a-600969c93e7f', 'INSTR-1', null)
insert into KSLU_CLU (ID, CREATEID, CREATETIME, UPDATEID, UPDATETIME, VERSIONIND, ACCRED_ORG_ID, ADMIN_ORG_ID, CAN_CREATE_LUI, DEF_ENRL_EST, DEF_MAX_ENRL, EFF_DT, EXPIR_DT, HAS_EARLY_DROP_DEDLN, IS_ENRL, IS_HAZR_DISBLD_STU, NEXT_REVIEW_PRD, REF_URL, ST, ATPDURATIONTYPEKEY, TIMEQUANTITY, STDY_SUBJ_AREA, ACCT_ID, CR_ID, RT_DESCR_ID, FEE_ID, LUTYPE_ID, RT_MKTG_DESCR_ID, OFFIC_CLU_ID, PRI_INSTR_ID, PUBL_ID) values ('66d2f291-0e24-4507-885c-c3ecea610807', null, {ts '2009-05-07 12:05:34.0'}, null, {ts '2009-05-07 12:05:34.0'}, 1, null, null, 0, 0, 0, {ts '2001-08-01 00:00:00.0'}, null, 0, 0, 0, null, null, 'A', null, null, null, null, 'CR-1', '903a9bb2-c3cd-4660-b84a-b05ae6bd8992', null, 'luType.shell.course', null, '59dc5d9b-2d27-46f8-9ce5-8b8b131c3655', 'INSTR-1', null)
insert into KSLU_CLU (ID, CREATEID, CREATETIME, UPDATEID, UPDATETIME, VERSIONIND, ACCRED_ORG_ID, ADMIN_ORG_ID, CAN_CREATE_LUI, DEF_ENRL_EST, DEF_MAX_ENRL, EFF_DT, EXPIR_DT, HAS_EARLY_DROP_DEDLN, IS_ENRL, IS_HAZR_DISBLD_STU, NEXT_REVIEW_PRD, REF_URL, ST, ATPDURATIONTYPEKEY, TIMEQUANTITY, STDY_SUBJ_AREA, ACCT_ID, CR_ID, RT_DESCR_ID, FEE_ID, LUTYPE_ID, RT_MKTG_DESCR_ID, OFFIC_CLU_ID, PRI_INSTR_ID, PUBL_ID) values ('a5a10b44-338b-4e49-af37-522d237b914f', null, {ts '2009-05-07 12:05:34.0'}, null, {ts '2009-05-07 12:05:34.0'}, 1, null, null, 0, 0, 0, {ts '2001-08-01 00:00:00.0'}, null, 0, 0, 0, null, null, 'A', null, null, null, null, 'CR-1', '60047f4d-b18c-4e0b-96a7-60c242c8e1a0', null, 'luType.shell.course', null, '14c045f6-750c-4cc5-99ac-aef5fc691ede', 'INSTR-1', null)
insert into KSLU_CLU (ID, CREATEID, CREATETIME, UPDATEID, UPDATETIME, VERSIONIND, ACCRED_ORG_ID, ADMIN_ORG_ID, CAN_CREATE_LUI, DEF_ENRL_EST, DEF_MAX_ENRL, EFF_DT, EXPIR_DT, HAS_EARLY_DROP_DEDLN, IS_ENRL, IS_HAZR_DISBLD_STU, NEXT_REVIEW_PRD, REF_URL, ST, ATPDURATIONTYPEKEY, TIMEQUANTITY, STDY_SUBJ_AREA, ACCT_ID, CR_ID, RT_DESCR_ID, FEE_ID, LUTYPE_ID, RT_MKTG_DESCR_ID, OFFIC_CLU_ID, PRI_INSTR_ID, PUBL_ID) values ('f3ab731c-1fff-499f-add2-fa40a55b8b5a', null, {ts '2009-05-07 12:05:34.0'}, null, {ts '2009-05-07 12:05:34.0'}, 1, null, null, 0, 0, 0, {ts '2001-08-01 00:00:00.0'}, null, 0, 0, 0, null, null, 'A', null, null, null, null, 'CR-1', '53980ee9-6063-46f7-a43d-5c259b9ff952', null, 'luType.shell.course', null, 'be4fa38d-35d6-4990-94af-48eabf9c19ed', 'INSTR-1', null)
insert into KSLU_CLU (ID, CREATEID, CREATETIME, UPDATEID, UPDATETIME, VERSIONIND, ACCRED_ORG_ID, ADMIN_ORG_ID, CAN_CREATE_LUI, DEF_ENRL_EST, DEF_MAX_ENRL, EFF_DT, EXPIR_DT, HAS_EARLY_DROP_DEDLN, IS_ENRL, IS_HAZR_DISBLD_STU, NEXT_REVIEW_PRD, REF_URL, ST, ATPDURATIONTYPEKEY, TIMEQUANTITY, STDY_SUBJ_AREA, ACCT_ID, CR_ID, RT_DESCR_ID, FEE_ID, LUTYPE_ID, RT_MKTG_DESCR_ID, OFFIC_CLU_ID, PRI_INSTR_ID, PUBL_ID) values ('aa957c10-9ff1-4e4f-85a0-ef4df94fe26d', null, {ts '2009-05-07 12:05:35.0'}, null, {ts '2009-05-07 12:05:35.0'}, 1, null, null, 0, 0, 0, {ts '2001-08-01 00:00:00.0'}, null, 0, 0, 0, null, null, 'A', null, null, null, null, 'CR-1', 'abd7318c-fd3d-4aa9-ac30-332554b6aeb2', null, 'luType.shell.course', null, '75c77e9c-72f6-4e50-b3b4-74a5ee66b391', 'INSTR-1', null)
insert into KSLU_CLU (ID, CREATEID, CREATETIME, UPDATEID, UPDATETIME, VERSIONIND, ACCRED_ORG_ID, ADMIN_ORG_ID, CAN_CREATE_LUI, DEF_ENRL_EST, DEF_MAX_ENRL, EFF_DT, EXPIR_DT, HAS_EARLY_DROP_DEDLN, IS_ENRL, IS_HAZR_DISBLD_STU, NEXT_REVIEW_PRD, REF_URL, ST, ATPDURATIONTYPEKEY, TIMEQUANTITY, STDY_SUBJ_AREA, ACCT_ID, CR_ID, RT_DESCR_ID, FEE_ID, LUTYPE_ID, RT_MKTG_DESCR_ID, OFFIC_CLU_ID, PRI_INSTR_ID, PUBL_ID) values ('ddfcb910-4f8a-46a5-9815-27497e550bba', null, {ts '2009-05-07 12:05:35.0'}, null, {ts '2009-05-07 12:05:35.0'}, 1, null, null, 0, 0, 0, {ts '2001-08-01 00:00:00.0'}, null, 0, 0, 0, null, null, 'A', null, null, null, null, 'CR-1', '993715a1-0d43-4688-b174-63f94c397c97', null, 'luType.shell.course', null, '85ee39a1-6f43-4ba2-b437-5202253f2178', 'INSTR-1', null)
insert into KSLU_CLU (ID, CREATEID, CREATETIME, UPDATEID, UPDATETIME, VERSIONIND, ACCRED_ORG_ID, ADMIN_ORG_ID, CAN_CREATE_LUI, DEF_ENRL_EST, DEF_MAX_ENRL, EFF_DT, EXPIR_DT, HAS_EARLY_DROP_DEDLN, IS_ENRL, IS_HAZR_DISBLD_STU, NEXT_REVIEW_PRD, REF_URL, ST, ATPDURATIONTYPEKEY, TIMEQUANTITY, STDY_SUBJ_AREA, ACCT_ID, CR_ID, RT_DESCR_ID, FEE_ID, LUTYPE_ID, RT_MKTG_DESCR_ID, OFFIC_CLU_ID, PRI_INSTR_ID, PUBL_ID) values ('073caabc-b197-432b-b633-f0906e0123ee', null, {ts '2009-05-07 12:05:35.0'}, null, {ts '2009-05-07 12:05:35.0'}, 1, null, null, 0, 0, 0, {ts '2001-08-01 00:00:00.0'}, null, 0, 0, 0, null, null, 'A', null, null, null, null, 'CR-1', 'c2586334-2f80-4891-aeb4-3ac617ce871b', null, 'luType.shell.course', null, 'e710046f-fa40-4ddb-8a7e-31ce5965b92b', 'INSTR-1', null)
insert into KSLU_CLU (ID, CREATEID, CREATETIME, UPDATEID, UPDATETIME, VERSIONIND, ACCRED_ORG_ID, ADMIN_ORG_ID, CAN_CREATE_LUI, DEF_ENRL_EST, DEF_MAX_ENRL, EFF_DT, EXPIR_DT, HAS_EARLY_DROP_DEDLN, IS_ENRL, IS_HAZR_DISBLD_STU, NEXT_REVIEW_PRD, REF_URL, ST, ATPDURATIONTYPEKEY, TIMEQUANTITY, STDY_SUBJ_AREA, ACCT_ID, CR_ID, RT_DESCR_ID, FEE_ID, LUTYPE_ID, RT_MKTG_DESCR_ID, OFFIC_CLU_ID, PRI_INSTR_ID, PUBL_ID) values ('8d582e85-a54b-470f-a41b-cc5f840612a3', null, {ts '2009-05-07 12:05:35.0'}, null, {ts '2009-05-07 12:05:35.0'}, 1, null, null, 0, 0, 0, {ts '2001-08-01 00:00:00.0'}, null, 0, 0, 0, null, null, 'A', null, null, null, null, 'CR-1', '4ef2aad6-dfbc-4ea0-bc08-302c1653f647', null, 'luType.shell.course', null, '826cbe0b-eef3-47fd-8cf6-f904815664e4', 'INSTR-1', null)
insert into KSLU_CLU (ID, CREATEID, CREATETIME, UPDATEID, UPDATETIME, VERSIONIND, ACCRED_ORG_ID, ADMIN_ORG_ID, CAN_CREATE_LUI, DEF_ENRL_EST, DEF_MAX_ENRL, EFF_DT, EXPIR_DT, HAS_EARLY_DROP_DEDLN, IS_ENRL, IS_HAZR_DISBLD_STU, NEXT_REVIEW_PRD, REF_URL, ST, ATPDURATIONTYPEKEY, TIMEQUANTITY, STDY_SUBJ_AREA, ACCT_ID, CR_ID, RT_DESCR_ID, FEE_ID, LUTYPE_ID, RT_MKTG_DESCR_ID, OFFIC_CLU_ID, PRI_INSTR_ID, PUBL_ID) values ('fdbd41d0-4b9e-42ca-83e2-8e00fa12e1d4', null, {ts '2009-05-07 12:05:36.0'}, null, {ts '2009-05-07 12:05:36.0'}, 1, null, null, 0, 0, 0, {ts '2001-08-01 00:00:00.0'}, null, 0, 0, 0, null, null, 'A', null, null, null, null, 'CR-1', 'ee0a76ec-002d-4e38-9934-202154b7ebab', null, 'luType.shell.course', null, '0043840f-566b-40e6-a30a-b652b889c0af', 'INSTR-1', null)
insert into KSLU_CLU (ID, CREATEID, CREATETIME, UPDATEID, UPDATETIME, VERSIONIND, ACCRED_ORG_ID, ADMIN_ORG_ID, CAN_CREATE_LUI, DEF_ENRL_EST, DEF_MAX_ENRL, EFF_DT, EXPIR_DT, HAS_EARLY_DROP_DEDLN, IS_ENRL, IS_HAZR_DISBLD_STU, NEXT_REVIEW_PRD, REF_URL, ST, ATPDURATIONTYPEKEY, TIMEQUANTITY, STDY_SUBJ_AREA, ACCT_ID, CR_ID, RT_DESCR_ID, FEE_ID, LUTYPE_ID, RT_MKTG_DESCR_ID, OFFIC_CLU_ID, PRI_INSTR_ID, PUBL_ID) values ('762a6d1f-e2a8-4fbb-b878-0079ed4ed756', null, {ts '2009-05-07 12:05:36.0'}, null, {ts '2009-05-07 12:05:36.0'}, 1, null, null, 0, 0, 0, {ts '2003-08-01 00:00:00.0'}, null, 0, 0, 0, null, null, 'A', null, null, null, null, 'CR-1', 'baa98141-3fd9-45f9-8e1b-afca879cd618', null, 'luType.shell.course', null, 'ffd217e3-8a6b-40fc-b3c4-af82493c6baa', 'INSTR-1', null)
insert into KSLU_CLU (ID, CREATEID, CREATETIME, UPDATEID, UPDATETIME, VERSIONIND, ACCRED_ORG_ID, ADMIN_ORG_ID, CAN_CREATE_LUI, DEF_ENRL_EST, DEF_MAX_ENRL, EFF_DT, EXPIR_DT, HAS_EARLY_DROP_DEDLN, IS_ENRL, IS_HAZR_DISBLD_STU, NEXT_REVIEW_PRD, REF_URL, ST, ATPDURATIONTYPEKEY, TIMEQUANTITY, STDY_SUBJ_AREA, ACCT_ID, CR_ID, RT_DESCR_ID, FEE_ID, LUTYPE_ID, RT_MKTG_DESCR_ID, OFFIC_CLU_ID, PRI_INSTR_ID, PUBL_ID) values ('226c62c9-d0b8-4717-91eb-cfde70c571a2', null, {ts '2009-05-07 12:05:36.0'}, null, {ts '2009-05-07 12:05:36.0'}, 1, null, null, 0, 0, 0, {ts '1992-08-01 00:00:00.0'}, null, 0, 0, 0, null, null, 'A', null, null, null, null, 'CR-1', 'cf94f50b-3313-4f1d-a654-acfb751f7f07', null, 'luType.shell.course', null, '7365f290-0c6e-46e3-9b04-61d0ab68b4d5', 'INSTR-1', null)
insert into KSLU_CLU (ID, CREATEID, CREATETIME, UPDATEID, UPDATETIME, VERSIONIND, ACCRED_ORG_ID, ADMIN_ORG_ID, CAN_CREATE_LUI, DEF_ENRL_EST, DEF_MAX_ENRL, EFF_DT, EXPIR_DT, HAS_EARLY_DROP_DEDLN, IS_ENRL, IS_HAZR_DISBLD_STU, NEXT_REVIEW_PRD, REF_URL, ST, ATPDURATIONTYPEKEY, TIMEQUANTITY, STDY_SUBJ_AREA, ACCT_ID, CR_ID, RT_DESCR_ID, FEE_ID, LUTYPE_ID, RT_MKTG_DESCR_ID, OFFIC_CLU_ID, PRI_INSTR_ID, PUBL_ID) values ('c3737bc7-d6f7-4f12-aac1-bb69c1631a3f', null, {ts '2009-05-07 12:05:36.0'}, null, {ts '2009-05-07 12:05:36.0'}, 1, null, null, 0, 0, 0, {ts '2001-08-01 00:00:00.0'}, null, 0, 0, 0, null, null, 'A', null, null, null, null, 'CR-1', 'ab5e6b15-3ac3-46e3-bf9f-0f6bdd86df58', null, 'luType.shell.course', null, 'dd9c4661-271e-4e2e-b8e3-3def782b0306', 'INSTR-1', null)
insert into KSLU_CLU (ID, CREATEID, CREATETIME, UPDATEID, UPDATETIME, VERSIONIND, ACCRED_ORG_ID, ADMIN_ORG_ID, CAN_CREATE_LUI, DEF_ENRL_EST, DEF_MAX_ENRL, EFF_DT, EXPIR_DT, HAS_EARLY_DROP_DEDLN, IS_ENRL, IS_HAZR_DISBLD_STU, NEXT_REVIEW_PRD, REF_URL, ST, ATPDURATIONTYPEKEY, TIMEQUANTITY, STDY_SUBJ_AREA, ACCT_ID, CR_ID, RT_DESCR_ID, FEE_ID, LUTYPE_ID, RT_MKTG_DESCR_ID, OFFIC_CLU_ID, PRI_INSTR_ID, PUBL_ID) values ('f57e6cf7-8056-4030-80d4-1c9382e8e019', null, {ts '2009-05-07 12:05:36.0'}, null, {ts '2009-05-07 12:05:36.0'}, 1, null, null, 0, 0, 0, {ts '1994-08-01 00:00:00.0'}, null, 0, 0, 0, null, null, 'A', null, null, null, null, 'CR-1', '2573199d-4f3e-4a32-88d5-458463711774', null, 'luType.shell.course', null, 'a6e9cfce-2dff-41e1-a29c-30555e3b886d', 'INSTR-1', null)
insert into KSLU_CLU (ID, CREATEID, CREATETIME, UPDATEID, UPDATETIME, VERSIONIND, ACCRED_ORG_ID, ADMIN_ORG_ID, CAN_CREATE_LUI, DEF_ENRL_EST, DEF_MAX_ENRL, EFF_DT, EXPIR_DT, HAS_EARLY_DROP_DEDLN, IS_ENRL, IS_HAZR_DISBLD_STU, NEXT_REVIEW_PRD, REF_URL, ST, ATPDURATIONTYPEKEY, TIMEQUANTITY, STDY_SUBJ_AREA, ACCT_ID, CR_ID, RT_DESCR_ID, FEE_ID, LUTYPE_ID, RT_MKTG_DESCR_ID, OFFIC_CLU_ID, PRI_INSTR_ID, PUBL_ID) values ('427913be-02cc-4b1e-ace4-a4abae630a3a', null, {ts '2009-05-07 12:05:36.0'}, null, {ts '2009-05-07 12:05:36.0'}, 1, null, null, 0, 0, 0, {ts '1994-08-01 00:00:00.0'}, null, 0, 0, 0, null, null, 'A', null, null, null, null, 'CR-1', 'ba6da522-8aa0-467e-97d9-2daecdc4b9cc', null, 'luType.shell.course', null, 'fc2e2016-9e45-4f53-b1aa-f111441b1d66', 'INSTR-1', null)
insert into KSLU_CLU (ID, CREATEID, CREATETIME, UPDATEID, UPDATETIME, VERSIONIND, ACCRED_ORG_ID, ADMIN_ORG_ID, CAN_CREATE_LUI, DEF_ENRL_EST, DEF_MAX_ENRL, EFF_DT, EXPIR_DT, HAS_EARLY_DROP_DEDLN, IS_ENRL, IS_HAZR_DISBLD_STU, NEXT_REVIEW_PRD, REF_URL, ST, ATPDURATIONTYPEKEY, TIMEQUANTITY, STDY_SUBJ_AREA, ACCT_ID, CR_ID, RT_DESCR_ID, FEE_ID, LUTYPE_ID, RT_MKTG_DESCR_ID, OFFIC_CLU_ID, PRI_INSTR_ID, PUBL_ID) values ('0d8c42bc-77ba-450e-ae0e-eecd76fae779', null, {ts '2009-05-07 12:05:36.0'}, null, {ts '2009-05-07 12:05:36.0'}, 1, null, null, 0, 0, 0, {ts '1994-08-01 00:00:00.0'}, null, 0, 0, 0, null, null, 'A', null, null, null, null, 'CR-1', '63e3270d-4bb8-4e97-9fa8-2f8be03cf053', null, 'luType.shell.course', null, 'ac9d68c7-999c-4c5d-805d-342051e060d6', 'INSTR-1', null)


//Lui
insert into KSLU_LUI (ID, CLU_ID, ATP_ID, LUI_CODE, MAX_SEATS, EFF_DT, EXP_DT, ST, VERSIONIND) values ('LUI-1', 'CLU-1', 'ATP-1', 'MENG 329 section 101', 50, {ts '2000-01-01 00:00:00.0'}, {ts '2000-06-01 00:00:00.0'}, 'Approved', 1)
insert into KSLU_LUI (ID, CLU_ID, ATP_ID, LUI_CODE, MAX_SEATS, EFF_DT, EXP_DT, ST, VERSIONIND) values ('LUI-2', 'CLU-1', 'ATP-2', 'MENG 329 section 102', 75, {ts '2000-08-25 00:00:00.0'}, {ts '2000-12-31 00:00:00.0'}, 'Approved', 1)
insert into KSLU_LUI (ID, CLU_ID, ATP_ID, LUI_CODE, MAX_SEATS, EFF_DT, EXP_DT, ST, VERSIONIND) values ('LUI-3', 'CLU-1', 'ATP-2', 'MENG 329 section 112', 75, {ts '2000-08-25 00:00:00.0'}, {ts '2000-12-31 00:00:00.0'}, 'Activated', 1)
insert into KSLU_LUI (ID, CLU_ID, ATP_ID, LUI_CODE, MAX_SEATS, EFF_DT, EXP_DT, ST, VERSIONIND) values ('LUI-4', 'CLU-2', 'ATP-1', 'BENG 471 section 101', 75, {ts '2000-01-01 00:00:00.0'}, {ts '2000-06-01 00:00:00.0'}, 'Retired', 1)

// CluAtpTypeKey
insert into KSLU_CLU_ATP_TYPE_KEY (ID, ATP_TYPE_KEY) values ('ATP-1', 'atpType.semester.fall')
insert into KSLU_CLU_ATP_TYPE_KEY (ID, ATP_TYPE_KEY) values ('ATP-2', 'atpType.semester.spring')
insert into KSLU_CLU_ATP_TYPE_KEY (ID, ATP_TYPE_KEY) values ('ATP-3', 'atpType.semester.summer')
insert into KSLU_CLU_ATP_TYPE_KEY (ID, ATP_TYPE_KEY) values ('ATP-4', 'atpType.quarter.fall')
insert into KSLU_CLU_ATP_TYPE_KEY (ID, ATP_TYPE_KEY) values ('ATP-5', 'atpType.quarter.winter')
insert into KSLU_CLU_ATP_TYPE_KEY (ID, ATP_TYPE_KEY) values ('ATP-6', 'atpType.quarter.spring')
insert into KSLU_CLU_ATP_TYPE_KEY (ID, ATP_TYPE_KEY) values ('ATP-7', 'atpType.quarter.summer')

// CluSet
INSERT INTO KSLU_CLU_SET (ID, CREATEID, CREATETIME, UPDATEID, UPDATETIME, VERSIONIND, EFF_DT, EXPIR_DT, NAME, RT_DESCR_ID, CRIT_SET) VALUES ('CLUSET-1', 'CREATEID', {ts '2000-01-01 00:00:00.0'}, 'UPDATEID', {ts '2001-01-01 00:00:00.0'}, 0, {ts '2003-01-01 00:00:00.0'}, {ts '2004-01-01 00:00:00.0'}, 'Core Cluset Name', 'RICHTEXT-5', 0)
INSERT INTO KSLU_CLU_SET (ID, CREATEID, CREATETIME, UPDATEID, UPDATETIME, VERSIONIND, EFF_DT, EXPIR_DT, NAME, RT_DESCR_ID, CRIT_SET) VALUES ('CLUSET-2', 'CREATEID', {ts '2000-01-01 00:00:00.0'}, 'UPDATEID', {ts '2001-01-01 00:00:00.0'}, 0, {ts '2003-01-01 00:00:00.0'}, {ts '2004-01-01 00:00:00.0'}, 'Core English Cluset Name', 'RICHTEXT-6', 0)
INSERT INTO KSLU_CLU_SET (ID, CREATEID, CREATETIME, UPDATEID, UPDATETIME, VERSIONIND, EFF_DT, EXPIR_DT, NAME, RT_DESCR_ID, CRIT_SET) VALUES ('CLUSET-3', 'CREATEID', {ts '2000-01-01 00:00:00.0'}, 'UPDATEID', {ts '2001-01-01 00:00:00.0'}, 0, {ts '2003-01-01 00:00:00.0'}, {ts '2004-01-01 00:00:00.0'}, 'First year science CluSet', 'RICHTEXT-7', 0)
INSERT INTO KSLU_CLU_SET (ID, CREATEID, CREATETIME, UPDATEID, UPDATETIME, VERSIONIND, EFF_DT, EXPIR_DT, NAME, RT_DESCR_ID, CRIT_SET) VALUES ('CLUSET-4', 'CREATEID', {ts '2000-01-01 00:00:00.0'}, 'UPDATEID', {ts '2001-01-01 00:00:00.0'}, 0, {ts '2003-01-01 00:00:00.0'}, {ts '2004-01-01 00:00:00.0'}, 'First year arts CluSet', 'RICHTEXT-8', 0)

// Clu <-> CluSet join
INSERT INTO KSLU_CLU_SET_JN_CLU (CLU_SET_ID, CLU_ID) VALUES ('CLUSET-2', 'CLU-1')
INSERT INTO KSLU_CLU_SET_JN_CLU (CLU_SET_ID, CLU_ID) VALUES ('CLUSET-2', 'CLU-3')
INSERT INTO KSLU_CLU_SET_JN_CLU (CLU_SET_ID, CLU_ID) VALUES ('CLUSET-3', 'CLU-2')
INSERT INTO KSLU_CLU_SET_JN_CLU (CLU_SET_ID, CLU_ID) VALUES ('CLUSET-4', 'CLU-2')
INSERT INTO KSLU_CLU_SET_JN_CLU (CLU_SET_ID, CLU_ID) VALUES ('CLUSET-4', 'CLU-3')

// CluSet <-> CluSet join
INSERT INTO KSLU_CLU_SET_JN_CLU_SET (CLU_SET_PARENT_ID, CLU_SET_CHILD_ID) VALUES ('CLUSET-2', 'CLUSET-3')
INSERT INTO KSLU_CLU_SET_JN_CLU_SET (CLU_SET_PARENT_ID, CLU_SET_CHILD_ID) VALUES ('CLUSET-1', 'CLUSET-2')
INSERT INTO KSLU_CLU_SET_JN_CLU_SET (CLU_SET_PARENT_ID, CLU_SET_CHILD_ID) VALUES ('CLUSET-2', 'CLUSET-4')

// Attributes
insert into KSLU_CLU_ATTR (ID, ATTR_NAME, ATTR_VALUE, OWNER) values ('8e720668-6385-4829-bf0d-a9d3adf78f82', 'CORE_CD', 'HL', 'd9dbf300-b75a-4c50-ae18-d45f7cc81cc7')
insert into KSLU_CLU_ATTR (ID, ATTR_NAME, ATTR_VALUE, OWNER) values ('7b07b2fd-981e-49ba-b166-28ca3e8ef873', 'CORE_CD', 'SH', '2f68e422-a54f-4f10-9cf2-37dd4083ce5d')
insert into KSLU_CLU_ATTR (ID, ATTR_NAME, ATTR_VALUE, OWNER) values ('19e19a16-3f8d-47a2-a2cc-a908351cbffc', 'CORE_CD', 'SB', 'a1c35e82-8a24-495b-aa91-98d9317e3604')
insert into KSLU_CLU_ATTR (ID, ATTR_NAME, ATTR_VALUE, OWNER) values ('936e317f-56a5-4f38-ac97-8c1f75bdc73a', 'CORE_CD', 'HO', '10594a78-58f8-418c-b11e-312124f23fb8')
insert into KSLU_CLU_ATTR (ID, ATTR_NAME, ATTR_VALUE, OWNER) values ('8fa78a46-a285-4f53-b80d-07eb2204bbb7', 'CORE_CD', 'SH', 'fc7a2687-232b-42f5-bfa1-1056b1b92e6b')
insert into KSLU_CLU_ATTR (ID, ATTR_NAME, ATTR_VALUE, OWNER) values ('f67f4b44-54b7-46e9-93e1-95aff2818569', 'CORE_CD', 'SB', 'd3a5b8d8-1159-4820-a60b-5cdcc9cdea38')
insert into KSLU_CLU_ATTR (ID, ATTR_NAME, ATTR_VALUE, OWNER) values ('05d28aad-747d-46b3-acae-bf352afa6956', 'CORE_CD', 'SH', '99018f9d-e713-434f-8b91-037a9a617660')
insert into KSLU_CLU_ATTR (ID, ATTR_NAME, ATTR_VALUE, OWNER) values ('fa1ebd74-aec9-4eed-be4c-52a53fca8a66', 'CORE_CD', 'SH', 'ffd3b0ae-debf-4206-b0ae-9459df9a58da')
insert into KSLU_CLU_ATTR (ID, ATTR_NAME, ATTR_VALUE, OWNER) values ('e6ee8274-f301-4c14-a597-337123bf0323', 'CORE_CD', 'HO', 'ed77e9b0-ca6e-4b1c-8c01-aa9f14690e20')
insert into KSLU_CLU_ATTR (ID, ATTR_NAME, ATTR_VALUE, OWNER) values ('ad75f8da-8e32-4c79-bf55-8064d4989881', 'CORE_CD', 'HO', 'e81d87c9-00aa-4a96-b6b9-380d75391a6a')
insert into KSLU_CLU_ATTR (ID, ATTR_NAME, ATTR_VALUE, OWNER) values ('988355e2-1ec8-4411-835e-9f6f912e4fc9', 'CORE_CD', 'HA', 'f95a305d-ef4d-46cf-b9cf-f1e9ce88b949')
insert into KSLU_CLU_ATTR (ID, ATTR_NAME, ATTR_VALUE, OWNER) values ('2ddbde7e-e186-4b7b-9cbd-11d1d83625ab', 'CORE_CD', 'SB', '8b207ee7-5d78-430f-a916-4348a0192d3c')
insert into KSLU_CLU_ATTR (ID, ATTR_NAME, ATTR_VALUE, OWNER) values ('31f48d22-c78f-4acf-867c-754e6090dc32', 'CORE_CD', 'SB', 'b45f3bad-9350-4efa-b99d-09505850e450')
insert into KSLU_CLU_ATTR (ID, ATTR_NAME, ATTR_VALUE, OWNER) values ('5a875413-91e1-4d06-aded-50be076cc45d', 'CORE_CD', 'LL', 'f57e6cf7-8056-4030-80d4-1c9382e8e019')
insert into KSLU_CLU_ATTR (ID, ATTR_NAME, ATTR_VALUE, OWNER) values ('adb4818a-8af4-42f3-9969-5265739af6ce', 'CORE_CD', 'SB', '427913be-02cc-4b1e-ace4-a4abae630a3a')
insert into KSLU_CLU_ATTR (ID, ATTR_NAME, ATTR_VALUE, OWNER) values ('9ff64c1b-f7c5-4e6e-9b6b-26b682a4767b', 'CORE_CD', 'SB', '0d8c42bc-77ba-450e-ae0e-eecd76fae779')
insert into KSLU_CLU_ATTR (ID, ATTR_NAME, ATTR_VALUE, OWNER) values ('f25bf2e4-dccc-4efd-aa0d-53098cf04245', 'CORE_CD', 'SB', '83e46ae9-875e-4970-811f-0719a6b260a2')
insert into KSLU_CLU_ATTR (ID, ATTR_NAME, ATTR_VALUE, OWNER) values ('ba20b990-5592-48ac-85db-aba8d6336820', 'CORE_CD', 'CS', '67201b7c-4c27-4046-bb89-9b94dbe1ba35')


//STATEMENT TYPES
INSERT INTO KSLU_STMT_TYPE (TYPE_KEY, TYPE_DESC, EFF_DT, EXPIR_DT, NAME) VALUES ('kuali.luStatementType.createCourseAcademicReadiness', 'Rules used in the evaluation of a person''s academic readiness for enrollment in an LU.', {ts '2000-01-01 00:00:00.0'}, {ts '2000-12-31 00:00:00.0'}, 'Overall Academic Readiness Rules')
INSERT INTO KSLU_STMT_TYPE (TYPE_KEY, TYPE_DESC, EFF_DT, EXPIR_DT, NAME) VALUES ('kuali.luStatementType.prereqAcademicReadiness', 'Pre req rules used in the evaluation of a person''s academic readiness for enrollment in an LU.', {ts '2000-01-01 00:00:00.0'}, {ts '2000-12-31 00:00:00.0'}, 'Academic Readiness Pre Reqs')
INSERT INTO KSLU_STMT_TYPE (TYPE_KEY, TYPE_DESC, EFF_DT, EXPIR_DT, NAME) VALUES ('kuali.luStatementType.coreqAcademicReadiness', 'Co req used in the evaluation of a person''s academic readiness for enrollment in an LU.', {ts '2000-01-01 00:00:00.0'}, {ts '2000-12-31 00:00:00.0'}, 'Academic Readiness Co Reqs')

// REQUIREMENT TYPES
INSERT INTO KSLU_REQ_COM_TYPE (TYPE_KEY, TYPE_DESC, EFF_DT, EXPIR_DT, NAME) VALUES ('kuali.reqCompType.courseList.none', 'Student must have completed none of <reqCompFieldType.cluSet>', {ts '2000-01-01 00:00:00.0'}, {ts '2000-12-31 00:00:00.0'}, 'None of required courses')
INSERT INTO KSLU_REQ_COM_TYPE (TYPE_KEY, TYPE_DESC, EFF_DT, EXPIR_DT, NAME) VALUES ('kuali.reqCompType.courseList.all', 'Student must have completed all of <reqCompFieldType.cluSet>', {ts '2000-01-01 00:00:00.0'}, {ts '2000-12-31 00:00:00.0'}, 'All of required courses')
INSERT INTO KSLU_REQ_COM_TYPE (TYPE_KEY, TYPE_DESC, EFF_DT, EXPIR_DT, NAME) VALUES ('kuali.reqCompType.courseList.1of2', '<reqCompFieldType.clu> or <reqCompFieldType.clu> course', {ts '2000-01-01 00:00:00.0'}, {ts '2000-12-31 00:00:00.0'}, 'One of two required courses')
INSERT INTO KSLU_REQ_COM_TYPE (TYPE_KEY, TYPE_DESC, EFF_DT, EXPIR_DT, NAME) VALUES ('kuali.reqCompType.courseList.nof', 'Student needs <reqCompFieldType.requiredCount> courses from the following course(s): <reqCompFieldType.cluSet> ', {ts '2000-01-01 00:00:00.0'}, {ts '2000-12-31 00:00:00.0'}, 'N of required courses')
INSERT INTO KSLU_REQ_COM_TYPE (TYPE_KEY, TYPE_DESC, EFF_DT, EXPIR_DT, NAME) VALUES ('kuali.reqCompType.gradecheck', 'Student needs a minimum GPA of <reqCompFieldType.gpa>', {ts '2000-01-01 00:00:00.0'}, {ts '2001-11-30 00:00:00.0'}, 'Minimum overall GPA')
INSERT INTO KSLU_REQ_COM_TYPE (TYPE_KEY, TYPE_DESC, EFF_DT, EXPIR_DT, NAME) VALUES ('kuali.reqCompType.grdCondCourseList', 'Student needs a <reqCompFieldType.totalCredits> credits from the following course(s): <reqCompFieldType.cluSet>', {ts '2000-01-01 00:00:00.0'}, {ts '2000-12-31 00:00:00.0'}, 'Course completed with minimum specified grade')
INSERT INTO KSLU_REQ_COM_TYPE (TYPE_KEY, TYPE_DESC, EFF_DT, EXPIR_DT, NAME) VALUES ('kuali.reqCompType.courseList.coreq.all', 'Student must be enrolled in all of the following courses', {ts '2000-01-01 00:00:00.0'}, {ts '2000-12-31 00:00:00.0'}, 'All of required courses')
INSERT INTO KSLU_REQ_COM_TYPE (TYPE_KEY, TYPE_DESC, EFF_DT, EXPIR_DT, NAME) VALUES ('kuali.reqCompType.courseList.coreq.oneof', 'Student must be enrolled in one of the following courses', {ts '2000-01-01 00:00:00.0'}, {ts '2000-12-31 00:00:00.0'}, 'One of required courses')

// REQUIREMENT FIELD TYPES
INSERT INTO KSLU_REQ_COM_FIELD_TYPE (ID, NAME, DESCR, DATA_TYPE, MIN_VALUE, MAX_VALUE, MIN_LENGTH, MAX_LENGTH, VALID_CHARS, INVALID_CHARS, MIN_OCCURS, MAX_OCCURS, READ_ONLY) VALUES ('reqCompFieldType.clu', 'CLU', 'CLU','string',null,null,null,null,null,null,null,null,0)
INSERT INTO KSLU_REQ_COM_FIELD_TYPE (ID, NAME, DESCR, DATA_TYPE, MIN_VALUE, MAX_VALUE, MIN_LENGTH, MAX_LENGTH, VALID_CHARS, INVALID_CHARS, MIN_OCCURS, MAX_OCCURS, READ_ONLY) VALUES ('reqCompFieldType.cluSet', 'CLUSET', 'CLUSET','string',null,null,null,null,null,null,null,null,0)
INSERT INTO KSLU_REQ_COM_FIELD_TYPE (ID, NAME, DESCR, DATA_TYPE, MIN_VALUE, MAX_VALUE, MIN_LENGTH, MAX_LENGTH, VALID_CHARS, INVALID_CHARS, MIN_OCCURS, MAX_OCCURS, READ_ONLY) VALUES ('reqCompFieldType.requiredCount', 'REQUIRED_COUNT', 'Required Count','string',null,null,null,null,null,null,null,null,0)
INSERT INTO KSLU_REQ_COM_FIELD_TYPE (ID, NAME, DESCR, DATA_TYPE, MIN_VALUE, MAX_VALUE, MIN_LENGTH, MAX_LENGTH, VALID_CHARS, INVALID_CHARS, MIN_OCCURS, MAX_OCCURS, READ_ONLY) VALUES ('reqCompFieldType.gpa', 'GPA', 'GAP','string',null,null,null,null,null,null,null,null,0)
INSERT INTO KSLU_REQ_COM_FIELD_TYPE (ID, NAME, DESCR, DATA_TYPE, MIN_VALUE, MAX_VALUE, MIN_LENGTH, MAX_LENGTH, VALID_CHARS, INVALID_CHARS, MIN_OCCURS, MAX_OCCURS, READ_ONLY) VALUES ('reqCompFieldType.totalCredits', 'TOTAL_CREDITS', 'Total Credits','number',null,null,null,null,null,null,null,null,0)
INSERT INTO KSLU_REQ_COM_FIELD_TYPE (ID, NAME, DESCR, DATA_TYPE, MIN_VALUE, MAX_VALUE, MIN_LENGTH, MAX_LENGTH, VALID_CHARS, INVALID_CHARS, MIN_OCCURS, MAX_OCCURS, READ_ONLY) VALUES ('reqCompFieldType.operator', 'CLU', 'CLU','string',null,null,null,null,null,null,null,null,0)
INSERT INTO KSLU_REQ_COM_FIELD_TYPE (ID, NAME, DESCR, DATA_TYPE, MIN_VALUE, MAX_VALUE, MIN_LENGTH, MAX_LENGTH, VALID_CHARS, INVALID_CHARS, MIN_OCCURS, MAX_OCCURS, READ_ONLY) VALUES ('reqCompFieldType.countType', 'CLU', 'CLU','string',null,null,null,null,null,null,null,null,0)

// REQ_COMP_TYPE -> REQ_COMP_FIELD_TYPE
INSERT INTO KSLU_REQCOMTYP_JN_REQCOMFLDTYP (REQ_COMP_TYPE_ID,REQ_COMP_FIELD_TYPE_ID) VALUES ('kuali.reqCompType.courseList.all','reqCompFieldType.cluSet')
INSERT INTO KSLU_REQCOMTYP_JN_REQCOMFLDTYP (REQ_COMP_TYPE_ID,REQ_COMP_FIELD_TYPE_ID) VALUES ('kuali.reqCompType.courseList.1of2','reqCompFieldType.clu')
INSERT INTO KSLU_REQCOMTYP_JN_REQCOMFLDTYP (REQ_COMP_TYPE_ID,REQ_COMP_FIELD_TYPE_ID) VALUES ('kuali.reqCompType.courseList.nof','reqCompFieldType.requiredCount')
INSERT INTO KSLU_REQCOMTYP_JN_REQCOMFLDTYP (REQ_COMP_TYPE_ID,REQ_COMP_FIELD_TYPE_ID) VALUES ('kuali.reqCompType.courseList.nof','reqCompFieldType.operator')
INSERT INTO KSLU_REQCOMTYP_JN_REQCOMFLDTYP (REQ_COMP_TYPE_ID,REQ_COMP_FIELD_TYPE_ID) VALUES ('kuali.reqCompType.courseList.nof','reqCompFieldType.cluSet')
INSERT INTO KSLU_REQCOMTYP_JN_REQCOMFLDTYP (REQ_COMP_TYPE_ID,REQ_COMP_FIELD_TYPE_ID) VALUES ('kuali.reqCompType.gradecheck','reqCompFieldType.gpa')
INSERT INTO KSLU_REQCOMTYP_JN_REQCOMFLDTYP (REQ_COMP_TYPE_ID,REQ_COMP_FIELD_TYPE_ID) VALUES ('kuali.reqCompType.grdCondCourseList','reqCompFieldType.totalCredits')
INSERT INTO KSLU_REQCOMTYP_JN_REQCOMFLDTYP (REQ_COMP_TYPE_ID,REQ_COMP_FIELD_TYPE_ID) VALUES ('kuali.reqCompType.grdCondCourseList','reqCompFieldType.cluSet')
INSERT INTO KSLU_REQCOMTYP_JN_REQCOMFLDTYP (REQ_COMP_TYPE_ID,REQ_COMP_FIELD_TYPE_ID) VALUES ('kuali.reqCompType.courseList.coreq.all','reqCompFieldType.cluSet')
INSERT INTO KSLU_REQCOMTYP_JN_REQCOMFLDTYP (REQ_COMP_TYPE_ID,REQ_COMP_FIELD_TYPE_ID) VALUES ('kuali.reqCompType.courseList.coreq.oneof','reqCompFieldType.cluSet')

// REQ_COMPONENT_TYPE_NL_TEMPLATE
// INSERT INTO KSLU_REQ_COM_TYPE_NL_TMPL (ID, NL_USUAGE_TYPE_KEY, TEMPLATE, OWNER) values ('1', 'KUALI.CATALOG', '#if($cluSet.getCluSet().getClus().size() == $mathTool.toNumber($expectedValue))  Student must have completed all of $cluSet.getCluSetAsShortName() #else  Student must have completed $expectedValue of $cluSet.getCluSetAsShortName() #end', 'kuali.reqCompType.courseList.all')
INSERT INTO KSLU_REQ_COM_TYPE_NL_TMPL (ID, NL_USUAGE_TYPE_KEY, TEMPLATE, OWNER, LANGUAGE) values ('1', 'KUALI.CATALOG', 'Student must have completed all of $cluSet.getCluSetAsShortName()', 'kuali.reqCompType.courseList.all', 'en')
INSERT INTO KSLU_REQ_COM_TYPE_NL_TMPL (ID, NL_USUAGE_TYPE_KEY, TEMPLATE, OWNER, LANGUAGE) values ('2', 'KUALI.CATALOG', 'Student must have completed $expectedValue of $cluSet.getCluSetAsShortName()', 'kuali.reqCompType.courseList.nof', 'en')
INSERT INTO KSLU_REQ_COM_TYPE_NL_TMPL (ID, NL_USUAGE_TYPE_KEY, TEMPLATE, OWNER, LANGUAGE) values ('3', 'KUALI.CATALOG', 'Student must have completed $cluSet.getCluAsShortName(0) or $cluSet.getCluAsShortName(1)', 'kuali.reqCompType.courseList.1of2', 'en')
INSERT INTO KSLU_REQ_COM_TYPE_NL_TMPL (ID, NL_USUAGE_TYPE_KEY, TEMPLATE, OWNER, LANGUAGE) values ('4', 'KUALI.CATALOG', 'Student needs a minimum GPA of $gpa', 'kuali.reqCompType.gradecheck', 'en')

INSERT INTO KSLU_REQ_COM_TYPE_NL_TMPL (ID, NL_USUAGE_TYPE_KEY, TEMPLATE, OWNER, LANGUAGE) values ('5', 'KUALI.EXAMPLE', 'Student must have completed all of MATH100, MATH101, MATH102', 'kuali.reqCompType.courseList.all', 'en')
INSERT INTO KSLU_REQ_COM_TYPE_NL_TMPL (ID, NL_USUAGE_TYPE_KEY, TEMPLATE, OWNER, LANGUAGE) values ('6', 'KUALI.EXAMPLE', 'Student must have completed 2 of MATH100, MATH101, MATH102', 'kuali.reqCompType.courseList.nof', 'en')
INSERT INTO KSLU_REQ_COM_TYPE_NL_TMPL (ID, NL_USUAGE_TYPE_KEY, TEMPLATE, OWNER, LANGUAGE) values ('7', 'KUALI.EXAMPLE', 'Student must have MATH100 or MATH101', 'kuali.reqCompType.courseList.1of2', 'en')
INSERT INTO KSLU_REQ_COM_TYPE_NL_TMPL (ID, NL_USUAGE_TYPE_KEY, TEMPLATE, OWNER, LANGUAGE) values ('8', 'KUALI.EXAMPLE', 'Student needs a minimum GPA of 2.5', 'kuali.reqCompType.gradecheck', 'en')

INSERT INTO KSLU_REQ_COM_TYPE_NL_TMPL (ID, NL_USUAGE_TYPE_KEY, TEMPLATE, OWNER, LANGUAGE) values ('9', 'KUALI.CATALOG', 'Student must have completed none of $cluSet.getCluSetAsShortName()', 'kuali.reqCompType.courseList.none', 'en')
INSERT INTO KSLU_REQ_COM_TYPE_NL_TMPL (ID, NL_USUAGE_TYPE_KEY, TEMPLATE, OWNER, LANGUAGE) values ('10', 'KUALI.CATALOG', 'Students must take $totalCredits credits from $cluSet.getCluSetAsShortName()', 'kuali.reqCompType.grdCondCourseList', 'en')

INSERT INTO KSLU_REQ_COM_TYPE_NL_TMPL (ID, NL_USUAGE_TYPE_KEY, TEMPLATE, OWNER, LANGUAGE) values ('11', 'KUALI.CATALOG', 'Student muss abgeschlossen $expectedValue von $cluSet.getCluSetAsShortName()', 'kuali.reqCompType.courseList.nof', 'de')

// STATEMENT HEADER TEMPLATE
INSERT INTO KSLU_STMT_TYPE_HEADER_TMPL (ID, NL_USUAGE_TYPE_KEY, TEMPLATE, OWNER, LANGUAGE) values ('1', 'KUALI.CATALOG', 'Requirement for $clu.getOfficialIdentifier().getLongName(): ', 'kuali.luStatementType.prereqAcademicReadiness', 'en')
INSERT INTO KSLU_STMT_TYPE_HEADER_TMPL (ID, NL_USUAGE_TYPE_KEY, TEMPLATE, OWNER, LANGUAGE) values ('2', 'KUALI.CATALOG', 'Voraussetzung fur die $clu.getOfficialIdentifier().getLongName(): ', 'kuali.luStatementType.prereqAcademicReadiness', 'de')

// STMT_TYPE <-> REQ_COM_TYPE
INSERT INTO KSLU_STY_JN_RQTY (LU_STMT_TYPE_ID,REQ_COM_TYPE_ID) values ('kuali.luStatementType.prereqAcademicReadiness','kuali.reqCompType.courseList.all')
INSERT INTO KSLU_STY_JN_RQTY (LU_STMT_TYPE_ID,REQ_COM_TYPE_ID) values ('kuali.luStatementType.prereqAcademicReadiness','kuali.reqCompType.courseList.nof')
INSERT INTO KSLU_STY_JN_RQTY (LU_STMT_TYPE_ID,REQ_COM_TYPE_ID) values ('kuali.luStatementType.prereqAcademicReadiness','kuali.reqCompType.courseList.1of2')
INSERT INTO KSLU_STY_JN_RQTY (LU_STMT_TYPE_ID,REQ_COM_TYPE_ID) values ('kuali.luStatementType.prereqAcademicReadiness','kuali.reqCompType.grdCondCourseList')
INSERT INTO KSLU_STY_JN_RQTY (LU_STMT_TYPE_ID,REQ_COM_TYPE_ID) values ('kuali.luStatementType.prereqAcademicReadiness','kuali.reqCompType.gradecheck')
INSERT INTO KSLU_STY_JN_RQTY (LU_STMT_TYPE_ID,REQ_COM_TYPE_ID) values ('kuali.luStatementType.coreqAcademicReadiness','kuali.reqCompType.courseList.coreq.all')
INSERT INTO KSLU_STY_JN_RQTY (LU_STMT_TYPE_ID,REQ_COM_TYPE_ID) values ('kuali.luStatementType.coreqAcademicReadiness','kuali.reqCompType.courseList.coreq.oneof')

// STMT_TYPE <-> STMT_TYPE
INSERT INTO KSLU_STY_JN_LUSTY (LU_STMT_TYPE_ID, CHLD_LU_STMT_TYPE_ID) values ('kuali.luStatementType.createCourseAcademicReadiness','kuali.luStatementType.prereqAcademicReadiness')
INSERT INTO KSLU_STY_JN_LUSTY (LU_STMT_TYPE_ID, CHLD_LU_STMT_TYPE_ID) values ('kuali.luStatementType.createCourseAcademicReadiness','kuali.luStatementType.coreqAcademicReadiness')

// LU_STMT
INSERT INTO KSLU_STMT (ID, CREATEID, CREATETIME, UPDATEID, UPDATETIME, VERSIONIND, NAME, DESCR, ST, OPERATOR, PARENT_LU_STMT_ID,LU_STMT_TYPE_ID) VALUES ('STMT-1', 'CREATEID', {ts '2000-01-01 00:00:00.0'}, 'UPDATEID', {ts '2001-01-01 00:00:00.0'},1,'STMT 1','Statement 1','ACTIVE','AND', null ,'kuali.luStatementType.createCourseAcademicReadiness')
INSERT INTO KSLU_STMT (ID, CREATEID, CREATETIME, UPDATEID, UPDATETIME, VERSIONIND, NAME, DESCR, ST, OPERATOR, PARENT_LU_STMT_ID,LU_STMT_TYPE_ID) VALUES ('STMT-2', 'CREATEID', {ts '2000-01-01 00:00:00.0'}, 'UPDATEID', {ts '2001-01-01 00:00:00.0'},1,'STMT 2','Statement 2','ACTIVE','AND','STMT-1','kuali.luStatementType.prereqAcademicReadiness')

// REQ COM
INSERT INTO KSLU_REQ_COM (ID, CREATEID, CREATETIME, UPDATEID, UPDATETIME, VERSIONIND, DESCR, ST, EFF_DT, EXPIR_DT, REQ_COM_TYPE_ID) VALUES ('REQCOMP-1', 'CREATEID', {ts '2000-01-01 00:00:00.0'}, 'UPDATEID', {ts '2001-01-01 00:00:00.0'},1,'Required Component 1','ACTIVE',{ts '2001-01-01 00:00:00.0'},{ts '2002-01-01 00:00:00.0'},'kuali.reqCompType.courseList.all')
INSERT INTO KSLU_REQ_COM (ID, CREATEID, CREATETIME, UPDATEID, UPDATETIME, VERSIONIND, DESCR, ST, EFF_DT, EXPIR_DT, REQ_COM_TYPE_ID) VALUES ('REQCOMP-2', 'CREATEID', {ts '2000-01-01 00:00:00.0'}, 'UPDATEID', {ts '2001-01-01 00:00:00.0'},1,'Required Component 2','ACTIVE',{ts '2001-01-01 00:00:00.0'},{ts '2002-01-01 00:00:00.0'},'kuali.reqCompType.grdCondCourseList')
INSERT INTO KSLU_REQ_COM (ID, CREATEID, CREATETIME, UPDATEID, UPDATETIME, VERSIONIND, DESCR, ST, EFF_DT, EXPIR_DT, REQ_COM_TYPE_ID) VALUES ('REQCOMP-3', 'CREATEID', {ts '2000-01-01 00:00:00.0'}, 'UPDATEID', {ts '2001-01-01 00:00:00.0'},1,'Required Component 3','ACTIVE',{ts '2001-01-01 00:00:00.0'},{ts '2002-01-01 00:00:00.0'},'kuali.reqCompType.gradecheck')

// CLU <-> LU STMT
INSERT INTO KSLU_CLU_JN_LU_STMT (CLU_ID, LU_STMT_ID) VALUES ('CLU-1','STMT-1')
INSERT INTO KSLU_CLU_JN_LU_STMT (CLU_ID, LU_STMT_ID) VALUES ('CLU-2','STMT-2')

// LU STMT <-> REQ COM
INSERT INTO KSLU_STMT_JN_REQ_COM (REQ_COM_ID, LU_STMT_ID) VALUES ('REQCOMP-1','STMT-2')
INSERT INTO KSLU_STMT_JN_REQ_COM (REQ_COM_ID, LU_STMT_ID) VALUES ('REQCOMP-2','STMT-2')
INSERT INTO KSLU_STMT_JN_REQ_COM (REQ_COM_ID, LU_STMT_ID) VALUES ('REQCOMP-3','STMT-2')

// CluCluRelation
INSERT INTO KSLU_CLUCLU_RELTN (ID, CREATEID, CREATETIME, UPDATEID, UPDATETIME, VERSIONIND, CLU_RELTN_REQ, EFF_DT, EXPIR_DT, ST, CLU_ID, LU_RELTN_TYPE_ID, RELATED_CLU_ID) VALUES ('CLUCLUREL-1', 'CREATEID', {ts '2000-01-01 00:00:00.0'}, 'UPDATEID', {ts '2001-01-01 00:00:00.0'}, 0, 1, {ts '2003-01-01 00:00:00.0'}, {ts '2100-01-01 00:00:00.0'}, 'Active', 'CLU-1', 'luLuType.type1', 'CLU-2')
INSERT INTO KSLU_CLUCLU_RELTN (ID, CREATEID, CREATETIME, UPDATEID, UPDATETIME, VERSIONIND, CLU_RELTN_REQ, EFF_DT, EXPIR_DT, ST, CLU_ID, LU_RELTN_TYPE_ID, RELATED_CLU_ID) VALUES ('CLUCLUREL-2', 'CREATEID', {ts '2000-01-01 00:00:00.0'}, 'UPDATEID', {ts '2001-01-01 00:00:00.0'}, 0, 1, {ts '2003-01-01 00:00:00.0'}, {ts '2100-01-01 00:00:00.0'}, 'Active', 'CLU-1', 'luLuType.type1', 'CLU-3')

// LuiLuiRelation
INSERT INTO KSLU_LUILUI_RELTN (ID, CREATEID, CREATETIME, UPDATEID, UPDATETIME, VERSIONIND, LUI_ID,RELATED_LUI_ID,LULU_RELTN_TYPE_ID, EFF_DT, EXPIR_DT, ST) VALUES ('LUILUIREL-1', 'CREATEID', {ts '2000-01-01 00:00:00.0'}, 'UPDATEID', {ts '2001-01-01 00:00:00.0'}, 0, 'LUI-1', 'LUI-2','luLuType.type1', {ts '2003-01-01 00:00:00.0'}, {ts '2100-01-01 00:00:00.0'}, 'Active')
INSERT INTO KSLU_LUILUI_RELTN (ID, CREATEID, CREATETIME, UPDATEID, UPDATETIME, VERSIONIND, LUI_ID,RELATED_LUI_ID,LULU_RELTN_TYPE_ID, EFF_DT, EXPIR_DT, ST) VALUES ('LUILUIREL-2', 'CREATEID', {ts '2000-01-01 00:00:00.0'}, 'UPDATEID', {ts '2001-01-01 00:00:00.0'}, 0, 'LUI-1', 'LUI-3','luLuType.type1', {ts '2003-01-01 00:00:00.0'}, {ts '2100-01-01 00:00:00.0'}, 'Active')
INSERT INTO KSLU_LUILUI_RELTN (ID, CREATEID, CREATETIME, UPDATEID, UPDATETIME, VERSIONIND, LUI_ID,RELATED_LUI_ID,LULU_RELTN_TYPE_ID, EFF_DT, EXPIR_DT, ST) VALUES ('LUILUIREL-3', 'CREATEID', {ts '2000-01-01 00:00:00.0'}, 'UPDATEID', {ts '2001-01-01 00:00:00.0'}, 0, 'LUI-2', 'LUI-4','luLuType.type1', {ts '2003-01-01 00:00:00.0'}, {ts '2100-01-01 00:00:00.0'}, 'Active')

// LuDocRelation Type
INSERT INTO KSLU_LU_DOC_RELTN_TYPE (TYPE_KEY, TYPE_DESC, EFF_DT, EXPIR_DT, NAME) values ('luDocRelationType.doctype1', 'Doc Type 1', {ts '2000-01-01 00:00:00.0'}, {ts '2000-12-31 00:00:00.0'}, 'DT1')
INSERT INTO KSLU_LU_DOC_RELTN_TYPE (TYPE_KEY, TYPE_DESC, EFF_DT, EXPIR_DT, NAME) values ('luDocRelationType.doctype2', 'Doc Type 2', {ts '2000-01-01 00:00:00.0'}, {ts '2000-12-31 00:00:00.0'}, 'DT2')

// LuDocRelation
INSERT INTO KSLU_LU_DOC_RELTN (ID, CREATEID, CREATETIME, UPDATEID, UPDATETIME, VERSIONIND, LU_DOC_RELTN_TYPE_ID, CLU_ID, DOC_ID, TITLE, EFF_DT, EXPIR_DT, ST) VALUES ('LUDOCREL-1', 'CREATEID', {ts '2000-01-01 00:00:00.0'}, 'UPDATEID', {ts '2001-01-01 00:00:00.0'}, 0, 'luDocRelationType.doctype1', 'CLU-1', 'DOC-1', 'TITLE1', {ts '2003-01-01 00:00:00.0'}, {ts '2100-01-01 00:00:00.0'}, 'Active')
INSERT INTO KSLU_LU_DOC_RELTN (ID, CREATEID, CREATETIME, UPDATEID, UPDATETIME, VERSIONIND, LU_DOC_RELTN_TYPE_ID, CLU_ID, DOC_ID, TITLE, EFF_DT, EXPIR_DT, ST) VALUES ('LUDOCREL-2', 'CREATEID', {ts '2000-01-01 00:00:00.0'}, 'UPDATEID', {ts '2001-01-01 00:00:00.0'}, 0, 'luDocRelationType.doctype1', 'CLU-1', 'DOC-2', 'TITLE1', {ts '2003-01-01 00:00:00.0'}, {ts '2100-01-01 00:00:00.0'}, 'Active')
INSERT INTO KSLU_LU_DOC_RELTN (ID, CREATEID, CREATETIME, UPDATEID, UPDATETIME, VERSIONIND, LU_DOC_RELTN_TYPE_ID, CLU_ID, DOC_ID, TITLE, EFF_DT, EXPIR_DT, ST) VALUES ('LUDOCREL-3', 'CREATEID', {ts '2000-01-01 00:00:00.0'}, 'UPDATEID', {ts '2001-01-01 00:00:00.0'}, 0, 'luDocRelationType.doctype1', 'CLU-2', 'DOC-1', 'TITLE1', {ts '2003-01-01 00:00:00.0'}, {ts '2100-01-01 00:00:00.0'}, 'Active')
INSERT INTO KSLU_LU_DOC_RELTN (ID, CREATEID, CREATETIME, UPDATEID, UPDATETIME, VERSIONIND, LU_DOC_RELTN_TYPE_ID, CLU_ID, DOC_ID, TITLE, EFF_DT, EXPIR_DT, ST) VALUES ('LUDOCREL-4', 'CREATEID', {ts '2000-01-01 00:00:00.0'}, 'UPDATEID', {ts '2001-01-01 00:00:00.0'}, 0, 'luDocRelationType.doctype2', 'CLU-2', 'DOC-3', 'TITLE1', {ts '2003-01-01 00:00:00.0'}, {ts '2100-01-01 00:00:00.0'}, 'Active')

// LrType
INSERT INTO KSLU_LR_TYPE (TYPE_KEY, TYPE_DESC, EFF_DT, EXPIR_DT, NAME) values ('lrType.finalGrade', 'Final learning result for an LU. A stereotypical usage is the final grade in a course.', {ts '2000-01-01 00:00:00.0'}, {ts '2000-12-31 00:00:00.0'}, 'Final Grade')
INSERT INTO KSLU_LR_TYPE (TYPE_KEY, TYPE_DESC, EFF_DT, EXPIR_DT, NAME) values ('lrType.midtermGrade', 'Midterm learning result for an LU. A stereotypical usage is the midterm grade in a course.', {ts '2000-01-01 00:00:00.0'}, {ts '2000-12-31 00:00:00.0'}, 'Midterm Grade')


// Natural Language Translation Test Data
// NL - Lu Type
INSERT INTO KSLU_LUTYPE (TYPE_KEY, TYPE_DESC, EFF_DT, EXPIR_DT, NAME) values ('luType.nl.course', 'An NL Course', {ts '2000-01-01 00:00:00.0'}, {ts '2000-12-31 00:00:00.0'}, 'Course')

// NL - Clu - MATH152
INSERT INTO KSLU_CLU_IDENT (ID, CD, DIV, LVL, LNG_NAME, SHRT_NAME, ST, TYPE, VARTN) VALUES ('IDENT-NL-1', 'MATH152', 'MATH', '152', 'MATH 152 Linear Systems', 'MATH 152', 'State-1', 'Type-1', 'Variation-1')
INSERT INTO KSLU_CLU (ID, CREATEID, CREATETIME, UPDATEID, UPDATETIME, VERSIONIND, ACCRED_ORG_ID, ADMIN_ORG_ID, CAN_CREATE_LUI, DEF_ENRL_EST, DEF_MAX_ENRL, EFF_DT, EXPIR_DT, HAS_EARLY_DROP_DEDLN, IS_ENRL, IS_HAZR_DISBLD_STU, NEXT_REVIEW_PRD, REF_URL, ST, ATPDURATIONTYPEKEY, TIMEQUANTITY, STDY_SUBJ_AREA, ACCT_ID, CR_ID, RT_DESCR_ID, FEE_ID, LUTYPE_ID, RT_MKTG_DESCR_ID, OFFIC_CLU_ID, PRI_INSTR_ID, PUBL_ID) values ('CLU-NL-1', 'CREATEID', {ts '2000-01-01 00:00:00.0'}, 'UPDATEID', {ts '2001-01-01 00:00:00.0'}, 1, 'ACCRED_ORG_ID', 'ADMIN_ORG_ID', 1, 1, 42, {ts '2002-01-01 00:00:00.0'}, {ts '2003-01-01 00:00:00.0'}, 1, 1, 0, 'NEXT_REVIEW_PRD', 'REF_URL', 'STATE1', 'ATPDURATIONTYPEKEY', 3, 'STDY_SUBJ_AREA', 'ACCT-1', 'CR-1', 'RICHTEXT-1', 'FEE-1', 'luType.nl.course', 'RICHTEXT-2', 'IDENT-NL-1', 'INSTR-1', 'PUBL-1')

// NL - Clu - MATH221
INSERT INTO KSLU_CLU_IDENT (ID, CD, DIV, LVL, LNG_NAME, SHRT_NAME, ST, TYPE, VARTN) VALUES ('IDENT-NL-2', 'MATH221', 'MATH', '221', 'MATH 221 Matrix Algebra', 'MATH 221', 'State-1', 'Type-1', 'Variation-1')
INSERT INTO KSLU_CLU (ID, CREATEID, CREATETIME, UPDATEID, UPDATETIME, VERSIONIND, ACCRED_ORG_ID, ADMIN_ORG_ID, CAN_CREATE_LUI, DEF_ENRL_EST, DEF_MAX_ENRL, EFF_DT, EXPIR_DT, HAS_EARLY_DROP_DEDLN, IS_ENRL, IS_HAZR_DISBLD_STU, NEXT_REVIEW_PRD, REF_URL, ST, ATPDURATIONTYPEKEY, TIMEQUANTITY, STDY_SUBJ_AREA, ACCT_ID, CR_ID, RT_DESCR_ID, FEE_ID, LUTYPE_ID, RT_MKTG_DESCR_ID, OFFIC_CLU_ID, PRI_INSTR_ID, PUBL_ID) values ('CLU-NL-2', 'CREATEID', {ts '2000-01-01 00:00:00.0'}, 'UPDATEID', {ts '2001-01-01 00:00:00.0'}, 1, 'ACCRED_ORG_ID', 'ADMIN_ORG_ID', 1, 1, 42, {ts '2002-01-01 00:00:00.0'}, {ts '2003-01-01 00:00:00.0'}, 1, 1, 0, 'NEXT_REVIEW_PRD', 'REF_URL', 'STATE1', 'ATPDURATIONTYPEKEY', 3, 'STDY_SUBJ_AREA', 'ACCT-1', 'CR-1', 'RICHTEXT-1', 'FEE-1', 'luType.nl.course', 'RICHTEXT-2', 'IDENT-NL-2', 'INSTR-1', 'PUBL-1')

// NL - Clu - MATH180
INSERT INTO KSLU_CLU_IDENT (ID, CD, DIV, LVL, LNG_NAME, SHRT_NAME, ST, TYPE, VARTN) VALUES ('IDENT-NL-3', 'MATH180', 'MATH', '180', 'MATH 180 Differential Calculus with Physical Applications', 'MATH 180', 'State-1', 'Type-1', 'Variation-1')
INSERT INTO KSLU_CLU (ID, CREATEID, CREATETIME, UPDATEID, UPDATETIME, VERSIONIND, ACCRED_ORG_ID, ADMIN_ORG_ID, CAN_CREATE_LUI, DEF_ENRL_EST, DEF_MAX_ENRL, EFF_DT, EXPIR_DT, HAS_EARLY_DROP_DEDLN, IS_ENRL, IS_HAZR_DISBLD_STU, NEXT_REVIEW_PRD, REF_URL, ST, ATPDURATIONTYPEKEY, TIMEQUANTITY, STDY_SUBJ_AREA, ACCT_ID, CR_ID, RT_DESCR_ID, FEE_ID, LUTYPE_ID, RT_MKTG_DESCR_ID, OFFIC_CLU_ID, PRI_INSTR_ID, PUBL_ID) values ('CLU-NL-3', 'CREATEID', {ts '2000-01-01 00:00:00.0'}, 'UPDATEID', {ts '2001-01-01 00:00:00.0'}, 1, 'ACCRED_ORG_ID', 'ADMIN_ORG_ID', 1, 1, 42, {ts '2002-01-01 00:00:00.0'}, {ts '2003-01-01 00:00:00.0'}, 1, 1, 0, 'NEXT_REVIEW_PRD', 'REF_URL', 'STATE1', 'ATPDURATIONTYPEKEY', 3, 'STDY_SUBJ_AREA', 'ACCT-1', 'CR-1', 'RICHTEXT-1', 'FEE-1', 'luType.nl.course', 'RICHTEXT-2', 'IDENT-NL-3', 'INSTR-1', 'PUBL-1')

// NL - Clu - MATH200
INSERT INTO KSLU_CLU_IDENT (ID, CD, DIV, LVL, LNG_NAME, SHRT_NAME, ST, TYPE, VARTN) VALUES ('IDENT-NL-4', 'MATH200', 'MATH', '200', 'MATH 200 Calculus III', 'MATH 200', 'State-1', 'Type-1', 'Variation-1')
INSERT INTO KSLU_CLU (ID, CREATEID, CREATETIME, UPDATEID, UPDATETIME, VERSIONIND, ACCRED_ORG_ID, ADMIN_ORG_ID, CAN_CREATE_LUI, DEF_ENRL_EST, DEF_MAX_ENRL, EFF_DT, EXPIR_DT, HAS_EARLY_DROP_DEDLN, IS_ENRL, IS_HAZR_DISBLD_STU, NEXT_REVIEW_PRD, REF_URL, ST, ATPDURATIONTYPEKEY, TIMEQUANTITY, STDY_SUBJ_AREA, ACCT_ID, CR_ID, RT_DESCR_ID, FEE_ID, LUTYPE_ID, RT_MKTG_DESCR_ID, OFFIC_CLU_ID, PRI_INSTR_ID, PUBL_ID) values ('CLU-NL-4', 'CREATEID', {ts '2000-01-01 00:00:00.0'}, 'UPDATEID', {ts '2001-01-01 00:00:00.0'}, 1, 'ACCRED_ORG_ID', 'ADMIN_ORG_ID', 1, 1, 42, {ts '2002-01-01 00:00:00.0'}, {ts '2003-01-01 00:00:00.0'}, 1, 1, 0, 'NEXT_REVIEW_PRD', 'REF_URL', 'STATE1', 'ATPDURATIONTYPEKEY', 3, 'STDY_SUBJ_AREA', 'ACCT-1', 'CR-1', 'RICHTEXT-1', 'FEE-1', 'luType.nl.course', 'RICHTEXT-2', 'IDENT-NL-4', 'INSTR-1', 'PUBL-1')

// NL - Clu - MATH215
INSERT INTO KSLU_CLU_IDENT (ID, CD, DIV, LVL, LNG_NAME, SHRT_NAME, ST, TYPE, VARTN) VALUES ('IDENT-NL-5', 'MATH215', 'MATH', '215', 'MATH 215 Elementary Differential Equations I', 'MATH 215', 'State-1', 'Type-1', 'Variation-1')
INSERT INTO KSLU_CLU (ID, CREATEID, CREATETIME, UPDATEID, UPDATETIME, VERSIONIND, ACCRED_ORG_ID, ADMIN_ORG_ID, CAN_CREATE_LUI, DEF_ENRL_EST, DEF_MAX_ENRL, EFF_DT, EXPIR_DT, HAS_EARLY_DROP_DEDLN, IS_ENRL, IS_HAZR_DISBLD_STU, NEXT_REVIEW_PRD, REF_URL, ST, ATPDURATIONTYPEKEY, TIMEQUANTITY, STDY_SUBJ_AREA, ACCT_ID, CR_ID, RT_DESCR_ID, FEE_ID, LUTYPE_ID, RT_MKTG_DESCR_ID, OFFIC_CLU_ID, PRI_INSTR_ID, PUBL_ID) values ('CLU-NL-5', 'CREATEID', {ts '2000-01-01 00:00:00.0'}, 'UPDATEID', {ts '2001-01-01 00:00:00.0'}, 1, 'ACCRED_ORG_ID', 'ADMIN_ORG_ID', 1, 1, 42, {ts '2002-01-01 00:00:00.0'}, {ts '2003-01-01 00:00:00.0'}, 1, 1, 0, 'NEXT_REVIEW_PRD', 'REF_URL', 'STATE1', 'ATPDURATIONTYPEKEY', 3, 'STDY_SUBJ_AREA', 'ACCT-1', 'CR-1', 'RICHTEXT-1', 'FEE-1', 'luType.nl.course', 'RICHTEXT-2', 'IDENT-NL-5', 'INSTR-1', 'PUBL-1')

// NL - CluSet - Math 158,221 CLU Set
INSERT INTO KSLU_CLU_SET (ID, CREATEID, CREATETIME, UPDATEID, UPDATETIME, VERSIONIND, EFF_DT, EXPIR_DT, NAME, RT_DESCR_ID, CRIT_SET) VALUES ('CLUSET-NL-1', 'CREATEID', {ts '2000-01-01 00:00:00.0'}, 'UPDATEID', {ts '2001-01-01 00:00:00.0'}, 0, {ts '2003-01-01 00:00:00.0'}, {ts '2004-01-01 00:00:00.0'}, 'Math 158,221 CLU Set', 'RICHTEXT-5', 0)

// NL - CluSet - Math 158,221,180 CLU Set
INSERT INTO KSLU_CLU_SET (ID, CREATEID, CREATETIME, UPDATEID, UPDATETIME, VERSIONIND, EFF_DT, EXPIR_DT, NAME, RT_DESCR_ID, CRIT_SET) VALUES ('CLUSET-NL-2', 'CREATEID', {ts '2000-01-01 00:00:00.0'}, 'UPDATEID', {ts '2001-01-01 00:00:00.0'}, 0, {ts '2003-01-01 00:00:00.0'}, {ts '2004-01-01 00:00:00.0'}, 'Math 158,221,180 CLU Set', 'RICHTEXT-5', 0)

// NL - CluSet - Math 221,180,200,215 CLU Set
INSERT INTO KSLU_CLU_SET (ID, CREATEID, CREATETIME, UPDATEID, UPDATETIME, VERSIONIND, EFF_DT, EXPIR_DT, NAME, RT_DESCR_ID, CRIT_SET) VALUES ('CLUSET-NL-3', 'CREATEID', {ts '2000-01-01 00:00:00.0'}, 'UPDATEID', {ts '2001-01-01 00:00:00.0'}, 0, {ts '2003-01-01 00:00:00.0'}, {ts '2004-01-01 00:00:00.0'}, 'Math 158,221,180 CLU Set', 'RICHTEXT-5', 0)

// NL - Clu <-> CluSet join
INSERT INTO KSLU_CLU_SET_JN_CLU (CLU_SET_ID, CLU_ID) VALUES ('CLUSET-NL-1', 'CLU-NL-1')
INSERT INTO KSLU_CLU_SET_JN_CLU (CLU_SET_ID, CLU_ID) VALUES ('CLUSET-NL-1', 'CLU-NL-3')

// NL - Clu <-> CluSet join
INSERT INTO KSLU_CLU_SET_JN_CLU (CLU_SET_ID, CLU_ID) VALUES ('CLUSET-NL-2', 'CLU-NL-1')
INSERT INTO KSLU_CLU_SET_JN_CLU (CLU_SET_ID, CLU_ID) VALUES ('CLUSET-NL-2', 'CLU-NL-2')
INSERT INTO KSLU_CLU_SET_JN_CLU (CLU_SET_ID, CLU_ID) VALUES ('CLUSET-NL-2', 'CLU-NL-3')

// NL - Clu <-> CluSet join
INSERT INTO KSLU_CLU_SET_JN_CLU (CLU_SET_ID, CLU_ID) VALUES ('CLUSET-NL-3', 'CLU-NL-2')
INSERT INTO KSLU_CLU_SET_JN_CLU (CLU_SET_ID, CLU_ID) VALUES ('CLUSET-NL-3', 'CLU-NL-3')
INSERT INTO KSLU_CLU_SET_JN_CLU (CLU_SET_ID, CLU_ID) VALUES ('CLUSET-NL-3', 'CLU-NL-4')
INSERT INTO KSLU_CLU_SET_JN_CLU (CLU_SET_ID, CLU_ID) VALUES ('CLUSET-NL-3', 'CLU-NL-5')

// NL - Req Component
INSERT INTO KSLU_REQ_COM (ID, CREATEID, CREATETIME, UPDATEID, UPDATETIME, VERSIONIND, DESCR, ST, EFF_DT, EXPIR_DT, REQ_COM_TYPE_ID) VALUES ('REQCOMP-NL-1', 'CREATEID', {ts '2000-01-01 00:00:00.0'}, 'UPDATEID', {ts '2001-01-01 00:00:00.0'},1,'Required Component 1','ACTIVE',{ts '2001-01-01 00:00:00.0'},{ts '2002-01-01 00:00:00.0'},'kuali.reqCompType.courseList.nof')
INSERT INTO KSLU_REQ_COM (ID, CREATEID, CREATETIME, UPDATEID, UPDATETIME, VERSIONIND, DESCR, ST, EFF_DT, EXPIR_DT, REQ_COM_TYPE_ID) VALUES ('REQCOMP-NL-2', 'CREATEID', {ts '2000-01-01 00:00:00.0'}, 'UPDATEID', {ts '2001-01-01 00:00:00.0'},1,'Required Component 2','ACTIVE',{ts '2001-01-01 00:00:00.0'},{ts '2002-01-01 00:00:00.0'},'kuali.reqCompType.gradecheck')
INSERT INTO KSLU_REQ_COM (ID, CREATEID, CREATETIME, UPDATEID, UPDATETIME, VERSIONIND, DESCR, ST, EFF_DT, EXPIR_DT, REQ_COM_TYPE_ID) VALUES ('REQCOMP-NL-3', 'CREATEID', {ts '2000-01-01 00:00:00.0'}, 'UPDATEID', {ts '2001-01-01 00:00:00.0'},1,'Required Component 3','ACTIVE',{ts '2001-01-01 00:00:00.0'},{ts '2002-01-01 00:00:00.0'},'kuali.reqCompType.courseList.1of2')
INSERT INTO KSLU_REQ_COM (ID, CREATEID, CREATETIME, UPDATEID, UPDATETIME, VERSIONIND, DESCR, ST, EFF_DT, EXPIR_DT, REQ_COM_TYPE_ID) VALUES ('REQCOMP-NL-4', 'CREATEID', {ts '2000-01-01 00:00:00.0'}, 'UPDATEID', {ts '2001-01-01 00:00:00.0'},1,'Required Component 4','ACTIVE',{ts '2001-01-01 00:00:00.0'},{ts '2002-01-01 00:00:00.0'},'kuali.reqCompType.courseList.nof')

// NL - KSLU REQ COM FIELD
INSERT INTO KSLU_REQ_COM_FIELD (ID, REQ_COM_FIELD_KEY, VALUE) VALUES ('FIELD-1', 'reqCompFieldType.requiredCount', '1')
INSERT INTO KSLU_REQ_COM_FIELD (ID, REQ_COM_FIELD_KEY, VALUE) VALUES ('FIELD-2', 'reqCompFieldType.operator', 'greater_than_or_equal_to')
INSERT INTO KSLU_REQ_COM_FIELD (ID, REQ_COM_FIELD_KEY, VALUE) VALUES ('FIELD-3', 'reqCompFieldType.cluSet', 'CLUSET-NL-1')
INSERT INTO KSLU_REQ_COM_FIELD (ID, REQ_COM_FIELD_KEY, VALUE) VALUES ('FIELD-4', 'reqCompFieldType.gpa', '3.5')
INSERT INTO KSLU_REQ_COM_FIELD (ID, REQ_COM_FIELD_KEY, VALUE) VALUES ('FIELD-5', 'reqCompFieldType.clu', 'CLU-NL-3')
INSERT INTO KSLU_REQ_COM_FIELD (ID, REQ_COM_FIELD_KEY, VALUE) VALUES ('FIELD-6', 'reqCompFieldType.clu', 'CLU-NL-4')
INSERT INTO KSLU_REQ_COM_FIELD (ID, REQ_COM_FIELD_KEY, VALUE) VALUES ('FIELD-7', 'reqCompFieldType.operator', 'greater_than_or_equal_to')
INSERT INTO KSLU_REQ_COM_FIELD (ID, REQ_COM_FIELD_KEY, VALUE) VALUES ('FIELD-8', 'reqCompFieldType.requiredCount', '2')
INSERT INTO KSLU_REQ_COM_FIELD (ID, REQ_COM_FIELD_KEY, VALUE) VALUES ('FIELD-9', 'reqCompFieldType.cluSet', 'CLUSET-NL-2')

// NL - KSLU_REQ_COM_JN_REQ_COM_FIELD
INSERT INTO KSLU_REQ_COM_JN_REQ_COM_FIELD (REQ_COM_ID, REQ_COM_FIELD_ID) VALUES ('REQCOMP-NL-1', 'FIELD-1')
INSERT INTO KSLU_REQ_COM_JN_REQ_COM_FIELD (REQ_COM_ID, REQ_COM_FIELD_ID) VALUES ('REQCOMP-NL-1', 'FIELD-2')
INSERT INTO KSLU_REQ_COM_JN_REQ_COM_FIELD (REQ_COM_ID, REQ_COM_FIELD_ID) VALUES ('REQCOMP-NL-1', 'FIELD-3')
INSERT INTO KSLU_REQ_COM_JN_REQ_COM_FIELD (REQ_COM_ID, REQ_COM_FIELD_ID) VALUES ('REQCOMP-NL-2', 'FIELD-4')
INSERT INTO KSLU_REQ_COM_JN_REQ_COM_FIELD (REQ_COM_ID, REQ_COM_FIELD_ID) VALUES ('REQCOMP-NL-3', 'FIELD-5')
INSERT INTO KSLU_REQ_COM_JN_REQ_COM_FIELD (REQ_COM_ID, REQ_COM_FIELD_ID) VALUES ('REQCOMP-NL-3', 'FIELD-6')
INSERT INTO KSLU_REQ_COM_JN_REQ_COM_FIELD (REQ_COM_ID, REQ_COM_FIELD_ID) VALUES ('REQCOMP-NL-4', 'FIELD-7')
INSERT INTO KSLU_REQ_COM_JN_REQ_COM_FIELD (REQ_COM_ID, REQ_COM_FIELD_ID) VALUES ('REQCOMP-NL-4', 'FIELD-8')
INSERT INTO KSLU_REQ_COM_JN_REQ_COM_FIELD (REQ_COM_ID, REQ_COM_FIELD_ID) VALUES ('REQCOMP-NL-4', 'FIELD-9')

INSERT INTO KSLU_STMT (ID, CREATEID, CREATETIME, UPDATEID, UPDATETIME, VERSIONIND, NAME, DESCR, ST, OPERATOR, PARENT_LU_STMT_ID,LU_STMT_TYPE_ID) VALUES ('STMT-3', 'CREATEID', {ts '2000-01-01 00:00:00.0'}, 'UPDATEID', {ts '2001-01-01 00:00:00.0'},1,'STMT 3','Statement 3','ACTIVE','AND',null,'kuali.luStatementType.prereqAcademicReadiness')
INSERT INTO KSLU_STMT (ID, CREATEID, CREATETIME, UPDATEID, UPDATETIME, VERSIONIND, NAME, DESCR, ST, OPERATOR, PARENT_LU_STMT_ID,LU_STMT_TYPE_ID) VALUES ('STMT-4', 'CREATEID', {ts '2000-01-01 00:00:00.0'}, 'UPDATEID', {ts '2001-01-01 00:00:00.0'},1,'STMT 4','Statement 4','ACTIVE','AND',null,'kuali.luStatementType.prereqAcademicReadiness')
INSERT INTO KSLU_STMT (ID, CREATEID, CREATETIME, UPDATEID, UPDATETIME, VERSIONIND, NAME, DESCR, ST, OPERATOR, PARENT_LU_STMT_ID,LU_STMT_TYPE_ID) VALUES ('STMT-5', 'CREATEID', {ts '2000-01-01 00:00:00.0'}, 'UPDATEID', {ts '2001-01-01 00:00:00.0'},1,'STMT 5','Statement 5','ACTIVE','OR',null,'kuali.luStatementType.prereqAcademicReadiness')

// CLU <-> LU STMT
INSERT INTO KSLU_CLU_JN_LU_STMT (CLU_ID, LU_STMT_ID) VALUES ('CLU-NL-2','STMT-3')
INSERT INTO KSLU_CLU_JN_LU_STMT (CLU_ID, LU_STMT_ID) VALUES ('CLU-NL-5','STMT-4')
INSERT INTO KSLU_CLU_JN_LU_STMT (CLU_ID, LU_STMT_ID) VALUES ('CLU-NL-4','STMT-5')

// LU STMT <-> REQ COM
INSERT INTO KSLU_STMT_JN_REQ_COM (REQ_COM_ID, LU_STMT_ID) VALUES ('REQCOMP-NL-1','STMT-3')
INSERT INTO KSLU_STMT_JN_REQ_COM (REQ_COM_ID, LU_STMT_ID) VALUES ('REQCOMP-NL-2','STMT-3')
INSERT INTO KSLU_STMT_JN_REQ_COM (REQ_COM_ID, LU_STMT_ID) VALUES ('REQCOMP-NL-3','STMT-4')
INSERT INTO KSLU_STMT_JN_REQ_COM (REQ_COM_ID, LU_STMT_ID) VALUES ('REQCOMP-NL-1','STMT-5')
INSERT INTO KSLU_STMT_JN_REQ_COM (REQ_COM_ID, LU_STMT_ID) VALUES ('REQCOMP-NL-4','STMT-5')
