-- Insert KSEN_STATE_CHG
insert into KSEN_STATE_CHG (ID, STATE_CHG_TYPE, STATE_CHG_STATE, OBJ_ID, FROM_STATE_ID, TO_STATE_ID, EFF_DT, EXPIR_DT, VER_NBR, CREATETIME, CREATEID, UPDATETIME, UPDATEID) values ('kuali.statechange.activityoffering.canceled.draft', 'kuali.state.change.type', 'kuali.state.change.state.active', null, 'kuali.lui.activity.offering.state.canceled', 'kuali.lui.activity.offering.state.draft', null, null, 0, TO_DATE ('8/11/2013', 'MM/DD/YYYY'), 'SYSTEMLOADER', TO_DATE ('8/12/2013', 'MM/DD/YYYY'), 'SYSTEMLOADER' )
/
insert into KSEN_STATE_CHG (ID, STATE_CHG_TYPE, STATE_CHG_STATE, OBJ_ID, FROM_STATE_ID, TO_STATE_ID, EFF_DT, EXPIR_DT, VER_NBR, CREATETIME, CREATEID, UPDATETIME, UPDATEID) values ('kuali.statechange.activityoffering.suspended.draft', 'kuali.state.change.type', 'kuali.state.change.state.active', null, 'kuali.lui.activity.offering.state.suspended', 'kuali.lui.activity.offering.state.draft', null, null, 0, TO_DATE ('8/11/2013', 'MM/DD/YYYY'), 'SYSTEMLOADER', TO_DATE ('8/12/2013', 'MM/DD/YYYY'), 'SYSTEMLOADER' )
/
insert into KSEN_STATE_CHG (ID, STATE_CHG_TYPE, STATE_CHG_STATE, OBJ_ID, FROM_STATE_ID, TO_STATE_ID, EFF_DT, EXPIR_DT, VER_NBR, CREATETIME, CREATEID, UPDATETIME, UPDATEID) values ('kuali.statechange.activityoffering.suspended.offered', 'kuali.state.change.type', 'kuali.state.change.state.active', null, 'kuali.lui.activity.offering.state.suspended', 'kuali.lui.activity.offering.state.offered', null, null, 0, TO_DATE ('8/11/2013', 'MM/DD/YYYY'), 'SYSTEMLOADER', TO_DATE ('8/12/2013', 'MM/DD/YYYY'), 'SYSTEMLOADER' )
/
insert into KSEN_STATE_CHG (ID, STATE_CHG_TYPE, STATE_CHG_STATE, OBJ_ID, FROM_STATE_ID, TO_STATE_ID, EFF_DT, EXPIR_DT, VER_NBR, CREATETIME, CREATEID, UPDATETIME, UPDATEID) values ('kuali.statechange.activityoffering.suspended.approved', 'kuali.state.change.type', 'kuali.state.change.state.active', null, 'kuali.lui.activity.offering.state.suspended', 'kuali.lui.activity.offering.state.approved', null, null, 0, TO_DATE ('8/11/2013', 'MM/DD/YYYY'), 'SYSTEMLOADER', TO_DATE ('8/12/2013', 'MM/DD/YYYY'), 'SYSTEMLOADER' )
/
insert into KSEN_STATE_CHG (ID, STATE_CHG_TYPE, STATE_CHG_STATE, OBJ_ID, FROM_STATE_ID, TO_STATE_ID, EFF_DT, EXPIR_DT, VER_NBR, CREATETIME, CREATEID, UPDATETIME, UPDATEID) values ('kuali.statechange.formatoffering.canceled.draft', 'kuali.state.change.type', 'kuali.state.change.state.active', null, 'kuali.lui.format.offering.state.canceled', 'kuali.lui.format.offering.state.draft', null, null, 0, TO_DATE ('8/11/2013', 'MM/DD/YYYY'), 'SYSTEMLOADER', TO_DATE ('8/12/2013', 'MM/DD/YYYY'), 'SYSTEMLOADER' )
/
insert into KSEN_STATE_CHG (ID, STATE_CHG_TYPE, STATE_CHG_STATE, OBJ_ID, FROM_STATE_ID, TO_STATE_ID, EFF_DT, EXPIR_DT, VER_NBR, CREATETIME, CREATEID, UPDATETIME, UPDATEID) values ('kuali.statechange.formatoffering.suspended.draft', 'kuali.state.change.type', 'kuali.state.change.state.active', null, 'kuali.lui.format.offering.state.suspended', 'kuali.lui.format.offering.state.draft', null, null, 0, TO_DATE ('8/11/2013', 'MM/DD/YYYY'), 'SYSTEMLOADER', TO_DATE ('8/12/2013', 'MM/DD/YYYY'), 'SYSTEMLOADER' )
/
insert into KSEN_STATE_CHG (ID, STATE_CHG_TYPE, STATE_CHG_STATE, OBJ_ID, FROM_STATE_ID, TO_STATE_ID, EFF_DT, EXPIR_DT, VER_NBR, CREATETIME, CREATEID, UPDATETIME, UPDATEID) values ('kuali.statechange.formatoffering.suspended.planned', 'kuali.state.change.type', 'kuali.state.change.state.active', null, 'kuali.lui.format.offering.state.suspended', 'kuali.lui.format.offering.state.planned', null, null, 0, TO_DATE ('8/11/2013', 'MM/DD/YYYY'), 'SYSTEMLOADER', TO_DATE ('8/12/2013', 'MM/DD/YYYY'), 'SYSTEMLOADER' )
/
insert into KSEN_STATE_CHG (ID, STATE_CHG_TYPE, STATE_CHG_STATE, OBJ_ID, FROM_STATE_ID, TO_STATE_ID, EFF_DT, EXPIR_DT, VER_NBR, CREATETIME, CREATEID, UPDATETIME, UPDATEID) values ('kuali.statechange.formatoffering.suspended.offered', 'kuali.state.change.type', 'kuali.state.change.state.active', null, 'kuali.lui.format.offering.state.suspended', 'kuali.lui.format.offering.state.offered', null, null, 0, TO_DATE ('8/11/2013', 'MM/DD/YYYY'), 'SYSTEMLOADER', TO_DATE ('8/12/2013', 'MM/DD/YYYY'), 'SYSTEMLOADER' )
/
insert into KSEN_STATE_CHG (ID, STATE_CHG_TYPE, STATE_CHG_STATE, OBJ_ID, FROM_STATE_ID, TO_STATE_ID, EFF_DT, EXPIR_DT, VER_NBR, CREATETIME, CREATEID, UPDATETIME, UPDATEID) values ('kuali.statechange.courseoffering.canceled.draft', 'kuali.state.change.type', 'kuali.state.change.state.active', null, 'kuali.lui.course.offering.state.canceled', 'kuali.lui.course.offering.state.draft', null, null, 0, TO_DATE ('8/11/2013', 'MM/DD/YYYY'), 'SYSTEMLOADER', TO_DATE ('8/12/2013', 'MM/DD/YYYY'), 'SYSTEMLOADER' )
/
insert into KSEN_STATE_CHG (ID, STATE_CHG_TYPE, STATE_CHG_STATE, OBJ_ID, FROM_STATE_ID, TO_STATE_ID, EFF_DT, EXPIR_DT, VER_NBR, CREATETIME, CREATEID, UPDATETIME, UPDATEID) values ('kuali.statechange.courseoffering.suspended.draft', 'kuali.state.change.type', 'kuali.state.change.state.active', null, 'kuali.lui.course.offering.state.suspended', 'kuali.lui.course.offering.state.draft', null, null, 0, TO_DATE ('8/11/2013', 'MM/DD/YYYY'), 'SYSTEMLOADER', TO_DATE ('8/12/2013', 'MM/DD/YYYY'), 'SYSTEMLOADER' )
/
insert into KSEN_STATE_CHG (ID, STATE_CHG_TYPE, STATE_CHG_STATE, OBJ_ID, FROM_STATE_ID, TO_STATE_ID, EFF_DT, EXPIR_DT, VER_NBR, CREATETIME, CREATEID, UPDATETIME, UPDATEID) values ('kuali.statechange.courseoffering.suspended.planned', 'kuali.state.change.type', 'kuali.state.change.state.active', null, 'kuali.lui.course.offering.state.suspended', 'kuali.lui.course.offering.state.planned', null, null, 0, TO_DATE ('8/11/2013', 'MM/DD/YYYY'), 'SYSTEMLOADER', TO_DATE ('8/12/2013', 'MM/DD/YYYY'), 'SYSTEMLOADER' )
/
insert into KSEN_STATE_CHG (ID, STATE_CHG_TYPE, STATE_CHG_STATE, OBJ_ID, FROM_STATE_ID, TO_STATE_ID, EFF_DT, EXPIR_DT, VER_NBR, CREATETIME, CREATEID, UPDATETIME, UPDATEID) values ('kuali.statechange.courseoffering.suspended.offered', 'kuali.state.change.type', 'kuali.state.change.state.active', null, 'kuali.lui.course.offering.state.suspended', 'kuali.lui.course.offering.state.offered', null, null, 0, TO_DATE ('8/11/2013', 'MM/DD/YYYY'), 'SYSTEMLOADER', TO_DATE ('8/12/2013', 'MM/DD/YYYY'), 'SYSTEMLOADER' )
/
insert into KSEN_STATE_CHG (ID, STATE_CHG_TYPE, STATE_CHG_STATE, OBJ_ID, FROM_STATE_ID, TO_STATE_ID, EFF_DT, EXPIR_DT, VER_NBR, CREATETIME, CREATEID, UPDATETIME, UPDATEID) values ('kuali.statechange.registrationgroup.canceled.pending', 'kuali.state.change.type', 'kuali.state.change.state.active', null, 'kuali.lui.registration.group.state.canceled', 'kuali.lui.registration.group.state.pending', null, null, 0, TO_DATE ('8/11/2013', 'MM/DD/YYYY'), 'SYSTEMLOADER', TO_DATE ('8/12/2013', 'MM/DD/YYYY'), 'SYSTEMLOADER' )
/
insert into KSEN_STATE_CHG (ID, STATE_CHG_TYPE, STATE_CHG_STATE, OBJ_ID, FROM_STATE_ID, TO_STATE_ID, EFF_DT, EXPIR_DT, VER_NBR, CREATETIME, CREATEID, UPDATETIME, UPDATEID) values ('kuali.statechange.registrationgroup.canceled.suspended', 'kuali.state.change.type', 'kuali.state.change.state.active', null, 'kuali.lui.registration.group.state.canceled', 'kuali.lui.registration.group.state.suspended', null, null, 0, TO_DATE ('8/11/2013', 'MM/DD/YYYY'), 'SYSTEMLOADER', TO_DATE ('8/12/2013', 'MM/DD/YYYY'), 'SYSTEMLOADER' )
/
-- Insert KSEN_STATE_CNSTRNT
insert into KSEN_STATE_CNSTRNT (AGENDA_ID, CREATEID, CREATETIME, OBJ_ID, ID, STATE_CNSTRNT_TYPE, STATE_CNSTRNT_STATE, STATE_CNSTRNT_OPERATOR, UPDATEID, UPDATETIME, VER_NBR) values (null, 'SYSTEMLOADER', TO_DATE ('8/11/2013', 'MM/DD/YYYY'), null, 'kuali.stateconstraint.activityoffering.suspended.offered.soc', 'kuali.state.constraint.type.precondition', 'kuali.state.constraint.state.active', 'EXISTS', 'SYSTEMLOADER', TO_DATE ('8/11/2013', 'MM/DD/YYYY'), 0 )
/
insert into KSEN_STATE_CNSTRNT (AGENDA_ID, CREATEID, CREATETIME, OBJ_ID, ID, STATE_CNSTRNT_TYPE, STATE_CNSTRNT_STATE, STATE_CNSTRNT_OPERATOR, UPDATEID, UPDATETIME, VER_NBR) values (null, 'SYSTEMLOADER', TO_DATE ('8/11/2013', 'MM/DD/YYYY'), null, 'kuali.stateconstraint.activityoffering.suspended.approved.soc', 'kuali.state.constraint.type.precondition', 'kuali.state.constraint.state.active', 'EXISTS', 'SYSTEMLOADER', TO_DATE ('8/11/2013', 'MM/DD/YYYY'), 0 )
/
insert into KSEN_STATE_CNSTRNT_ROS (STATE_CNSTRNT_ID, REL_OBJ_STATE_ID) values ('kuali.stateconstraint.activityoffering.suspended.offered.soc', 'kuali.soc.state.published' )
/
insert into KSEN_STATE_CNSTRNT_ROS (STATE_CNSTRNT_ID, REL_OBJ_STATE_ID) values ('kuali.stateconstraint.activityoffering.suspended.approved.soc', 'kuali.soc.state.locked' )
/
insert into KSEN_STATE_CNSTRNT_ROS (STATE_CNSTRNT_ID, REL_OBJ_STATE_ID) values ('kuali.stateconstraint.activityoffering.suspended.approved.soc', 'kuali.soc.state.finaledits' )
/
-- Insert  KSEN_STATE_CHG_CNSTRNT
insert into KSEN_STATE_CHG_CNSTRNT (STATE_CHG_ID, STATE_CNSTRNT_ID) values ('kuali.statechange.activityoffering.suspended.draft', 'kuali.stateconstraint.activityoffering.suspended.offered.soc' )
/
insert into KSEN_STATE_CHG_CNSTRNT (STATE_CHG_ID, STATE_CNSTRNT_ID) values ('kuali.statechange.activityoffering.suspended.approved', 'kuali.stateconstraint.activityoffering.suspended.approved.soc' )
/
insert into KSEN_STATE_CHG_CNSTRNT (STATE_CHG_ID, STATE_CNSTRNT_ID) values ('kuali.statechange.formatoffering.suspended.draft', 'kuali.stateconstraint.formatoffering.tostate.draft.1' )
/
insert into KSEN_STATE_CHG_CNSTRNT (STATE_CHG_ID, STATE_CNSTRNT_ID) values ('kuali.statechange.formatoffering.suspended.draft', 'kuali.stateconstraint.formatoffering.tostate.draft.2' )
/
insert into KSEN_STATE_CHG_CNSTRNT (STATE_CHG_ID, STATE_CNSTRNT_ID) values ('kuali.statechange.formatoffering.suspended.planned', 'kuali.stateconstraint.formatoffering.tostate.planned.1' )
/
insert into KSEN_STATE_CHG_CNSTRNT (STATE_CHG_ID, STATE_CNSTRNT_ID) values ('kuali.statechange.formatoffering.suspended.planned', 'kuali.stateconstraint.formatoffering.tostate.planned.2' )
/
insert into KSEN_STATE_CHG_CNSTRNT (STATE_CHG_ID, STATE_CNSTRNT_ID) values ('kuali.statechange.formatoffering.suspended.offered', 'kuali.stateconstraint.formatoffering.tostate.offered' )
/
insert into KSEN_STATE_CHG_CNSTRNT (STATE_CHG_ID, STATE_CNSTRNT_ID) values ('kuali.statechange.courseoffering.suspended.draft', 'kuali.stateconstraint.courseoffering.tostate.draft.1' )
/
insert into KSEN_STATE_CHG_CNSTRNT (STATE_CHG_ID, STATE_CNSTRNT_ID) values ('kuali.statechange.courseoffering.suspended.draft', 'kuali.stateconstraint.courseoffering.tostate.draft.2' )
/
insert into KSEN_STATE_CHG_CNSTRNT (STATE_CHG_ID, STATE_CNSTRNT_ID) values ('kuali.statechange.courseoffering.suspended.offered', 'kuali.stateconstraint.courseoffering.tostate.offered' )
/
insert into KSEN_STATE_CHG_CNSTRNT (STATE_CHG_ID, STATE_CNSTRNT_ID) values ('kuali.statechange.courseoffering.suspended.planned', 'kuali.stateconstraint.courseoffering.tostate.planned.1' )
/
insert into KSEN_STATE_CHG_CNSTRNT (STATE_CHG_ID, STATE_CNSTRNT_ID) values ('kuali.statechange.courseoffering.suspended.planned', 'kuali.stateconstraint.courseoffering.tostate.planned.2' )
/
-- To change CO when FO is changed (FIX AFTERWARDS)
